# DATE: 2026-07-06 Created by python script

SALR_LMP24
N 10000 R 1.000000000000e-06 3.367386144928e-01

1 1.000000000000e-06 -1.000000000000e+00 0.000000000000e+00
2 3.467712916220e-05 -1.000000000000e+00 0.000000000000e+00
3 6.835425832439e-05 -1.000000000000e+00 0.000000000000e+00
4 1.020313874866e-04 -1.000000000000e+00 0.000000000000e+00
5 1.357085166488e-04 -1.000000000000e+00 0.000000000000e+00
6 1.693856458110e-04 -1.000000000000e+00 0.000000000000e+00
7 2.030627749732e-04 -1.000000000000e+00 0.000000000000e+00
8 2.367399041354e-04 -1.000000000000e+00 0.000000000000e+00
9 2.704170332976e-04 -1.000000000000e+00 0.000000000000e+00
10 3.040941624598e-04 -1.000000000000e+00 0.000000000000e+00
11 3.377712916220e-04 -1.000000000000e+00 0.000000000000e+00
12 3.714484207842e-04 -1.000000000000e+00 0.000000000000e+00
13 4.051255499464e-04 -1.000000000000e+00 0.000000000000e+00
14 4.388026791086e-04 -1.000000000000e+00 0.000000000000e+00
15 4.724798082708e-04 -1.000000000000e+00 0.000000000000e+00
16 5.061569374330e-04 -1.000000000000e+00 0.000000000000e+00
17 5.398340665952e-04 -1.000000000000e+00 0.000000000000e+00
18 5.735111957574e-04 -1.000000000000e+00 0.000000000000e+00
19 6.071883249196e-04 -1.000000000000e+00 0.000000000000e+00
20 6.408654540818e-04 -1.000000000000e+00 0.000000000000e+00
21 6.745425832439e-04 -1.000000000000e+00 0.000000000000e+00
22 7.082197124061e-04 -1.000000000000e+00 0.000000000000e+00
23 7.418968415683e-04 -1.000000000000e+00 0.000000000000e+00
24 7.755739707305e-04 -1.000000000000e+00 0.000000000000e+00
25 8.092510998927e-04 -1.000000000000e+00 0.000000000000e+00
26 8.429282290549e-04 -1.000000000000e+00 0.000000000000e+00
27 8.766053582171e-04 -1.000000000000e+00 0.000000000000e+00
28 9.102824873793e-04 -1.000000000000e+00 0.000000000000e+00
29 9.439596165415e-04 -1.000000000000e+00 0.000000000000e+00
30 9.776367457037e-04 -1.000000000000e+00 0.000000000000e+00
31 1.011313874866e-03 -1.000000000000e+00 0.000000000000e+00
32 1.044991004028e-03 -1.000000000000e+00 0.000000000000e+00
33 1.078668133190e-03 -1.000000000000e+00 0.000000000000e+00
34 1.112345262353e-03 -1.000000000000e+00 0.000000000000e+00
35 1.146022391515e-03 -1.000000000000e+00 0.000000000000e+00
36 1.179699520677e-03 -1.000000000000e+00 0.000000000000e+00
37 1.213376649839e-03 -1.000000000000e+00 0.000000000000e+00
38 1.247053779001e-03 -1.000000000000e+00 0.000000000000e+00
39 1.280730908164e-03 -1.000000000000e+00 0.000000000000e+00
40 1.314408037326e-03 -1.000000000000e+00 0.000000000000e+00
41 1.348085166488e-03 -1.000000000000e+00 0.000000000000e+00
42 1.381762295650e-03 -1.000000000000e+00 0.000000000000e+00
43 1.415439424812e-03 -1.000000000000e+00 0.000000000000e+00
44 1.449116553974e-03 -1.000000000000e+00 0.000000000000e+00
45 1.482793683137e-03 -1.000000000000e+00 0.000000000000e+00
46 1.516470812299e-03 -1.000000000000e+00 0.000000000000e+00
47 1.550147941461e-03 -1.000000000000e+00 0.000000000000e+00
48 1.583825070623e-03 -1.000000000000e+00 0.000000000000e+00
49 1.617502199785e-03 -1.000000000000e+00 0.000000000000e+00
50 1.651179328948e-03 -1.000000000000e+00 0.000000000000e+00
51 1.684856458110e-03 -1.000000000000e+00 0.000000000000e+00
52 1.718533587272e-03 -1.000000000000e+00 0.000000000000e+00
53 1.752210716434e-03 -1.000000000000e+00 0.000000000000e+00
54 1.785887845596e-03 -1.000000000000e+00 0.000000000000e+00
55 1.819564974759e-03 -1.000000000000e+00 0.000000000000e+00
56 1.853242103921e-03 -1.000000000000e+00 0.000000000000e+00
57 1.886919233083e-03 -1.000000000000e+00 0.000000000000e+00
58 1.920596362245e-03 -1.000000000000e+00 0.000000000000e+00
59 1.954273491407e-03 -1.000000000000e+00 0.000000000000e+00
60 1.987950620570e-03 -1.000000000000e+00 0.000000000000e+00
61 2.021627749732e-03 -1.000000000000e+00 0.000000000000e+00
62 2.055304878894e-03 -1.000000000000e+00 0.000000000000e+00
63 2.088982008056e-03 -1.000000000000e+00 0.000000000000e+00
64 2.122659137218e-03 -1.000000000000e+00 0.000000000000e+00
65 2.156336266381e-03 -1.000000000000e+00 0.000000000000e+00
66 2.190013395543e-03 -1.000000000000e+00 0.000000000000e+00
67 2.223690524705e-03 -1.000000000000e+00 0.000000000000e+00
68 2.257367653867e-03 -1.000000000000e+00 0.000000000000e+00
69 2.291044783029e-03 -1.000000000000e+00 0.000000000000e+00
70 2.324721912192e-03 -1.000000000000e+00 0.000000000000e+00
71 2.358399041354e-03 -1.000000000000e+00 0.000000000000e+00
72 2.392076170516e-03 -1.000000000000e+00 0.000000000000e+00
73 2.425753299678e-03 -1.000000000000e+00 0.000000000000e+00
74 2.459430428840e-03 -1.000000000000e+00 0.000000000000e+00
75 2.493107558003e-03 -1.000000000000e+00 0.000000000000e+00
76 2.526784687165e-03 -1.000000000000e+00 0.000000000000e+00
77 2.560461816327e-03 -1.000000000000e+00 0.000000000000e+00
78 2.594138945489e-03 -1.000000000000e+00 0.000000000000e+00
79 2.627816074651e-03 -1.000000000000e+00 0.000000000000e+00
80 2.661493203814e-03 -1.000000000000e+00 0.000000000000e+00
81 2.695170332976e-03 -1.000000000000e+00 0.000000000000e+00
82 2.728847462138e-03 -1.000000000000e+00 0.000000000000e+00
83 2.762524591300e-03 -1.000000000000e+00 0.000000000000e+00
84 2.796201720462e-03 -1.000000000000e+00 0.000000000000e+00
85 2.829878849625e-03 -1.000000000000e+00 0.000000000000e+00
86 2.863555978787e-03 -1.000000000000e+00 0.000000000000e+00
87 2.897233107949e-03 -1.000000000000e+00 0.000000000000e+00
88 2.930910237111e-03 -1.000000000000e+00 0.000000000000e+00
89 2.964587366273e-03 -1.000000000000e+00 0.000000000000e+00
90 2.998264495436e-03 -1.000000000000e+00 0.000000000000e+00
91 3.031941624598e-03 -1.000000000000e+00 0.000000000000e+00
92 3.065618753760e-03 -1.000000000000e+00 0.000000000000e+00
93 3.099295882922e-03 -1.000000000000e+00 0.000000000000e+00
94 3.132973012084e-03 -1.000000000000e+00 0.000000000000e+00
95 3.166650141247e-03 -1.000000000000e+00 0.000000000000e+00
96 3.200327270409e-03 -1.000000000000e+00 0.000000000000e+00
97 3.234004399571e-03 -1.000000000000e+00 0.000000000000e+00
98 3.267681528733e-03 -1.000000000000e+00 0.000000000000e+00
99 3.301358657895e-03 -1.000000000000e+00 0.000000000000e+00
100 3.335035787058e-03 -1.000000000000e+00 0.000000000000e+00
101 3.368712916220e-03 -1.000000000000e+00 0.000000000000e+00
102 3.402390045382e-03 -1.000000000000e+00 0.000000000000e+00
103 3.436067174544e-03 -1.000000000000e+00 0.000000000000e+00
104 3.469744303706e-03 -1.000000000000e+00 0.000000000000e+00
105 3.503421432869e-03 -1.000000000000e+00 0.000000000000e+00
106 3.537098562031e-03 -1.000000000000e+00 0.000000000000e+00
107 3.570775691193e-03 -1.000000000000e+00 0.000000000000e+00
108 3.604452820355e-03 -1.000000000000e+00 0.000000000000e+00
109 3.638129949517e-03 -1.000000000000e+00 0.000000000000e+00
110 3.671807078680e-03 -1.000000000000e+00 0.000000000000e+00
111 3.705484207842e-03 -1.000000000000e+00 0.000000000000e+00
112 3.739161337004e-03 -1.000000000000e+00 0.000000000000e+00
113 3.772838466166e-03 -1.000000000000e+00 0.000000000000e+00
114 3.806515595328e-03 -1.000000000000e+00 0.000000000000e+00
115 3.840192724491e-03 -1.000000000000e+00 0.000000000000e+00
116 3.873869853653e-03 -1.000000000000e+00 0.000000000000e+00
117 3.907546982815e-03 -1.000000000000e+00 0.000000000000e+00
118 3.941224111977e-03 -1.000000000000e+00 0.000000000000e+00
119 3.974901241139e-03 -1.000000000000e+00 0.000000000000e+00
120 4.008578370301e-03 -1.000000000000e+00 0.000000000000e+00
121 4.042255499464e-03 -1.000000000000e+00 0.000000000000e+00
122 4.075932628626e-03 -1.000000000000e+00 0.000000000000e+00
123 4.109609757788e-03 -1.000000000000e+00 0.000000000000e+00
124 4.143286886950e-03 -1.000000000000e+00 0.000000000000e+00
125 4.176964016112e-03 -1.000000000000e+00 0.000000000000e+00
126 4.210641145275e-03 -1.000000000000e+00 0.000000000000e+00
127 4.244318274437e-03 -1.000000000000e+00 0.000000000000e+00
128 4.277995403599e-03 -1.000000000000e+00 0.000000000000e+00
129 4.311672532761e-03 -1.000000000000e+00 0.000000000000e+00
130 4.345349661923e-03 -1.000000000000e+00 0.000000000000e+00
131 4.379026791086e-03 -1.000000000000e+00 0.000000000000e+00
132 4.412703920248e-03 -1.000000000000e+00 0.000000000000e+00
133 4.446381049410e-03 -1.000000000000e+00 0.000000000000e+00
134 4.480058178572e-03 -1.000000000000e+00 0.000000000000e+00
135 4.513735307734e-03 -1.000000000000e+00 0.000000000000e+00
136 4.547412436897e-03 -1.000000000000e+00 0.000000000000e+00
137 4.581089566059e-03 -1.000000000000e+00 0.000000000000e+00
138 4.614766695221e-03 -1.000000000000e+00 0.000000000000e+00
139 4.648443824383e-03 -1.000000000000e+00 0.000000000000e+00
140 4.682120953545e-03 -1.000000000000e+00 0.000000000000e+00
141 4.715798082708e-03 -1.000000000000e+00 0.000000000000e+00
142 4.749475211870e-03 -1.000000000000e+00 0.000000000000e+00
143 4.783152341032e-03 -1.000000000000e+00 0.000000000000e+00
144 4.816829470194e-03 -1.000000000000e+00 0.000000000000e+00
145 4.850506599356e-03 -1.000000000000e+00 0.000000000000e+00
146 4.884183728519e-03 -1.000000000000e+00 0.000000000000e+00
147 4.917860857681e-03 -1.000000000000e+00 0.000000000000e+00
148 4.951537986843e-03 -1.000000000000e+00 0.000000000000e+00
149 4.985215116005e-03 -1.000000000000e+00 0.000000000000e+00
150 5.018892245167e-03 -1.000000000000e+00 0.000000000000e+00
151 5.052569374330e-03 -1.000000000000e+00 0.000000000000e+00
152 5.086246503492e-03 -1.000000000000e+00 0.000000000000e+00
153 5.119923632654e-03 -1.000000000000e+00 0.000000000000e+00
154 5.153600761816e-03 -1.000000000000e+00 0.000000000000e+00
155 5.187277890978e-03 -1.000000000000e+00 0.000000000000e+00
156 5.220955020141e-03 -1.000000000000e+00 0.000000000000e+00
157 5.254632149303e-03 -1.000000000000e+00 0.000000000000e+00
158 5.288309278465e-03 -1.000000000000e+00 0.000000000000e+00
159 5.321986407627e-03 -1.000000000000e+00 0.000000000000e+00
160 5.355663536789e-03 -1.000000000000e+00 0.000000000000e+00
161 5.389340665952e-03 -1.000000000000e+00 0.000000000000e+00
162 5.423017795114e-03 -1.000000000000e+00 0.000000000000e+00
163 5.456694924276e-03 -1.000000000000e+00 0.000000000000e+00
164 5.490372053438e-03 -1.000000000000e+00 0.000000000000e+00
165 5.524049182600e-03 -1.000000000000e+00 0.000000000000e+00
166 5.557726311763e-03 -1.000000000000e+00 0.000000000000e+00
167 5.591403440925e-03 -1.000000000000e+00 0.000000000000e+00
168 5.625080570087e-03 -1.000000000000e+00 0.000000000000e+00
169 5.658757699249e-03 -1.000000000000e+00 0.000000000000e+00
170 5.692434828411e-03 -1.000000000000e+00 0.000000000000e+00
171 5.726111957574e-03 -1.000000000000e+00 0.000000000000e+00
172 5.759789086736e-03 -1.000000000000e+00 0.000000000000e+00
173 5.793466215898e-03 -1.000000000000e+00 0.000000000000e+00
174 5.827143345060e-03 -1.000000000000e+00 0.000000000000e+00
175 5.860820474222e-03 -1.000000000000e+00 0.000000000000e+00
176 5.894497603385e-03 -1.000000000000e+00 0.000000000000e+00
177 5.928174732547e-03 -1.000000000000e+00 0.000000000000e+00
178 5.961851861709e-03 -1.000000000000e+00 0.000000000000e+00
179 5.995528990871e-03 -1.000000000000e+00 0.000000000000e+00
180 6.029206120033e-03 -1.000000000000e+00 0.000000000000e+00
181 6.062883249196e-03 -1.000000000000e+00 0.000000000000e+00
182 6.096560378358e-03 -1.000000000000e+00 0.000000000000e+00
183 6.130237507520e-03 -1.000000000000e+00 0.000000000000e+00
184 6.163914636682e-03 -1.000000000000e+00 0.000000000000e+00
185 6.197591765844e-03 -1.000000000000e+00 0.000000000000e+00
186 6.231268895007e-03 -1.000000000000e+00 0.000000000000e+00
187 6.264946024169e-03 -1.000000000000e+00 0.000000000000e+00
188 6.298623153331e-03 -1.000000000000e+00 0.000000000000e+00
189 6.332300282493e-03 -1.000000000000e+00 0.000000000000e+00
190 6.365977411655e-03 -1.000000000000e+00 0.000000000000e+00
191 6.399654540818e-03 -1.000000000000e+00 0.000000000000e+00
192 6.433331669980e-03 -1.000000000000e+00 0.000000000000e+00
193 6.467008799142e-03 -1.000000000000e+00 0.000000000000e+00
194 6.500685928304e-03 -1.000000000000e+00 0.000000000000e+00
195 6.534363057466e-03 -1.000000000000e+00 0.000000000000e+00
196 6.568040186628e-03 -1.000000000000e+00 0.000000000000e+00
197 6.601717315791e-03 -1.000000000000e+00 0.000000000000e+00
198 6.635394444953e-03 -1.000000000000e+00 0.000000000000e+00
199 6.669071574115e-03 -1.000000000000e+00 0.000000000000e+00
200 6.702748703277e-03 -1.000000000000e+00 0.000000000000e+00
201 6.736425832439e-03 -1.000000000000e+00 0.000000000000e+00
202 6.770102961602e-03 -1.000000000000e+00 0.000000000000e+00
203 6.803780090764e-03 -1.000000000000e+00 0.000000000000e+00
204 6.837457219926e-03 -1.000000000000e+00 0.000000000000e+00
205 6.871134349088e-03 -1.000000000000e+00 0.000000000000e+00
206 6.904811478250e-03 -1.000000000000e+00 0.000000000000e+00
207 6.938488607413e-03 -1.000000000000e+00 0.000000000000e+00
208 6.972165736575e-03 -1.000000000000e+00 0.000000000000e+00
209 7.005842865737e-03 -1.000000000000e+00 0.000000000000e+00
210 7.039519994899e-03 -1.000000000000e+00 0.000000000000e+00
211 7.073197124061e-03 -1.000000000000e+00 0.000000000000e+00
212 7.106874253224e-03 -1.000000000000e+00 0.000000000000e+00
213 7.140551382386e-03 -1.000000000000e+00 0.000000000000e+00
214 7.174228511548e-03 -1.000000000000e+00 0.000000000000e+00
215 7.207905640710e-03 -1.000000000000e+00 0.000000000000e+00
216 7.241582769872e-03 -1.000000000000e+00 0.000000000000e+00
217 7.275259899035e-03 -1.000000000000e+00 0.000000000000e+00
218 7.308937028197e-03 -1.000000000000e+00 0.000000000000e+00
219 7.342614157359e-03 -1.000000000000e+00 0.000000000000e+00
220 7.376291286521e-03 -1.000000000000e+00 0.000000000000e+00
221 7.409968415683e-03 -1.000000000000e+00 0.000000000000e+00
222 7.443645544846e-03 -1.000000000000e+00 0.000000000000e+00
223 7.477322674008e-03 -1.000000000000e+00 0.000000000000e+00
224 7.510999803170e-03 -1.000000000000e+00 0.000000000000e+00
225 7.544676932332e-03 -1.000000000000e+00 0.000000000000e+00
226 7.578354061494e-03 -1.000000000000e+00 0.000000000000e+00
227 7.612031190657e-03 -1.000000000000e+00 0.000000000000e+00
228 7.645708319819e-03 -1.000000000000e+00 0.000000000000e+00
229 7.679385448981e-03 -1.000000000000e+00 0.000000000000e+00
230 7.713062578143e-03 -1.000000000000e+00 0.000000000000e+00
231 7.746739707305e-03 -1.000000000000e+00 0.000000000000e+00
232 7.780416836468e-03 -1.000000000000e+00 0.000000000000e+00
233 7.814093965630e-03 -1.000000000000e+00 0.000000000000e+00
234 7.847771094792e-03 -1.000000000000e+00 0.000000000000e+00
235 7.881448223954e-03 -1.000000000000e+00 0.000000000000e+00
236 7.915125353116e-03 -1.000000000000e+00 0.000000000000e+00
237 7.948802482279e-03 -1.000000000000e+00 0.000000000000e+00
238 7.982479611441e-03 -1.000000000000e+00 0.000000000000e+00
239 8.016156740603e-03 -1.000000000000e+00 0.000000000000e+00
240 8.049833869765e-03 -1.000000000000e+00 0.000000000000e+00
241 8.083510998927e-03 -1.000000000000e+00 0.000000000000e+00
242 8.117188128090e-03 -1.000000000000e+00 0.000000000000e+00
243 8.150865257252e-03 -1.000000000000e+00 0.000000000000e+00
244 8.184542386414e-03 -1.000000000000e+00 0.000000000000e+00
245 8.218219515576e-03 -1.000000000000e+00 0.000000000000e+00
246 8.251896644738e-03 -1.000000000000e+00 0.000000000000e+00
247 8.285573773901e-03 -1.000000000000e+00 0.000000000000e+00
248 8.319250903063e-03 -1.000000000000e+00 0.000000000000e+00
249 8.352928032225e-03 -1.000000000000e+00 0.000000000000e+00
250 8.386605161387e-03 -1.000000000000e+00 0.000000000000e+00
251 8.420282290549e-03 -1.000000000000e+00 0.000000000000e+00
252 8.453959419712e-03 -1.000000000000e+00 0.000000000000e+00
253 8.487636548874e-03 -1.000000000000e+00 0.000000000000e+00
254 8.521313678036e-03 -1.000000000000e+00 0.000000000000e+00
255 8.554990807198e-03 -1.000000000000e+00 0.000000000000e+00
256 8.588667936360e-03 -1.000000000000e+00 0.000000000000e+00
257 8.622345065523e-03 -1.000000000000e+00 0.000000000000e+00
258 8.656022194685e-03 -1.000000000000e+00 0.000000000000e+00
259 8.689699323847e-03 -1.000000000000e+00 0.000000000000e+00
260 8.723376453009e-03 -1.000000000000e+00 0.000000000000e+00
261 8.757053582171e-03 -1.000000000000e+00 0.000000000000e+00
262 8.790730711334e-03 -1.000000000000e+00 0.000000000000e+00
263 8.824407840496e-03 -1.000000000000e+00 0.000000000000e+00
264 8.858084969658e-03 -1.000000000000e+00 0.000000000000e+00
265 8.891762098820e-03 -1.000000000000e+00 0.000000000000e+00
266 8.925439227982e-03 -1.000000000000e+00 0.000000000000e+00
267 8.959116357145e-03 -1.000000000000e+00 0.000000000000e+00
268 8.992793486307e-03 -1.000000000000e+00 0.000000000000e+00
269 9.026470615469e-03 -1.000000000000e+00 0.000000000000e+00
270 9.060147744631e-03 -1.000000000000e+00 0.000000000000e+00
271 9.093824873793e-03 -1.000000000000e+00 0.000000000000e+00
272 9.127502002955e-03 -1.000000000000e+00 0.000000000000e+00
273 9.161179132118e-03 -1.000000000000e+00 0.000000000000e+00
274 9.194856261280e-03 -1.000000000000e+00 0.000000000000e+00
275 9.228533390442e-03 -1.000000000000e+00 0.000000000000e+00
276 9.262210519604e-03 -1.000000000000e+00 0.000000000000e+00
277 9.295887648766e-03 -1.000000000000e+00 0.000000000000e+00
278 9.329564777929e-03 -1.000000000000e+00 0.000000000000e+00
279 9.363241907091e-03 -1.000000000000e+00 0.000000000000e+00
280 9.396919036253e-03 -1.000000000000e+00 0.000000000000e+00
281 9.430596165415e-03 -1.000000000000e+00 0.000000000000e+00
282 9.464273294577e-03 -1.000000000000e+00 0.000000000000e+00
283 9.497950423740e-03 -1.000000000000e+00 0.000000000000e+00
284 9.531627552902e-03 -1.000000000000e+00 0.000000000000e+00
285 9.565304682064e-03 -1.000000000000e+00 0.000000000000e+00
286 9.598981811226e-03 -1.000000000000e+00 0.000000000000e+00
287 9.632658940388e-03 -1.000000000000e+00 0.000000000000e+00
288 9.666336069551e-03 -1.000000000000e+00 0.000000000000e+00
289 9.700013198713e-03 -1.000000000000e+00 0.000000000000e+00
290 9.733690327875e-03 -1.000000000000e+00 0.000000000000e+00
291 9.767367457037e-03 -1.000000000000e+00 0.000000000000e+00
292 9.801044586199e-03 -1.000000000000e+00 0.000000000000e+00
293 9.834721715362e-03 -1.000000000000e+00 0.000000000000e+00
294 9.868398844524e-03 -1.000000000000e+00 0.000000000000e+00
295 9.902075973686e-03 -1.000000000000e+00 0.000000000000e+00
296 9.935753102848e-03 -1.000000000000e+00 0.000000000000e+00
297 9.969430232010e-03 -1.000000000000e+00 0.000000000000e+00
298 1.000310736117e-02 -1.000000000000e+00 0.000000000000e+00
299 1.003678449033e-02 -1.000000000000e+00 0.000000000000e+00
300 1.007046161950e-02 -1.000000000000e+00 0.000000000000e+00
301 1.010413874866e-02 -1.000000000000e+00 0.000000000000e+00
302 1.013781587782e-02 -1.000000000000e+00 0.000000000000e+00
303 1.017149300698e-02 -1.000000000000e+00 0.000000000000e+00
304 1.020517013615e-02 -1.000000000000e+00 0.000000000000e+00
305 1.023884726531e-02 -1.000000000000e+00 0.000000000000e+00
306 1.027252439447e-02 -1.000000000000e+00 0.000000000000e+00
307 1.030620152363e-02 -1.000000000000e+00 0.000000000000e+00
308 1.033987865279e-02 -1.000000000000e+00 0.000000000000e+00
309 1.037355578196e-02 -1.000000000000e+00 0.000000000000e+00
310 1.040723291112e-02 -1.000000000000e+00 0.000000000000e+00
311 1.044091004028e-02 -1.000000000000e+00 0.000000000000e+00
312 1.047458716944e-02 -1.000000000000e+00 0.000000000000e+00
313 1.050826429861e-02 -1.000000000000e+00 0.000000000000e+00
314 1.054194142777e-02 -1.000000000000e+00 0.000000000000e+00
315 1.057561855693e-02 -1.000000000000e+00 0.000000000000e+00
316 1.060929568609e-02 -1.000000000000e+00 0.000000000000e+00
317 1.064297281525e-02 -1.000000000000e+00 0.000000000000e+00
318 1.067664994442e-02 -1.000000000000e+00 0.000000000000e+00
319 1.071032707358e-02 -1.000000000000e+00 0.000000000000e+00
320 1.074400420274e-02 -1.000000000000e+00 0.000000000000e+00
321 1.077768133190e-02 -1.000000000000e+00 0.000000000000e+00
322 1.081135846107e-02 -1.000000000000e+00 0.000000000000e+00
323 1.084503559023e-02 -1.000000000000e+00 0.000000000000e+00
324 1.087871271939e-02 -1.000000000000e+00 0.000000000000e+00
325 1.091238984855e-02 -1.000000000000e+00 0.000000000000e+00
326 1.094606697771e-02 -1.000000000000e+00 0.000000000000e+00
327 1.097974410688e-02 -1.000000000000e+00 0.000000000000e+00
328 1.101342123604e-02 -1.000000000000e+00 0.000000000000e+00
329 1.104709836520e-02 -1.000000000000e+00 0.000000000000e+00
330 1.108077549436e-02 -1.000000000000e+00 0.000000000000e+00
331 1.111445262353e-02 -1.000000000000e+00 0.000000000000e+00
332 1.114812975269e-02 -1.000000000000e+00 0.000000000000e+00
333 1.118180688185e-02 -1.000000000000e+00 0.000000000000e+00
334 1.121548401101e-02 -1.000000000000e+00 0.000000000000e+00
335 1.124916114017e-02 -1.000000000000e+00 0.000000000000e+00
336 1.128283826934e-02 -1.000000000000e+00 0.000000000000e+00
337 1.131651539850e-02 -1.000000000000e+00 0.000000000000e+00
338 1.135019252766e-02 -1.000000000000e+00 0.000000000000e+00
339 1.138386965682e-02 -1.000000000000e+00 0.000000000000e+00
340 1.141754678598e-02 -1.000000000000e+00 0.000000000000e+00
341 1.145122391515e-02 -1.000000000000e+00 0.000000000000e+00
342 1.148490104431e-02 -1.000000000000e+00 0.000000000000e+00
343 1.151857817347e-02 -1.000000000000e+00 0.000000000000e+00
344 1.155225530263e-02 -1.000000000000e+00 0.000000000000e+00
345 1.158593243180e-02 -1.000000000000e+00 0.000000000000e+00
346 1.161960956096e-02 -1.000000000000e+00 0.000000000000e+00
347 1.165328669012e-02 -1.000000000000e+00 0.000000000000e+00
348 1.168696381928e-02 -1.000000000000e+00 0.000000000000e+00
349 1.172064094844e-02 -1.000000000000e+00 0.000000000000e+00
350 1.175431807761e-02 -1.000000000000e+00 0.000000000000e+00
351 1.178799520677e-02 -1.000000000000e+00 0.000000000000e+00
352 1.182167233593e-02 -1.000000000000e+00 0.000000000000e+00
353 1.185534946509e-02 -1.000000000000e+00 0.000000000000e+00
354 1.188902659426e-02 -1.000000000000e+00 0.000000000000e+00
355 1.192270372342e-02 -1.000000000000e+00 0.000000000000e+00
356 1.195638085258e-02 -1.000000000000e+00 0.000000000000e+00
357 1.199005798174e-02 -1.000000000000e+00 0.000000000000e+00
358 1.202373511090e-02 -1.000000000000e+00 0.000000000000e+00
359 1.205741224007e-02 -1.000000000000e+00 0.000000000000e+00
360 1.209108936923e-02 -1.000000000000e+00 0.000000000000e+00
361 1.212476649839e-02 -1.000000000000e+00 0.000000000000e+00
362 1.215844362755e-02 -1.000000000000e+00 0.000000000000e+00
363 1.219212075672e-02 -1.000000000000e+00 0.000000000000e+00
364 1.222579788588e-02 -1.000000000000e+00 0.000000000000e+00
365 1.225947501504e-02 -1.000000000000e+00 0.000000000000e+00
366 1.229315214420e-02 -1.000000000000e+00 0.000000000000e+00
367 1.232682927336e-02 -1.000000000000e+00 0.000000000000e+00
368 1.236050640253e-02 -1.000000000000e+00 0.000000000000e+00
369 1.239418353169e-02 -1.000000000000e+00 0.000000000000e+00
370 1.242786066085e-02 -1.000000000000e+00 0.000000000000e+00
371 1.246153779001e-02 -1.000000000000e+00 0.000000000000e+00
372 1.249521491918e-02 -1.000000000000e+00 0.000000000000e+00
373 1.252889204834e-02 -1.000000000000e+00 0.000000000000e+00
374 1.256256917750e-02 -1.000000000000e+00 0.000000000000e+00
375 1.259624630666e-02 -1.000000000000e+00 0.000000000000e+00
376 1.262992343582e-02 -1.000000000000e+00 0.000000000000e+00
377 1.266360056499e-02 -1.000000000000e+00 0.000000000000e+00
378 1.269727769415e-02 -1.000000000000e+00 0.000000000000e+00
379 1.273095482331e-02 -1.000000000000e+00 0.000000000000e+00
380 1.276463195247e-02 -1.000000000000e+00 0.000000000000e+00
381 1.279830908164e-02 -1.000000000000e+00 0.000000000000e+00
382 1.283198621080e-02 -1.000000000000e+00 0.000000000000e+00
383 1.286566333996e-02 -1.000000000000e+00 0.000000000000e+00
384 1.289934046912e-02 -1.000000000000e+00 0.000000000000e+00
385 1.293301759828e-02 -1.000000000000e+00 0.000000000000e+00
386 1.296669472745e-02 -1.000000000000e+00 0.000000000000e+00
387 1.300037185661e-02 -1.000000000000e+00 0.000000000000e+00
388 1.303404898577e-02 -1.000000000000e+00 0.000000000000e+00
389 1.306772611493e-02 -1.000000000000e+00 0.000000000000e+00
390 1.310140324409e-02 -1.000000000000e+00 0.000000000000e+00
391 1.313508037326e-02 -1.000000000000e+00 0.000000000000e+00
392 1.316875750242e-02 -1.000000000000e+00 0.000000000000e+00
393 1.320243463158e-02 -1.000000000000e+00 0.000000000000e+00
394 1.323611176074e-02 -1.000000000000e+00 0.000000000000e+00
395 1.326978888991e-02 -1.000000000000e+00 0.000000000000e+00
396 1.330346601907e-02 -1.000000000000e+00 0.000000000000e+00
397 1.333714314823e-02 -1.000000000000e+00 0.000000000000e+00
398 1.337082027739e-02 -1.000000000000e+00 0.000000000000e+00
399 1.340449740655e-02 -1.000000000000e+00 0.000000000000e+00
400 1.343817453572e-02 -1.000000000000e+00 0.000000000000e+00
401 1.347185166488e-02 -1.000000000000e+00 0.000000000000e+00
402 1.350552879404e-02 -1.000000000000e+00 0.000000000000e+00
403 1.353920592320e-02 -1.000000000000e+00 0.000000000000e+00
404 1.357288305237e-02 -1.000000000000e+00 0.000000000000e+00
405 1.360656018153e-02 -1.000000000000e+00 0.000000000000e+00
406 1.364023731069e-02 -1.000000000000e+00 0.000000000000e+00
407 1.367391443985e-02 -1.000000000000e+00 0.000000000000e+00
408 1.370759156901e-02 -1.000000000000e+00 0.000000000000e+00
409 1.374126869818e-02 -1.000000000000e+00 0.000000000000e+00
410 1.377494582734e-02 -1.000000000000e+00 0.000000000000e+00
411 1.380862295650e-02 -1.000000000000e+00 0.000000000000e+00
412 1.384230008566e-02 -1.000000000000e+00 0.000000000000e+00
413 1.387597721483e-02 -1.000000000000e+00 0.000000000000e+00
414 1.390965434399e-02 -1.000000000000e+00 0.000000000000e+00
415 1.394333147315e-02 -1.000000000000e+00 0.000000000000e+00
416 1.397700860231e-02 -1.000000000000e+00 0.000000000000e+00
417 1.401068573147e-02 -1.000000000000e+00 0.000000000000e+00
418 1.404436286064e-02 -1.000000000000e+00 0.000000000000e+00
419 1.407803998980e-02 -1.000000000000e+00 0.000000000000e+00
420 1.411171711896e-02 -1.000000000000e+00 0.000000000000e+00
421 1.414539424812e-02 -1.000000000000e+00 0.000000000000e+00
422 1.417907137729e-02 -1.000000000000e+00 0.000000000000e+00
423 1.421274850645e-02 -1.000000000000e+00 0.000000000000e+00
424 1.424642563561e-02 -1.000000000000e+00 0.000000000000e+00
425 1.428010276477e-02 -1.000000000000e+00 0.000000000000e+00
426 1.431377989393e-02 -1.000000000000e+00 0.000000000000e+00
427 1.434745702310e-02 -1.000000000000e+00 0.000000000000e+00
428 1.438113415226e-02 -1.000000000000e+00 0.000000000000e+00
429 1.441481128142e-02 -1.000000000000e+00 0.000000000000e+00
430 1.444848841058e-02 -1.000000000000e+00 0.000000000000e+00
431 1.448216553974e-02 -1.000000000000e+00 0.000000000000e+00
432 1.451584266891e-02 -1.000000000000e+00 0.000000000000e+00
433 1.454951979807e-02 -1.000000000000e+00 0.000000000000e+00
434 1.458319692723e-02 -1.000000000000e+00 0.000000000000e+00
435 1.461687405639e-02 -1.000000000000e+00 0.000000000000e+00
436 1.465055118556e-02 -1.000000000000e+00 0.000000000000e+00
437 1.468422831472e-02 -1.000000000000e+00 0.000000000000e+00
438 1.471790544388e-02 -1.000000000000e+00 0.000000000000e+00
439 1.475158257304e-02 -1.000000000000e+00 0.000000000000e+00
440 1.478525970220e-02 -1.000000000000e+00 0.000000000000e+00
441 1.481893683137e-02 -1.000000000000e+00 0.000000000000e+00
442 1.485261396053e-02 -1.000000000000e+00 0.000000000000e+00
443 1.488629108969e-02 -1.000000000000e+00 0.000000000000e+00
444 1.491996821885e-02 -1.000000000000e+00 0.000000000000e+00
445 1.495364534802e-02 -1.000000000000e+00 0.000000000000e+00
446 1.498732247718e-02 -1.000000000000e+00 0.000000000000e+00
447 1.502099960634e-02 -1.000000000000e+00 0.000000000000e+00
448 1.505467673550e-02 -1.000000000000e+00 0.000000000000e+00
449 1.508835386466e-02 -1.000000000000e+00 0.000000000000e+00
450 1.512203099383e-02 -1.000000000000e+00 0.000000000000e+00
451 1.515570812299e-02 -1.000000000000e+00 0.000000000000e+00
452 1.518938525215e-02 -1.000000000000e+00 0.000000000000e+00
453 1.522306238131e-02 -1.000000000000e+00 0.000000000000e+00
454 1.525673951048e-02 -1.000000000000e+00 0.000000000000e+00
455 1.529041663964e-02 -1.000000000000e+00 0.000000000000e+00
456 1.532409376880e-02 -1.000000000000e+00 0.000000000000e+00
457 1.535777089796e-02 -1.000000000000e+00 0.000000000000e+00
458 1.539144802712e-02 -1.000000000000e+00 0.000000000000e+00
459 1.542512515629e-02 -1.000000000000e+00 0.000000000000e+00
460 1.545880228545e-02 -1.000000000000e+00 0.000000000000e+00
461 1.549247941461e-02 -1.000000000000e+00 0.000000000000e+00
462 1.552615654377e-02 -1.000000000000e+00 0.000000000000e+00
463 1.555983367294e-02 -1.000000000000e+00 0.000000000000e+00
464 1.559351080210e-02 -1.000000000000e+00 0.000000000000e+00
465 1.562718793126e-02 -1.000000000000e+00 0.000000000000e+00
466 1.566086506042e-02 -1.000000000000e+00 0.000000000000e+00
467 1.569454218958e-02 -1.000000000000e+00 0.000000000000e+00
468 1.572821931875e-02 -1.000000000000e+00 0.000000000000e+00
469 1.576189644791e-02 -1.000000000000e+00 0.000000000000e+00
470 1.579557357707e-02 -1.000000000000e+00 0.000000000000e+00
471 1.582925070623e-02 -1.000000000000e+00 0.000000000000e+00
472 1.586292783539e-02 -1.000000000000e+00 0.000000000000e+00
473 1.589660496456e-02 -1.000000000000e+00 0.000000000000e+00
474 1.593028209372e-02 -1.000000000000e+00 0.000000000000e+00
475 1.596395922288e-02 -1.000000000000e+00 0.000000000000e+00
476 1.599763635204e-02 -1.000000000000e+00 0.000000000000e+00
477 1.603131348121e-02 -1.000000000000e+00 0.000000000000e+00
478 1.606499061037e-02 -1.000000000000e+00 0.000000000000e+00
479 1.609866773953e-02 -1.000000000000e+00 0.000000000000e+00
480 1.613234486869e-02 -1.000000000000e+00 0.000000000000e+00
481 1.616602199785e-02 -1.000000000000e+00 0.000000000000e+00
482 1.619969912702e-02 -1.000000000000e+00 0.000000000000e+00
483 1.623337625618e-02 -1.000000000000e+00 0.000000000000e+00
484 1.626705338534e-02 -1.000000000000e+00 0.000000000000e+00
485 1.630073051450e-02 -1.000000000000e+00 0.000000000000e+00
486 1.633440764367e-02 -1.000000000000e+00 0.000000000000e+00
487 1.636808477283e-02 -1.000000000000e+00 0.000000000000e+00
488 1.640176190199e-02 -1.000000000000e+00 0.000000000000e+00
489 1.643543903115e-02 -1.000000000000e+00 0.000000000000e+00
490 1.646911616031e-02 -1.000000000000e+00 0.000000000000e+00
491 1.650279328948e-02 -1.000000000000e+00 0.000000000000e+00
492 1.653647041864e-02 -1.000000000000e+00 0.000000000000e+00
493 1.657014754780e-02 -1.000000000000e+00 0.000000000000e+00
494 1.660382467696e-02 -1.000000000000e+00 0.000000000000e+00
495 1.663750180613e-02 -1.000000000000e+00 0.000000000000e+00
496 1.667117893529e-02 -1.000000000000e+00 0.000000000000e+00
497 1.670485606445e-02 -1.000000000000e+00 0.000000000000e+00
498 1.673853319361e-02 -1.000000000000e+00 0.000000000000e+00
499 1.677221032277e-02 -1.000000000000e+00 0.000000000000e+00
500 1.680588745194e-02 -1.000000000000e+00 0.000000000000e+00
501 1.683956458110e-02 -1.000000000000e+00 0.000000000000e+00
502 1.687324171026e-02 -1.000000000000e+00 0.000000000000e+00
503 1.690691883942e-02 -1.000000000000e+00 0.000000000000e+00
504 1.694059596859e-02 -1.000000000000e+00 0.000000000000e+00
505 1.697427309775e-02 -1.000000000000e+00 0.000000000000e+00
506 1.700795022691e-02 -1.000000000000e+00 0.000000000000e+00
507 1.704162735607e-02 -1.000000000000e+00 0.000000000000e+00
508 1.707530448523e-02 -1.000000000000e+00 0.000000000000e+00
509 1.710898161440e-02 -1.000000000000e+00 0.000000000000e+00
510 1.714265874356e-02 -1.000000000000e+00 0.000000000000e+00
511 1.717633587272e-02 -1.000000000000e+00 0.000000000000e+00
512 1.721001300188e-02 -1.000000000000e+00 0.000000000000e+00
513 1.724369013105e-02 -1.000000000000e+00 0.000000000000e+00
514 1.727736726021e-02 -1.000000000000e+00 0.000000000000e+00
515 1.731104438937e-02 -1.000000000000e+00 0.000000000000e+00
516 1.734472151853e-02 -1.000000000000e+00 0.000000000000e+00
517 1.737839864769e-02 -1.000000000000e+00 0.000000000000e+00
518 1.741207577686e-02 -1.000000000000e+00 0.000000000000e+00
519 1.744575290602e-02 -1.000000000000e+00 0.000000000000e+00
520 1.747943003518e-02 -1.000000000000e+00 0.000000000000e+00
521 1.751310716434e-02 -1.000000000000e+00 0.000000000000e+00
522 1.754678429350e-02 -1.000000000000e+00 0.000000000000e+00
523 1.758046142267e-02 -1.000000000000e+00 0.000000000000e+00
524 1.761413855183e-02 -1.000000000000e+00 0.000000000000e+00
525 1.764781568099e-02 -1.000000000000e+00 0.000000000000e+00
526 1.768149281015e-02 -1.000000000000e+00 0.000000000000e+00
527 1.771516993932e-02 -1.000000000000e+00 0.000000000000e+00
528 1.774884706848e-02 -1.000000000000e+00 0.000000000000e+00
529 1.778252419764e-02 -1.000000000000e+00 0.000000000000e+00
530 1.781620132680e-02 -1.000000000000e+00 0.000000000000e+00
531 1.784987845596e-02 -1.000000000000e+00 0.000000000000e+00
532 1.788355558513e-02 -1.000000000000e+00 0.000000000000e+00
533 1.791723271429e-02 -1.000000000000e+00 0.000000000000e+00
534 1.795090984345e-02 -1.000000000000e+00 0.000000000000e+00
535 1.798458697261e-02 -1.000000000000e+00 0.000000000000e+00
536 1.801826410178e-02 -1.000000000000e+00 0.000000000000e+00
537 1.805194123094e-02 -1.000000000000e+00 0.000000000000e+00
538 1.808561836010e-02 -1.000000000000e+00 0.000000000000e+00
539 1.811929548926e-02 -1.000000000000e+00 0.000000000000e+00
540 1.815297261842e-02 -1.000000000000e+00 0.000000000000e+00
541 1.818664974759e-02 -1.000000000000e+00 0.000000000000e+00
542 1.822032687675e-02 -1.000000000000e+00 0.000000000000e+00
543 1.825400400591e-02 -1.000000000000e+00 0.000000000000e+00
544 1.828768113507e-02 -1.000000000000e+00 0.000000000000e+00
545 1.832135826424e-02 -1.000000000000e+00 0.000000000000e+00
546 1.835503539340e-02 -1.000000000000e+00 0.000000000000e+00
547 1.838871252256e-02 -1.000000000000e+00 0.000000000000e+00
548 1.842238965172e-02 -1.000000000000e+00 0.000000000000e+00
549 1.845606678088e-02 -1.000000000000e+00 0.000000000000e+00
550 1.848974391005e-02 -1.000000000000e+00 0.000000000000e+00
551 1.852342103921e-02 -1.000000000000e+00 0.000000000000e+00
552 1.855709816837e-02 -1.000000000000e+00 0.000000000000e+00
553 1.859077529753e-02 -1.000000000000e+00 0.000000000000e+00
554 1.862445242670e-02 -1.000000000000e+00 0.000000000000e+00
555 1.865812955586e-02 -1.000000000000e+00 0.000000000000e+00
556 1.869180668502e-02 -1.000000000000e+00 0.000000000000e+00
557 1.872548381418e-02 -1.000000000000e+00 0.000000000000e+00
558 1.875916094334e-02 -1.000000000000e+00 0.000000000000e+00
559 1.879283807251e-02 -1.000000000000e+00 0.000000000000e+00
560 1.882651520167e-02 -1.000000000000e+00 0.000000000000e+00
561 1.886019233083e-02 -1.000000000000e+00 0.000000000000e+00
562 1.889386945999e-02 -1.000000000000e+00 0.000000000000e+00
563 1.892754658915e-02 -1.000000000000e+00 0.000000000000e+00
564 1.896122371832e-02 -1.000000000000e+00 0.000000000000e+00
565 1.899490084748e-02 -1.000000000000e+00 0.000000000000e+00
566 1.902857797664e-02 -1.000000000000e+00 0.000000000000e+00
567 1.906225510580e-02 -1.000000000000e+00 0.000000000000e+00
568 1.909593223497e-02 -1.000000000000e+00 0.000000000000e+00
569 1.912960936413e-02 -1.000000000000e+00 0.000000000000e+00
570 1.916328649329e-02 -1.000000000000e+00 0.000000000000e+00
571 1.919696362245e-02 -1.000000000000e+00 0.000000000000e+00
572 1.923064075161e-02 -1.000000000000e+00 0.000000000000e+00
573 1.926431788078e-02 -1.000000000000e+00 0.000000000000e+00
574 1.929799500994e-02 -1.000000000000e+00 0.000000000000e+00
575 1.933167213910e-02 -1.000000000000e+00 0.000000000000e+00
576 1.936534926826e-02 -1.000000000000e+00 0.000000000000e+00
577 1.939902639743e-02 -1.000000000000e+00 0.000000000000e+00
578 1.943270352659e-02 -1.000000000000e+00 0.000000000000e+00
579 1.946638065575e-02 -1.000000000000e+00 0.000000000000e+00
580 1.950005778491e-02 -1.000000000000e+00 0.000000000000e+00
581 1.953373491407e-02 -1.000000000000e+00 0.000000000000e+00
582 1.956741204324e-02 -1.000000000000e+00 0.000000000000e+00
583 1.960108917240e-02 -1.000000000000e+00 0.000000000000e+00
584 1.963476630156e-02 -1.000000000000e+00 0.000000000000e+00
585 1.966844343072e-02 -1.000000000000e+00 0.000000000000e+00
586 1.970212055989e-02 -1.000000000000e+00 0.000000000000e+00
587 1.973579768905e-02 -1.000000000000e+00 0.000000000000e+00
588 1.976947481821e-02 -1.000000000000e+00 0.000000000000e+00
589 1.980315194737e-02 -1.000000000000e+00 0.000000000000e+00
590 1.983682907653e-02 -1.000000000000e+00 0.000000000000e+00
591 1.987050620570e-02 -1.000000000000e+00 0.000000000000e+00
592 1.990418333486e-02 -1.000000000000e+00 0.000000000000e+00
593 1.993786046402e-02 -1.000000000000e+00 0.000000000000e+00
594 1.997153759318e-02 -1.000000000000e+00 0.000000000000e+00
595 2.000521472235e-02 -1.000000000000e+00 0.000000000000e+00
596 2.003889185151e-02 -1.000000000000e+00 0.000000000000e+00
597 2.007256898067e-02 -1.000000000000e+00 0.000000000000e+00
598 2.010624610983e-02 -1.000000000000e+00 0.000000000000e+00
599 2.013992323899e-02 -1.000000000000e+00 0.000000000000e+00
600 2.017360036816e-02 -1.000000000000e+00 0.000000000000e+00
601 2.020727749732e-02 -1.000000000000e+00 0.000000000000e+00
602 2.024095462648e-02 -1.000000000000e+00 0.000000000000e+00
603 2.027463175564e-02 -1.000000000000e+00 0.000000000000e+00
604 2.030830888481e-02 -1.000000000000e+00 0.000000000000e+00
605 2.034198601397e-02 -1.000000000000e+00 0.000000000000e+00
606 2.037566314313e-02 -1.000000000000e+00 0.000000000000e+00
607 2.040934027229e-02 -1.000000000000e+00 0.000000000000e+00
608 2.044301740145e-02 -1.000000000000e+00 0.000000000000e+00
609 2.047669453062e-02 -1.000000000000e+00 0.000000000000e+00
610 2.051037165978e-02 -1.000000000000e+00 0.000000000000e+00
611 2.054404878894e-02 -1.000000000000e+00 0.000000000000e+00
612 2.057772591810e-02 -1.000000000000e+00 0.000000000000e+00
613 2.061140304726e-02 -1.000000000000e+00 0.000000000000e+00
614 2.064508017643e-02 -1.000000000000e+00 0.000000000000e+00
615 2.067875730559e-02 -1.000000000000e+00 0.000000000000e+00
616 2.071243443475e-02 -1.000000000000e+00 0.000000000000e+00
617 2.074611156391e-02 -1.000000000000e+00 0.000000000000e+00
618 2.077978869308e-02 -1.000000000000e+00 0.000000000000e+00
619 2.081346582224e-02 -1.000000000000e+00 0.000000000000e+00
620 2.084714295140e-02 -1.000000000000e+00 0.000000000000e+00
621 2.088082008056e-02 -1.000000000000e+00 0.000000000000e+00
622 2.091449720972e-02 -1.000000000000e+00 0.000000000000e+00
623 2.094817433889e-02 -1.000000000000e+00 0.000000000000e+00
624 2.098185146805e-02 -1.000000000000e+00 0.000000000000e+00
625 2.101552859721e-02 -1.000000000000e+00 0.000000000000e+00
626 2.104920572637e-02 -1.000000000000e+00 0.000000000000e+00
627 2.108288285554e-02 -1.000000000000e+00 0.000000000000e+00
628 2.111655998470e-02 -1.000000000000e+00 0.000000000000e+00
629 2.115023711386e-02 -1.000000000000e+00 0.000000000000e+00
630 2.118391424302e-02 -1.000000000000e+00 0.000000000000e+00
631 2.121759137218e-02 -1.000000000000e+00 0.000000000000e+00
632 2.125126850135e-02 -1.000000000000e+00 0.000000000000e+00
633 2.128494563051e-02 -1.000000000000e+00 0.000000000000e+00
634 2.131862275967e-02 -1.000000000000e+00 0.000000000000e+00
635 2.135229988883e-02 -1.000000000000e+00 0.000000000000e+00
636 2.138597701800e-02 -1.000000000000e+00 0.000000000000e+00
637 2.141965414716e-02 -1.000000000000e+00 0.000000000000e+00
638 2.145333127632e-02 -1.000000000000e+00 0.000000000000e+00
639 2.148700840548e-02 -1.000000000000e+00 0.000000000000e+00
640 2.152068553464e-02 -1.000000000000e+00 0.000000000000e+00
641 2.155436266381e-02 -1.000000000000e+00 0.000000000000e+00
642 2.158803979297e-02 -1.000000000000e+00 0.000000000000e+00
643 2.162171692213e-02 -1.000000000000e+00 0.000000000000e+00
644 2.165539405129e-02 -1.000000000000e+00 0.000000000000e+00
645 2.168907118046e-02 -1.000000000000e+00 0.000000000000e+00
646 2.172274830962e-02 -1.000000000000e+00 0.000000000000e+00
647 2.175642543878e-02 -1.000000000000e+00 0.000000000000e+00
648 2.179010256794e-02 -1.000000000000e+00 0.000000000000e+00
649 2.182377969710e-02 -1.000000000000e+00 0.000000000000e+00
650 2.185745682627e-02 -1.000000000000e+00 0.000000000000e+00
651 2.189113395543e-02 -1.000000000000e+00 0.000000000000e+00
652 2.192481108459e-02 -1.000000000000e+00 0.000000000000e+00
653 2.195848821375e-02 -1.000000000000e+00 0.000000000000e+00
654 2.199216534291e-02 -1.000000000000e+00 0.000000000000e+00
655 2.202584247208e-02 -1.000000000000e+00 0.000000000000e+00
656 2.205951960124e-02 -1.000000000000e+00 0.000000000000e+00
657 2.209319673040e-02 -1.000000000000e+00 0.000000000000e+00
658 2.212687385956e-02 -1.000000000000e+00 0.000000000000e+00
659 2.216055098873e-02 -1.000000000000e+00 0.000000000000e+00
660 2.219422811789e-02 -1.000000000000e+00 0.000000000000e+00
661 2.222790524705e-02 -1.000000000000e+00 0.000000000000e+00
662 2.226158237621e-02 -1.000000000000e+00 0.000000000000e+00
663 2.229525950537e-02 -1.000000000000e+00 0.000000000000e+00
664 2.232893663454e-02 -1.000000000000e+00 0.000000000000e+00
665 2.236261376370e-02 -1.000000000000e+00 0.000000000000e+00
666 2.239629089286e-02 -1.000000000000e+00 0.000000000000e+00
667 2.242996802202e-02 -1.000000000000e+00 0.000000000000e+00
668 2.246364515119e-02 -1.000000000000e+00 0.000000000000e+00
669 2.249732228035e-02 -1.000000000000e+00 0.000000000000e+00
670 2.253099940951e-02 -1.000000000000e+00 0.000000000000e+00
671 2.256467653867e-02 -1.000000000000e+00 0.000000000000e+00
672 2.259835366783e-02 -1.000000000000e+00 0.000000000000e+00
673 2.263203079700e-02 -1.000000000000e+00 0.000000000000e+00
674 2.266570792616e-02 -1.000000000000e+00 0.000000000000e+00
675 2.269938505532e-02 -1.000000000000e+00 0.000000000000e+00
676 2.273306218448e-02 -1.000000000000e+00 0.000000000000e+00
677 2.276673931365e-02 -1.000000000000e+00 0.000000000000e+00
678 2.280041644281e-02 -1.000000000000e+00 0.000000000000e+00
679 2.283409357197e-02 -1.000000000000e+00 0.000000000000e+00
680 2.286777070113e-02 -1.000000000000e+00 0.000000000000e+00
681 2.290144783029e-02 -1.000000000000e+00 0.000000000000e+00
682 2.293512495946e-02 -1.000000000000e+00 0.000000000000e+00
683 2.296880208862e-02 -1.000000000000e+00 0.000000000000e+00
684 2.300247921778e-02 -1.000000000000e+00 0.000000000000e+00
685 2.303615634694e-02 -1.000000000000e+00 0.000000000000e+00
686 2.306983347611e-02 -1.000000000000e+00 0.000000000000e+00
687 2.310351060527e-02 -1.000000000000e+00 0.000000000000e+00
688 2.313718773443e-02 -1.000000000000e+00 0.000000000000e+00
689 2.317086486359e-02 -1.000000000000e+00 0.000000000000e+00
690 2.320454199275e-02 -1.000000000000e+00 0.000000000000e+00
691 2.323821912192e-02 -1.000000000000e+00 0.000000000000e+00
692 2.327189625108e-02 -1.000000000000e+00 0.000000000000e+00
693 2.330557338024e-02 -1.000000000000e+00 0.000000000000e+00
694 2.333925050940e-02 -1.000000000000e+00 0.000000000000e+00
695 2.337292763857e-02 -1.000000000000e+00 0.000000000000e+00
696 2.340660476773e-02 -1.000000000000e+00 0.000000000000e+00
697 2.344028189689e-02 -1.000000000000e+00 0.000000000000e+00
698 2.347395902605e-02 -1.000000000000e+00 0.000000000000e+00
699 2.350763615521e-02 -1.000000000000e+00 0.000000000000e+00
700 2.354131328438e-02 -1.000000000000e+00 0.000000000000e+00
701 2.357499041354e-02 -1.000000000000e+00 0.000000000000e+00
702 2.360866754270e-02 -1.000000000000e+00 0.000000000000e+00
703 2.364234467186e-02 -1.000000000000e+00 0.000000000000e+00
704 2.367602180102e-02 -1.000000000000e+00 0.000000000000e+00
705 2.370969893019e-02 -1.000000000000e+00 0.000000000000e+00
706 2.374337605935e-02 -1.000000000000e+00 0.000000000000e+00
707 2.377705318851e-02 -1.000000000000e+00 0.000000000000e+00
708 2.381073031767e-02 -1.000000000000e+00 0.000000000000e+00
709 2.384440744684e-02 -1.000000000000e+00 0.000000000000e+00
710 2.387808457600e-02 -1.000000000000e+00 0.000000000000e+00
711 2.391176170516e-02 -1.000000000000e+00 0.000000000000e+00
712 2.394543883432e-02 -1.000000000000e+00 0.000000000000e+00
713 2.397911596348e-02 -1.000000000000e+00 0.000000000000e+00
714 2.401279309265e-02 -1.000000000000e+00 0.000000000000e+00
715 2.404647022181e-02 -1.000000000000e+00 0.000000000000e+00
716 2.408014735097e-02 -1.000000000000e+00 0.000000000000e+00
717 2.411382448013e-02 -1.000000000000e+00 0.000000000000e+00
718 2.414750160930e-02 -1.000000000000e+00 0.000000000000e+00
719 2.418117873846e-02 -1.000000000000e+00 0.000000000000e+00
720 2.421485586762e-02 -1.000000000000e+00 0.000000000000e+00
721 2.424853299678e-02 -1.000000000000e+00 0.000000000000e+00
722 2.428221012594e-02 -1.000000000000e+00 0.000000000000e+00
723 2.431588725511e-02 -1.000000000000e+00 0.000000000000e+00
724 2.434956438427e-02 -1.000000000000e+00 0.000000000000e+00
725 2.438324151343e-02 -1.000000000000e+00 0.000000000000e+00
726 2.441691864259e-02 -1.000000000000e+00 0.000000000000e+00
727 2.445059577176e-02 -1.000000000000e+00 0.000000000000e+00
728 2.448427290092e-02 -1.000000000000e+00 0.000000000000e+00
729 2.451795003008e-02 -1.000000000000e+00 0.000000000000e+00
730 2.455162715924e-02 -1.000000000000e+00 0.000000000000e+00
731 2.458530428840e-02 -1.000000000000e+00 0.000000000000e+00
732 2.461898141757e-02 -1.000000000000e+00 0.000000000000e+00
733 2.465265854673e-02 -1.000000000000e+00 0.000000000000e+00
734 2.468633567589e-02 -1.000000000000e+00 0.000000000000e+00
735 2.472001280505e-02 -1.000000000000e+00 0.000000000000e+00
736 2.475368993422e-02 -1.000000000000e+00 0.000000000000e+00
737 2.478736706338e-02 -1.000000000000e+00 0.000000000000e+00
738 2.482104419254e-02 -1.000000000000e+00 0.000000000000e+00
739 2.485472132170e-02 -1.000000000000e+00 0.000000000000e+00
740 2.488839845086e-02 -1.000000000000e+00 0.000000000000e+00
741 2.492207558003e-02 -1.000000000000e+00 0.000000000000e+00
742 2.495575270919e-02 -1.000000000000e+00 0.000000000000e+00
743 2.498942983835e-02 -1.000000000000e+00 0.000000000000e+00
744 2.502310696751e-02 -1.000000000000e+00 0.000000000000e+00
745 2.505678409667e-02 -1.000000000000e+00 0.000000000000e+00
746 2.509046122584e-02 -1.000000000000e+00 0.000000000000e+00
747 2.512413835500e-02 -1.000000000000e+00 0.000000000000e+00
748 2.515781548416e-02 -1.000000000000e+00 0.000000000000e+00
749 2.519149261332e-02 -1.000000000000e+00 0.000000000000e+00
750 2.522516974249e-02 -1.000000000000e+00 0.000000000000e+00
751 2.525884687165e-02 -1.000000000000e+00 0.000000000000e+00
752 2.529252400081e-02 -1.000000000000e+00 0.000000000000e+00
753 2.532620112997e-02 -1.000000000000e+00 0.000000000000e+00
754 2.535987825913e-02 -1.000000000000e+00 0.000000000000e+00
755 2.539355538830e-02 -1.000000000000e+00 0.000000000000e+00
756 2.542723251746e-02 -1.000000000000e+00 0.000000000000e+00
757 2.546090964662e-02 -1.000000000000e+00 0.000000000000e+00
758 2.549458677578e-02 -1.000000000000e+00 0.000000000000e+00
759 2.552826390495e-02 -1.000000000000e+00 0.000000000000e+00
760 2.556194103411e-02 -1.000000000000e+00 0.000000000000e+00
761 2.559561816327e-02 -1.000000000000e+00 0.000000000000e+00
762 2.562929529243e-02 -1.000000000000e+00 0.000000000000e+00
763 2.566297242159e-02 -1.000000000000e+00 0.000000000000e+00
764 2.569664955076e-02 -1.000000000000e+00 0.000000000000e+00
765 2.573032667992e-02 -1.000000000000e+00 0.000000000000e+00
766 2.576400380908e-02 -1.000000000000e+00 0.000000000000e+00
767 2.579768093824e-02 -1.000000000000e+00 0.000000000000e+00
768 2.583135806741e-02 -1.000000000000e+00 0.000000000000e+00
769 2.586503519657e-02 -1.000000000000e+00 0.000000000000e+00
770 2.589871232573e-02 -1.000000000000e+00 0.000000000000e+00
771 2.593238945489e-02 -1.000000000000e+00 0.000000000000e+00
772 2.596606658405e-02 -1.000000000000e+00 0.000000000000e+00
773 2.599974371322e-02 -1.000000000000e+00 0.000000000000e+00
774 2.603342084238e-02 -1.000000000000e+00 0.000000000000e+00
775 2.606709797154e-02 -1.000000000000e+00 0.000000000000e+00
776 2.610077510070e-02 -1.000000000000e+00 0.000000000000e+00
777 2.613445222987e-02 -1.000000000000e+00 0.000000000000e+00
778 2.616812935903e-02 -1.000000000000e+00 0.000000000000e+00
779 2.620180648819e-02 -1.000000000000e+00 0.000000000000e+00
780 2.623548361735e-02 -1.000000000000e+00 0.000000000000e+00
781 2.626916074651e-02 -1.000000000000e+00 0.000000000000e+00
782 2.630283787568e-02 -1.000000000000e+00 0.000000000000e+00
783 2.633651500484e-02 -1.000000000000e+00 0.000000000000e+00
784 2.637019213400e-02 -1.000000000000e+00 0.000000000000e+00
785 2.640386926316e-02 -1.000000000000e+00 0.000000000000e+00
786 2.643754639232e-02 -1.000000000000e+00 0.000000000000e+00
787 2.647122352149e-02 -1.000000000000e+00 0.000000000000e+00
788 2.650490065065e-02 -1.000000000000e+00 0.000000000000e+00
789 2.653857777981e-02 -1.000000000000e+00 0.000000000000e+00
790 2.657225490897e-02 -1.000000000000e+00 0.000000000000e+00
791 2.660593203814e-02 -1.000000000000e+00 0.000000000000e+00
792 2.663960916730e-02 -1.000000000000e+00 0.000000000000e+00
793 2.667328629646e-02 -1.000000000000e+00 0.000000000000e+00
794 2.670696342562e-02 -1.000000000000e+00 0.000000000000e+00
795 2.674064055478e-02 -1.000000000000e+00 0.000000000000e+00
796 2.677431768395e-02 -1.000000000000e+00 0.000000000000e+00
797 2.680799481311e-02 -1.000000000000e+00 0.000000000000e+00
798 2.684167194227e-02 -1.000000000000e+00 0.000000000000e+00
799 2.687534907143e-02 -1.000000000000e+00 0.000000000000e+00
800 2.690902620060e-02 -1.000000000000e+00 0.000000000000e+00
801 2.694270332976e-02 -1.000000000000e+00 0.000000000000e+00
802 2.697638045892e-02 -1.000000000000e+00 0.000000000000e+00
803 2.701005758808e-02 -1.000000000000e+00 0.000000000000e+00
804 2.704373471724e-02 -1.000000000000e+00 0.000000000000e+00
805 2.707741184641e-02 -1.000000000000e+00 0.000000000000e+00
806 2.711108897557e-02 -1.000000000000e+00 0.000000000000e+00
807 2.714476610473e-02 -1.000000000000e+00 0.000000000000e+00
808 2.717844323389e-02 -1.000000000000e+00 0.000000000000e+00
809 2.721212036306e-02 -1.000000000000e+00 0.000000000000e+00
810 2.724579749222e-02 -1.000000000000e+00 0.000000000000e+00
811 2.727947462138e-02 -1.000000000000e+00 0.000000000000e+00
812 2.731315175054e-02 -1.000000000000e+00 0.000000000000e+00
813 2.734682887970e-02 -1.000000000000e+00 0.000000000000e+00
814 2.738050600887e-02 -1.000000000000e+00 0.000000000000e+00
815 2.741418313803e-02 -1.000000000000e+00 0.000000000000e+00
816 2.744786026719e-02 -1.000000000000e+00 0.000000000000e+00
817 2.748153739635e-02 -1.000000000000e+00 0.000000000000e+00
818 2.751521452552e-02 -1.000000000000e+00 0.000000000000e+00
819 2.754889165468e-02 -1.000000000000e+00 0.000000000000e+00
820 2.758256878384e-02 -1.000000000000e+00 0.000000000000e+00
821 2.761624591300e-02 -1.000000000000e+00 0.000000000000e+00
822 2.764992304216e-02 -1.000000000000e+00 0.000000000000e+00
823 2.768360017133e-02 -1.000000000000e+00 0.000000000000e+00
824 2.771727730049e-02 -1.000000000000e+00 0.000000000000e+00
825 2.775095442965e-02 -1.000000000000e+00 0.000000000000e+00
826 2.778463155881e-02 -1.000000000000e+00 0.000000000000e+00
827 2.781830868798e-02 -1.000000000000e+00 0.000000000000e+00
828 2.785198581714e-02 -1.000000000000e+00 0.000000000000e+00
829 2.788566294630e-02 -1.000000000000e+00 0.000000000000e+00
830 2.791934007546e-02 -1.000000000000e+00 0.000000000000e+00
831 2.795301720462e-02 -1.000000000000e+00 0.000000000000e+00
832 2.798669433379e-02 -1.000000000000e+00 0.000000000000e+00
833 2.802037146295e-02 -1.000000000000e+00 0.000000000000e+00
834 2.805404859211e-02 -1.000000000000e+00 0.000000000000e+00
835 2.808772572127e-02 -1.000000000000e+00 0.000000000000e+00
836 2.812140285043e-02 -1.000000000000e+00 0.000000000000e+00
837 2.815507997960e-02 -1.000000000000e+00 0.000000000000e+00
838 2.818875710876e-02 -1.000000000000e+00 0.000000000000e+00
839 2.822243423792e-02 -1.000000000000e+00 0.000000000000e+00
840 2.825611136708e-02 -1.000000000000e+00 0.000000000000e+00
841 2.828978849625e-02 -1.000000000000e+00 0.000000000000e+00
842 2.832346562541e-02 -1.000000000000e+00 0.000000000000e+00
843 2.835714275457e-02 -1.000000000000e+00 0.000000000000e+00
844 2.839081988373e-02 -1.000000000000e+00 0.000000000000e+00
845 2.842449701289e-02 -1.000000000000e+00 0.000000000000e+00
846 2.845817414206e-02 -1.000000000000e+00 0.000000000000e+00
847 2.849185127122e-02 -1.000000000000e+00 0.000000000000e+00
848 2.852552840038e-02 -1.000000000000e+00 0.000000000000e+00
849 2.855920552954e-02 -1.000000000000e+00 0.000000000000e+00
850 2.859288265871e-02 -1.000000000000e+00 0.000000000000e+00
851 2.862655978787e-02 -1.000000000000e+00 0.000000000000e+00
852 2.866023691703e-02 -1.000000000000e+00 0.000000000000e+00
853 2.869391404619e-02 -1.000000000000e+00 0.000000000000e+00
854 2.872759117535e-02 -1.000000000000e+00 0.000000000000e+00
855 2.876126830452e-02 -1.000000000000e+00 0.000000000000e+00
856 2.879494543368e-02 -1.000000000000e+00 0.000000000000e+00
857 2.882862256284e-02 -1.000000000000e+00 0.000000000000e+00
858 2.886229969200e-02 -1.000000000000e+00 0.000000000000e+00
859 2.889597682117e-02 -1.000000000000e+00 0.000000000000e+00
860 2.892965395033e-02 -1.000000000000e+00 0.000000000000e+00
861 2.896333107949e-02 -1.000000000000e+00 0.000000000000e+00
862 2.899700820865e-02 -1.000000000000e+00 0.000000000000e+00
863 2.903068533781e-02 -1.000000000000e+00 0.000000000000e+00
864 2.906436246698e-02 -1.000000000000e+00 0.000000000000e+00
865 2.909803959614e-02 -1.000000000000e+00 0.000000000000e+00
866 2.913171672530e-02 -1.000000000000e+00 0.000000000000e+00
867 2.916539385446e-02 -1.000000000000e+00 0.000000000000e+00
868 2.919907098363e-02 -1.000000000000e+00 0.000000000000e+00
869 2.923274811279e-02 -1.000000000000e+00 0.000000000000e+00
870 2.926642524195e-02 -1.000000000000e+00 0.000000000000e+00
871 2.930010237111e-02 -1.000000000000e+00 0.000000000000e+00
872 2.933377950027e-02 -1.000000000000e+00 0.000000000000e+00
873 2.936745662944e-02 -1.000000000000e+00 0.000000000000e+00
874 2.940113375860e-02 -1.000000000000e+00 0.000000000000e+00
875 2.943481088776e-02 -1.000000000000e+00 0.000000000000e+00
876 2.946848801692e-02 -1.000000000000e+00 0.000000000000e+00
877 2.950216514608e-02 -1.000000000000e+00 0.000000000000e+00
878 2.953584227525e-02 -1.000000000000e+00 0.000000000000e+00
879 2.956951940441e-02 -1.000000000000e+00 0.000000000000e+00
880 2.960319653357e-02 -1.000000000000e+00 0.000000000000e+00
881 2.963687366273e-02 -1.000000000000e+00 0.000000000000e+00
882 2.967055079190e-02 -1.000000000000e+00 0.000000000000e+00
883 2.970422792106e-02 -1.000000000000e+00 0.000000000000e+00
884 2.973790505022e-02 -1.000000000000e+00 0.000000000000e+00
885 2.977158217938e-02 -1.000000000000e+00 0.000000000000e+00
886 2.980525930854e-02 -1.000000000000e+00 0.000000000000e+00
887 2.983893643771e-02 -1.000000000000e+00 0.000000000000e+00
888 2.987261356687e-02 -1.000000000000e+00 0.000000000000e+00
889 2.990629069603e-02 -1.000000000000e+00 0.000000000000e+00
890 2.993996782519e-02 -1.000000000000e+00 0.000000000000e+00
891 2.997364495436e-02 -1.000000000000e+00 0.000000000000e+00
892 3.000732208352e-02 -1.000000000000e+00 0.000000000000e+00
893 3.004099921268e-02 -1.000000000000e+00 0.000000000000e+00
894 3.007467634184e-02 -1.000000000000e+00 0.000000000000e+00
895 3.010835347100e-02 -1.000000000000e+00 0.000000000000e+00
896 3.014203060017e-02 -1.000000000000e+00 0.000000000000e+00
897 3.017570772933e-02 -1.000000000000e+00 0.000000000000e+00
898 3.020938485849e-02 -1.000000000000e+00 0.000000000000e+00
899 3.024306198765e-02 -1.000000000000e+00 0.000000000000e+00
900 3.027673911682e-02 -1.000000000000e+00 0.000000000000e+00
901 3.031041624598e-02 -1.000000000000e+00 0.000000000000e+00
902 3.034409337514e-02 -1.000000000000e+00 0.000000000000e+00
903 3.037777050430e-02 -1.000000000000e+00 0.000000000000e+00
904 3.041144763346e-02 -1.000000000000e+00 0.000000000000e+00
905 3.044512476263e-02 -1.000000000000e+00 0.000000000000e+00
906 3.047880189179e-02 -1.000000000000e+00 0.000000000000e+00
907 3.051247902095e-02 -1.000000000000e+00 0.000000000000e+00
908 3.054615615011e-02 -1.000000000000e+00 0.000000000000e+00
909 3.057983327928e-02 -1.000000000000e+00 0.000000000000e+00
910 3.061351040844e-02 -1.000000000000e+00 0.000000000000e+00
911 3.064718753760e-02 -1.000000000000e+00 0.000000000000e+00
912 3.068086466676e-02 -1.000000000000e+00 0.000000000000e+00
913 3.071454179592e-02 -1.000000000000e+00 0.000000000000e+00
914 3.074821892509e-02 -1.000000000000e+00 0.000000000000e+00
915 3.078189605425e-02 -1.000000000000e+00 0.000000000000e+00
916 3.081557318341e-02 -1.000000000000e+00 0.000000000000e+00
917 3.084925031257e-02 -1.000000000000e+00 0.000000000000e+00
918 3.088292744174e-02 -1.000000000000e+00 0.000000000000e+00
919 3.091660457090e-02 -1.000000000000e+00 0.000000000000e+00
920 3.095028170006e-02 -1.000000000000e+00 0.000000000000e+00
921 3.098395882922e-02 -1.000000000000e+00 0.000000000000e+00
922 3.101763595838e-02 -1.000000000000e+00 0.000000000000e+00
923 3.105131308755e-02 -1.000000000000e+00 0.000000000000e+00
924 3.108499021671e-02 -1.000000000000e+00 0.000000000000e+00
925 3.111866734587e-02 -1.000000000000e+00 0.000000000000e+00
926 3.115234447503e-02 -1.000000000000e+00 0.000000000000e+00
927 3.118602160419e-02 -1.000000000000e+00 0.000000000000e+00
928 3.121969873336e-02 -1.000000000000e+00 0.000000000000e+00
929 3.125337586252e-02 -1.000000000000e+00 0.000000000000e+00
930 3.128705299168e-02 -1.000000000000e+00 0.000000000000e+00
931 3.132073012084e-02 -1.000000000000e+00 0.000000000000e+00
932 3.135440725001e-02 -1.000000000000e+00 0.000000000000e+00
933 3.138808437917e-02 -1.000000000000e+00 0.000000000000e+00
934 3.142176150833e-02 -1.000000000000e+00 0.000000000000e+00
935 3.145543863749e-02 -1.000000000000e+00 0.000000000000e+00
936 3.148911576665e-02 -1.000000000000e+00 0.000000000000e+00
937 3.152279289582e-02 -1.000000000000e+00 0.000000000000e+00
938 3.155647002498e-02 -1.000000000000e+00 0.000000000000e+00
939 3.159014715414e-02 -1.000000000000e+00 0.000000000000e+00
940 3.162382428330e-02 -1.000000000000e+00 0.000000000000e+00
941 3.165750141247e-02 -1.000000000000e+00 0.000000000000e+00
942 3.169117854163e-02 -1.000000000000e+00 0.000000000000e+00
943 3.172485567079e-02 -1.000000000000e+00 0.000000000000e+00
944 3.175853279995e-02 -1.000000000000e+00 0.000000000000e+00
945 3.179220992911e-02 -1.000000000000e+00 0.000000000000e+00
946 3.182588705828e-02 -1.000000000000e+00 0.000000000000e+00
947 3.185956418744e-02 -1.000000000000e+00 0.000000000000e+00
948 3.189324131660e-02 -1.000000000000e+00 0.000000000000e+00
949 3.192691844576e-02 -1.000000000000e+00 0.000000000000e+00
950 3.196059557493e-02 -1.000000000000e+00 0.000000000000e+00
951 3.199427270409e-02 -1.000000000000e+00 0.000000000000e+00
952 3.202794983325e-02 -1.000000000000e+00 0.000000000000e+00
953 3.206162696241e-02 -1.000000000000e+00 0.000000000000e+00
954 3.209530409157e-02 -1.000000000000e+00 0.000000000000e+00
955 3.212898122074e-02 -1.000000000000e+00 0.000000000000e+00
956 3.216265834990e-02 -1.000000000000e+00 0.000000000000e+00
957 3.219633547906e-02 -1.000000000000e+00 0.000000000000e+00
958 3.223001260822e-02 -1.000000000000e+00 0.000000000000e+00
959 3.226368973739e-02 -1.000000000000e+00 0.000000000000e+00
960 3.229736686655e-02 -1.000000000000e+00 0.000000000000e+00
961 3.233104399571e-02 -1.000000000000e+00 0.000000000000e+00
962 3.236472112487e-02 -1.000000000000e+00 0.000000000000e+00
963 3.239839825403e-02 -1.000000000000e+00 0.000000000000e+00
964 3.243207538320e-02 -1.000000000000e+00 0.000000000000e+00
965 3.246575251236e-02 -1.000000000000e+00 0.000000000000e+00
966 3.249942964152e-02 -1.000000000000e+00 0.000000000000e+00
967 3.253310677068e-02 -1.000000000000e+00 0.000000000000e+00
968 3.256678389984e-02 -1.000000000000e+00 0.000000000000e+00
969 3.260046102901e-02 -1.000000000000e+00 0.000000000000e+00
970 3.263413815817e-02 -1.000000000000e+00 0.000000000000e+00
971 3.266781528733e-02 -1.000000000000e+00 0.000000000000e+00
972 3.270149241649e-02 -1.000000000000e+00 0.000000000000e+00
973 3.273516954566e-02 -1.000000000000e+00 0.000000000000e+00
974 3.276884667482e-02 -1.000000000000e+00 0.000000000000e+00
975 3.280252380398e-02 -1.000000000000e+00 0.000000000000e+00
976 3.283620093314e-02 -1.000000000000e+00 0.000000000000e+00
977 3.286987806230e-02 -1.000000000000e+00 0.000000000000e+00
978 3.290355519147e-02 -1.000000000000e+00 0.000000000000e+00
979 3.293723232063e-02 -1.000000000000e+00 0.000000000000e+00
980 3.297090944979e-02 -1.000000000000e+00 0.000000000000e+00
981 3.300458657895e-02 -1.000000000000e+00 0.000000000000e+00
982 3.303826370812e-02 -1.000000000000e+00 0.000000000000e+00
983 3.307194083728e-02 -1.000000000000e+00 0.000000000000e+00
984 3.310561796644e-02 -1.000000000000e+00 0.000000000000e+00
985 3.313929509560e-02 -1.000000000000e+00 0.000000000000e+00
986 3.317297222476e-02 -1.000000000000e+00 0.000000000000e+00
987 3.320664935393e-02 -1.000000000000e+00 0.000000000000e+00
988 3.324032648309e-02 -1.000000000000e+00 0.000000000000e+00
989 3.327400361225e-02 -1.000000000000e+00 0.000000000000e+00
990 3.330768074141e-02 -1.000000000000e+00 0.000000000000e+00
991 3.334135787058e-02 -1.000000000000e+00 0.000000000000e+00
992 3.337503499974e-02 -1.000000000000e+00 0.000000000000e+00
993 3.340871212890e-02 -1.000000000000e+00 0.000000000000e+00
994 3.344238925806e-02 -1.000000000000e+00 0.000000000000e+00
995 3.347606638722e-02 -1.000000000000e+00 0.000000000000e+00
996 3.350974351639e-02 -1.000000000000e+00 0.000000000000e+00
997 3.354342064555e-02 -1.000000000000e+00 0.000000000000e+00
998 3.357709777471e-02 -1.000000000000e+00 0.000000000000e+00
999 3.361077490387e-02 -1.000000000000e+00 0.000000000000e+00
1000 3.364445203304e-02 -1.000000000000e+00 0.000000000000e+00
1001 3.367812916220e-02 -1.000000000000e+00 0.000000000000e+00
1002 3.371180629136e-02 -1.000000000000e+00 0.000000000000e+00
1003 3.374548342052e-02 -1.000000000000e+00 0.000000000000e+00
1004 3.377916054968e-02 -1.000000000000e+00 0.000000000000e+00
1005 3.381283767885e-02 -1.000000000000e+00 0.000000000000e+00
1006 3.384651480801e-02 -1.000000000000e+00 0.000000000000e+00
1007 3.388019193717e-02 -1.000000000000e+00 0.000000000000e+00
1008 3.391386906633e-02 -1.000000000000e+00 0.000000000000e+00
1009 3.394754619549e-02 -1.000000000000e+00 0.000000000000e+00
1010 3.398122332466e-02 -1.000000000000e+00 0.000000000000e+00
1011 3.401490045382e-02 -1.000000000000e+00 0.000000000000e+00
1012 3.404857758298e-02 -1.000000000000e+00 0.000000000000e+00
1013 3.408225471214e-02 -1.000000000000e+00 0.000000000000e+00
1014 3.411593184131e-02 -1.000000000000e+00 0.000000000000e+00
1015 3.414960897047e-02 -1.000000000000e+00 0.000000000000e+00
1016 3.418328609963e-02 -1.000000000000e+00 0.000000000000e+00
1017 3.421696322879e-02 -1.000000000000e+00 0.000000000000e+00
1018 3.425064035795e-02 -1.000000000000e+00 0.000000000000e+00
1019 3.428431748712e-02 -1.000000000000e+00 0.000000000000e+00
1020 3.431799461628e-02 -1.000000000000e+00 0.000000000000e+00
1021 3.435167174544e-02 -1.000000000000e+00 0.000000000000e+00
1022 3.438534887460e-02 -1.000000000000e+00 0.000000000000e+00
1023 3.441902600377e-02 -1.000000000000e+00 0.000000000000e+00
1024 3.445270313293e-02 -1.000000000000e+00 0.000000000000e+00
1025 3.448638026209e-02 -1.000000000000e+00 0.000000000000e+00
1026 3.452005739125e-02 -1.000000000000e+00 0.000000000000e+00
1027 3.455373452041e-02 -1.000000000000e+00 0.000000000000e+00
1028 3.458741164958e-02 -1.000000000000e+00 0.000000000000e+00
1029 3.462108877874e-02 -1.000000000000e+00 0.000000000000e+00
1030 3.465476590790e-02 -1.000000000000e+00 0.000000000000e+00
1031 3.468844303706e-02 -1.000000000000e+00 0.000000000000e+00
1032 3.472212016623e-02 -1.000000000000e+00 0.000000000000e+00
1033 3.475579729539e-02 -1.000000000000e+00 0.000000000000e+00
1034 3.478947442455e-02 -1.000000000000e+00 0.000000000000e+00
1035 3.482315155371e-02 -1.000000000000e+00 0.000000000000e+00
1036 3.485682868287e-02 -1.000000000000e+00 0.000000000000e+00
1037 3.489050581204e-02 -1.000000000000e+00 0.000000000000e+00
1038 3.492418294120e-02 -1.000000000000e+00 0.000000000000e+00
1039 3.495786007036e-02 -1.000000000000e+00 0.000000000000e+00
1040 3.499153719952e-02 -1.000000000000e+00 0.000000000000e+00
1041 3.502521432869e-02 -1.000000000000e+00 0.000000000000e+00
1042 3.505889145785e-02 -1.000000000000e+00 0.000000000000e+00
1043 3.509256858701e-02 -1.000000000000e+00 0.000000000000e+00
1044 3.512624571617e-02 -1.000000000000e+00 0.000000000000e+00
1045 3.515992284533e-02 -1.000000000000e+00 0.000000000000e+00
1046 3.519359997450e-02 -1.000000000000e+00 0.000000000000e+00
1047 3.522727710366e-02 -1.000000000000e+00 0.000000000000e+00
1048 3.526095423282e-02 -1.000000000000e+00 0.000000000000e+00
1049 3.529463136198e-02 -1.000000000000e+00 0.000000000000e+00
1050 3.532830849115e-02 -1.000000000000e+00 0.000000000000e+00
1051 3.536198562031e-02 -1.000000000000e+00 0.000000000000e+00
1052 3.539566274947e-02 -1.000000000000e+00 0.000000000000e+00
1053 3.542933987863e-02 -1.000000000000e+00 0.000000000000e+00
1054 3.546301700779e-02 -1.000000000000e+00 0.000000000000e+00
1055 3.549669413696e-02 -1.000000000000e+00 0.000000000000e+00
1056 3.553037126612e-02 -1.000000000000e+00 0.000000000000e+00
1057 3.556404839528e-02 -1.000000000000e+00 0.000000000000e+00
1058 3.559772552444e-02 -1.000000000000e+00 0.000000000000e+00
1059 3.563140265360e-02 -1.000000000000e+00 0.000000000000e+00
1060 3.566507978277e-02 -1.000000000000e+00 0.000000000000e+00
1061 3.569875691193e-02 -1.000000000000e+00 0.000000000000e+00
1062 3.573243404109e-02 -1.000000000000e+00 0.000000000000e+00
1063 3.576611117025e-02 -1.000000000000e+00 0.000000000000e+00
1064 3.579978829942e-02 -1.000000000000e+00 0.000000000000e+00
1065 3.583346542858e-02 -1.000000000000e+00 0.000000000000e+00
1066 3.586714255774e-02 -1.000000000000e+00 0.000000000000e+00
1067 3.590081968690e-02 -1.000000000000e+00 0.000000000000e+00
1068 3.593449681606e-02 -1.000000000000e+00 0.000000000000e+00
1069 3.596817394523e-02 -1.000000000000e+00 0.000000000000e+00
1070 3.600185107439e-02 -1.000000000000e+00 0.000000000000e+00
1071 3.603552820355e-02 -1.000000000000e+00 0.000000000000e+00
1072 3.606920533271e-02 -1.000000000000e+00 0.000000000000e+00
1073 3.610288246188e-02 -1.000000000000e+00 0.000000000000e+00
1074 3.613655959104e-02 -1.000000000000e+00 0.000000000000e+00
1075 3.617023672020e-02 -1.000000000000e+00 0.000000000000e+00
1076 3.620391384936e-02 -1.000000000000e+00 0.000000000000e+00
1077 3.623759097852e-02 -1.000000000000e+00 0.000000000000e+00
1078 3.627126810769e-02 -1.000000000000e+00 0.000000000000e+00
1079 3.630494523685e-02 -1.000000000000e+00 0.000000000000e+00
1080 3.633862236601e-02 -1.000000000000e+00 0.000000000000e+00
1081 3.637229949517e-02 -1.000000000000e+00 0.000000000000e+00
1082 3.640597662434e-02 -1.000000000000e+00 0.000000000000e+00
1083 3.643965375350e-02 -1.000000000000e+00 0.000000000000e+00
1084 3.647333088266e-02 -1.000000000000e+00 0.000000000000e+00
1085 3.650700801182e-02 -1.000000000000e+00 0.000000000000e+00
1086 3.654068514098e-02 -1.000000000000e+00 0.000000000000e+00
1087 3.657436227015e-02 -1.000000000000e+00 0.000000000000e+00
1088 3.660803939931e-02 -1.000000000000e+00 0.000000000000e+00
1089 3.664171652847e-02 -1.000000000000e+00 0.000000000000e+00
1090 3.667539365763e-02 -1.000000000000e+00 0.000000000000e+00
1091 3.670907078680e-02 -1.000000000000e+00 0.000000000000e+00
1092 3.674274791596e-02 -1.000000000000e+00 0.000000000000e+00
1093 3.677642504512e-02 -1.000000000000e+00 0.000000000000e+00
1094 3.681010217428e-02 -1.000000000000e+00 0.000000000000e+00
1095 3.684377930344e-02 -1.000000000000e+00 0.000000000000e+00
1096 3.687745643261e-02 -1.000000000000e+00 0.000000000000e+00
1097 3.691113356177e-02 -1.000000000000e+00 0.000000000000e+00
1098 3.694481069093e-02 -1.000000000000e+00 0.000000000000e+00
1099 3.697848782009e-02 -1.000000000000e+00 0.000000000000e+00
1100 3.701216494925e-02 -1.000000000000e+00 0.000000000000e+00
1101 3.704584207842e-02 -1.000000000000e+00 0.000000000000e+00
1102 3.707951920758e-02 -1.000000000000e+00 0.000000000000e+00
1103 3.711319633674e-02 -1.000000000000e+00 0.000000000000e+00
1104 3.714687346590e-02 -1.000000000000e+00 0.000000000000e+00
1105 3.718055059507e-02 -1.000000000000e+00 0.000000000000e+00
1106 3.721422772423e-02 -1.000000000000e+00 0.000000000000e+00
1107 3.724790485339e-02 -1.000000000000e+00 0.000000000000e+00
1108 3.728158198255e-02 -1.000000000000e+00 0.000000000000e+00
1109 3.731525911171e-02 -1.000000000000e+00 0.000000000000e+00
1110 3.734893624088e-02 -1.000000000000e+00 0.000000000000e+00
1111 3.738261337004e-02 -1.000000000000e+00 0.000000000000e+00
1112 3.741629049920e-02 -1.000000000000e+00 0.000000000000e+00
1113 3.744996762836e-02 -1.000000000000e+00 0.000000000000e+00
1114 3.748364475753e-02 -1.000000000000e+00 0.000000000000e+00
1115 3.751732188669e-02 -1.000000000000e+00 0.000000000000e+00
1116 3.755099901585e-02 -1.000000000000e+00 0.000000000000e+00
1117 3.758467614501e-02 -1.000000000000e+00 0.000000000000e+00
1118 3.761835327417e-02 -1.000000000000e+00 0.000000000000e+00
1119 3.765203040334e-02 -1.000000000000e+00 0.000000000000e+00
1120 3.768570753250e-02 -1.000000000000e+00 0.000000000000e+00
1121 3.771938466166e-02 -1.000000000000e+00 0.000000000000e+00
1122 3.775306179082e-02 -1.000000000000e+00 0.000000000000e+00
1123 3.778673891999e-02 -1.000000000000e+00 0.000000000000e+00
1124 3.782041604915e-02 -1.000000000000e+00 0.000000000000e+00
1125 3.785409317831e-02 -1.000000000000e+00 0.000000000000e+00
1126 3.788777030747e-02 -1.000000000000e+00 0.000000000000e+00
1127 3.792144743663e-02 -1.000000000000e+00 0.000000000000e+00
1128 3.795512456580e-02 -1.000000000000e+00 0.000000000000e+00
1129 3.798880169496e-02 -1.000000000000e+00 0.000000000000e+00
1130 3.802247882412e-02 -1.000000000000e+00 0.000000000000e+00
1131 3.805615595328e-02 -1.000000000000e+00 0.000000000000e+00
1132 3.808983308245e-02 -1.000000000000e+00 0.000000000000e+00
1133 3.812351021161e-02 -1.000000000000e+00 0.000000000000e+00
1134 3.815718734077e-02 -1.000000000000e+00 0.000000000000e+00
1135 3.819086446993e-02 -1.000000000000e+00 0.000000000000e+00
1136 3.822454159909e-02 -1.000000000000e+00 0.000000000000e+00
1137 3.825821872826e-02 -1.000000000000e+00 0.000000000000e+00
1138 3.829189585742e-02 -1.000000000000e+00 0.000000000000e+00
1139 3.832557298658e-02 -1.000000000000e+00 0.000000000000e+00
1140 3.835925011574e-02 -1.000000000000e+00 0.000000000000e+00
1141 3.839292724491e-02 -1.000000000000e+00 0.000000000000e+00
1142 3.842660437407e-02 -1.000000000000e+00 0.000000000000e+00
1143 3.846028150323e-02 -1.000000000000e+00 0.000000000000e+00
1144 3.849395863239e-02 -1.000000000000e+00 0.000000000000e+00
1145 3.852763576155e-02 -1.000000000000e+00 0.000000000000e+00
1146 3.856131289072e-02 -1.000000000000e+00 0.000000000000e+00
1147 3.859499001988e-02 -1.000000000000e+00 0.000000000000e+00
1148 3.862866714904e-02 -1.000000000000e+00 0.000000000000e+00
1149 3.866234427820e-02 -1.000000000000e+00 0.000000000000e+00
1150 3.869602140736e-02 -1.000000000000e+00 0.000000000000e+00
1151 3.872969853653e-02 -1.000000000000e+00 0.000000000000e+00
1152 3.876337566569e-02 -1.000000000000e+00 0.000000000000e+00
1153 3.879705279485e-02 -1.000000000000e+00 0.000000000000e+00
1154 3.883072992401e-02 -1.000000000000e+00 0.000000000000e+00
1155 3.886440705318e-02 -1.000000000000e+00 0.000000000000e+00
1156 3.889808418234e-02 -1.000000000000e+00 0.000000000000e+00
1157 3.893176131150e-02 -1.000000000000e+00 0.000000000000e+00
1158 3.896543844066e-02 -1.000000000000e+00 0.000000000000e+00
1159 3.899911556982e-02 -1.000000000000e+00 0.000000000000e+00
1160 3.903279269899e-02 -1.000000000000e+00 0.000000000000e+00
1161 3.906646982815e-02 -1.000000000000e+00 0.000000000000e+00
1162 3.910014695731e-02 -1.000000000000e+00 0.000000000000e+00
1163 3.913382408647e-02 -1.000000000000e+00 0.000000000000e+00
1164 3.916750121564e-02 -1.000000000000e+00 0.000000000000e+00
1165 3.920117834480e-02 -1.000000000000e+00 0.000000000000e+00
1166 3.923485547396e-02 -1.000000000000e+00 0.000000000000e+00
1167 3.926853260312e-02 -1.000000000000e+00 0.000000000000e+00
1168 3.930220973228e-02 -1.000000000000e+00 0.000000000000e+00
1169 3.933588686145e-02 -1.000000000000e+00 0.000000000000e+00
1170 3.936956399061e-02 -1.000000000000e+00 0.000000000000e+00
1171 3.940324111977e-02 -1.000000000000e+00 0.000000000000e+00
1172 3.943691824893e-02 -1.000000000000e+00 0.000000000000e+00
1173 3.947059537810e-02 -1.000000000000e+00 0.000000000000e+00
1174 3.950427250726e-02 -1.000000000000e+00 0.000000000000e+00
1175 3.953794963642e-02 -1.000000000000e+00 0.000000000000e+00
1176 3.957162676558e-02 -1.000000000000e+00 0.000000000000e+00
1177 3.960530389474e-02 -1.000000000000e+00 0.000000000000e+00
1178 3.963898102391e-02 -1.000000000000e+00 0.000000000000e+00
1179 3.967265815307e-02 -1.000000000000e+00 0.000000000000e+00
1180 3.970633528223e-02 -1.000000000000e+00 0.000000000000e+00
1181 3.974001241139e-02 -1.000000000000e+00 0.000000000000e+00
1182 3.977368954056e-02 -1.000000000000e+00 0.000000000000e+00
1183 3.980736666972e-02 -1.000000000000e+00 0.000000000000e+00
1184 3.984104379888e-02 -1.000000000000e+00 0.000000000000e+00
1185 3.987472092804e-02 -1.000000000000e+00 0.000000000000e+00
1186 3.990839805720e-02 -1.000000000000e+00 0.000000000000e+00
1187 3.994207518637e-02 -1.000000000000e+00 0.000000000000e+00
1188 3.997575231553e-02 -1.000000000000e+00 0.000000000000e+00
1189 4.000942944469e-02 -1.000000000000e+00 0.000000000000e+00
1190 4.004310657385e-02 -1.000000000000e+00 0.000000000000e+00
1191 4.007678370301e-02 -1.000000000000e+00 0.000000000000e+00
1192 4.011046083218e-02 -1.000000000000e+00 0.000000000000e+00
1193 4.014413796134e-02 -1.000000000000e+00 0.000000000000e+00
1194 4.017781509050e-02 -1.000000000000e+00 0.000000000000e+00
1195 4.021149221966e-02 -1.000000000000e+00 0.000000000000e+00
1196 4.024516934883e-02 -1.000000000000e+00 0.000000000000e+00
1197 4.027884647799e-02 -1.000000000000e+00 0.000000000000e+00
1198 4.031252360715e-02 -1.000000000000e+00 0.000000000000e+00
1199 4.034620073631e-02 -1.000000000000e+00 0.000000000000e+00
1200 4.037987786547e-02 -1.000000000000e+00 0.000000000000e+00
1201 4.041355499464e-02 -1.000000000000e+00 0.000000000000e+00
1202 4.044723212380e-02 -1.000000000000e+00 0.000000000000e+00
1203 4.048090925296e-02 -1.000000000000e+00 0.000000000000e+00
1204 4.051458638212e-02 -1.000000000000e+00 0.000000000000e+00
1205 4.054826351129e-02 -1.000000000000e+00 0.000000000000e+00
1206 4.058194064045e-02 -1.000000000000e+00 0.000000000000e+00
1207 4.061561776961e-02 -1.000000000000e+00 0.000000000000e+00
1208 4.064929489877e-02 -1.000000000000e+00 0.000000000000e+00
1209 4.068297202793e-02 -1.000000000000e+00 0.000000000000e+00
1210 4.071664915710e-02 -1.000000000000e+00 0.000000000000e+00
1211 4.075032628626e-02 -1.000000000000e+00 0.000000000000e+00
1212 4.078400341542e-02 -1.000000000000e+00 0.000000000000e+00
1213 4.081768054458e-02 -1.000000000000e+00 0.000000000000e+00
1214 4.085135767375e-02 -1.000000000000e+00 0.000000000000e+00
1215 4.088503480291e-02 -1.000000000000e+00 0.000000000000e+00
1216 4.091871193207e-02 -1.000000000000e+00 0.000000000000e+00
1217 4.095238906123e-02 -1.000000000000e+00 0.000000000000e+00
1218 4.098606619039e-02 -1.000000000000e+00 0.000000000000e+00
1219 4.101974331956e-02 -1.000000000000e+00 0.000000000000e+00
1220 4.105342044872e-02 -1.000000000000e+00 0.000000000000e+00
1221 4.108709757788e-02 -1.000000000000e+00 0.000000000000e+00
1222 4.112077470704e-02 -1.000000000000e+00 0.000000000000e+00
1223 4.115445183621e-02 -1.000000000000e+00 0.000000000000e+00
1224 4.118812896537e-02 -1.000000000000e+00 0.000000000000e+00
1225 4.122180609453e-02 -1.000000000000e+00 0.000000000000e+00
1226 4.125548322369e-02 -1.000000000000e+00 0.000000000000e+00
1227 4.128916035285e-02 -1.000000000000e+00 0.000000000000e+00
1228 4.132283748202e-02 -1.000000000000e+00 0.000000000000e+00
1229 4.135651461118e-02 -1.000000000000e+00 0.000000000000e+00
1230 4.139019174034e-02 -1.000000000000e+00 0.000000000000e+00
1231 4.142386886950e-02 -1.000000000000e+00 0.000000000000e+00
1232 4.145754599867e-02 -1.000000000000e+00 0.000000000000e+00
1233 4.149122312783e-02 -1.000000000000e+00 0.000000000000e+00
1234 4.152490025699e-02 -1.000000000000e+00 0.000000000000e+00
1235 4.155857738615e-02 -1.000000000000e+00 0.000000000000e+00
1236 4.159225451531e-02 -1.000000000000e+00 0.000000000000e+00
1237 4.162593164448e-02 -1.000000000000e+00 0.000000000000e+00
1238 4.165960877364e-02 -1.000000000000e+00 0.000000000000e+00
1239 4.169328590280e-02 -1.000000000000e+00 0.000000000000e+00
1240 4.172696303196e-02 -1.000000000000e+00 0.000000000000e+00
1241 4.176064016112e-02 -1.000000000000e+00 0.000000000000e+00
1242 4.179431729029e-02 -1.000000000000e+00 0.000000000000e+00
1243 4.182799441945e-02 -1.000000000000e+00 0.000000000000e+00
1244 4.186167154861e-02 -1.000000000000e+00 0.000000000000e+00
1245 4.189534867777e-02 -1.000000000000e+00 0.000000000000e+00
1246 4.192902580694e-02 -1.000000000000e+00 0.000000000000e+00
1247 4.196270293610e-02 -1.000000000000e+00 0.000000000000e+00
1248 4.199638006526e-02 -1.000000000000e+00 0.000000000000e+00
1249 4.203005719442e-02 -1.000000000000e+00 0.000000000000e+00
1250 4.206373432358e-02 -1.000000000000e+00 0.000000000000e+00
1251 4.209741145275e-02 -1.000000000000e+00 0.000000000000e+00
1252 4.213108858191e-02 -1.000000000000e+00 0.000000000000e+00
1253 4.216476571107e-02 -1.000000000000e+00 0.000000000000e+00
1254 4.219844284023e-02 -1.000000000000e+00 0.000000000000e+00
1255 4.223211996940e-02 -1.000000000000e+00 0.000000000000e+00
1256 4.226579709856e-02 -1.000000000000e+00 0.000000000000e+00
1257 4.229947422772e-02 -1.000000000000e+00 0.000000000000e+00
1258 4.233315135688e-02 -1.000000000000e+00 0.000000000000e+00
1259 4.236682848604e-02 -1.000000000000e+00 0.000000000000e+00
1260 4.240050561521e-02 -1.000000000000e+00 0.000000000000e+00
1261 4.243418274437e-02 -1.000000000000e+00 0.000000000000e+00
1262 4.246785987353e-02 -1.000000000000e+00 0.000000000000e+00
1263 4.250153700269e-02 -1.000000000000e+00 0.000000000000e+00
1264 4.253521413186e-02 -1.000000000000e+00 0.000000000000e+00
1265 4.256889126102e-02 -1.000000000000e+00 0.000000000000e+00
1266 4.260256839018e-02 -1.000000000000e+00 0.000000000000e+00
1267 4.263624551934e-02 -1.000000000000e+00 0.000000000000e+00
1268 4.266992264850e-02 -1.000000000000e+00 0.000000000000e+00
1269 4.270359977767e-02 -1.000000000000e+00 0.000000000000e+00
1270 4.273727690683e-02 -1.000000000000e+00 0.000000000000e+00
1271 4.277095403599e-02 -1.000000000000e+00 0.000000000000e+00
1272 4.280463116515e-02 -1.000000000000e+00 0.000000000000e+00
1273 4.283830829432e-02 -1.000000000000e+00 0.000000000000e+00
1274 4.287198542348e-02 -1.000000000000e+00 0.000000000000e+00
1275 4.290566255264e-02 -1.000000000000e+00 0.000000000000e+00
1276 4.293933968180e-02 -1.000000000000e+00 0.000000000000e+00
1277 4.297301681096e-02 -1.000000000000e+00 0.000000000000e+00
1278 4.300669394013e-02 -1.000000000000e+00 0.000000000000e+00
1279 4.304037106929e-02 -1.000000000000e+00 0.000000000000e+00
1280 4.307404819845e-02 -1.000000000000e+00 0.000000000000e+00
1281 4.310772532761e-02 -1.000000000000e+00 0.000000000000e+00
1282 4.314140245677e-02 -1.000000000000e+00 0.000000000000e+00
1283 4.317507958594e-02 -1.000000000000e+00 0.000000000000e+00
1284 4.320875671510e-02 -1.000000000000e+00 0.000000000000e+00
1285 4.324243384426e-02 -1.000000000000e+00 0.000000000000e+00
1286 4.327611097342e-02 -1.000000000000e+00 0.000000000000e+00
1287 4.330978810259e-02 -1.000000000000e+00 0.000000000000e+00
1288 4.334346523175e-02 -1.000000000000e+00 0.000000000000e+00
1289 4.337714236091e-02 -1.000000000000e+00 0.000000000000e+00
1290 4.341081949007e-02 -1.000000000000e+00 0.000000000000e+00
1291 4.344449661923e-02 -1.000000000000e+00 0.000000000000e+00
1292 4.347817374840e-02 -1.000000000000e+00 0.000000000000e+00
1293 4.351185087756e-02 -1.000000000000e+00 0.000000000000e+00
1294 4.354552800672e-02 -1.000000000000e+00 0.000000000000e+00
1295 4.357920513588e-02 -1.000000000000e+00 0.000000000000e+00
1296 4.361288226505e-02 -1.000000000000e+00 0.000000000000e+00
1297 4.364655939421e-02 -1.000000000000e+00 0.000000000000e+00
1298 4.368023652337e-02 -1.000000000000e+00 0.000000000000e+00
1299 4.371391365253e-02 -1.000000000000e+00 0.000000000000e+00
1300 4.374759078169e-02 -1.000000000000e+00 0.000000000000e+00
1301 4.378126791086e-02 -1.000000000000e+00 0.000000000000e+00
1302 4.381494504002e-02 -1.000000000000e+00 0.000000000000e+00
1303 4.384862216918e-02 -1.000000000000e+00 0.000000000000e+00
1304 4.388229929834e-02 -1.000000000000e+00 0.000000000000e+00
1305 4.391597642751e-02 -1.000000000000e+00 0.000000000000e+00
1306 4.394965355667e-02 -1.000000000000e+00 0.000000000000e+00
1307 4.398333068583e-02 -1.000000000000e+00 0.000000000000e+00
1308 4.401700781499e-02 -1.000000000000e+00 0.000000000000e+00
1309 4.405068494415e-02 -1.000000000000e+00 0.000000000000e+00
1310 4.408436207332e-02 -1.000000000000e+00 0.000000000000e+00
1311 4.411803920248e-02 -1.000000000000e+00 0.000000000000e+00
1312 4.415171633164e-02 -1.000000000000e+00 0.000000000000e+00
1313 4.418539346080e-02 -1.000000000000e+00 0.000000000000e+00
1314 4.421907058997e-02 -1.000000000000e+00 0.000000000000e+00
1315 4.425274771913e-02 -1.000000000000e+00 0.000000000000e+00
1316 4.428642484829e-02 -1.000000000000e+00 0.000000000000e+00
1317 4.432010197745e-02 -1.000000000000e+00 0.000000000000e+00
1318 4.435377910661e-02 -1.000000000000e+00 0.000000000000e+00
1319 4.438745623578e-02 -1.000000000000e+00 0.000000000000e+00
1320 4.442113336494e-02 -1.000000000000e+00 0.000000000000e+00
1321 4.445481049410e-02 -1.000000000000e+00 0.000000000000e+00
1322 4.448848762326e-02 -1.000000000000e+00 0.000000000000e+00
1323 4.452216475242e-02 -1.000000000000e+00 0.000000000000e+00
1324 4.455584188159e-02 -1.000000000000e+00 0.000000000000e+00
1325 4.458951901075e-02 -1.000000000000e+00 0.000000000000e+00
1326 4.462319613991e-02 -1.000000000000e+00 0.000000000000e+00
1327 4.465687326907e-02 -1.000000000000e+00 0.000000000000e+00
1328 4.469055039824e-02 -1.000000000000e+00 0.000000000000e+00
1329 4.472422752740e-02 -1.000000000000e+00 0.000000000000e+00
1330 4.475790465656e-02 -1.000000000000e+00 0.000000000000e+00
1331 4.479158178572e-02 -1.000000000000e+00 0.000000000000e+00
1332 4.482525891488e-02 -1.000000000000e+00 0.000000000000e+00
1333 4.485893604405e-02 -1.000000000000e+00 0.000000000000e+00
1334 4.489261317321e-02 -1.000000000000e+00 0.000000000000e+00
1335 4.492629030237e-02 -1.000000000000e+00 0.000000000000e+00
1336 4.495996743153e-02 -1.000000000000e+00 0.000000000000e+00
1337 4.499364456070e-02 -1.000000000000e+00 0.000000000000e+00
1338 4.502732168986e-02 -1.000000000000e+00 0.000000000000e+00
1339 4.506099881902e-02 -1.000000000000e+00 0.000000000000e+00
1340 4.509467594818e-02 -1.000000000000e+00 0.000000000000e+00
1341 4.512835307734e-02 -1.000000000000e+00 0.000000000000e+00
1342 4.516203020651e-02 -1.000000000000e+00 0.000000000000e+00
1343 4.519570733567e-02 -1.000000000000e+00 0.000000000000e+00
1344 4.522938446483e-02 -1.000000000000e+00 0.000000000000e+00
1345 4.526306159399e-02 -1.000000000000e+00 0.000000000000e+00
1346 4.529673872316e-02 -1.000000000000e+00 0.000000000000e+00
1347 4.533041585232e-02 -1.000000000000e+00 0.000000000000e+00
1348 4.536409298148e-02 -1.000000000000e+00 0.000000000000e+00
1349 4.539777011064e-02 -1.000000000000e+00 0.000000000000e+00
1350 4.543144723980e-02 -1.000000000000e+00 0.000000000000e+00
1351 4.546512436897e-02 -1.000000000000e+00 0.000000000000e+00
1352 4.549880149813e-02 -1.000000000000e+00 0.000000000000e+00
1353 4.553247862729e-02 -1.000000000000e+00 0.000000000000e+00
1354 4.556615575645e-02 -1.000000000000e+00 0.000000000000e+00
1355 4.559983288562e-02 -1.000000000000e+00 0.000000000000e+00
1356 4.563351001478e-02 -1.000000000000e+00 0.000000000000e+00
1357 4.566718714394e-02 -1.000000000000e+00 0.000000000000e+00
1358 4.570086427310e-02 -1.000000000000e+00 0.000000000000e+00
1359 4.573454140226e-02 -1.000000000000e+00 0.000000000000e+00
1360 4.576821853143e-02 -1.000000000000e+00 0.000000000000e+00
1361 4.580189566059e-02 -1.000000000000e+00 0.000000000000e+00
1362 4.583557278975e-02 -1.000000000000e+00 0.000000000000e+00
1363 4.586924991891e-02 -1.000000000000e+00 0.000000000000e+00
1364 4.590292704808e-02 -1.000000000000e+00 0.000000000000e+00
1365 4.593660417724e-02 -1.000000000000e+00 0.000000000000e+00
1366 4.597028130640e-02 -1.000000000000e+00 0.000000000000e+00
1367 4.600395843556e-02 -1.000000000000e+00 0.000000000000e+00
1368 4.603763556472e-02 -1.000000000000e+00 0.000000000000e+00
1369 4.607131269389e-02 -1.000000000000e+00 0.000000000000e+00
1370 4.610498982305e-02 -1.000000000000e+00 0.000000000000e+00
1371 4.613866695221e-02 -1.000000000000e+00 0.000000000000e+00
1372 4.617234408137e-02 -1.000000000000e+00 0.000000000000e+00
1373 4.620602121053e-02 -1.000000000000e+00 0.000000000000e+00
1374 4.623969833970e-02 -1.000000000000e+00 0.000000000000e+00
1375 4.627337546886e-02 -1.000000000000e+00 0.000000000000e+00
1376 4.630705259802e-02 -1.000000000000e+00 0.000000000000e+00
1377 4.634072972718e-02 -1.000000000000e+00 0.000000000000e+00
1378 4.637440685635e-02 -1.000000000000e+00 0.000000000000e+00
1379 4.640808398551e-02 -1.000000000000e+00 0.000000000000e+00
1380 4.644176111467e-02 -1.000000000000e+00 0.000000000000e+00
1381 4.647543824383e-02 -1.000000000000e+00 0.000000000000e+00
1382 4.650911537299e-02 -1.000000000000e+00 0.000000000000e+00
1383 4.654279250216e-02 -1.000000000000e+00 0.000000000000e+00
1384 4.657646963132e-02 -1.000000000000e+00 0.000000000000e+00
1385 4.661014676048e-02 -1.000000000000e+00 0.000000000000e+00
1386 4.664382388964e-02 -1.000000000000e+00 0.000000000000e+00
1387 4.667750101881e-02 -1.000000000000e+00 0.000000000000e+00
1388 4.671117814797e-02 -1.000000000000e+00 0.000000000000e+00
1389 4.674485527713e-02 -1.000000000000e+00 0.000000000000e+00
1390 4.677853240629e-02 -1.000000000000e+00 0.000000000000e+00
1391 4.681220953545e-02 -1.000000000000e+00 0.000000000000e+00
1392 4.684588666462e-02 -1.000000000000e+00 0.000000000000e+00
1393 4.687956379378e-02 -1.000000000000e+00 0.000000000000e+00
1394 4.691324092294e-02 -1.000000000000e+00 0.000000000000e+00
1395 4.694691805210e-02 -1.000000000000e+00 0.000000000000e+00
1396 4.698059518127e-02 -1.000000000000e+00 0.000000000000e+00
1397 4.701427231043e-02 -1.000000000000e+00 0.000000000000e+00
1398 4.704794943959e-02 -1.000000000000e+00 0.000000000000e+00
1399 4.708162656875e-02 -1.000000000000e+00 0.000000000000e+00
1400 4.711530369791e-02 -1.000000000000e+00 0.000000000000e+00
1401 4.714898082708e-02 -1.000000000000e+00 0.000000000000e+00
1402 4.718265795624e-02 -1.000000000000e+00 0.000000000000e+00
1403 4.721633508540e-02 -1.000000000000e+00 0.000000000000e+00
1404 4.725001221456e-02 -1.000000000000e+00 0.000000000000e+00
1405 4.728368934373e-02 -1.000000000000e+00 0.000000000000e+00
1406 4.731736647289e-02 -1.000000000000e+00 0.000000000000e+00
1407 4.735104360205e-02 -1.000000000000e+00 0.000000000000e+00
1408 4.738472073121e-02 -1.000000000000e+00 0.000000000000e+00
1409 4.741839786037e-02 -1.000000000000e+00 0.000000000000e+00
1410 4.745207498954e-02 -1.000000000000e+00 0.000000000000e+00
1411 4.748575211870e-02 -1.000000000000e+00 0.000000000000e+00
1412 4.751942924786e-02 -1.000000000000e+00 0.000000000000e+00
1413 4.755310637702e-02 -1.000000000000e+00 0.000000000000e+00
1414 4.758678350618e-02 -1.000000000000e+00 0.000000000000e+00
1415 4.762046063535e-02 -1.000000000000e+00 0.000000000000e+00
1416 4.765413776451e-02 -1.000000000000e+00 0.000000000000e+00
1417 4.768781489367e-02 -1.000000000000e+00 0.000000000000e+00
1418 4.772149202283e-02 -1.000000000000e+00 0.000000000000e+00
1419 4.775516915200e-02 -1.000000000000e+00 0.000000000000e+00
1420 4.778884628116e-02 -1.000000000000e+00 0.000000000000e+00
1421 4.782252341032e-02 -1.000000000000e+00 0.000000000000e+00
1422 4.785620053948e-02 -1.000000000000e+00 0.000000000000e+00
1423 4.788987766864e-02 -1.000000000000e+00 0.000000000000e+00
1424 4.792355479781e-02 -1.000000000000e+00 0.000000000000e+00
1425 4.795723192697e-02 -1.000000000000e+00 0.000000000000e+00
1426 4.799090905613e-02 -1.000000000000e+00 0.000000000000e+00
1427 4.802458618529e-02 -1.000000000000e+00 0.000000000000e+00
1428 4.805826331446e-02 -1.000000000000e+00 0.000000000000e+00
1429 4.809194044362e-02 -1.000000000000e+00 0.000000000000e+00
1430 4.812561757278e-02 -1.000000000000e+00 0.000000000000e+00
1431 4.815929470194e-02 -1.000000000000e+00 0.000000000000e+00
1432 4.819297183110e-02 -1.000000000000e+00 0.000000000000e+00
1433 4.822664896027e-02 -1.000000000000e+00 0.000000000000e+00
1434 4.826032608943e-02 -1.000000000000e+00 0.000000000000e+00
1435 4.829400321859e-02 -1.000000000000e+00 0.000000000000e+00
1436 4.832768034775e-02 -1.000000000000e+00 0.000000000000e+00
1437 4.836135747692e-02 -1.000000000000e+00 0.000000000000e+00
1438 4.839503460608e-02 -1.000000000000e+00 0.000000000000e+00
1439 4.842871173524e-02 -1.000000000000e+00 0.000000000000e+00
1440 4.846238886440e-02 -1.000000000000e+00 0.000000000000e+00
1441 4.849606599356e-02 -1.000000000000e+00 0.000000000000e+00
1442 4.852974312273e-02 -1.000000000000e+00 0.000000000000e+00
1443 4.856342025189e-02 -1.000000000000e+00 0.000000000000e+00
1444 4.859709738105e-02 -1.000000000000e+00 0.000000000000e+00
1445 4.863077451021e-02 -1.000000000000e+00 0.000000000000e+00
1446 4.866445163938e-02 -1.000000000000e+00 0.000000000000e+00
1447 4.869812876854e-02 -1.000000000000e+00 0.000000000000e+00
1448 4.873180589770e-02 -1.000000000000e+00 0.000000000000e+00
1449 4.876548302686e-02 -1.000000000000e+00 0.000000000000e+00
1450 4.879916015602e-02 -1.000000000000e+00 0.000000000000e+00
1451 4.883283728519e-02 -1.000000000000e+00 0.000000000000e+00
1452 4.886651441435e-02 -1.000000000000e+00 0.000000000000e+00
1453 4.890019154351e-02 -1.000000000000e+00 0.000000000000e+00
1454 4.893386867267e-02 -1.000000000000e+00 0.000000000000e+00
1455 4.896754580184e-02 -1.000000000000e+00 0.000000000000e+00
1456 4.900122293100e-02 -1.000000000000e+00 0.000000000000e+00
1457 4.903490006016e-02 -1.000000000000e+00 0.000000000000e+00
1458 4.906857718932e-02 -1.000000000000e+00 0.000000000000e+00
1459 4.910225431848e-02 -1.000000000000e+00 0.000000000000e+00
1460 4.913593144765e-02 -1.000000000000e+00 0.000000000000e+00
1461 4.916960857681e-02 -1.000000000000e+00 0.000000000000e+00
1462 4.920328570597e-02 -1.000000000000e+00 0.000000000000e+00
1463 4.923696283513e-02 -1.000000000000e+00 0.000000000000e+00
1464 4.927063996429e-02 -1.000000000000e+00 0.000000000000e+00
1465 4.930431709346e-02 -1.000000000000e+00 0.000000000000e+00
1466 4.933799422262e-02 -1.000000000000e+00 0.000000000000e+00
1467 4.937167135178e-02 -1.000000000000e+00 0.000000000000e+00
1468 4.940534848094e-02 -1.000000000000e+00 0.000000000000e+00
1469 4.943902561011e-02 -1.000000000000e+00 0.000000000000e+00
1470 4.947270273927e-02 -1.000000000000e+00 0.000000000000e+00
1471 4.950637986843e-02 -1.000000000000e+00 0.000000000000e+00
1472 4.954005699759e-02 -1.000000000000e+00 0.000000000000e+00
1473 4.957373412675e-02 -1.000000000000e+00 0.000000000000e+00
1474 4.960741125592e-02 -1.000000000000e+00 0.000000000000e+00
1475 4.964108838508e-02 -1.000000000000e+00 0.000000000000e+00
1476 4.967476551424e-02 -1.000000000000e+00 0.000000000000e+00
1477 4.970844264340e-02 -1.000000000000e+00 0.000000000000e+00
1478 4.974211977257e-02 -1.000000000000e+00 0.000000000000e+00
1479 4.977579690173e-02 -1.000000000000e+00 0.000000000000e+00
1480 4.980947403089e-02 -1.000000000000e+00 0.000000000000e+00
1481 4.984315116005e-02 -1.000000000000e+00 0.000000000000e+00
1482 4.987682828921e-02 -1.000000000000e+00 0.000000000000e+00
1483 4.991050541838e-02 -1.000000000000e+00 0.000000000000e+00
1484 4.994418254754e-02 -1.000000000000e+00 0.000000000000e+00
1485 4.997785967670e-02 -1.000000000000e+00 0.000000000000e+00
1486 5.001153680586e-02 -1.000000000000e+00 0.000000000000e+00
1487 5.004521393503e-02 -1.000000000000e+00 0.000000000000e+00
1488 5.007889106419e-02 -1.000000000000e+00 0.000000000000e+00
1489 5.011256819335e-02 -1.000000000000e+00 0.000000000000e+00
1490 5.014624532251e-02 -1.000000000000e+00 0.000000000000e+00
1491 5.017992245167e-02 -1.000000000000e+00 0.000000000000e+00
1492 5.021359958084e-02 -1.000000000000e+00 0.000000000000e+00
1493 5.024727671000e-02 -1.000000000000e+00 0.000000000000e+00
1494 5.028095383916e-02 -1.000000000000e+00 0.000000000000e+00
1495 5.031463096832e-02 -1.000000000000e+00 0.000000000000e+00
1496 5.034830809749e-02 -1.000000000000e+00 0.000000000000e+00
1497 5.038198522665e-02 -1.000000000000e+00 0.000000000000e+00
1498 5.041566235581e-02 -1.000000000000e+00 0.000000000000e+00
1499 5.044933948497e-02 -1.000000000000e+00 0.000000000000e+00
1500 5.048301661413e-02 -1.000000000000e+00 0.000000000000e+00
1501 5.051669374330e-02 -1.000000000000e+00 0.000000000000e+00
1502 5.055037087246e-02 -1.000000000000e+00 0.000000000000e+00
1503 5.058404800162e-02 -1.000000000000e+00 0.000000000000e+00
1504 5.061772513078e-02 -1.000000000000e+00 0.000000000000e+00
1505 5.065140225994e-02 -1.000000000000e+00 0.000000000000e+00
1506 5.068507938911e-02 -1.000000000000e+00 0.000000000000e+00
1507 5.071875651827e-02 -1.000000000000e+00 0.000000000000e+00
1508 5.075243364743e-02 -1.000000000000e+00 0.000000000000e+00
1509 5.078611077659e-02 -1.000000000000e+00 0.000000000000e+00
1510 5.081978790576e-02 -1.000000000000e+00 0.000000000000e+00
1511 5.085346503492e-02 -1.000000000000e+00 0.000000000000e+00
1512 5.088714216408e-02 -1.000000000000e+00 0.000000000000e+00
1513 5.092081929324e-02 -1.000000000000e+00 0.000000000000e+00
1514 5.095449642240e-02 -1.000000000000e+00 0.000000000000e+00
1515 5.098817355157e-02 -1.000000000000e+00 0.000000000000e+00
1516 5.102185068073e-02 -1.000000000000e+00 0.000000000000e+00
1517 5.105552780989e-02 -1.000000000000e+00 0.000000000000e+00
1518 5.108920493905e-02 -1.000000000000e+00 0.000000000000e+00
1519 5.112288206822e-02 -1.000000000000e+00 0.000000000000e+00
1520 5.115655919738e-02 -1.000000000000e+00 0.000000000000e+00
1521 5.119023632654e-02 -1.000000000000e+00 0.000000000000e+00
1522 5.122391345570e-02 -1.000000000000e+00 0.000000000000e+00
1523 5.125759058486e-02 -1.000000000000e+00 0.000000000000e+00
1524 5.129126771403e-02 -1.000000000000e+00 0.000000000000e+00
1525 5.132494484319e-02 -1.000000000000e+00 0.000000000000e+00
1526 5.135862197235e-02 -1.000000000000e+00 0.000000000000e+00
1527 5.139229910151e-02 -1.000000000000e+00 0.000000000000e+00
1528 5.142597623068e-02 -1.000000000000e+00 0.000000000000e+00
1529 5.145965335984e-02 -1.000000000000e+00 0.000000000000e+00
1530 5.149333048900e-02 -1.000000000000e+00 0.000000000000e+00
1531 5.152700761816e-02 -1.000000000000e+00 0.000000000000e+00
1532 5.156068474732e-02 -1.000000000000e+00 0.000000000000e+00
1533 5.159436187649e-02 -1.000000000000e+00 0.000000000000e+00
1534 5.162803900565e-02 -1.000000000000e+00 0.000000000000e+00
1535 5.166171613481e-02 -1.000000000000e+00 0.000000000000e+00
1536 5.169539326397e-02 -1.000000000000e+00 0.000000000000e+00
1537 5.172907039314e-02 -1.000000000000e+00 0.000000000000e+00
1538 5.176274752230e-02 -1.000000000000e+00 0.000000000000e+00
1539 5.179642465146e-02 -1.000000000000e+00 0.000000000000e+00
1540 5.183010178062e-02 -1.000000000000e+00 0.000000000000e+00
1541 5.186377890978e-02 -1.000000000000e+00 0.000000000000e+00
1542 5.189745603895e-02 -1.000000000000e+00 0.000000000000e+00
1543 5.193113316811e-02 -1.000000000000e+00 0.000000000000e+00
1544 5.196481029727e-02 -1.000000000000e+00 0.000000000000e+00
1545 5.199848742643e-02 -1.000000000000e+00 0.000000000000e+00
1546 5.203216455560e-02 -1.000000000000e+00 0.000000000000e+00
1547 5.206584168476e-02 -1.000000000000e+00 0.000000000000e+00
1548 5.209951881392e-02 -1.000000000000e+00 0.000000000000e+00
1549 5.213319594308e-02 -1.000000000000e+00 0.000000000000e+00
1550 5.216687307224e-02 -1.000000000000e+00 0.000000000000e+00
1551 5.220055020141e-02 -1.000000000000e+00 0.000000000000e+00
1552 5.223422733057e-02 -1.000000000000e+00 0.000000000000e+00
1553 5.226790445973e-02 -1.000000000000e+00 0.000000000000e+00
1554 5.230158158889e-02 -1.000000000000e+00 0.000000000000e+00
1555 5.233525871805e-02 -1.000000000000e+00 0.000000000000e+00
1556 5.236893584722e-02 -1.000000000000e+00 0.000000000000e+00
1557 5.240261297638e-02 -1.000000000000e+00 0.000000000000e+00
1558 5.243629010554e-02 -1.000000000000e+00 0.000000000000e+00
1559 5.246996723470e-02 -1.000000000000e+00 0.000000000000e+00
1560 5.250364436387e-02 -1.000000000000e+00 0.000000000000e+00
1561 5.253732149303e-02 -1.000000000000e+00 0.000000000000e+00
1562 5.257099862219e-02 -1.000000000000e+00 0.000000000000e+00
1563 5.260467575135e-02 -1.000000000000e+00 0.000000000000e+00
1564 5.263835288051e-02 -1.000000000000e+00 0.000000000000e+00
1565 5.267203000968e-02 -1.000000000000e+00 0.000000000000e+00
1566 5.270570713884e-02 -1.000000000000e+00 0.000000000000e+00
1567 5.273938426800e-02 -1.000000000000e+00 0.000000000000e+00
1568 5.277306139716e-02 -1.000000000000e+00 0.000000000000e+00
1569 5.280673852633e-02 -1.000000000000e+00 0.000000000000e+00
1570 5.284041565549e-02 -1.000000000000e+00 0.000000000000e+00
1571 5.287409278465e-02 -1.000000000000e+00 0.000000000000e+00
1572 5.290776991381e-02 -1.000000000000e+00 0.000000000000e+00
1573 5.294144704297e-02 -1.000000000000e+00 0.000000000000e+00
1574 5.297512417214e-02 -1.000000000000e+00 0.000000000000e+00
1575 5.300880130130e-02 -1.000000000000e+00 0.000000000000e+00
1576 5.304247843046e-02 -1.000000000000e+00 0.000000000000e+00
1577 5.307615555962e-02 -1.000000000000e+00 0.000000000000e+00
1578 5.310983268879e-02 -1.000000000000e+00 0.000000000000e+00
1579 5.314350981795e-02 -1.000000000000e+00 0.000000000000e+00
1580 5.317718694711e-02 -1.000000000000e+00 0.000000000000e+00
1581 5.321086407627e-02 -1.000000000000e+00 0.000000000000e+00
1582 5.324454120543e-02 -1.000000000000e+00 0.000000000000e+00
1583 5.327821833460e-02 -1.000000000000e+00 0.000000000000e+00
1584 5.331189546376e-02 -1.000000000000e+00 0.000000000000e+00
1585 5.334557259292e-02 -1.000000000000e+00 0.000000000000e+00
1586 5.337924972208e-02 -1.000000000000e+00 0.000000000000e+00
1587 5.341292685125e-02 -1.000000000000e+00 0.000000000000e+00
1588 5.344660398041e-02 -1.000000000000e+00 0.000000000000e+00
1589 5.348028110957e-02 -1.000000000000e+00 0.000000000000e+00
1590 5.351395823873e-02 -1.000000000000e+00 0.000000000000e+00
1591 5.354763536789e-02 -1.000000000000e+00 0.000000000000e+00
1592 5.358131249706e-02 -1.000000000000e+00 0.000000000000e+00
1593 5.361498962622e-02 -1.000000000000e+00 0.000000000000e+00
1594 5.364866675538e-02 -1.000000000000e+00 0.000000000000e+00
1595 5.368234388454e-02 -1.000000000000e+00 0.000000000000e+00
1596 5.371602101370e-02 -1.000000000000e+00 0.000000000000e+00
1597 5.374969814287e-02 -1.000000000000e+00 0.000000000000e+00
1598 5.378337527203e-02 -1.000000000000e+00 0.000000000000e+00
1599 5.381705240119e-02 -1.000000000000e+00 0.000000000000e+00
1600 5.385072953035e-02 -1.000000000000e+00 0.000000000000e+00
1601 5.388440665952e-02 -1.000000000000e+00 0.000000000000e+00
1602 5.391808378868e-02 -1.000000000000e+00 0.000000000000e+00
1603 5.395176091784e-02 -1.000000000000e+00 0.000000000000e+00
1604 5.398543804700e-02 -1.000000000000e+00 0.000000000000e+00
1605 5.401911517616e-02 -1.000000000000e+00 0.000000000000e+00
1606 5.405279230533e-02 -1.000000000000e+00 0.000000000000e+00
1607 5.408646943449e-02 -1.000000000000e+00 0.000000000000e+00
1608 5.412014656365e-02 -1.000000000000e+00 0.000000000000e+00
1609 5.415382369281e-02 -1.000000000000e+00 0.000000000000e+00
1610 5.418750082198e-02 -1.000000000000e+00 0.000000000000e+00
1611 5.422117795114e-02 -1.000000000000e+00 0.000000000000e+00
1612 5.425485508030e-02 -1.000000000000e+00 0.000000000000e+00
1613 5.428853220946e-02 -1.000000000000e+00 0.000000000000e+00
1614 5.432220933862e-02 -1.000000000000e+00 0.000000000000e+00
1615 5.435588646779e-02 -1.000000000000e+00 0.000000000000e+00
1616 5.438956359695e-02 -1.000000000000e+00 0.000000000000e+00
1617 5.442324072611e-02 -1.000000000000e+00 0.000000000000e+00
1618 5.445691785527e-02 -1.000000000000e+00 0.000000000000e+00
1619 5.449059498444e-02 -1.000000000000e+00 0.000000000000e+00
1620 5.452427211360e-02 -1.000000000000e+00 0.000000000000e+00
1621 5.455794924276e-02 -1.000000000000e+00 0.000000000000e+00
1622 5.459162637192e-02 -1.000000000000e+00 0.000000000000e+00
1623 5.462530350108e-02 -1.000000000000e+00 0.000000000000e+00
1624 5.465898063025e-02 -1.000000000000e+00 0.000000000000e+00
1625 5.469265775941e-02 -1.000000000000e+00 0.000000000000e+00
1626 5.472633488857e-02 -1.000000000000e+00 0.000000000000e+00
1627 5.476001201773e-02 -1.000000000000e+00 0.000000000000e+00
1628 5.479368914690e-02 -1.000000000000e+00 0.000000000000e+00
1629 5.482736627606e-02 -1.000000000000e+00 0.000000000000e+00
1630 5.486104340522e-02 -1.000000000000e+00 0.000000000000e+00
1631 5.489472053438e-02 -1.000000000000e+00 0.000000000000e+00
1632 5.492839766354e-02 -1.000000000000e+00 0.000000000000e+00
1633 5.496207479271e-02 -1.000000000000e+00 0.000000000000e+00
1634 5.499575192187e-02 -1.000000000000e+00 0.000000000000e+00
1635 5.502942905103e-02 -1.000000000000e+00 0.000000000000e+00
1636 5.506310618019e-02 -1.000000000000e+00 0.000000000000e+00
1637 5.509678330935e-02 -1.000000000000e+00 0.000000000000e+00
1638 5.513046043852e-02 -1.000000000000e+00 0.000000000000e+00
1639 5.516413756768e-02 -1.000000000000e+00 0.000000000000e+00
1640 5.519781469684e-02 -1.000000000000e+00 0.000000000000e+00
1641 5.523149182600e-02 -1.000000000000e+00 0.000000000000e+00
1642 5.526516895517e-02 -1.000000000000e+00 0.000000000000e+00
1643 5.529884608433e-02 -1.000000000000e+00 0.000000000000e+00
1644 5.533252321349e-02 -1.000000000000e+00 0.000000000000e+00
1645 5.536620034265e-02 -1.000000000000e+00 0.000000000000e+00
1646 5.539987747181e-02 -1.000000000000e+00 0.000000000000e+00
1647 5.543355460098e-02 -1.000000000000e+00 0.000000000000e+00
1648 5.546723173014e-02 -1.000000000000e+00 0.000000000000e+00
1649 5.550090885930e-02 -1.000000000000e+00 0.000000000000e+00
1650 5.553458598846e-02 -1.000000000000e+00 0.000000000000e+00
1651 5.556826311763e-02 -1.000000000000e+00 0.000000000000e+00
1652 5.560194024679e-02 -1.000000000000e+00 0.000000000000e+00
1653 5.563561737595e-02 -1.000000000000e+00 0.000000000000e+00
1654 5.566929450511e-02 -1.000000000000e+00 0.000000000000e+00
1655 5.570297163427e-02 -1.000000000000e+00 0.000000000000e+00
1656 5.573664876344e-02 -1.000000000000e+00 0.000000000000e+00
1657 5.577032589260e-02 -1.000000000000e+00 0.000000000000e+00
1658 5.580400302176e-02 -1.000000000000e+00 0.000000000000e+00
1659 5.583768015092e-02 -1.000000000000e+00 0.000000000000e+00
1660 5.587135728009e-02 -1.000000000000e+00 0.000000000000e+00
1661 5.590503440925e-02 -1.000000000000e+00 0.000000000000e+00
1662 5.593871153841e-02 -1.000000000000e+00 0.000000000000e+00
1663 5.597238866757e-02 -1.000000000000e+00 0.000000000000e+00
1664 5.600606579673e-02 -1.000000000000e+00 0.000000000000e+00
1665 5.603974292590e-02 -1.000000000000e+00 0.000000000000e+00
1666 5.607342005506e-02 -1.000000000000e+00 0.000000000000e+00
1667 5.610709718422e-02 -1.000000000000e+00 0.000000000000e+00
1668 5.614077431338e-02 -1.000000000000e+00 0.000000000000e+00
1669 5.617445144255e-02 -1.000000000000e+00 0.000000000000e+00
1670 5.620812857171e-02 -1.000000000000e+00 0.000000000000e+00
1671 5.624180570087e-02 -1.000000000000e+00 0.000000000000e+00
1672 5.627548283003e-02 -1.000000000000e+00 0.000000000000e+00
1673 5.630915995919e-02 -1.000000000000e+00 0.000000000000e+00
1674 5.634283708836e-02 -1.000000000000e+00 0.000000000000e+00
1675 5.637651421752e-02 -1.000000000000e+00 0.000000000000e+00
1676 5.641019134668e-02 -1.000000000000e+00 0.000000000000e+00
1677 5.644386847584e-02 -1.000000000000e+00 0.000000000000e+00
1678 5.647754560501e-02 -1.000000000000e+00 0.000000000000e+00
1679 5.651122273417e-02 -1.000000000000e+00 0.000000000000e+00
1680 5.654489986333e-02 -1.000000000000e+00 0.000000000000e+00
1681 5.657857699249e-02 -1.000000000000e+00 0.000000000000e+00
1682 5.661225412165e-02 -1.000000000000e+00 0.000000000000e+00
1683 5.664593125082e-02 -1.000000000000e+00 0.000000000000e+00
1684 5.667960837998e-02 -1.000000000000e+00 0.000000000000e+00
1685 5.671328550914e-02 -1.000000000000e+00 0.000000000000e+00
1686 5.674696263830e-02 -1.000000000000e+00 0.000000000000e+00
1687 5.678063976746e-02 -1.000000000000e+00 0.000000000000e+00
1688 5.681431689663e-02 -1.000000000000e+00 0.000000000000e+00
1689 5.684799402579e-02 -1.000000000000e+00 0.000000000000e+00
1690 5.688167115495e-02 -1.000000000000e+00 0.000000000000e+00
1691 5.691534828411e-02 -1.000000000000e+00 0.000000000000e+00
1692 5.694902541328e-02 -1.000000000000e+00 0.000000000000e+00
1693 5.698270254244e-02 -1.000000000000e+00 0.000000000000e+00
1694 5.701637967160e-02 -1.000000000000e+00 0.000000000000e+00
1695 5.705005680076e-02 -1.000000000000e+00 0.000000000000e+00
1696 5.708373392992e-02 -1.000000000000e+00 0.000000000000e+00
1697 5.711741105909e-02 -1.000000000000e+00 0.000000000000e+00
1698 5.715108818825e-02 -1.000000000000e+00 0.000000000000e+00
1699 5.718476531741e-02 -1.000000000000e+00 0.000000000000e+00
1700 5.721844244657e-02 -1.000000000000e+00 0.000000000000e+00
1701 5.725211957574e-02 -1.000000000000e+00 0.000000000000e+00
1702 5.728579670490e-02 -1.000000000000e+00 0.000000000000e+00
1703 5.731947383406e-02 -1.000000000000e+00 0.000000000000e+00
1704 5.735315096322e-02 -1.000000000000e+00 0.000000000000e+00
1705 5.738682809238e-02 -1.000000000000e+00 0.000000000000e+00
1706 5.742050522155e-02 -1.000000000000e+00 0.000000000000e+00
1707 5.745418235071e-02 -1.000000000000e+00 0.000000000000e+00
1708 5.748785947987e-02 -1.000000000000e+00 0.000000000000e+00
1709 5.752153660903e-02 -1.000000000000e+00 0.000000000000e+00
1710 5.755521373820e-02 -1.000000000000e+00 0.000000000000e+00
1711 5.758889086736e-02 -1.000000000000e+00 0.000000000000e+00
1712 5.762256799652e-02 -1.000000000000e+00 0.000000000000e+00
1713 5.765624512568e-02 -1.000000000000e+00 0.000000000000e+00
1714 5.768992225484e-02 -1.000000000000e+00 0.000000000000e+00
1715 5.772359938401e-02 -1.000000000000e+00 0.000000000000e+00
1716 5.775727651317e-02 -1.000000000000e+00 0.000000000000e+00
1717 5.779095364233e-02 -1.000000000000e+00 0.000000000000e+00
1718 5.782463077149e-02 -1.000000000000e+00 0.000000000000e+00
1719 5.785830790066e-02 -1.000000000000e+00 0.000000000000e+00
1720 5.789198502982e-02 -1.000000000000e+00 0.000000000000e+00
1721 5.792566215898e-02 -1.000000000000e+00 0.000000000000e+00
1722 5.795933928814e-02 -1.000000000000e+00 0.000000000000e+00
1723 5.799301641730e-02 -1.000000000000e+00 0.000000000000e+00
1724 5.802669354647e-02 -1.000000000000e+00 0.000000000000e+00
1725 5.806037067563e-02 -1.000000000000e+00 0.000000000000e+00
1726 5.809404780479e-02 -1.000000000000e+00 0.000000000000e+00
1727 5.812772493395e-02 -1.000000000000e+00 0.000000000000e+00
1728 5.816140206311e-02 -1.000000000000e+00 0.000000000000e+00
1729 5.819507919228e-02 -1.000000000000e+00 0.000000000000e+00
1730 5.822875632144e-02 -1.000000000000e+00 0.000000000000e+00
1731 5.826243345060e-02 -1.000000000000e+00 0.000000000000e+00
1732 5.829611057976e-02 -1.000000000000e+00 0.000000000000e+00
1733 5.832978770893e-02 -1.000000000000e+00 0.000000000000e+00
1734 5.836346483809e-02 -1.000000000000e+00 0.000000000000e+00
1735 5.839714196725e-02 -1.000000000000e+00 0.000000000000e+00
1736 5.843081909641e-02 -1.000000000000e+00 0.000000000000e+00
1737 5.846449622557e-02 -1.000000000000e+00 0.000000000000e+00
1738 5.849817335474e-02 -1.000000000000e+00 0.000000000000e+00
1739 5.853185048390e-02 -1.000000000000e+00 0.000000000000e+00
1740 5.856552761306e-02 -1.000000000000e+00 0.000000000000e+00
1741 5.859920474222e-02 -1.000000000000e+00 0.000000000000e+00
1742 5.863288187139e-02 -1.000000000000e+00 0.000000000000e+00
1743 5.866655900055e-02 -1.000000000000e+00 0.000000000000e+00
1744 5.870023612971e-02 -1.000000000000e+00 0.000000000000e+00
1745 5.873391325887e-02 -1.000000000000e+00 0.000000000000e+00
1746 5.876759038803e-02 -1.000000000000e+00 0.000000000000e+00
1747 5.880126751720e-02 -1.000000000000e+00 0.000000000000e+00
1748 5.883494464636e-02 -1.000000000000e+00 0.000000000000e+00
1749 5.886862177552e-02 -1.000000000000e+00 0.000000000000e+00
1750 5.890229890468e-02 -1.000000000000e+00 0.000000000000e+00
1751 5.893597603385e-02 -1.000000000000e+00 0.000000000000e+00
1752 5.896965316301e-02 -1.000000000000e+00 0.000000000000e+00
1753 5.900333029217e-02 -1.000000000000e+00 0.000000000000e+00
1754 5.903700742133e-02 -1.000000000000e+00 0.000000000000e+00
1755 5.907068455049e-02 -1.000000000000e+00 0.000000000000e+00
1756 5.910436167966e-02 -1.000000000000e+00 0.000000000000e+00
1757 5.913803880882e-02 -1.000000000000e+00 0.000000000000e+00
1758 5.917171593798e-02 -1.000000000000e+00 0.000000000000e+00
1759 5.920539306714e-02 -1.000000000000e+00 0.000000000000e+00
1760 5.923907019631e-02 -1.000000000000e+00 0.000000000000e+00
1761 5.927274732547e-02 -1.000000000000e+00 0.000000000000e+00
1762 5.930642445463e-02 -1.000000000000e+00 0.000000000000e+00
1763 5.934010158379e-02 -1.000000000000e+00 0.000000000000e+00
1764 5.937377871295e-02 -1.000000000000e+00 0.000000000000e+00
1765 5.940745584212e-02 -1.000000000000e+00 0.000000000000e+00
1766 5.944113297128e-02 -1.000000000000e+00 0.000000000000e+00
1767 5.947481010044e-02 -1.000000000000e+00 0.000000000000e+00
1768 5.950848722960e-02 -1.000000000000e+00 0.000000000000e+00
1769 5.954216435877e-02 -1.000000000000e+00 0.000000000000e+00
1770 5.957584148793e-02 -1.000000000000e+00 0.000000000000e+00
1771 5.960951861709e-02 -1.000000000000e+00 0.000000000000e+00
1772 5.964319574625e-02 -1.000000000000e+00 0.000000000000e+00
1773 5.967687287541e-02 -1.000000000000e+00 0.000000000000e+00
1774 5.971055000458e-02 -1.000000000000e+00 0.000000000000e+00
1775 5.974422713374e-02 -1.000000000000e+00 0.000000000000e+00
1776 5.977790426290e-02 -1.000000000000e+00 0.000000000000e+00
1777 5.981158139206e-02 -1.000000000000e+00 0.000000000000e+00
1778 5.984525852122e-02 -1.000000000000e+00 0.000000000000e+00
1779 5.987893565039e-02 -1.000000000000e+00 0.000000000000e+00
1780 5.991261277955e-02 -1.000000000000e+00 0.000000000000e+00
1781 5.994628990871e-02 -1.000000000000e+00 0.000000000000e+00
1782 5.997996703787e-02 -1.000000000000e+00 0.000000000000e+00
1783 6.001364416704e-02 -1.000000000000e+00 0.000000000000e+00
1784 6.004732129620e-02 -1.000000000000e+00 0.000000000000e+00
1785 6.008099842536e-02 -1.000000000000e+00 0.000000000000e+00
1786 6.011467555452e-02 -1.000000000000e+00 0.000000000000e+00
1787 6.014835268368e-02 -1.000000000000e+00 0.000000000000e+00
1788 6.018202981285e-02 -1.000000000000e+00 0.000000000000e+00
1789 6.021570694201e-02 -1.000000000000e+00 0.000000000000e+00
1790 6.024938407117e-02 -1.000000000000e+00 0.000000000000e+00
1791 6.028306120033e-02 -1.000000000000e+00 0.000000000000e+00
1792 6.031673832950e-02 -1.000000000000e+00 0.000000000000e+00
1793 6.035041545866e-02 -1.000000000000e+00 0.000000000000e+00
1794 6.038409258782e-02 -1.000000000000e+00 0.000000000000e+00
1795 6.041776971698e-02 -1.000000000000e+00 0.000000000000e+00
1796 6.045144684614e-02 -1.000000000000e+00 0.000000000000e+00
1797 6.048512397531e-02 -1.000000000000e+00 0.000000000000e+00
1798 6.051880110447e-02 -1.000000000000e+00 0.000000000000e+00
1799 6.055247823363e-02 -1.000000000000e+00 0.000000000000e+00
1800 6.058615536279e-02 -1.000000000000e+00 0.000000000000e+00
1801 6.061983249196e-02 -1.000000000000e+00 0.000000000000e+00
1802 6.065350962112e-02 -1.000000000000e+00 0.000000000000e+00
1803 6.068718675028e-02 -1.000000000000e+00 0.000000000000e+00
1804 6.072086387944e-02 -1.000000000000e+00 0.000000000000e+00
1805 6.075454100860e-02 -1.000000000000e+00 0.000000000000e+00
1806 6.078821813777e-02 -1.000000000000e+00 0.000000000000e+00
1807 6.082189526693e-02 -1.000000000000e+00 0.000000000000e+00
1808 6.085557239609e-02 -1.000000000000e+00 0.000000000000e+00
1809 6.088924952525e-02 -1.000000000000e+00 0.000000000000e+00
1810 6.092292665442e-02 -1.000000000000e+00 0.000000000000e+00
1811 6.095660378358e-02 -1.000000000000e+00 0.000000000000e+00
1812 6.099028091274e-02 -1.000000000000e+00 0.000000000000e+00
1813 6.102395804190e-02 -1.000000000000e+00 0.000000000000e+00
1814 6.105763517106e-02 -1.000000000000e+00 0.000000000000e+00
1815 6.109131230023e-02 -1.000000000000e+00 0.000000000000e+00
1816 6.112498942939e-02 -1.000000000000e+00 0.000000000000e+00
1817 6.115866655855e-02 -1.000000000000e+00 0.000000000000e+00
1818 6.119234368771e-02 -1.000000000000e+00 0.000000000000e+00
1819 6.122602081687e-02 -1.000000000000e+00 0.000000000000e+00
1820 6.125969794604e-02 -1.000000000000e+00 0.000000000000e+00
1821 6.129337507520e-02 -1.000000000000e+00 0.000000000000e+00
1822 6.132705220436e-02 -1.000000000000e+00 0.000000000000e+00
1823 6.136072933352e-02 -1.000000000000e+00 0.000000000000e+00
1824 6.139440646269e-02 -1.000000000000e+00 0.000000000000e+00
1825 6.142808359185e-02 -1.000000000000e+00 0.000000000000e+00
1826 6.146176072101e-02 -1.000000000000e+00 0.000000000000e+00
1827 6.149543785017e-02 -1.000000000000e+00 0.000000000000e+00
1828 6.152911497933e-02 -1.000000000000e+00 0.000000000000e+00
1829 6.156279210850e-02 -1.000000000000e+00 0.000000000000e+00
1830 6.159646923766e-02 -1.000000000000e+00 0.000000000000e+00
1831 6.163014636682e-02 -1.000000000000e+00 0.000000000000e+00
1832 6.166382349598e-02 -1.000000000000e+00 0.000000000000e+00
1833 6.169750062515e-02 -1.000000000000e+00 0.000000000000e+00
1834 6.173117775431e-02 -1.000000000000e+00 0.000000000000e+00
1835 6.176485488347e-02 -1.000000000000e+00 0.000000000000e+00
1836 6.179853201263e-02 -1.000000000000e+00 0.000000000000e+00
1837 6.183220914179e-02 -1.000000000000e+00 0.000000000000e+00
1838 6.186588627096e-02 -1.000000000000e+00 0.000000000000e+00
1839 6.189956340012e-02 -1.000000000000e+00 0.000000000000e+00
1840 6.193324052928e-02 -1.000000000000e+00 0.000000000000e+00
1841 6.196691765844e-02 -1.000000000000e+00 0.000000000000e+00
1842 6.200059478761e-02 -1.000000000000e+00 0.000000000000e+00
1843 6.203427191677e-02 -1.000000000000e+00 0.000000000000e+00
1844 6.206794904593e-02 -1.000000000000e+00 0.000000000000e+00
1845 6.210162617509e-02 -1.000000000000e+00 0.000000000000e+00
1846 6.213530330425e-02 -1.000000000000e+00 0.000000000000e+00
1847 6.216898043342e-02 -1.000000000000e+00 0.000000000000e+00
1848 6.220265756258e-02 -1.000000000000e+00 0.000000000000e+00
1849 6.223633469174e-02 -1.000000000000e+00 0.000000000000e+00
1850 6.227001182090e-02 -1.000000000000e+00 0.000000000000e+00
1851 6.230368895007e-02 -1.000000000000e+00 0.000000000000e+00
1852 6.233736607923e-02 -1.000000000000e+00 0.000000000000e+00
1853 6.237104320839e-02 -1.000000000000e+00 0.000000000000e+00
1854 6.240472033755e-02 -1.000000000000e+00 0.000000000000e+00
1855 6.243839746671e-02 -1.000000000000e+00 0.000000000000e+00
1856 6.247207459588e-02 -1.000000000000e+00 0.000000000000e+00
1857 6.250575172504e-02 -1.000000000000e+00 0.000000000000e+00
1858 6.253942885420e-02 -1.000000000000e+00 0.000000000000e+00
1859 6.257310598336e-02 -1.000000000000e+00 0.000000000000e+00
1860 6.260678311252e-02 -1.000000000000e+00 0.000000000000e+00
1861 6.264046024169e-02 -1.000000000000e+00 0.000000000000e+00
1862 6.267413737085e-02 -1.000000000000e+00 0.000000000000e+00
1863 6.270781450001e-02 -1.000000000000e+00 0.000000000000e+00
1864 6.274149162917e-02 -1.000000000000e+00 0.000000000000e+00
1865 6.277516875834e-02 -1.000000000000e+00 0.000000000000e+00
1866 6.280884588750e-02 -1.000000000000e+00 0.000000000000e+00
1867 6.284252301666e-02 -1.000000000000e+00 0.000000000000e+00
1868 6.287620014582e-02 -1.000000000000e+00 0.000000000000e+00
1869 6.290987727498e-02 -1.000000000000e+00 0.000000000000e+00
1870 6.294355440415e-02 -1.000000000000e+00 0.000000000000e+00
1871 6.297723153331e-02 -1.000000000000e+00 0.000000000000e+00
1872 6.301090866247e-02 -1.000000000000e+00 0.000000000000e+00
1873 6.304458579163e-02 -1.000000000000e+00 0.000000000000e+00
1874 6.307826292080e-02 -1.000000000000e+00 0.000000000000e+00
1875 6.311194004996e-02 -1.000000000000e+00 0.000000000000e+00
1876 6.314561717912e-02 -1.000000000000e+00 0.000000000000e+00
1877 6.317929430828e-02 -1.000000000000e+00 0.000000000000e+00
1878 6.321297143744e-02 -1.000000000000e+00 0.000000000000e+00
1879 6.324664856661e-02 -1.000000000000e+00 0.000000000000e+00
1880 6.328032569577e-02 -1.000000000000e+00 0.000000000000e+00
1881 6.331400282493e-02 -1.000000000000e+00 0.000000000000e+00
1882 6.334767995409e-02 -1.000000000000e+00 0.000000000000e+00
1883 6.338135708326e-02 -1.000000000000e+00 0.000000000000e+00
1884 6.341503421242e-02 -1.000000000000e+00 0.000000000000e+00
1885 6.344871134158e-02 -1.000000000000e+00 0.000000000000e+00
1886 6.348238847074e-02 -1.000000000000e+00 0.000000000000e+00
1887 6.351606559990e-02 -1.000000000000e+00 0.000000000000e+00
1888 6.354974272907e-02 -1.000000000000e+00 0.000000000000e+00
1889 6.358341985823e-02 -1.000000000000e+00 0.000000000000e+00
1890 6.361709698739e-02 -1.000000000000e+00 0.000000000000e+00
1891 6.365077411655e-02 -1.000000000000e+00 0.000000000000e+00
1892 6.368445124572e-02 -1.000000000000e+00 0.000000000000e+00
1893 6.371812837488e-02 -1.000000000000e+00 0.000000000000e+00
1894 6.375180550404e-02 -1.000000000000e+00 0.000000000000e+00
1895 6.378548263320e-02 -1.000000000000e+00 0.000000000000e+00
1896 6.381915976236e-02 -1.000000000000e+00 0.000000000000e+00
1897 6.385283689153e-02 -1.000000000000e+00 0.000000000000e+00
1898 6.388651402069e-02 -1.000000000000e+00 0.000000000000e+00
1899 6.392019114985e-02 -1.000000000000e+00 0.000000000000e+00
1900 6.395386827901e-02 -1.000000000000e+00 0.000000000000e+00
1901 6.398754540818e-02 -1.000000000000e+00 0.000000000000e+00
1902 6.402122253734e-02 -1.000000000000e+00 0.000000000000e+00
1903 6.405489966650e-02 -1.000000000000e+00 0.000000000000e+00
1904 6.408857679566e-02 -1.000000000000e+00 0.000000000000e+00
1905 6.412225392482e-02 -1.000000000000e+00 0.000000000000e+00
1906 6.415593105399e-02 -1.000000000000e+00 0.000000000000e+00
1907 6.418960818315e-02 -1.000000000000e+00 0.000000000000e+00
1908 6.422328531231e-02 -1.000000000000e+00 0.000000000000e+00
1909 6.425696244147e-02 -1.000000000000e+00 0.000000000000e+00
1910 6.429063957063e-02 -1.000000000000e+00 0.000000000000e+00
1911 6.432431669980e-02 -1.000000000000e+00 0.000000000000e+00
1912 6.435799382896e-02 -1.000000000000e+00 0.000000000000e+00
1913 6.439167095812e-02 -1.000000000000e+00 0.000000000000e+00
1914 6.442534808728e-02 -1.000000000000e+00 0.000000000000e+00
1915 6.445902521645e-02 -1.000000000000e+00 0.000000000000e+00
1916 6.449270234561e-02 -1.000000000000e+00 0.000000000000e+00
1917 6.452637947477e-02 -1.000000000000e+00 0.000000000000e+00
1918 6.456005660393e-02 -1.000000000000e+00 0.000000000000e+00
1919 6.459373373309e-02 -1.000000000000e+00 0.000000000000e+00
1920 6.462741086226e-02 -1.000000000000e+00 0.000000000000e+00
1921 6.466108799142e-02 -1.000000000000e+00 0.000000000000e+00
1922 6.469476512058e-02 -1.000000000000e+00 0.000000000000e+00
1923 6.472844224974e-02 -1.000000000000e+00 0.000000000000e+00
1924 6.476211937891e-02 -1.000000000000e+00 0.000000000000e+00
1925 6.479579650807e-02 -1.000000000000e+00 0.000000000000e+00
1926 6.482947363723e-02 -1.000000000000e+00 0.000000000000e+00
1927 6.486315076639e-02 -1.000000000000e+00 0.000000000000e+00
1928 6.489682789555e-02 -1.000000000000e+00 0.000000000000e+00
1929 6.493050502472e-02 -1.000000000000e+00 0.000000000000e+00
1930 6.496418215388e-02 -1.000000000000e+00 0.000000000000e+00
1931 6.499785928304e-02 -1.000000000000e+00 0.000000000000e+00
1932 6.503153641220e-02 -1.000000000000e+00 0.000000000000e+00
1933 6.506521354137e-02 -1.000000000000e+00 0.000000000000e+00
1934 6.509889067053e-02 -1.000000000000e+00 0.000000000000e+00
1935 6.513256779969e-02 -1.000000000000e+00 0.000000000000e+00
1936 6.516624492885e-02 -1.000000000000e+00 0.000000000000e+00
1937 6.519992205801e-02 -1.000000000000e+00 0.000000000000e+00
1938 6.523359918718e-02 -1.000000000000e+00 0.000000000000e+00
1939 6.526727631634e-02 -1.000000000000e+00 0.000000000000e+00
1940 6.530095344550e-02 -1.000000000000e+00 0.000000000000e+00
1941 6.533463057466e-02 -1.000000000000e+00 0.000000000000e+00
1942 6.536830770383e-02 -1.000000000000e+00 0.000000000000e+00
1943 6.540198483299e-02 -1.000000000000e+00 0.000000000000e+00
1944 6.543566196215e-02 -1.000000000000e+00 0.000000000000e+00
1945 6.546933909131e-02 -1.000000000000e+00 0.000000000000e+00
1946 6.550301622047e-02 -1.000000000000e+00 0.000000000000e+00
1947 6.553669334964e-02 -1.000000000000e+00 0.000000000000e+00
1948 6.557037047880e-02 -1.000000000000e+00 0.000000000000e+00
1949 6.560404760796e-02 -1.000000000000e+00 0.000000000000e+00
1950 6.563772473712e-02 -1.000000000000e+00 0.000000000000e+00
1951 6.567140186628e-02 -1.000000000000e+00 0.000000000000e+00
1952 6.570507899545e-02 -1.000000000000e+00 0.000000000000e+00
1953 6.573875612461e-02 -1.000000000000e+00 0.000000000000e+00
1954 6.577243325377e-02 -1.000000000000e+00 0.000000000000e+00
1955 6.580611038293e-02 -1.000000000000e+00 0.000000000000e+00
1956 6.583978751210e-02 -1.000000000000e+00 0.000000000000e+00
1957 6.587346464126e-02 -1.000000000000e+00 0.000000000000e+00
1958 6.590714177042e-02 -1.000000000000e+00 0.000000000000e+00
1959 6.594081889958e-02 -1.000000000000e+00 0.000000000000e+00
1960 6.597449602874e-02 -1.000000000000e+00 0.000000000000e+00
1961 6.600817315791e-02 -1.000000000000e+00 0.000000000000e+00
1962 6.604185028707e-02 -1.000000000000e+00 0.000000000000e+00
1963 6.607552741623e-02 -1.000000000000e+00 0.000000000000e+00
1964 6.610920454539e-02 -1.000000000000e+00 0.000000000000e+00
1965 6.614288167456e-02 -1.000000000000e+00 0.000000000000e+00
1966 6.617655880372e-02 -1.000000000000e+00 0.000000000000e+00
1967 6.621023593288e-02 -1.000000000000e+00 0.000000000000e+00
1968 6.624391306204e-02 -1.000000000000e+00 0.000000000000e+00
1969 6.627759019120e-02 -1.000000000000e+00 0.000000000000e+00
1970 6.631126732037e-02 -1.000000000000e+00 0.000000000000e+00
1971 6.634494444953e-02 -1.000000000000e+00 0.000000000000e+00
1972 6.637862157869e-02 -1.000000000000e+00 0.000000000000e+00
1973 6.641229870785e-02 -1.000000000000e+00 0.000000000000e+00
1974 6.644597583702e-02 -1.000000000000e+00 0.000000000000e+00
1975 6.647965296618e-02 -1.000000000000e+00 0.000000000000e+00
1976 6.651333009534e-02 -1.000000000000e+00 0.000000000000e+00
1977 6.654700722450e-02 -1.000000000000e+00 0.000000000000e+00
1978 6.658068435366e-02 -1.000000000000e+00 0.000000000000e+00
1979 6.661436148283e-02 -1.000000000000e+00 0.000000000000e+00
1980 6.664803861199e-02 -1.000000000000e+00 0.000000000000e+00
1981 6.668171574115e-02 -1.000000000000e+00 0.000000000000e+00
1982 6.671539287031e-02 -1.000000000000e+00 0.000000000000e+00
1983 6.674906999948e-02 -1.000000000000e+00 0.000000000000e+00
1984 6.678274712864e-02 -1.000000000000e+00 0.000000000000e+00
1985 6.681642425780e-02 -1.000000000000e+00 0.000000000000e+00
1986 6.685010138696e-02 -1.000000000000e+00 0.000000000000e+00
1987 6.688377851612e-02 -1.000000000000e+00 0.000000000000e+00
1988 6.691745564529e-02 -1.000000000000e+00 0.000000000000e+00
1989 6.695113277445e-02 -1.000000000000e+00 0.000000000000e+00
1990 6.698480990361e-02 -1.000000000000e+00 0.000000000000e+00
1991 6.701848703277e-02 -1.000000000000e+00 0.000000000000e+00
1992 6.705216416194e-02 -1.000000000000e+00 0.000000000000e+00
1993 6.708584129110e-02 -1.000000000000e+00 0.000000000000e+00
1994 6.711951842026e-02 -1.000000000000e+00 0.000000000000e+00
1995 6.715319554942e-02 -1.000000000000e+00 0.000000000000e+00
1996 6.718687267858e-02 -1.000000000000e+00 0.000000000000e+00
1997 6.722054980775e-02 -1.000000000000e+00 0.000000000000e+00
1998 6.725422693691e-02 -1.000000000000e+00 0.000000000000e+00
1999 6.728790406607e-02 -1.000000000000e+00 0.000000000000e+00
2000 6.732158119523e-02 -1.000000000000e+00 0.000000000000e+00
2001 6.735525832439e-02 -1.000000000000e+00 0.000000000000e+00
2002 6.738893545356e-02 -1.000000000000e+00 0.000000000000e+00
2003 6.742261258272e-02 -1.000000000000e+00 0.000000000000e+00
2004 6.745628971188e-02 -1.000000000000e+00 0.000000000000e+00
2005 6.748996684104e-02 -1.000000000000e+00 0.000000000000e+00
2006 6.752364397021e-02 -1.000000000000e+00 0.000000000000e+00
2007 6.755732109937e-02 -1.000000000000e+00 0.000000000000e+00
2008 6.759099822853e-02 -1.000000000000e+00 0.000000000000e+00
2009 6.762467535769e-02 -1.000000000000e+00 0.000000000000e+00
2010 6.765835248685e-02 -1.000000000000e+00 0.000000000000e+00
2011 6.769202961602e-02 -1.000000000000e+00 0.000000000000e+00
2012 6.772570674518e-02 -1.000000000000e+00 0.000000000000e+00
2013 6.775938387434e-02 -1.000000000000e+00 0.000000000000e+00
2014 6.779306100350e-02 -1.000000000000e+00 0.000000000000e+00
2015 6.782673813267e-02 -1.000000000000e+00 0.000000000000e+00
2016 6.786041526183e-02 -1.000000000000e+00 0.000000000000e+00
2017 6.789409239099e-02 -1.000000000000e+00 0.000000000000e+00
2018 6.792776952015e-02 -1.000000000000e+00 0.000000000000e+00
2019 6.796144664931e-02 -1.000000000000e+00 0.000000000000e+00
2020 6.799512377848e-02 -1.000000000000e+00 0.000000000000e+00
2021 6.802880090764e-02 -1.000000000000e+00 0.000000000000e+00
2022 6.806247803680e-02 -1.000000000000e+00 0.000000000000e+00
2023 6.809615516596e-02 -1.000000000000e+00 0.000000000000e+00
2024 6.812983229513e-02 -1.000000000000e+00 0.000000000000e+00
2025 6.816350942429e-02 -1.000000000000e+00 0.000000000000e+00
2026 6.819718655345e-02 -1.000000000000e+00 0.000000000000e+00
2027 6.823086368261e-02 -1.000000000000e+00 0.000000000000e+00
2028 6.826454081177e-02 -1.000000000000e+00 0.000000000000e+00
2029 6.829821794094e-02 -1.000000000000e+00 0.000000000000e+00
2030 6.833189507010e-02 -1.000000000000e+00 0.000000000000e+00
2031 6.836557219926e-02 -1.000000000000e+00 0.000000000000e+00
2032 6.839924932842e-02 -1.000000000000e+00 0.000000000000e+00
2033 6.843292645759e-02 -1.000000000000e+00 0.000000000000e+00
2034 6.846660358675e-02 -1.000000000000e+00 0.000000000000e+00
2035 6.850028071591e-02 -1.000000000000e+00 0.000000000000e+00
2036 6.853395784507e-02 -1.000000000000e+00 0.000000000000e+00
2037 6.856763497423e-02 -1.000000000000e+00 0.000000000000e+00
2038 6.860131210340e-02 -1.000000000000e+00 0.000000000000e+00
2039 6.863498923256e-02 -1.000000000000e+00 0.000000000000e+00
2040 6.866866636172e-02 -1.000000000000e+00 0.000000000000e+00
2041 6.870234349088e-02 -1.000000000000e+00 0.000000000000e+00
2042 6.873602062004e-02 -1.000000000000e+00 0.000000000000e+00
2043 6.876969774921e-02 -1.000000000000e+00 0.000000000000e+00
2044 6.880337487837e-02 -1.000000000000e+00 0.000000000000e+00
2045 6.883705200753e-02 -1.000000000000e+00 0.000000000000e+00
2046 6.887072913669e-02 -1.000000000000e+00 0.000000000000e+00
2047 6.890440626586e-02 -1.000000000000e+00 0.000000000000e+00
2048 6.893808339502e-02 -1.000000000000e+00 0.000000000000e+00
2049 6.897176052418e-02 -1.000000000000e+00 0.000000000000e+00
2050 6.900543765334e-02 -1.000000000000e+00 0.000000000000e+00
2051 6.903911478250e-02 -1.000000000000e+00 0.000000000000e+00
2052 6.907279191167e-02 -1.000000000000e+00 0.000000000000e+00
2053 6.910646904083e-02 -1.000000000000e+00 0.000000000000e+00
2054 6.914014616999e-02 -1.000000000000e+00 0.000000000000e+00
2055 6.917382329915e-02 -1.000000000000e+00 0.000000000000e+00
2056 6.920750042832e-02 -1.000000000000e+00 0.000000000000e+00
2057 6.924117755748e-02 -1.000000000000e+00 0.000000000000e+00
2058 6.927485468664e-02 -1.000000000000e+00 0.000000000000e+00
2059 6.930853181580e-02 -1.000000000000e+00 0.000000000000e+00
2060 6.934220894496e-02 -1.000000000000e+00 0.000000000000e+00
2061 6.937588607413e-02 -1.000000000000e+00 0.000000000000e+00
2062 6.940956320329e-02 -1.000000000000e+00 0.000000000000e+00
2063 6.944324033245e-02 -1.000000000000e+00 0.000000000000e+00
2064 6.947691746161e-02 -1.000000000000e+00 0.000000000000e+00
2065 6.951059459078e-02 -1.000000000000e+00 0.000000000000e+00
2066 6.954427171994e-02 -1.000000000000e+00 0.000000000000e+00
2067 6.957794884910e-02 -1.000000000000e+00 0.000000000000e+00
2068 6.961162597826e-02 -1.000000000000e+00 0.000000000000e+00
2069 6.964530310742e-02 -1.000000000000e+00 0.000000000000e+00
2070 6.967898023659e-02 -1.000000000000e+00 0.000000000000e+00
2071 6.971265736575e-02 -1.000000000000e+00 0.000000000000e+00
2072 6.974633449491e-02 -1.000000000000e+00 0.000000000000e+00
2073 6.978001162407e-02 -1.000000000000e+00 0.000000000000e+00
2074 6.981368875324e-02 -1.000000000000e+00 0.000000000000e+00
2075 6.984736588240e-02 -1.000000000000e+00 0.000000000000e+00
2076 6.988104301156e-02 -1.000000000000e+00 0.000000000000e+00
2077 6.991472014072e-02 -1.000000000000e+00 0.000000000000e+00
2078 6.994839726988e-02 -1.000000000000e+00 0.000000000000e+00
2079 6.998207439905e-02 -1.000000000000e+00 0.000000000000e+00
2080 7.001575152821e-02 -1.000000000000e+00 0.000000000000e+00
2081 7.004942865737e-02 -1.000000000000e+00 0.000000000000e+00
2082 7.008310578653e-02 -1.000000000000e+00 0.000000000000e+00
2083 7.011678291570e-02 -1.000000000000e+00 0.000000000000e+00
2084 7.015046004486e-02 -1.000000000000e+00 0.000000000000e+00
2085 7.018413717402e-02 -1.000000000000e+00 0.000000000000e+00
2086 7.021781430318e-02 -1.000000000000e+00 0.000000000000e+00
2087 7.025149143234e-02 -1.000000000000e+00 0.000000000000e+00
2088 7.028516856151e-02 -1.000000000000e+00 0.000000000000e+00
2089 7.031884569067e-02 -1.000000000000e+00 0.000000000000e+00
2090 7.035252281983e-02 -1.000000000000e+00 0.000000000000e+00
2091 7.038619994899e-02 -1.000000000000e+00 0.000000000000e+00
2092 7.041987707815e-02 -1.000000000000e+00 0.000000000000e+00
2093 7.045355420732e-02 -1.000000000000e+00 0.000000000000e+00
2094 7.048723133648e-02 -1.000000000000e+00 0.000000000000e+00
2095 7.052090846564e-02 -1.000000000000e+00 0.000000000000e+00
2096 7.055458559480e-02 -1.000000000000e+00 0.000000000000e+00
2097 7.058826272397e-02 -1.000000000000e+00 0.000000000000e+00
2098 7.062193985313e-02 -1.000000000000e+00 0.000000000000e+00
2099 7.065561698229e-02 -1.000000000000e+00 0.000000000000e+00
2100 7.068929411145e-02 -1.000000000000e+00 0.000000000000e+00
2101 7.072297124061e-02 -1.000000000000e+00 0.000000000000e+00
2102 7.075664836978e-02 -1.000000000000e+00 0.000000000000e+00
2103 7.079032549894e-02 -1.000000000000e+00 0.000000000000e+00
2104 7.082400262810e-02 -1.000000000000e+00 0.000000000000e+00
2105 7.085767975726e-02 -1.000000000000e+00 0.000000000000e+00
2106 7.089135688643e-02 -1.000000000000e+00 0.000000000000e+00
2107 7.092503401559e-02 -1.000000000000e+00 0.000000000000e+00
2108 7.095871114475e-02 -1.000000000000e+00 0.000000000000e+00
2109 7.099238827391e-02 -1.000000000000e+00 0.000000000000e+00
2110 7.102606540307e-02 -1.000000000000e+00 0.000000000000e+00
2111 7.105974253224e-02 -1.000000000000e+00 0.000000000000e+00
2112 7.109341966140e-02 -1.000000000000e+00 0.000000000000e+00
2113 7.112709679056e-02 -1.000000000000e+00 0.000000000000e+00
2114 7.116077391972e-02 -1.000000000000e+00 0.000000000000e+00
2115 7.119445104889e-02 -1.000000000000e+00 0.000000000000e+00
2116 7.122812817805e-02 -1.000000000000e+00 0.000000000000e+00
2117 7.126180530721e-02 -1.000000000000e+00 0.000000000000e+00
2118 7.129548243637e-02 -1.000000000000e+00 0.000000000000e+00
2119 7.132915956553e-02 -1.000000000000e+00 0.000000000000e+00
2120 7.136283669470e-02 -1.000000000000e+00 0.000000000000e+00
2121 7.139651382386e-02 -1.000000000000e+00 0.000000000000e+00
2122 7.143019095302e-02 -1.000000000000e+00 0.000000000000e+00
2123 7.146386808218e-02 -1.000000000000e+00 0.000000000000e+00
2124 7.149754521135e-02 -1.000000000000e+00 0.000000000000e+00
2125 7.153122234051e-02 -1.000000000000e+00 0.000000000000e+00
2126 7.156489946967e-02 -1.000000000000e+00 0.000000000000e+00
2127 7.159857659883e-02 -1.000000000000e+00 0.000000000000e+00
2128 7.163225372799e-02 -1.000000000000e+00 0.000000000000e+00
2129 7.166593085716e-02 -1.000000000000e+00 0.000000000000e+00
2130 7.169960798632e-02 -1.000000000000e+00 0.000000000000e+00
2131 7.173328511548e-02 -1.000000000000e+00 0.000000000000e+00
2132 7.176696224464e-02 -1.000000000000e+00 0.000000000000e+00
2133 7.180063937380e-02 -1.000000000000e+00 0.000000000000e+00
2134 7.183431650297e-02 -1.000000000000e+00 0.000000000000e+00
2135 7.186799363213e-02 -1.000000000000e+00 0.000000000000e+00
2136 7.190167076129e-02 -1.000000000000e+00 0.000000000000e+00
2137 7.193534789045e-02 -1.000000000000e+00 0.000000000000e+00
2138 7.196902501962e-02 -1.000000000000e+00 0.000000000000e+00
2139 7.200270214878e-02 -1.000000000000e+00 0.000000000000e+00
2140 7.203637927794e-02 -1.000000000000e+00 0.000000000000e+00
2141 7.207005640710e-02 -1.000000000000e+00 0.000000000000e+00
2142 7.210373353626e-02 -1.000000000000e+00 0.000000000000e+00
2143 7.213741066543e-02 -1.000000000000e+00 0.000000000000e+00
2144 7.217108779459e-02 -1.000000000000e+00 0.000000000000e+00
2145 7.220476492375e-02 -1.000000000000e+00 0.000000000000e+00
2146 7.223844205291e-02 -1.000000000000e+00 0.000000000000e+00
2147 7.227211918208e-02 -1.000000000000e+00 0.000000000000e+00
2148 7.230579631124e-02 -1.000000000000e+00 0.000000000000e+00
2149 7.233947344040e-02 -1.000000000000e+00 0.000000000000e+00
2150 7.237315056956e-02 -1.000000000000e+00 0.000000000000e+00
2151 7.240682769872e-02 -1.000000000000e+00 0.000000000000e+00
2152 7.244050482789e-02 -1.000000000000e+00 0.000000000000e+00
2153 7.247418195705e-02 -1.000000000000e+00 0.000000000000e+00
2154 7.250785908621e-02 -1.000000000000e+00 0.000000000000e+00
2155 7.254153621537e-02 -1.000000000000e+00 0.000000000000e+00
2156 7.257521334454e-02 -1.000000000000e+00 0.000000000000e+00
2157 7.260889047370e-02 -1.000000000000e+00 0.000000000000e+00
2158 7.264256760286e-02 -1.000000000000e+00 0.000000000000e+00
2159 7.267624473202e-02 -1.000000000000e+00 0.000000000000e+00
2160 7.270992186118e-02 -1.000000000000e+00 0.000000000000e+00
2161 7.274359899035e-02 -1.000000000000e+00 0.000000000000e+00
2162 7.277727611951e-02 -1.000000000000e+00 0.000000000000e+00
2163 7.281095324867e-02 -1.000000000000e+00 0.000000000000e+00
2164 7.284463037783e-02 -1.000000000000e+00 0.000000000000e+00
2165 7.287830750700e-02 -1.000000000000e+00 0.000000000000e+00
2166 7.291198463616e-02 -1.000000000000e+00 0.000000000000e+00
2167 7.294566176532e-02 -1.000000000000e+00 0.000000000000e+00
2168 7.297933889448e-02 -1.000000000000e+00 0.000000000000e+00
2169 7.301301602364e-02 -1.000000000000e+00 0.000000000000e+00
2170 7.304669315281e-02 -1.000000000000e+00 0.000000000000e+00
2171 7.308037028197e-02 -1.000000000000e+00 0.000000000000e+00
2172 7.311404741113e-02 -1.000000000000e+00 0.000000000000e+00
2173 7.314772454029e-02 -1.000000000000e+00 0.000000000000e+00
2174 7.318140166945e-02 -1.000000000000e+00 0.000000000000e+00
2175 7.321507879862e-02 -1.000000000000e+00 0.000000000000e+00
2176 7.324875592778e-02 -1.000000000000e+00 0.000000000000e+00
2177 7.328243305694e-02 -1.000000000000e+00 0.000000000000e+00
2178 7.331611018610e-02 -1.000000000000e+00 0.000000000000e+00
2179 7.334978731527e-02 -1.000000000000e+00 0.000000000000e+00
2180 7.338346444443e-02 -1.000000000000e+00 0.000000000000e+00
2181 7.341714157359e-02 -1.000000000000e+00 0.000000000000e+00
2182 7.345081870275e-02 -1.000000000000e+00 0.000000000000e+00
2183 7.348449583191e-02 -1.000000000000e+00 0.000000000000e+00
2184 7.351817296108e-02 -1.000000000000e+00 0.000000000000e+00
2185 7.355185009024e-02 -1.000000000000e+00 0.000000000000e+00
2186 7.358552721940e-02 -1.000000000000e+00 0.000000000000e+00
2187 7.361920434856e-02 -1.000000000000e+00 0.000000000000e+00
2188 7.365288147773e-02 -1.000000000000e+00 0.000000000000e+00
2189 7.368655860689e-02 -1.000000000000e+00 0.000000000000e+00
2190 7.372023573605e-02 -1.000000000000e+00 0.000000000000e+00
2191 7.375391286521e-02 -1.000000000000e+00 0.000000000000e+00
2192 7.378758999437e-02 -1.000000000000e+00 0.000000000000e+00
2193 7.382126712354e-02 -1.000000000000e+00 0.000000000000e+00
2194 7.385494425270e-02 -1.000000000000e+00 0.000000000000e+00
2195 7.388862138186e-02 -1.000000000000e+00 0.000000000000e+00
2196 7.392229851102e-02 -1.000000000000e+00 0.000000000000e+00
2197 7.395597564019e-02 -1.000000000000e+00 0.000000000000e+00
2198 7.398965276935e-02 -1.000000000000e+00 0.000000000000e+00
2199 7.402332989851e-02 -1.000000000000e+00 0.000000000000e+00
2200 7.405700702767e-02 -1.000000000000e+00 0.000000000000e+00
2201 7.409068415683e-02 -1.000000000000e+00 0.000000000000e+00
2202 7.412436128600e-02 -1.000000000000e+00 0.000000000000e+00
2203 7.415803841516e-02 -1.000000000000e+00 0.000000000000e+00
2204 7.419171554432e-02 -1.000000000000e+00 0.000000000000e+00
2205 7.422539267348e-02 -1.000000000000e+00 0.000000000000e+00
2206 7.425906980265e-02 -1.000000000000e+00 0.000000000000e+00
2207 7.429274693181e-02 -1.000000000000e+00 0.000000000000e+00
2208 7.432642406097e-02 -1.000000000000e+00 0.000000000000e+00
2209 7.436010119013e-02 -1.000000000000e+00 0.000000000000e+00
2210 7.439377831929e-02 -1.000000000000e+00 0.000000000000e+00
2211 7.442745544846e-02 -1.000000000000e+00 0.000000000000e+00
2212 7.446113257762e-02 -1.000000000000e+00 0.000000000000e+00
2213 7.449480970678e-02 -1.000000000000e+00 0.000000000000e+00
2214 7.452848683594e-02 -1.000000000000e+00 0.000000000000e+00
2215 7.456216396511e-02 -1.000000000000e+00 0.000000000000e+00
2216 7.459584109427e-02 -1.000000000000e+00 0.000000000000e+00
2217 7.462951822343e-02 -1.000000000000e+00 0.000000000000e+00
2218 7.466319535259e-02 -1.000000000000e+00 0.000000000000e+00
2219 7.469687248175e-02 -1.000000000000e+00 0.000000000000e+00
2220 7.473054961092e-02 -1.000000000000e+00 0.000000000000e+00
2221 7.476422674008e-02 -1.000000000000e+00 0.000000000000e+00
2222 7.479790386924e-02 -1.000000000000e+00 0.000000000000e+00
2223 7.483158099840e-02 -1.000000000000e+00 0.000000000000e+00
2224 7.486525812756e-02 -1.000000000000e+00 0.000000000000e+00
2225 7.489893525673e-02 -1.000000000000e+00 0.000000000000e+00
2226 7.493261238589e-02 -1.000000000000e+00 0.000000000000e+00
2227 7.496628951505e-02 -1.000000000000e+00 0.000000000000e+00
2228 7.499996664421e-02 -1.000000000000e+00 0.000000000000e+00
2229 7.503364377338e-02 -1.000000000000e+00 0.000000000000e+00
2230 7.506732090254e-02 -1.000000000000e+00 0.000000000000e+00
2231 7.510099803170e-02 -1.000000000000e+00 0.000000000000e+00
2232 7.513467516086e-02 -1.000000000000e+00 0.000000000000e+00
2233 7.516835229002e-02 -1.000000000000e+00 0.000000000000e+00
2234 7.520202941919e-02 -1.000000000000e+00 0.000000000000e+00
2235 7.523570654835e-02 -1.000000000000e+00 0.000000000000e+00
2236 7.526938367751e-02 -1.000000000000e+00 0.000000000000e+00
2237 7.530306080667e-02 -1.000000000000e+00 0.000000000000e+00
2238 7.533673793584e-02 -1.000000000000e+00 0.000000000000e+00
2239 7.537041506500e-02 -1.000000000000e+00 0.000000000000e+00
2240 7.540409219416e-02 -1.000000000000e+00 0.000000000000e+00
2241 7.543776932332e-02 -1.000000000000e+00 0.000000000000e+00
2242 7.547144645248e-02 -1.000000000000e+00 0.000000000000e+00
2243 7.550512358165e-02 -1.000000000000e+00 0.000000000000e+00
2244 7.553880071081e-02 -1.000000000000e+00 0.000000000000e+00
2245 7.557247783997e-02 -1.000000000000e+00 0.000000000000e+00
2246 7.560615496913e-02 -1.000000000000e+00 0.000000000000e+00
2247 7.563983209830e-02 -1.000000000000e+00 0.000000000000e+00
2248 7.567350922746e-02 -1.000000000000e+00 0.000000000000e+00
2249 7.570718635662e-02 -1.000000000000e+00 0.000000000000e+00
2250 7.574086348578e-02 -1.000000000000e+00 0.000000000000e+00
2251 7.577454061494e-02 -1.000000000000e+00 0.000000000000e+00
2252 7.580821774411e-02 -1.000000000000e+00 0.000000000000e+00
2253 7.584189487327e-02 -1.000000000000e+00 0.000000000000e+00
2254 7.587557200243e-02 -1.000000000000e+00 0.000000000000e+00
2255 7.590924913159e-02 -1.000000000000e+00 0.000000000000e+00
2256 7.594292626076e-02 -1.000000000000e+00 0.000000000000e+00
2257 7.597660338992e-02 -1.000000000000e+00 0.000000000000e+00
2258 7.601028051908e-02 -1.000000000000e+00 0.000000000000e+00
2259 7.604395764824e-02 -1.000000000000e+00 0.000000000000e+00
2260 7.607763477740e-02 -1.000000000000e+00 0.000000000000e+00
2261 7.611131190657e-02 -1.000000000000e+00 0.000000000000e+00
2262 7.614498903573e-02 -1.000000000000e+00 0.000000000000e+00
2263 7.617866616489e-02 -1.000000000000e+00 0.000000000000e+00
2264 7.621234329405e-02 -1.000000000000e+00 0.000000000000e+00
2265 7.624602042321e-02 -1.000000000000e+00 0.000000000000e+00
2266 7.627969755238e-02 -1.000000000000e+00 0.000000000000e+00
2267 7.631337468154e-02 -1.000000000000e+00 0.000000000000e+00
2268 7.634705181070e-02 -1.000000000000e+00 0.000000000000e+00
2269 7.638072893986e-02 -1.000000000000e+00 0.000000000000e+00
2270 7.641440606903e-02 -1.000000000000e+00 0.000000000000e+00
2271 7.644808319819e-02 -1.000000000000e+00 0.000000000000e+00
2272 7.648176032735e-02 -1.000000000000e+00 0.000000000000e+00
2273 7.651543745651e-02 -1.000000000000e+00 0.000000000000e+00
2274 7.654911458567e-02 -1.000000000000e+00 0.000000000000e+00
2275 7.658279171484e-02 -1.000000000000e+00 0.000000000000e+00
2276 7.661646884400e-02 -1.000000000000e+00 0.000000000000e+00
2277 7.665014597316e-02 -1.000000000000e+00 0.000000000000e+00
2278 7.668382310232e-02 -1.000000000000e+00 0.000000000000e+00
2279 7.671750023149e-02 -1.000000000000e+00 0.000000000000e+00
2280 7.675117736065e-02 -1.000000000000e+00 0.000000000000e+00
2281 7.678485448981e-02 -1.000000000000e+00 0.000000000000e+00
2282 7.681853161897e-02 -1.000000000000e+00 0.000000000000e+00
2283 7.685220874813e-02 -1.000000000000e+00 0.000000000000e+00
2284 7.688588587730e-02 -1.000000000000e+00 0.000000000000e+00
2285 7.691956300646e-02 -1.000000000000e+00 0.000000000000e+00
2286 7.695324013562e-02 -1.000000000000e+00 0.000000000000e+00
2287 7.698691726478e-02 -1.000000000000e+00 0.000000000000e+00
2288 7.702059439395e-02 -1.000000000000e+00 0.000000000000e+00
2289 7.705427152311e-02 -1.000000000000e+00 0.000000000000e+00
2290 7.708794865227e-02 -1.000000000000e+00 0.000000000000e+00
2291 7.712162578143e-02 -1.000000000000e+00 0.000000000000e+00
2292 7.715530291059e-02 -1.000000000000e+00 0.000000000000e+00
2293 7.718898003976e-02 -1.000000000000e+00 0.000000000000e+00
2294 7.722265716892e-02 -1.000000000000e+00 0.000000000000e+00
2295 7.725633429808e-02 -1.000000000000e+00 0.000000000000e+00
2296 7.729001142724e-02 -1.000000000000e+00 0.000000000000e+00
2297 7.732368855641e-02 -1.000000000000e+00 0.000000000000e+00
2298 7.735736568557e-02 -1.000000000000e+00 0.000000000000e+00
2299 7.739104281473e-02 -1.000000000000e+00 0.000000000000e+00
2300 7.742471994389e-02 -1.000000000000e+00 0.000000000000e+00
2301 7.745839707305e-02 -1.000000000000e+00 0.000000000000e+00
2302 7.749207420222e-02 -1.000000000000e+00 0.000000000000e+00
2303 7.752575133138e-02 -1.000000000000e+00 0.000000000000e+00
2304 7.755942846054e-02 -1.000000000000e+00 0.000000000000e+00
2305 7.759310558970e-02 -1.000000000000e+00 0.000000000000e+00
2306 7.762678271887e-02 -1.000000000000e+00 0.000000000000e+00
2307 7.766045984803e-02 -1.000000000000e+00 0.000000000000e+00
2308 7.769413697719e-02 -1.000000000000e+00 0.000000000000e+00
2309 7.772781410635e-02 -1.000000000000e+00 0.000000000000e+00
2310 7.776149123551e-02 -1.000000000000e+00 0.000000000000e+00
2311 7.779516836468e-02 -1.000000000000e+00 0.000000000000e+00
2312 7.782884549384e-02 -1.000000000000e+00 0.000000000000e+00
2313 7.786252262300e-02 -1.000000000000e+00 0.000000000000e+00
2314 7.789619975216e-02 -1.000000000000e+00 0.000000000000e+00
2315 7.792987688132e-02 -1.000000000000e+00 0.000000000000e+00
2316 7.796355401049e-02 -1.000000000000e+00 0.000000000000e+00
2317 7.799723113965e-02 -1.000000000000e+00 0.000000000000e+00
2318 7.803090826881e-02 -1.000000000000e+00 0.000000000000e+00
2319 7.806458539797e-02 -1.000000000000e+00 0.000000000000e+00
2320 7.809826252714e-02 -1.000000000000e+00 0.000000000000e+00
2321 7.813193965630e-02 -1.000000000000e+00 0.000000000000e+00
2322 7.816561678546e-02 -1.000000000000e+00 0.000000000000e+00
2323 7.819929391462e-02 -1.000000000000e+00 0.000000000000e+00
2324 7.823297104378e-02 -1.000000000000e+00 0.000000000000e+00
2325 7.826664817295e-02 -1.000000000000e+00 0.000000000000e+00
2326 7.830032530211e-02 -1.000000000000e+00 0.000000000000e+00
2327 7.833400243127e-02 -1.000000000000e+00 0.000000000000e+00
2328 7.836767956043e-02 -1.000000000000e+00 0.000000000000e+00
2329 7.840135668960e-02 -1.000000000000e+00 0.000000000000e+00
2330 7.843503381876e-02 -1.000000000000e+00 0.000000000000e+00
2331 7.846871094792e-02 -1.000000000000e+00 0.000000000000e+00
2332 7.850238807708e-02 -1.000000000000e+00 0.000000000000e+00
2333 7.853606520624e-02 -1.000000000000e+00 0.000000000000e+00
2334 7.856974233541e-02 -1.000000000000e+00 0.000000000000e+00
2335 7.860341946457e-02 -1.000000000000e+00 0.000000000000e+00
2336 7.863709659373e-02 -1.000000000000e+00 0.000000000000e+00
2337 7.867077372289e-02 -1.000000000000e+00 0.000000000000e+00
2338 7.870445085206e-02 -1.000000000000e+00 0.000000000000e+00
2339 7.873812798122e-02 -1.000000000000e+00 0.000000000000e+00
2340 7.877180511038e-02 -1.000000000000e+00 0.000000000000e+00
2341 7.880548223954e-02 -1.000000000000e+00 0.000000000000e+00
2342 7.883915936870e-02 -1.000000000000e+00 0.000000000000e+00
2343 7.887283649787e-02 -1.000000000000e+00 0.000000000000e+00
2344 7.890651362703e-02 -1.000000000000e+00 0.000000000000e+00
2345 7.894019075619e-02 -1.000000000000e+00 0.000000000000e+00
2346 7.897386788535e-02 -1.000000000000e+00 0.000000000000e+00
2347 7.900754501452e-02 -1.000000000000e+00 0.000000000000e+00
2348 7.904122214368e-02 -1.000000000000e+00 0.000000000000e+00
2349 7.907489927284e-02 -1.000000000000e+00 0.000000000000e+00
2350 7.910857640200e-02 -1.000000000000e+00 0.000000000000e+00
2351 7.914225353116e-02 -1.000000000000e+00 0.000000000000e+00
2352 7.917593066033e-02 -1.000000000000e+00 0.000000000000e+00
2353 7.920960778949e-02 -1.000000000000e+00 0.000000000000e+00
2354 7.924328491865e-02 -1.000000000000e+00 0.000000000000e+00
2355 7.927696204781e-02 -1.000000000000e+00 0.000000000000e+00
2356 7.931063917697e-02 -1.000000000000e+00 0.000000000000e+00
2357 7.934431630614e-02 -1.000000000000e+00 0.000000000000e+00
2358 7.937799343530e-02 -1.000000000000e+00 0.000000000000e+00
2359 7.941167056446e-02 -1.000000000000e+00 0.000000000000e+00
2360 7.944534769362e-02 -1.000000000000e+00 0.000000000000e+00
2361 7.947902482279e-02 -1.000000000000e+00 0.000000000000e+00
2362 7.951270195195e-02 -1.000000000000e+00 0.000000000000e+00
2363 7.954637908111e-02 -1.000000000000e+00 0.000000000000e+00
2364 7.958005621027e-02 -1.000000000000e+00 0.000000000000e+00
2365 7.961373333943e-02 -1.000000000000e+00 0.000000000000e+00
2366 7.964741046860e-02 -1.000000000000e+00 0.000000000000e+00
2367 7.968108759776e-02 -1.000000000000e+00 0.000000000000e+00
2368 7.971476472692e-02 -1.000000000000e+00 0.000000000000e+00
2369 7.974844185608e-02 -1.000000000000e+00 0.000000000000e+00
2370 7.978211898525e-02 -1.000000000000e+00 0.000000000000e+00
2371 7.981579611441e-02 -1.000000000000e+00 0.000000000000e+00
2372 7.984947324357e-02 -1.000000000000e+00 0.000000000000e+00
2373 7.988315037273e-02 -1.000000000000e+00 0.000000000000e+00
2374 7.991682750189e-02 -1.000000000000e+00 0.000000000000e+00
2375 7.995050463106e-02 -1.000000000000e+00 0.000000000000e+00
2376 7.998418176022e-02 -1.000000000000e+00 0.000000000000e+00
2377 8.001785888938e-02 -1.000000000000e+00 0.000000000000e+00
2378 8.005153601854e-02 -1.000000000000e+00 0.000000000000e+00
2379 8.008521314771e-02 -1.000000000000e+00 0.000000000000e+00
2380 8.011889027687e-02 -1.000000000000e+00 0.000000000000e+00
2381 8.015256740603e-02 -1.000000000000e+00 0.000000000000e+00
2382 8.018624453519e-02 -1.000000000000e+00 0.000000000000e+00
2383 8.021992166435e-02 -1.000000000000e+00 0.000000000000e+00
2384 8.025359879352e-02 -1.000000000000e+00 0.000000000000e+00
2385 8.028727592268e-02 -1.000000000000e+00 0.000000000000e+00
2386 8.032095305184e-02 -1.000000000000e+00 0.000000000000e+00
2387 8.035463018100e-02 -1.000000000000e+00 0.000000000000e+00
2388 8.038830731017e-02 -1.000000000000e+00 0.000000000000e+00
2389 8.042198443933e-02 -1.000000000000e+00 0.000000000000e+00
2390 8.045566156849e-02 -1.000000000000e+00 0.000000000000e+00
2391 8.048933869765e-02 -1.000000000000e+00 0.000000000000e+00
2392 8.052301582681e-02 -1.000000000000e+00 0.000000000000e+00
2393 8.055669295598e-02 -1.000000000000e+00 0.000000000000e+00
2394 8.059037008514e-02 -1.000000000000e+00 0.000000000000e+00
2395 8.062404721430e-02 -1.000000000000e+00 0.000000000000e+00
2396 8.065772434346e-02 -1.000000000000e+00 0.000000000000e+00
2397 8.069140147263e-02 -1.000000000000e+00 0.000000000000e+00
2398 8.072507860179e-02 -1.000000000000e+00 0.000000000000e+00
2399 8.075875573095e-02 -1.000000000000e+00 0.000000000000e+00
2400 8.079243286011e-02 -1.000000000000e+00 0.000000000000e+00
2401 8.082610998927e-02 -1.000000000000e+00 0.000000000000e+00
2402 8.085978711844e-02 -1.000000000000e+00 0.000000000000e+00
2403 8.089346424760e-02 -1.000000000000e+00 0.000000000000e+00
2404 8.092714137676e-02 -1.000000000000e+00 0.000000000000e+00
2405 8.096081850592e-02 -1.000000000000e+00 0.000000000000e+00
2406 8.099449563508e-02 -1.000000000000e+00 0.000000000000e+00
2407 8.102817276425e-02 -1.000000000000e+00 0.000000000000e+00
2408 8.106184989341e-02 -1.000000000000e+00 0.000000000000e+00
2409 8.109552702257e-02 -1.000000000000e+00 0.000000000000e+00
2410 8.112920415173e-02 -1.000000000000e+00 0.000000000000e+00
2411 8.116288128090e-02 -1.000000000000e+00 0.000000000000e+00
2412 8.119655841006e-02 -1.000000000000e+00 0.000000000000e+00
2413 8.123023553922e-02 -1.000000000000e+00 0.000000000000e+00
2414 8.126391266838e-02 -1.000000000000e+00 0.000000000000e+00
2415 8.129758979754e-02 -1.000000000000e+00 0.000000000000e+00
2416 8.133126692671e-02 -1.000000000000e+00 0.000000000000e+00
2417 8.136494405587e-02 -1.000000000000e+00 0.000000000000e+00
2418 8.139862118503e-02 -1.000000000000e+00 0.000000000000e+00
2419 8.143229831419e-02 -1.000000000000e+00 0.000000000000e+00
2420 8.146597544336e-02 -1.000000000000e+00 0.000000000000e+00
2421 8.149965257252e-02 -1.000000000000e+00 0.000000000000e+00
2422 8.153332970168e-02 -1.000000000000e+00 0.000000000000e+00
2423 8.156700683084e-02 -1.000000000000e+00 0.000000000000e+00
2424 8.160068396000e-02 -1.000000000000e+00 0.000000000000e+00
2425 8.163436108917e-02 -1.000000000000e+00 0.000000000000e+00
2426 8.166803821833e-02 -1.000000000000e+00 0.000000000000e+00
2427 8.170171534749e-02 -1.000000000000e+00 0.000000000000e+00
2428 8.173539247665e-02 -1.000000000000e+00 0.000000000000e+00
2429 8.176906960582e-02 -1.000000000000e+00 0.000000000000e+00
2430 8.180274673498e-02 -1.000000000000e+00 0.000000000000e+00
2431 8.183642386414e-02 -1.000000000000e+00 0.000000000000e+00
2432 8.187010099330e-02 -1.000000000000e+00 0.000000000000e+00
2433 8.190377812246e-02 -1.000000000000e+00 0.000000000000e+00
2434 8.193745525163e-02 -1.000000000000e+00 0.000000000000e+00
2435 8.197113238079e-02 -1.000000000000e+00 0.000000000000e+00
2436 8.200480950995e-02 -1.000000000000e+00 0.000000000000e+00
2437 8.203848663911e-02 -1.000000000000e+00 0.000000000000e+00
2438 8.207216376828e-02 -1.000000000000e+00 0.000000000000e+00
2439 8.210584089744e-02 -1.000000000000e+00 0.000000000000e+00
2440 8.213951802660e-02 -1.000000000000e+00 0.000000000000e+00
2441 8.217319515576e-02 -1.000000000000e+00 0.000000000000e+00
2442 8.220687228492e-02 -1.000000000000e+00 0.000000000000e+00
2443 8.224054941409e-02 -1.000000000000e+00 0.000000000000e+00
2444 8.227422654325e-02 -1.000000000000e+00 0.000000000000e+00
2445 8.230790367241e-02 -1.000000000000e+00 0.000000000000e+00
2446 8.234158080157e-02 -1.000000000000e+00 0.000000000000e+00
2447 8.237525793073e-02 -1.000000000000e+00 0.000000000000e+00
2448 8.240893505990e-02 -1.000000000000e+00 0.000000000000e+00
2449 8.244261218906e-02 -1.000000000000e+00 0.000000000000e+00
2450 8.247628931822e-02 -1.000000000000e+00 0.000000000000e+00
2451 8.250996644738e-02 -1.000000000000e+00 0.000000000000e+00
2452 8.254364357655e-02 -1.000000000000e+00 0.000000000000e+00
2453 8.257732070571e-02 -1.000000000000e+00 0.000000000000e+00
2454 8.261099783487e-02 -1.000000000000e+00 0.000000000000e+00
2455 8.264467496403e-02 -1.000000000000e+00 0.000000000000e+00
2456 8.267835209319e-02 -1.000000000000e+00 0.000000000000e+00
2457 8.271202922236e-02 -1.000000000000e+00 0.000000000000e+00
2458 8.274570635152e-02 -1.000000000000e+00 0.000000000000e+00
2459 8.277938348068e-02 -1.000000000000e+00 0.000000000000e+00
2460 8.281306060984e-02 -1.000000000000e+00 0.000000000000e+00
2461 8.284673773901e-02 -1.000000000000e+00 0.000000000000e+00
2462 8.288041486817e-02 -1.000000000000e+00 0.000000000000e+00
2463 8.291409199733e-02 -1.000000000000e+00 0.000000000000e+00
2464 8.294776912649e-02 -1.000000000000e+00 0.000000000000e+00
2465 8.298144625565e-02 -1.000000000000e+00 0.000000000000e+00
2466 8.301512338482e-02 -1.000000000000e+00 0.000000000000e+00
2467 8.304880051398e-02 -1.000000000000e+00 0.000000000000e+00
2468 8.308247764314e-02 -1.000000000000e+00 0.000000000000e+00
2469 8.311615477230e-02 -1.000000000000e+00 0.000000000000e+00
2470 8.314983190147e-02 -1.000000000000e+00 0.000000000000e+00
2471 8.318350903063e-02 -1.000000000000e+00 0.000000000000e+00
2472 8.321718615979e-02 -1.000000000000e+00 0.000000000000e+00
2473 8.325086328895e-02 -1.000000000000e+00 0.000000000000e+00
2474 8.328454041811e-02 -1.000000000000e+00 0.000000000000e+00
2475 8.331821754728e-02 -1.000000000000e+00 0.000000000000e+00
2476 8.335189467644e-02 -1.000000000000e+00 0.000000000000e+00
2477 8.338557180560e-02 -1.000000000000e+00 0.000000000000e+00
2478 8.341924893476e-02 -1.000000000000e+00 0.000000000000e+00
2479 8.345292606393e-02 -1.000000000000e+00 0.000000000000e+00
2480 8.348660319309e-02 -1.000000000000e+00 0.000000000000e+00
2481 8.352028032225e-02 -1.000000000000e+00 0.000000000000e+00
2482 8.355395745141e-02 -1.000000000000e+00 0.000000000000e+00
2483 8.358763458057e-02 -1.000000000000e+00 0.000000000000e+00
2484 8.362131170974e-02 -1.000000000000e+00 0.000000000000e+00
2485 8.365498883890e-02 -1.000000000000e+00 0.000000000000e+00
2486 8.368866596806e-02 -1.000000000000e+00 0.000000000000e+00
2487 8.372234309722e-02 -1.000000000000e+00 0.000000000000e+00
2488 8.375602022638e-02 -1.000000000000e+00 0.000000000000e+00
2489 8.378969735555e-02 -1.000000000000e+00 0.000000000000e+00
2490 8.382337448471e-02 -1.000000000000e+00 0.000000000000e+00
2491 8.385705161387e-02 -1.000000000000e+00 0.000000000000e+00
2492 8.389072874303e-02 -1.000000000000e+00 0.000000000000e+00
2493 8.392440587220e-02 -1.000000000000e+00 0.000000000000e+00
2494 8.395808300136e-02 -1.000000000000e+00 0.000000000000e+00
2495 8.399176013052e-02 -1.000000000000e+00 0.000000000000e+00
2496 8.402543725968e-02 -1.000000000000e+00 0.000000000000e+00
2497 8.405911438884e-02 -1.000000000000e+00 0.000000000000e+00
2498 8.409279151801e-02 -1.000000000000e+00 0.000000000000e+00
2499 8.412646864717e-02 -1.000000000000e+00 0.000000000000e+00
2500 8.416014577633e-02 -1.000000000000e+00 0.000000000000e+00
2501 8.419382290549e-02 -1.000000000000e+00 0.000000000000e+00
2502 8.422750003466e-02 -1.000000000000e+00 0.000000000000e+00
2503 8.426117716382e-02 -1.000000000000e+00 0.000000000000e+00
2504 8.429485429298e-02 -1.000000000000e+00 0.000000000000e+00
2505 8.432853142214e-02 -1.000000000000e+00 0.000000000000e+00
2506 8.436220855130e-02 -1.000000000000e+00 0.000000000000e+00
2507 8.439588568047e-02 -1.000000000000e+00 0.000000000000e+00
2508 8.442956280963e-02 -1.000000000000e+00 0.000000000000e+00
2509 8.446323993879e-02 -1.000000000000e+00 0.000000000000e+00
2510 8.449691706795e-02 -1.000000000000e+00 0.000000000000e+00
2511 8.453059419712e-02 -1.000000000000e+00 0.000000000000e+00
2512 8.456427132628e-02 -1.000000000000e+00 0.000000000000e+00
2513 8.459794845544e-02 -1.000000000000e+00 0.000000000000e+00
2514 8.463162558460e-02 -1.000000000000e+00 0.000000000000e+00
2515 8.466530271376e-02 -1.000000000000e+00 0.000000000000e+00
2516 8.469897984293e-02 -1.000000000000e+00 0.000000000000e+00
2517 8.473265697209e-02 -1.000000000000e+00 0.000000000000e+00
2518 8.476633410125e-02 -1.000000000000e+00 0.000000000000e+00
2519 8.480001123041e-02 -1.000000000000e+00 0.000000000000e+00
2520 8.483368835958e-02 -1.000000000000e+00 0.000000000000e+00
2521 8.486736548874e-02 -1.000000000000e+00 0.000000000000e+00
2522 8.490104261790e-02 -1.000000000000e+00 0.000000000000e+00
2523 8.493471974706e-02 -1.000000000000e+00 0.000000000000e+00
2524 8.496839687622e-02 -1.000000000000e+00 0.000000000000e+00
2525 8.500207400539e-02 -1.000000000000e+00 0.000000000000e+00
2526 8.503575113455e-02 -1.000000000000e+00 0.000000000000e+00
2527 8.506942826371e-02 -1.000000000000e+00 0.000000000000e+00
2528 8.510310539287e-02 -1.000000000000e+00 0.000000000000e+00
2529 8.513678252204e-02 -1.000000000000e+00 0.000000000000e+00
2530 8.517045965120e-02 -1.000000000000e+00 0.000000000000e+00
2531 8.520413678036e-02 -1.000000000000e+00 0.000000000000e+00
2532 8.523781390952e-02 -1.000000000000e+00 0.000000000000e+00
2533 8.527149103868e-02 -1.000000000000e+00 0.000000000000e+00
2534 8.530516816785e-02 -1.000000000000e+00 0.000000000000e+00
2535 8.533884529701e-02 -1.000000000000e+00 0.000000000000e+00
2536 8.537252242617e-02 -1.000000000000e+00 0.000000000000e+00
2537 8.540619955533e-02 -1.000000000000e+00 0.000000000000e+00
2538 8.543987668449e-02 -1.000000000000e+00 0.000000000000e+00
2539 8.547355381366e-02 -1.000000000000e+00 0.000000000000e+00
2540 8.550723094282e-02 -1.000000000000e+00 0.000000000000e+00
2541 8.554090807198e-02 -1.000000000000e+00 0.000000000000e+00
2542 8.557458520114e-02 -1.000000000000e+00 0.000000000000e+00
2543 8.560826233031e-02 -1.000000000000e+00 0.000000000000e+00
2544 8.564193945947e-02 -1.000000000000e+00 0.000000000000e+00
2545 8.567561658863e-02 -1.000000000000e+00 0.000000000000e+00
2546 8.570929371779e-02 -1.000000000000e+00 0.000000000000e+00
2547 8.574297084695e-02 -1.000000000000e+00 0.000000000000e+00
2548 8.577664797612e-02 -1.000000000000e+00 0.000000000000e+00
2549 8.581032510528e-02 -1.000000000000e+00 0.000000000000e+00
2550 8.584400223444e-02 -1.000000000000e+00 0.000000000000e+00
2551 8.587767936360e-02 -1.000000000000e+00 0.000000000000e+00
2552 8.591135649277e-02 -1.000000000000e+00 0.000000000000e+00
2553 8.594503362193e-02 -1.000000000000e+00 0.000000000000e+00
2554 8.597871075109e-02 -1.000000000000e+00 0.000000000000e+00
2555 8.601238788025e-02 -1.000000000000e+00 0.000000000000e+00
2556 8.604606500941e-02 -1.000000000000e+00 0.000000000000e+00
2557 8.607974213858e-02 -1.000000000000e+00 0.000000000000e+00
2558 8.611341926774e-02 -1.000000000000e+00 0.000000000000e+00
2559 8.614709639690e-02 -1.000000000000e+00 0.000000000000e+00
2560 8.618077352606e-02 -1.000000000000e+00 0.000000000000e+00
2561 8.621445065523e-02 -1.000000000000e+00 0.000000000000e+00
2562 8.624812778439e-02 -1.000000000000e+00 0.000000000000e+00
2563 8.628180491355e-02 -1.000000000000e+00 0.000000000000e+00
2564 8.631548204271e-02 -1.000000000000e+00 0.000000000000e+00
2565 8.634915917187e-02 -1.000000000000e+00 0.000000000000e+00
2566 8.638283630104e-02 -1.000000000000e+00 0.000000000000e+00
2567 8.641651343020e-02 -1.000000000000e+00 0.000000000000e+00
2568 8.645019055936e-02 -1.000000000000e+00 0.000000000000e+00
2569 8.648386768852e-02 -1.000000000000e+00 0.000000000000e+00
2570 8.651754481769e-02 -1.000000000000e+00 0.000000000000e+00
2571 8.655122194685e-02 -1.000000000000e+00 0.000000000000e+00
2572 8.658489907601e-02 -1.000000000000e+00 0.000000000000e+00
2573 8.661857620517e-02 -1.000000000000e+00 0.000000000000e+00
2574 8.665225333433e-02 -1.000000000000e+00 0.000000000000e+00
2575 8.668593046350e-02 -1.000000000000e+00 0.000000000000e+00
2576 8.671960759266e-02 -1.000000000000e+00 0.000000000000e+00
2577 8.675328472182e-02 -1.000000000000e+00 0.000000000000e+00
2578 8.678696185098e-02 -1.000000000000e+00 0.000000000000e+00
2579 8.682063898014e-02 -1.000000000000e+00 0.000000000000e+00
2580 8.685431610931e-02 -1.000000000000e+00 0.000000000000e+00
2581 8.688799323847e-02 -1.000000000000e+00 0.000000000000e+00
2582 8.692167036763e-02 -1.000000000000e+00 0.000000000000e+00
2583 8.695534749679e-02 -1.000000000000e+00 0.000000000000e+00
2584 8.698902462596e-02 -1.000000000000e+00 0.000000000000e+00
2585 8.702270175512e-02 -1.000000000000e+00 0.000000000000e+00
2586 8.705637888428e-02 -1.000000000000e+00 0.000000000000e+00
2587 8.709005601344e-02 -1.000000000000e+00 0.000000000000e+00
2588 8.712373314260e-02 -1.000000000000e+00 0.000000000000e+00
2589 8.715741027177e-02 -1.000000000000e+00 0.000000000000e+00
2590 8.719108740093e-02 -1.000000000000e+00 0.000000000000e+00
2591 8.722476453009e-02 -1.000000000000e+00 0.000000000000e+00
2592 8.725844165925e-02 -1.000000000000e+00 0.000000000000e+00
2593 8.729211878842e-02 -1.000000000000e+00 0.000000000000e+00
2594 8.732579591758e-02 -1.000000000000e+00 0.000000000000e+00
2595 8.735947304674e-02 -1.000000000000e+00 0.000000000000e+00
2596 8.739315017590e-02 -1.000000000000e+00 0.000000000000e+00
2597 8.742682730506e-02 -1.000000000000e+00 0.000000000000e+00
2598 8.746050443423e-02 -1.000000000000e+00 0.000000000000e+00
2599 8.749418156339e-02 -1.000000000000e+00 0.000000000000e+00
2600 8.752785869255e-02 -1.000000000000e+00 0.000000000000e+00
2601 8.756153582171e-02 -1.000000000000e+00 0.000000000000e+00
2602 8.759521295088e-02 -1.000000000000e+00 0.000000000000e+00
2603 8.762889008004e-02 -1.000000000000e+00 0.000000000000e+00
2604 8.766256720920e-02 -1.000000000000e+00 0.000000000000e+00
2605 8.769624433836e-02 -1.000000000000e+00 0.000000000000e+00
2606 8.772992146752e-02 -1.000000000000e+00 0.000000000000e+00
2607 8.776359859669e-02 -1.000000000000e+00 0.000000000000e+00
2608 8.779727572585e-02 -1.000000000000e+00 0.000000000000e+00
2609 8.783095285501e-02 -1.000000000000e+00 0.000000000000e+00
2610 8.786462998417e-02 -1.000000000000e+00 0.000000000000e+00
2611 8.789830711334e-02 -1.000000000000e+00 0.000000000000e+00
2612 8.793198424250e-02 -1.000000000000e+00 0.000000000000e+00
2613 8.796566137166e-02 -1.000000000000e+00 0.000000000000e+00
2614 8.799933850082e-02 -1.000000000000e+00 0.000000000000e+00
2615 8.803301562998e-02 -1.000000000000e+00 0.000000000000e+00
2616 8.806669275915e-02 -1.000000000000e+00 0.000000000000e+00
2617 8.810036988831e-02 -1.000000000000e+00 0.000000000000e+00
2618 8.813404701747e-02 -1.000000000000e+00 0.000000000000e+00
2619 8.816772414663e-02 -1.000000000000e+00 0.000000000000e+00
2620 8.820140127580e-02 -1.000000000000e+00 0.000000000000e+00
2621 8.823507840496e-02 -1.000000000000e+00 0.000000000000e+00
2622 8.826875553412e-02 -1.000000000000e+00 0.000000000000e+00
2623 8.830243266328e-02 -1.000000000000e+00 0.000000000000e+00
2624 8.833610979244e-02 -1.000000000000e+00 0.000000000000e+00
2625 8.836978692161e-02 -1.000000000000e+00 0.000000000000e+00
2626 8.840346405077e-02 -1.000000000000e+00 0.000000000000e+00
2627 8.843714117993e-02 -1.000000000000e+00 0.000000000000e+00
2628 8.847081830909e-02 -1.000000000000e+00 0.000000000000e+00
2629 8.850449543825e-02 -1.000000000000e+00 0.000000000000e+00
2630 8.853817256742e-02 -1.000000000000e+00 0.000000000000e+00
2631 8.857184969658e-02 -1.000000000000e+00 0.000000000000e+00
2632 8.860552682574e-02 -1.000000000000e+00 0.000000000000e+00
2633 8.863920395490e-02 -1.000000000000e+00 0.000000000000e+00
2634 8.867288108407e-02 -1.000000000000e+00 0.000000000000e+00
2635 8.870655821323e-02 -1.000000000000e+00 0.000000000000e+00
2636 8.874023534239e-02 -1.000000000000e+00 0.000000000000e+00
2637 8.877391247155e-02 -1.000000000000e+00 0.000000000000e+00
2638 8.880758960071e-02 -1.000000000000e+00 0.000000000000e+00
2639 8.884126672988e-02 -1.000000000000e+00 0.000000000000e+00
2640 8.887494385904e-02 -1.000000000000e+00 0.000000000000e+00
2641 8.890862098820e-02 -1.000000000000e+00 0.000000000000e+00
2642 8.894229811736e-02 -1.000000000000e+00 0.000000000000e+00
2643 8.897597524653e-02 -1.000000000000e+00 0.000000000000e+00
2644 8.900965237569e-02 -1.000000000000e+00 0.000000000000e+00
2645 8.904332950485e-02 -1.000000000000e+00 0.000000000000e+00
2646 8.907700663401e-02 -1.000000000000e+00 0.000000000000e+00
2647 8.911068376317e-02 -1.000000000000e+00 0.000000000000e+00
2648 8.914436089234e-02 -1.000000000000e+00 0.000000000000e+00
2649 8.917803802150e-02 -1.000000000000e+00 0.000000000000e+00
2650 8.921171515066e-02 -1.000000000000e+00 0.000000000000e+00
2651 8.924539227982e-02 -1.000000000000e+00 0.000000000000e+00
2652 8.927906940899e-02 -1.000000000000e+00 0.000000000000e+00
2653 8.931274653815e-02 -1.000000000000e+00 0.000000000000e+00
2654 8.934642366731e-02 -1.000000000000e+00 0.000000000000e+00
2655 8.938010079647e-02 -1.000000000000e+00 0.000000000000e+00
2656 8.941377792563e-02 -1.000000000000e+00 0.000000000000e+00
2657 8.944745505480e-02 -1.000000000000e+00 0.000000000000e+00
2658 8.948113218396e-02 -1.000000000000e+00 0.000000000000e+00
2659 8.951480931312e-02 -1.000000000000e+00 0.000000000000e+00
2660 8.954848644228e-02 -1.000000000000e+00 0.000000000000e+00
2661 8.958216357145e-02 -1.000000000000e+00 0.000000000000e+00
2662 8.961584070061e-02 -1.000000000000e+00 0.000000000000e+00
2663 8.964951782977e-02 -1.000000000000e+00 0.000000000000e+00
2664 8.968319495893e-02 -1.000000000000e+00 0.000000000000e+00
2665 8.971687208809e-02 -1.000000000000e+00 0.000000000000e+00
2666 8.975054921726e-02 -1.000000000000e+00 0.000000000000e+00
2667 8.978422634642e-02 -1.000000000000e+00 0.000000000000e+00
2668 8.981790347558e-02 -1.000000000000e+00 0.000000000000e+00
2669 8.985158060474e-02 -1.000000000000e+00 0.000000000000e+00
2670 8.988525773390e-02 -1.000000000000e+00 0.000000000000e+00
2671 8.991893486307e-02 -1.000000000000e+00 0.000000000000e+00
2672 8.995261199223e-02 -1.000000000000e+00 0.000000000000e+00
2673 8.998628912139e-02 -1.000000000000e+00 0.000000000000e+00
2674 9.001996625055e-02 -1.000000000000e+00 0.000000000000e+00
2675 9.005364337972e-02 -1.000000000000e+00 0.000000000000e+00
2676 9.008732050888e-02 -1.000000000000e+00 0.000000000000e+00
2677 9.012099763804e-02 -1.000000000000e+00 0.000000000000e+00
2678 9.015467476720e-02 -1.000000000000e+00 0.000000000000e+00
2679 9.018835189636e-02 -1.000000000000e+00 0.000000000000e+00
2680 9.022202902553e-02 -1.000000000000e+00 0.000000000000e+00
2681 9.025570615469e-02 -1.000000000000e+00 0.000000000000e+00
2682 9.028938328385e-02 -1.000000000000e+00 0.000000000000e+00
2683 9.032306041301e-02 -1.000000000000e+00 0.000000000000e+00
2684 9.035673754218e-02 -1.000000000000e+00 0.000000000000e+00
2685 9.039041467134e-02 -1.000000000000e+00 0.000000000000e+00
2686 9.042409180050e-02 -1.000000000000e+00 0.000000000000e+00
2687 9.045776892966e-02 -1.000000000000e+00 0.000000000000e+00
2688 9.049144605882e-02 -1.000000000000e+00 0.000000000000e+00
2689 9.052512318799e-02 -1.000000000000e+00 0.000000000000e+00
2690 9.055880031715e-02 -1.000000000000e+00 0.000000000000e+00
2691 9.059247744631e-02 -1.000000000000e+00 0.000000000000e+00
2692 9.062615457547e-02 -1.000000000000e+00 0.000000000000e+00
2693 9.065983170464e-02 -1.000000000000e+00 0.000000000000e+00
2694 9.069350883380e-02 -1.000000000000e+00 0.000000000000e+00
2695 9.072718596296e-02 -1.000000000000e+00 0.000000000000e+00
2696 9.076086309212e-02 -1.000000000000e+00 0.000000000000e+00
2697 9.079454022128e-02 -1.000000000000e+00 0.000000000000e+00
2698 9.082821735045e-02 -1.000000000000e+00 0.000000000000e+00
2699 9.086189447961e-02 -1.000000000000e+00 0.000000000000e+00
2700 9.089557160877e-02 -1.000000000000e+00 0.000000000000e+00
2701 9.092924873793e-02 -1.000000000000e+00 0.000000000000e+00
2702 9.096292586710e-02 -1.000000000000e+00 0.000000000000e+00
2703 9.099660299626e-02 -1.000000000000e+00 0.000000000000e+00
2704 9.103028012542e-02 -1.000000000000e+00 0.000000000000e+00
2705 9.106395725458e-02 -1.000000000000e+00 0.000000000000e+00
2706 9.109763438374e-02 -1.000000000000e+00 0.000000000000e+00
2707 9.113131151291e-02 -1.000000000000e+00 0.000000000000e+00
2708 9.116498864207e-02 -1.000000000000e+00 0.000000000000e+00
2709 9.119866577123e-02 -1.000000000000e+00 0.000000000000e+00
2710 9.123234290039e-02 -1.000000000000e+00 0.000000000000e+00
2711 9.126602002955e-02 -1.000000000000e+00 0.000000000000e+00
2712 9.129969715872e-02 -1.000000000000e+00 0.000000000000e+00
2713 9.133337428788e-02 -1.000000000000e+00 0.000000000000e+00
2714 9.136705141704e-02 -1.000000000000e+00 0.000000000000e+00
2715 9.140072854620e-02 -1.000000000000e+00 0.000000000000e+00
2716 9.143440567537e-02 -1.000000000000e+00 0.000000000000e+00
2717 9.146808280453e-02 -1.000000000000e+00 0.000000000000e+00
2718 9.150175993369e-02 -1.000000000000e+00 0.000000000000e+00
2719 9.153543706285e-02 -1.000000000000e+00 0.000000000000e+00
2720 9.156911419201e-02 -1.000000000000e+00 0.000000000000e+00
2721 9.160279132118e-02 -1.000000000000e+00 0.000000000000e+00
2722 9.163646845034e-02 -1.000000000000e+00 0.000000000000e+00
2723 9.167014557950e-02 -1.000000000000e+00 0.000000000000e+00
2724 9.170382270866e-02 -1.000000000000e+00 0.000000000000e+00
2725 9.173749983783e-02 -1.000000000000e+00 0.000000000000e+00
2726 9.177117696699e-02 -1.000000000000e+00 0.000000000000e+00
2727 9.180485409615e-02 -1.000000000000e+00 0.000000000000e+00
2728 9.183853122531e-02 -1.000000000000e+00 0.000000000000e+00
2729 9.187220835447e-02 -1.000000000000e+00 0.000000000000e+00
2730 9.190588548364e-02 -1.000000000000e+00 0.000000000000e+00
2731 9.193956261280e-02 -1.000000000000e+00 0.000000000000e+00
2732 9.197323974196e-02 -1.000000000000e+00 0.000000000000e+00
2733 9.200691687112e-02 -1.000000000000e+00 0.000000000000e+00
2734 9.204059400029e-02 -1.000000000000e+00 0.000000000000e+00
2735 9.207427112945e-02 -1.000000000000e+00 0.000000000000e+00
2736 9.210794825861e-02 -1.000000000000e+00 0.000000000000e+00
2737 9.214162538777e-02 -1.000000000000e+00 0.000000000000e+00
2738 9.217530251693e-02 -1.000000000000e+00 0.000000000000e+00
2739 9.220897964610e-02 -1.000000000000e+00 0.000000000000e+00
2740 9.224265677526e-02 -1.000000000000e+00 0.000000000000e+00
2741 9.227633390442e-02 -1.000000000000e+00 0.000000000000e+00
2742 9.231001103358e-02 -1.000000000000e+00 0.000000000000e+00
2743 9.234368816275e-02 -1.000000000000e+00 0.000000000000e+00
2744 9.237736529191e-02 -1.000000000000e+00 0.000000000000e+00
2745 9.241104242107e-02 -1.000000000000e+00 0.000000000000e+00
2746 9.244471955023e-02 -1.000000000000e+00 0.000000000000e+00
2747 9.247839667939e-02 -1.000000000000e+00 0.000000000000e+00
2748 9.251207380856e-02 -1.000000000000e+00 0.000000000000e+00
2749 9.254575093772e-02 -1.000000000000e+00 0.000000000000e+00
2750 9.257942806688e-02 -1.000000000000e+00 0.000000000000e+00
2751 9.261310519604e-02 -1.000000000000e+00 0.000000000000e+00
2752 9.264678232521e-02 -1.000000000000e+00 0.000000000000e+00
2753 9.268045945437e-02 -1.000000000000e+00 0.000000000000e+00
2754 9.271413658353e-02 -1.000000000000e+00 0.000000000000e+00
2755 9.274781371269e-02 -1.000000000000e+00 0.000000000000e+00
2756 9.278149084185e-02 -1.000000000000e+00 0.000000000000e+00
2757 9.281516797102e-02 -1.000000000000e+00 0.000000000000e+00
2758 9.284884510018e-02 -1.000000000000e+00 0.000000000000e+00
2759 9.288252222934e-02 -1.000000000000e+00 0.000000000000e+00
2760 9.291619935850e-02 -1.000000000000e+00 0.000000000000e+00
2761 9.294987648766e-02 -1.000000000000e+00 0.000000000000e+00
2762 9.298355361683e-02 -1.000000000000e+00 0.000000000000e+00
2763 9.301723074599e-02 -1.000000000000e+00 0.000000000000e+00
2764 9.305090787515e-02 -1.000000000000e+00 0.000000000000e+00
2765 9.308458500431e-02 -1.000000000000e+00 0.000000000000e+00
2766 9.311826213348e-02 -1.000000000000e+00 0.000000000000e+00
2767 9.315193926264e-02 -1.000000000000e+00 0.000000000000e+00
2768 9.318561639180e-02 -1.000000000000e+00 0.000000000000e+00
2769 9.321929352096e-02 -1.000000000000e+00 0.000000000000e+00
2770 9.325297065012e-02 -1.000000000000e+00 0.000000000000e+00
2771 9.328664777929e-02 -1.000000000000e+00 0.000000000000e+00
2772 9.332032490845e-02 -1.000000000000e+00 0.000000000000e+00
2773 9.335400203761e-02 -1.000000000000e+00 0.000000000000e+00
2774 9.338767916677e-02 -1.000000000000e+00 0.000000000000e+00
2775 9.342135629594e-02 -1.000000000000e+00 0.000000000000e+00
2776 9.345503342510e-02 -1.000000000000e+00 0.000000000000e+00
2777 9.348871055426e-02 -1.000000000000e+00 0.000000000000e+00
2778 9.352238768342e-02 -1.000000000000e+00 0.000000000000e+00
2779 9.355606481258e-02 -1.000000000000e+00 0.000000000000e+00
2780 9.358974194175e-02 -1.000000000000e+00 0.000000000000e+00
2781 9.362341907091e-02 -1.000000000000e+00 0.000000000000e+00
2782 9.365709620007e-02 -1.000000000000e+00 0.000000000000e+00
2783 9.369077332923e-02 -1.000000000000e+00 0.000000000000e+00
2784 9.372445045840e-02 -1.000000000000e+00 0.000000000000e+00
2785 9.375812758756e-02 -1.000000000000e+00 0.000000000000e+00
2786 9.379180471672e-02 -1.000000000000e+00 0.000000000000e+00
2787 9.382548184588e-02 -1.000000000000e+00 0.000000000000e+00
2788 9.385915897504e-02 -1.000000000000e+00 0.000000000000e+00
2789 9.389283610421e-02 -1.000000000000e+00 0.000000000000e+00
2790 9.392651323337e-02 -1.000000000000e+00 0.000000000000e+00
2791 9.396019036253e-02 -1.000000000000e+00 0.000000000000e+00
2792 9.399386749169e-02 -1.000000000000e+00 0.000000000000e+00
2793 9.402754462086e-02 -1.000000000000e+00 0.000000000000e+00
2794 9.406122175002e-02 -1.000000000000e+00 0.000000000000e+00
2795 9.409489887918e-02 -1.000000000000e+00 0.000000000000e+00
2796 9.412857600834e-02 -1.000000000000e+00 0.000000000000e+00
2797 9.416225313750e-02 -1.000000000000e+00 0.000000000000e+00
2798 9.419593026667e-02 -1.000000000000e+00 0.000000000000e+00
2799 9.422960739583e-02 -1.000000000000e+00 0.000000000000e+00
2800 9.426328452499e-02 -1.000000000000e+00 0.000000000000e+00
2801 9.429696165415e-02 -1.000000000000e+00 0.000000000000e+00
2802 9.433063878331e-02 -1.000000000000e+00 0.000000000000e+00
2803 9.436431591248e-02 -1.000000000000e+00 0.000000000000e+00
2804 9.439799304164e-02 -1.000000000000e+00 0.000000000000e+00
2805 9.443167017080e-02 -1.000000000000e+00 0.000000000000e+00
2806 9.446534729996e-02 -1.000000000000e+00 0.000000000000e+00
2807 9.449902442913e-02 -1.000000000000e+00 0.000000000000e+00
2808 9.453270155829e-02 -1.000000000000e+00 0.000000000000e+00
2809 9.456637868745e-02 -1.000000000000e+00 0.000000000000e+00
2810 9.460005581661e-02 -1.000000000000e+00 0.000000000000e+00
2811 9.463373294577e-02 -1.000000000000e+00 0.000000000000e+00
2812 9.466741007494e-02 -1.000000000000e+00 0.000000000000e+00
2813 9.470108720410e-02 -1.000000000000e+00 0.000000000000e+00
2814 9.473476433326e-02 -1.000000000000e+00 0.000000000000e+00
2815 9.476844146242e-02 -1.000000000000e+00 0.000000000000e+00
2816 9.480211859159e-02 -1.000000000000e+00 0.000000000000e+00
2817 9.483579572075e-02 -1.000000000000e+00 0.000000000000e+00
2818 9.486947284991e-02 -1.000000000000e+00 0.000000000000e+00
2819 9.490314997907e-02 -1.000000000000e+00 0.000000000000e+00
2820 9.493682710823e-02 -1.000000000000e+00 0.000000000000e+00
2821 9.497050423740e-02 -1.000000000000e+00 0.000000000000e+00
2822 9.500418136656e-02 -1.000000000000e+00 0.000000000000e+00
2823 9.503785849572e-02 -1.000000000000e+00 0.000000000000e+00
2824 9.507153562488e-02 -1.000000000000e+00 0.000000000000e+00
2825 9.510521275405e-02 -1.000000000000e+00 0.000000000000e+00
2826 9.513888988321e-02 -1.000000000000e+00 0.000000000000e+00
2827 9.517256701237e-02 -1.000000000000e+00 0.000000000000e+00
2828 9.520624414153e-02 -1.000000000000e+00 0.000000000000e+00
2829 9.523992127069e-02 -1.000000000000e+00 0.000000000000e+00
2830 9.527359839986e-02 -1.000000000000e+00 0.000000000000e+00
2831 9.530727552902e-02 -1.000000000000e+00 0.000000000000e+00
2832 9.534095265818e-02 -1.000000000000e+00 0.000000000000e+00
2833 9.537462978734e-02 -1.000000000000e+00 0.000000000000e+00
2834 9.540830691651e-02 -1.000000000000e+00 0.000000000000e+00
2835 9.544198404567e-02 -1.000000000000e+00 0.000000000000e+00
2836 9.547566117483e-02 -1.000000000000e+00 0.000000000000e+00
2837 9.550933830399e-02 -1.000000000000e+00 0.000000000000e+00
2838 9.554301543315e-02 -1.000000000000e+00 0.000000000000e+00
2839 9.557669256232e-02 -1.000000000000e+00 0.000000000000e+00
2840 9.561036969148e-02 -1.000000000000e+00 0.000000000000e+00
2841 9.564404682064e-02 -1.000000000000e+00 0.000000000000e+00
2842 9.567772394980e-02 -1.000000000000e+00 0.000000000000e+00
2843 9.571140107897e-02 -1.000000000000e+00 0.000000000000e+00
2844 9.574507820813e-02 -1.000000000000e+00 0.000000000000e+00
2845 9.577875533729e-02 -1.000000000000e+00 0.000000000000e+00
2846 9.581243246645e-02 -1.000000000000e+00 0.000000000000e+00
2847 9.584610959561e-02 -1.000000000000e+00 0.000000000000e+00
2848 9.587978672478e-02 -1.000000000000e+00 0.000000000000e+00
2849 9.591346385394e-02 -1.000000000000e+00 0.000000000000e+00
2850 9.594714098310e-02 -1.000000000000e+00 0.000000000000e+00
2851 9.598081811226e-02 -1.000000000000e+00 0.000000000000e+00
2852 9.601449524142e-02 -1.000000000000e+00 0.000000000000e+00
2853 9.604817237059e-02 -1.000000000000e+00 0.000000000000e+00
2854 9.608184949975e-02 -1.000000000000e+00 0.000000000000e+00
2855 9.611552662891e-02 -1.000000000000e+00 0.000000000000e+00
2856 9.614920375807e-02 -1.000000000000e+00 0.000000000000e+00
2857 9.618288088724e-02 -1.000000000000e+00 0.000000000000e+00
2858 9.621655801640e-02 -1.000000000000e+00 0.000000000000e+00
2859 9.625023514556e-02 -1.000000000000e+00 0.000000000000e+00
2860 9.628391227472e-02 -1.000000000000e+00 0.000000000000e+00
2861 9.631758940388e-02 -1.000000000000e+00 0.000000000000e+00
2862 9.635126653305e-02 -1.000000000000e+00 0.000000000000e+00
2863 9.638494366221e-02 -1.000000000000e+00 0.000000000000e+00
2864 9.641862079137e-02 -1.000000000000e+00 0.000000000000e+00
2865 9.645229792053e-02 -1.000000000000e+00 0.000000000000e+00
2866 9.648597504970e-02 -1.000000000000e+00 0.000000000000e+00
2867 9.651965217886e-02 -1.000000000000e+00 0.000000000000e+00
2868 9.655332930802e-02 -1.000000000000e+00 0.000000000000e+00
2869 9.658700643718e-02 -1.000000000000e+00 0.000000000000e+00
2870 9.662068356634e-02 -1.000000000000e+00 0.000000000000e+00
2871 9.665436069551e-02 -1.000000000000e+00 0.000000000000e+00
2872 9.668803782467e-02 -1.000000000000e+00 0.000000000000e+00
2873 9.672171495383e-02 -1.000000000000e+00 0.000000000000e+00
2874 9.675539208299e-02 -1.000000000000e+00 0.000000000000e+00
2875 9.678906921216e-02 -1.000000000000e+00 0.000000000000e+00
2876 9.682274634132e-02 -1.000000000000e+00 0.000000000000e+00
2877 9.685642347048e-02 -1.000000000000e+00 0.000000000000e+00
2878 9.689010059964e-02 -1.000000000000e+00 0.000000000000e+00
2879 9.692377772880e-02 -1.000000000000e+00 0.000000000000e+00
2880 9.695745485797e-02 -1.000000000000e+00 0.000000000000e+00
2881 9.699113198713e-02 -1.000000000000e+00 0.000000000000e+00
2882 9.702480911629e-02 -1.000000000000e+00 0.000000000000e+00
2883 9.705848624545e-02 -1.000000000000e+00 0.000000000000e+00
2884 9.709216337462e-02 -1.000000000000e+00 0.000000000000e+00
2885 9.712584050378e-02 -1.000000000000e+00 0.000000000000e+00
2886 9.715951763294e-02 -1.000000000000e+00 0.000000000000e+00
2887 9.719319476210e-02 -1.000000000000e+00 0.000000000000e+00
2888 9.722687189126e-02 -1.000000000000e+00 0.000000000000e+00
2889 9.726054902043e-02 -1.000000000000e+00 0.000000000000e+00
2890 9.729422614959e-02 -1.000000000000e+00 0.000000000000e+00
2891 9.732790327875e-02 -1.000000000000e+00 0.000000000000e+00
2892 9.736158040791e-02 -1.000000000000e+00 0.000000000000e+00
2893 9.739525753707e-02 -1.000000000000e+00 0.000000000000e+00
2894 9.742893466624e-02 -1.000000000000e+00 0.000000000000e+00
2895 9.746261179540e-02 -1.000000000000e+00 0.000000000000e+00
2896 9.749628892456e-02 -1.000000000000e+00 0.000000000000e+00
2897 9.752996605372e-02 -1.000000000000e+00 0.000000000000e+00
2898 9.756364318289e-02 -1.000000000000e+00 0.000000000000e+00
2899 9.759732031205e-02 -1.000000000000e+00 0.000000000000e+00
2900 9.763099744121e-02 -1.000000000000e+00 0.000000000000e+00
2901 9.766467457037e-02 -1.000000000000e+00 0.000000000000e+00
2902 9.769835169953e-02 -1.000000000000e+00 0.000000000000e+00
2903 9.773202882870e-02 -1.000000000000e+00 0.000000000000e+00
2904 9.776570595786e-02 -1.000000000000e+00 0.000000000000e+00
2905 9.779938308702e-02 -1.000000000000e+00 0.000000000000e+00
2906 9.783306021618e-02 -1.000000000000e+00 0.000000000000e+00
2907 9.786673734535e-02 -1.000000000000e+00 0.000000000000e+00
2908 9.790041447451e-02 -1.000000000000e+00 0.000000000000e+00
2909 9.793409160367e-02 -1.000000000000e+00 0.000000000000e+00
2910 9.796776873283e-02 -1.000000000000e+00 0.000000000000e+00
2911 9.800144586199e-02 -1.000000000000e+00 0.000000000000e+00
2912 9.803512299116e-02 -1.000000000000e+00 0.000000000000e+00
2913 9.806880012032e-02 -1.000000000000e+00 0.000000000000e+00
2914 9.810247724948e-02 -1.000000000000e+00 0.000000000000e+00
2915 9.813615437864e-02 -1.000000000000e+00 0.000000000000e+00
2916 9.816983150781e-02 -1.000000000000e+00 0.000000000000e+00
2917 9.820350863697e-02 -1.000000000000e+00 0.000000000000e+00
2918 9.823718576613e-02 -1.000000000000e+00 0.000000000000e+00
2919 9.827086289529e-02 -1.000000000000e+00 0.000000000000e+00
2920 9.830454002445e-02 -1.000000000000e+00 0.000000000000e+00
2921 9.833821715362e-02 -1.000000000000e+00 0.000000000000e+00
2922 9.837189428278e-02 -1.000000000000e+00 0.000000000000e+00
2923 9.840557141194e-02 -1.000000000000e+00 0.000000000000e+00
2924 9.843924854110e-02 -1.000000000000e+00 0.000000000000e+00
2925 9.847292567027e-02 -1.000000000000e+00 0.000000000000e+00
2926 9.850660279943e-02 -1.000000000000e+00 0.000000000000e+00
2927 9.854027992859e-02 -1.000000000000e+00 0.000000000000e+00
2928 9.857395705775e-02 -1.000000000000e+00 0.000000000000e+00
2929 9.860763418691e-02 -1.000000000000e+00 0.000000000000e+00
2930 9.864131131608e-02 -1.000000000000e+00 0.000000000000e+00
2931 9.867498844524e-02 -1.000000000000e+00 0.000000000000e+00
2932 9.870866557440e-02 -1.000000000000e+00 0.000000000000e+00
2933 9.874234270356e-02 -1.000000000000e+00 0.000000000000e+00
2934 9.877601983273e-02 -1.000000000000e+00 0.000000000000e+00
2935 9.880969696189e-02 -1.000000000000e+00 0.000000000000e+00
2936 9.884337409105e-02 -1.000000000000e+00 0.000000000000e+00
2937 9.887705122021e-02 -1.000000000000e+00 0.000000000000e+00
2938 9.891072834937e-02 -1.000000000000e+00 0.000000000000e+00
2939 9.894440547854e-02 -1.000000000000e+00 0.000000000000e+00
2940 9.897808260770e-02 -1.000000000000e+00 0.000000000000e+00
2941 9.901175973686e-02 -1.000000000000e+00 0.000000000000e+00
2942 9.904543686602e-02 -1.000000000000e+00 0.000000000000e+00
2943 9.907911399518e-02 -1.000000000000e+00 0.000000000000e+00
2944 9.911279112435e-02 -1.000000000000e+00 0.000000000000e+00
2945 9.914646825351e-02 -1.000000000000e+00 0.000000000000e+00
2946 9.918014538267e-02 -1.000000000000e+00 0.000000000000e+00
2947 9.921382251183e-02 -1.000000000000e+00 0.000000000000e+00
2948 9.924749964100e-02 -1.000000000000e+00 0.000000000000e+00
2949 9.928117677016e-02 -1.000000000000e+00 0.000000000000e+00
2950 9.931485389932e-02 -1.000000000000e+00 0.000000000000e+00
2951 9.934853102848e-02 -1.000000000000e+00 0.000000000000e+00
2952 9.938220815764e-02 -1.000000000000e+00 0.000000000000e+00
2953 9.941588528681e-02 -1.000000000000e+00 0.000000000000e+00
2954 9.944956241597e-02 -1.000000000000e+00 0.000000000000e+00
2955 9.948323954513e-02 -1.000000000000e+00 0.000000000000e+00
2956 9.951691667429e-02 -1.000000000000e+00 0.000000000000e+00
2957 9.955059380346e-02 -1.000000000000e+00 0.000000000000e+00
2958 9.958427093262e-02 -1.000000000000e+00 0.000000000000e+00
2959 9.961794806178e-02 -1.000000000000e+00 0.000000000000e+00
2960 9.965162519094e-02 -1.000000000000e+00 0.000000000000e+00
2961 9.968530232010e-02 -1.000000000000e+00 0.000000000000e+00
2962 9.971897944927e-02 -1.000000000000e+00 0.000000000000e+00
2963 9.975265657843e-02 -1.000000000000e+00 0.000000000000e+00
2964 9.978633370759e-02 -1.000000000000e+00 0.000000000000e+00
2965 9.982001083675e-02 -1.000000000000e+00 0.000000000000e+00
2966 9.985368796592e-02 -1.000000000000e+00 0.000000000000e+00
2967 9.988736509508e-02 -1.000000000000e+00 0.000000000000e+00
2968 9.992104222424e-02 -1.000000000000e+00 0.000000000000e+00
2969 9.995471935340e-02 -1.000000000000e+00 0.000000000000e+00
2970 9.998839648256e-02 -1.000000000000e+00 0.000000000000e+00
2971 1.000220736117e-01 -1.000000000000e+00 0.000000000000e+00
2972 1.000557507409e-01 -1.000000000000e+00 0.000000000000e+00
2973 1.000894278701e-01 -1.000000000000e+00 0.000000000000e+00
2974 1.001231049992e-01 -1.000000000000e+00 0.000000000000e+00
2975 1.001567821284e-01 -1.000000000000e+00 0.000000000000e+00
2976 1.001904592575e-01 -1.000000000000e+00 0.000000000000e+00
2977 1.002241363867e-01 -1.000000000000e+00 0.000000000000e+00
2978 1.002578135159e-01 -1.000000000000e+00 0.000000000000e+00
2979 1.002914906450e-01 -1.000000000000e+00 0.000000000000e+00
2980 1.003251677742e-01 -1.000000000000e+00 0.000000000000e+00
2981 1.003588449033e-01 -1.000000000000e+00 0.000000000000e+00
2982 1.003925220325e-01 -1.000000000000e+00 0.000000000000e+00
2983 1.004261991617e-01 -1.000000000000e+00 0.000000000000e+00
2984 1.004598762908e-01 -1.000000000000e+00 0.000000000000e+00
2985 1.004935534200e-01 -1.000000000000e+00 0.000000000000e+00
2986 1.005272305492e-01 -1.000000000000e+00 0.000000000000e+00
2987 1.005609076783e-01 -1.000000000000e+00 0.000000000000e+00
2988 1.005945848075e-01 -1.000000000000e+00 0.000000000000e+00
2989 1.006282619366e-01 -1.000000000000e+00 0.000000000000e+00
2990 1.006619390658e-01 -1.000000000000e+00 0.000000000000e+00
2991 1.006956161950e-01 -1.000000000000e+00 0.000000000000e+00
2992 1.007292933241e-01 -1.000000000000e+00 0.000000000000e+00
2993 1.007629704533e-01 -1.000000000000e+00 0.000000000000e+00
2994 1.007966475825e-01 -1.000000000000e+00 0.000000000000e+00
2995 1.008303247116e-01 -1.000000000000e+00 0.000000000000e+00
2996 1.008640018408e-01 -1.000000000000e+00 0.000000000000e+00
2997 1.008976789699e-01 -1.000000000000e+00 0.000000000000e+00
2998 1.009313560991e-01 -1.000000000000e+00 0.000000000000e+00
2999 1.009650332283e-01 -1.000000000000e+00 0.000000000000e+00
3000 1.009987103574e-01 -1.000000000000e+00 0.000000000000e+00
3001 1.010323874866e-01 -1.000000000000e+00 0.000000000000e+00
3002 1.010660646158e-01 -1.000000000000e+00 0.000000000000e+00
3003 1.010997417449e-01 -1.000000000000e+00 0.000000000000e+00
3004 1.011334188741e-01 -1.000000000000e+00 0.000000000000e+00
3005 1.011670960032e-01 -1.000000000000e+00 0.000000000000e+00
3006 1.012007731324e-01 -1.000000000000e+00 0.000000000000e+00
3007 1.012344502616e-01 -1.000000000000e+00 0.000000000000e+00
3008 1.012681273907e-01 -1.000000000000e+00 0.000000000000e+00
3009 1.013018045199e-01 -1.000000000000e+00 0.000000000000e+00
3010 1.013354816491e-01 -1.000000000000e+00 0.000000000000e+00
3011 1.013691587782e-01 -1.000000000000e+00 0.000000000000e+00
3012 1.014028359074e-01 -1.000000000000e+00 0.000000000000e+00
3013 1.014365130365e-01 -1.000000000000e+00 0.000000000000e+00
3014 1.014701901657e-01 -1.000000000000e+00 0.000000000000e+00
3015 1.015038672949e-01 -1.000000000000e+00 0.000000000000e+00
3016 1.015375444240e-01 -1.000000000000e+00 0.000000000000e+00
3017 1.015712215532e-01 -1.000000000000e+00 0.000000000000e+00
3018 1.016048986823e-01 -1.000000000000e+00 0.000000000000e+00
3019 1.016385758115e-01 -1.000000000000e+00 0.000000000000e+00
3020 1.016722529407e-01 -1.000000000000e+00 0.000000000000e+00
3021 1.017059300698e-01 -1.000000000000e+00 0.000000000000e+00
3022 1.017396071990e-01 -1.000000000000e+00 0.000000000000e+00
3023 1.017732843282e-01 -1.000000000000e+00 0.000000000000e+00
3024 1.018069614573e-01 -1.000000000000e+00 0.000000000000e+00
3025 1.018406385865e-01 -1.000000000000e+00 0.000000000000e+00
3026 1.018743157156e-01 -1.000000000000e+00 0.000000000000e+00
3027 1.019079928448e-01 -1.000000000000e+00 0.000000000000e+00
3028 1.019416699740e-01 -1.000000000000e+00 0.000000000000e+00
3029 1.019753471031e-01 -1.000000000000e+00 0.000000000000e+00
3030 1.020090242323e-01 -1.000000000000e+00 0.000000000000e+00
3031 1.020427013615e-01 -1.000000000000e+00 0.000000000000e+00
3032 1.020763784906e-01 -1.000000000000e+00 0.000000000000e+00
3033 1.021100556198e-01 -1.000000000000e+00 0.000000000000e+00
3034 1.021437327489e-01 -1.000000000000e+00 0.000000000000e+00
3035 1.021774098781e-01 -1.000000000000e+00 0.000000000000e+00
3036 1.022110870073e-01 -1.000000000000e+00 0.000000000000e+00
3037 1.022447641364e-01 -1.000000000000e+00 0.000000000000e+00
3038 1.022784412656e-01 -1.000000000000e+00 0.000000000000e+00
3039 1.023121183948e-01 -1.000000000000e+00 0.000000000000e+00
3040 1.023457955239e-01 -1.000000000000e+00 0.000000000000e+00
3041 1.023794726531e-01 -1.000000000000e+00 0.000000000000e+00
3042 1.024131497822e-01 -1.000000000000e+00 0.000000000000e+00
3043 1.024468269114e-01 -1.000000000000e+00 0.000000000000e+00
3044 1.024805040406e-01 -1.000000000000e+00 0.000000000000e+00
3045 1.025141811697e-01 -1.000000000000e+00 0.000000000000e+00
3046 1.025478582989e-01 -1.000000000000e+00 0.000000000000e+00
3047 1.025815354281e-01 -1.000000000000e+00 0.000000000000e+00
3048 1.026152125572e-01 -1.000000000000e+00 0.000000000000e+00
3049 1.026488896864e-01 -1.000000000000e+00 0.000000000000e+00
3050 1.026825668155e-01 -1.000000000000e+00 0.000000000000e+00
3051 1.027162439447e-01 -1.000000000000e+00 0.000000000000e+00
3052 1.027499210739e-01 -1.000000000000e+00 0.000000000000e+00
3053 1.027835982030e-01 -1.000000000000e+00 0.000000000000e+00
3054 1.028172753322e-01 -1.000000000000e+00 0.000000000000e+00
3055 1.028509524614e-01 -1.000000000000e+00 0.000000000000e+00
3056 1.028846295905e-01 -1.000000000000e+00 0.000000000000e+00
3057 1.029183067197e-01 -1.000000000000e+00 0.000000000000e+00
3058 1.029519838488e-01 -1.000000000000e+00 0.000000000000e+00
3059 1.029856609780e-01 -1.000000000000e+00 0.000000000000e+00
3060 1.030193381072e-01 -1.000000000000e+00 0.000000000000e+00
3061 1.030530152363e-01 -1.000000000000e+00 0.000000000000e+00
3062 1.030866923655e-01 -1.000000000000e+00 0.000000000000e+00
3063 1.031203694946e-01 -1.000000000000e+00 0.000000000000e+00
3064 1.031540466238e-01 -1.000000000000e+00 0.000000000000e+00
3065 1.031877237530e-01 -1.000000000000e+00 0.000000000000e+00
3066 1.032214008821e-01 -1.000000000000e+00 0.000000000000e+00
3067 1.032550780113e-01 -1.000000000000e+00 0.000000000000e+00
3068 1.032887551405e-01 -1.000000000000e+00 0.000000000000e+00
3069 1.033224322696e-01 -1.000000000000e+00 0.000000000000e+00
3070 1.033561093988e-01 -1.000000000000e+00 0.000000000000e+00
3071 1.033897865279e-01 -1.000000000000e+00 0.000000000000e+00
3072 1.034234636571e-01 -1.000000000000e+00 0.000000000000e+00
3073 1.034571407863e-01 -1.000000000000e+00 0.000000000000e+00
3074 1.034908179154e-01 -1.000000000000e+00 0.000000000000e+00
3075 1.035244950446e-01 -1.000000000000e+00 0.000000000000e+00
3076 1.035581721738e-01 -1.000000000000e+00 0.000000000000e+00
3077 1.035918493029e-01 -1.000000000000e+00 0.000000000000e+00
3078 1.036255264321e-01 -1.000000000000e+00 0.000000000000e+00
3079 1.036592035612e-01 -1.000000000000e+00 0.000000000000e+00
3080 1.036928806904e-01 -1.000000000000e+00 0.000000000000e+00
3081 1.037265578196e-01 -1.000000000000e+00 0.000000000000e+00
3082 1.037602349487e-01 -1.000000000000e+00 0.000000000000e+00
3083 1.037939120779e-01 -1.000000000000e+00 0.000000000000e+00
3084 1.038275892071e-01 -1.000000000000e+00 0.000000000000e+00
3085 1.038612663362e-01 -1.000000000000e+00 0.000000000000e+00
3086 1.038949434654e-01 -1.000000000000e+00 0.000000000000e+00
3087 1.039286205945e-01 -1.000000000000e+00 0.000000000000e+00
3088 1.039622977237e-01 -1.000000000000e+00 0.000000000000e+00
3089 1.039959748529e-01 -1.000000000000e+00 0.000000000000e+00
3090 1.040296519820e-01 -1.000000000000e+00 0.000000000000e+00
3091 1.040633291112e-01 -1.000000000000e+00 0.000000000000e+00
3092 1.040970062404e-01 -1.000000000000e+00 0.000000000000e+00
3093 1.041306833695e-01 -1.000000000000e+00 0.000000000000e+00
3094 1.041643604987e-01 -1.000000000000e+00 0.000000000000e+00
3095 1.041980376278e-01 -1.000000000000e+00 0.000000000000e+00
3096 1.042317147570e-01 -1.000000000000e+00 0.000000000000e+00
3097 1.042653918862e-01 -1.000000000000e+00 0.000000000000e+00
3098 1.042990690153e-01 -1.000000000000e+00 0.000000000000e+00
3099 1.043327461445e-01 -1.000000000000e+00 0.000000000000e+00
3100 1.043664232736e-01 -1.000000000000e+00 0.000000000000e+00
3101 1.044001004028e-01 -1.000000000000e+00 0.000000000000e+00
3102 1.044337775320e-01 -1.000000000000e+00 0.000000000000e+00
3103 1.044674546611e-01 -1.000000000000e+00 0.000000000000e+00
3104 1.045011317903e-01 -1.000000000000e+00 0.000000000000e+00
3105 1.045348089195e-01 -1.000000000000e+00 0.000000000000e+00
3106 1.045684860486e-01 -1.000000000000e+00 0.000000000000e+00
3107 1.046021631778e-01 -1.000000000000e+00 0.000000000000e+00
3108 1.046358403069e-01 -1.000000000000e+00 0.000000000000e+00
3109 1.046695174361e-01 -1.000000000000e+00 0.000000000000e+00
3110 1.047031945653e-01 -1.000000000000e+00 0.000000000000e+00
3111 1.047368716944e-01 -1.000000000000e+00 0.000000000000e+00
3112 1.047705488236e-01 -1.000000000000e+00 0.000000000000e+00
3113 1.048042259528e-01 -1.000000000000e+00 0.000000000000e+00
3114 1.048379030819e-01 -1.000000000000e+00 0.000000000000e+00
3115 1.048715802111e-01 -1.000000000000e+00 0.000000000000e+00
3116 1.049052573402e-01 -1.000000000000e+00 0.000000000000e+00
3117 1.049389344694e-01 -1.000000000000e+00 0.000000000000e+00
3118 1.049726115986e-01 -1.000000000000e+00 0.000000000000e+00
3119 1.050062887277e-01 -1.000000000000e+00 0.000000000000e+00
3120 1.050399658569e-01 -1.000000000000e+00 0.000000000000e+00
3121 1.050736429861e-01 -1.000000000000e+00 0.000000000000e+00
3122 1.051073201152e-01 -1.000000000000e+00 0.000000000000e+00
3123 1.051409972444e-01 -1.000000000000e+00 0.000000000000e+00
3124 1.051746743735e-01 -1.000000000000e+00 0.000000000000e+00
3125 1.052083515027e-01 -1.000000000000e+00 0.000000000000e+00
3126 1.052420286319e-01 -1.000000000000e+00 0.000000000000e+00
3127 1.052757057610e-01 -1.000000000000e+00 0.000000000000e+00
3128 1.053093828902e-01 -1.000000000000e+00 0.000000000000e+00
3129 1.053430600194e-01 -1.000000000000e+00 0.000000000000e+00
3130 1.053767371485e-01 -1.000000000000e+00 0.000000000000e+00
3131 1.054104142777e-01 -1.000000000000e+00 0.000000000000e+00
3132 1.054440914068e-01 -1.000000000000e+00 0.000000000000e+00
3133 1.054777685360e-01 -1.000000000000e+00 0.000000000000e+00
3134 1.055114456652e-01 -1.000000000000e+00 0.000000000000e+00
3135 1.055451227943e-01 -1.000000000000e+00 0.000000000000e+00
3136 1.055787999235e-01 -1.000000000000e+00 0.000000000000e+00
3137 1.056124770527e-01 -1.000000000000e+00 0.000000000000e+00
3138 1.056461541818e-01 -1.000000000000e+00 0.000000000000e+00
3139 1.056798313110e-01 -1.000000000000e+00 0.000000000000e+00
3140 1.057135084401e-01 -1.000000000000e+00 0.000000000000e+00
3141 1.057471855693e-01 -1.000000000000e+00 0.000000000000e+00
3142 1.057808626985e-01 -1.000000000000e+00 0.000000000000e+00
3143 1.058145398276e-01 -1.000000000000e+00 0.000000000000e+00
3144 1.058482169568e-01 -1.000000000000e+00 0.000000000000e+00
3145 1.058818940859e-01 -1.000000000000e+00 0.000000000000e+00
3146 1.059155712151e-01 -1.000000000000e+00 0.000000000000e+00
3147 1.059492483443e-01 -1.000000000000e+00 0.000000000000e+00
3148 1.059829254734e-01 -1.000000000000e+00 0.000000000000e+00
3149 1.060166026026e-01 -1.000000000000e+00 0.000000000000e+00
3150 1.060502797318e-01 -1.000000000000e+00 0.000000000000e+00
3151 1.060839568609e-01 -1.000000000000e+00 0.000000000000e+00
3152 1.061176339901e-01 -1.000000000000e+00 0.000000000000e+00
3153 1.061513111192e-01 -1.000000000000e+00 0.000000000000e+00
3154 1.061849882484e-01 -1.000000000000e+00 0.000000000000e+00
3155 1.062186653776e-01 -1.000000000000e+00 0.000000000000e+00
3156 1.062523425067e-01 -1.000000000000e+00 0.000000000000e+00
3157 1.062860196359e-01 -1.000000000000e+00 0.000000000000e+00
3158 1.063196967651e-01 -1.000000000000e+00 0.000000000000e+00
3159 1.063533738942e-01 -1.000000000000e+00 0.000000000000e+00
3160 1.063870510234e-01 -1.000000000000e+00 0.000000000000e+00
3161 1.064207281525e-01 -1.000000000000e+00 0.000000000000e+00
3162 1.064544052817e-01 -1.000000000000e+00 0.000000000000e+00
3163 1.064880824109e-01 -1.000000000000e+00 0.000000000000e+00
3164 1.065217595400e-01 -1.000000000000e+00 0.000000000000e+00
3165 1.065554366692e-01 -1.000000000000e+00 0.000000000000e+00
3166 1.065891137984e-01 -1.000000000000e+00 0.000000000000e+00
3167 1.066227909275e-01 -1.000000000000e+00 0.000000000000e+00
3168 1.066564680567e-01 -1.000000000000e+00 0.000000000000e+00
3169 1.066901451858e-01 -1.000000000000e+00 0.000000000000e+00
3170 1.067238223150e-01 -1.000000000000e+00 0.000000000000e+00
3171 1.067574994442e-01 -1.000000000000e+00 0.000000000000e+00
3172 1.067911765733e-01 -1.000000000000e+00 0.000000000000e+00
3173 1.068248537025e-01 -1.000000000000e+00 0.000000000000e+00
3174 1.068585308317e-01 -1.000000000000e+00 0.000000000000e+00
3175 1.068922079608e-01 -1.000000000000e+00 0.000000000000e+00
3176 1.069258850900e-01 -1.000000000000e+00 0.000000000000e+00
3177 1.069595622191e-01 -1.000000000000e+00 0.000000000000e+00
3178 1.069932393483e-01 -1.000000000000e+00 0.000000000000e+00
3179 1.070269164775e-01 -1.000000000000e+00 0.000000000000e+00
3180 1.070605936066e-01 -1.000000000000e+00 0.000000000000e+00
3181 1.070942707358e-01 -1.000000000000e+00 0.000000000000e+00
3182 1.071279478649e-01 -1.000000000000e+00 0.000000000000e+00
3183 1.071616249941e-01 -1.000000000000e+00 0.000000000000e+00
3184 1.071953021233e-01 -1.000000000000e+00 0.000000000000e+00
3185 1.072289792524e-01 -1.000000000000e+00 0.000000000000e+00
3186 1.072626563816e-01 -1.000000000000e+00 0.000000000000e+00
3187 1.072963335108e-01 -1.000000000000e+00 0.000000000000e+00
3188 1.073300106399e-01 -1.000000000000e+00 0.000000000000e+00
3189 1.073636877691e-01 -1.000000000000e+00 0.000000000000e+00
3190 1.073973648982e-01 -1.000000000000e+00 0.000000000000e+00
3191 1.074310420274e-01 -1.000000000000e+00 0.000000000000e+00
3192 1.074647191566e-01 -1.000000000000e+00 0.000000000000e+00
3193 1.074983962857e-01 -1.000000000000e+00 0.000000000000e+00
3194 1.075320734149e-01 -1.000000000000e+00 0.000000000000e+00
3195 1.075657505441e-01 -1.000000000000e+00 0.000000000000e+00
3196 1.075994276732e-01 -1.000000000000e+00 0.000000000000e+00
3197 1.076331048024e-01 -1.000000000000e+00 0.000000000000e+00
3198 1.076667819315e-01 -1.000000000000e+00 0.000000000000e+00
3199 1.077004590607e-01 -1.000000000000e+00 0.000000000000e+00
3200 1.077341361899e-01 -1.000000000000e+00 0.000000000000e+00
3201 1.077678133190e-01 -1.000000000000e+00 0.000000000000e+00
3202 1.078014904482e-01 -1.000000000000e+00 0.000000000000e+00
3203 1.078351675774e-01 -1.000000000000e+00 0.000000000000e+00
3204 1.078688447065e-01 -1.000000000000e+00 0.000000000000e+00
3205 1.079025218357e-01 -1.000000000000e+00 0.000000000000e+00
3206 1.079361989648e-01 -1.000000000000e+00 0.000000000000e+00
3207 1.079698760940e-01 -1.000000000000e+00 0.000000000000e+00
3208 1.080035532232e-01 -1.000000000000e+00 0.000000000000e+00
3209 1.080372303523e-01 -1.000000000000e+00 0.000000000000e+00
3210 1.080709074815e-01 -1.000000000000e+00 0.000000000000e+00
3211 1.081045846107e-01 -1.000000000000e+00 0.000000000000e+00
3212 1.081382617398e-01 -1.000000000000e+00 0.000000000000e+00
3213 1.081719388690e-01 -1.000000000000e+00 0.000000000000e+00
3214 1.082056159981e-01 -1.000000000000e+00 0.000000000000e+00
3215 1.082392931273e-01 -1.000000000000e+00 0.000000000000e+00
3216 1.082729702565e-01 -1.000000000000e+00 0.000000000000e+00
3217 1.083066473856e-01 -1.000000000000e+00 0.000000000000e+00
3218 1.083403245148e-01 -1.000000000000e+00 0.000000000000e+00
3219 1.083740016440e-01 -1.000000000000e+00 0.000000000000e+00
3220 1.084076787731e-01 -1.000000000000e+00 0.000000000000e+00
3221 1.084413559023e-01 -1.000000000000e+00 0.000000000000e+00
3222 1.084750330314e-01 -1.000000000000e+00 0.000000000000e+00
3223 1.085087101606e-01 -1.000000000000e+00 0.000000000000e+00
3224 1.085423872898e-01 -1.000000000000e+00 0.000000000000e+00
3225 1.085760644189e-01 -1.000000000000e+00 0.000000000000e+00
3226 1.086097415481e-01 -1.000000000000e+00 0.000000000000e+00
3227 1.086434186772e-01 -1.000000000000e+00 0.000000000000e+00
3228 1.086770958064e-01 -1.000000000000e+00 0.000000000000e+00
3229 1.087107729356e-01 -1.000000000000e+00 0.000000000000e+00
3230 1.087444500647e-01 -1.000000000000e+00 0.000000000000e+00
3231 1.087781271939e-01 -1.000000000000e+00 0.000000000000e+00
3232 1.088118043231e-01 -1.000000000000e+00 0.000000000000e+00
3233 1.088454814522e-01 -1.000000000000e+00 0.000000000000e+00
3234 1.088791585814e-01 -1.000000000000e+00 0.000000000000e+00
3235 1.089128357105e-01 -1.000000000000e+00 0.000000000000e+00
3236 1.089465128397e-01 -1.000000000000e+00 0.000000000000e+00
3237 1.089801899689e-01 -1.000000000000e+00 0.000000000000e+00
3238 1.090138670980e-01 -1.000000000000e+00 0.000000000000e+00
3239 1.090475442272e-01 -1.000000000000e+00 0.000000000000e+00
3240 1.090812213564e-01 -1.000000000000e+00 0.000000000000e+00
3241 1.091148984855e-01 -1.000000000000e+00 0.000000000000e+00
3242 1.091485756147e-01 -1.000000000000e+00 0.000000000000e+00
3243 1.091822527438e-01 -1.000000000000e+00 0.000000000000e+00
3244 1.092159298730e-01 -1.000000000000e+00 0.000000000000e+00
3245 1.092496070022e-01 -1.000000000000e+00 0.000000000000e+00
3246 1.092832841313e-01 -1.000000000000e+00 0.000000000000e+00
3247 1.093169612605e-01 -1.000000000000e+00 0.000000000000e+00
3248 1.093506383897e-01 -1.000000000000e+00 0.000000000000e+00
3249 1.093843155188e-01 -1.000000000000e+00 0.000000000000e+00
3250 1.094179926480e-01 -1.000000000000e+00 0.000000000000e+00
3251 1.094516697771e-01 -1.000000000000e+00 0.000000000000e+00
3252 1.094853469063e-01 -1.000000000000e+00 0.000000000000e+00
3253 1.095190240355e-01 -1.000000000000e+00 0.000000000000e+00
3254 1.095527011646e-01 -1.000000000000e+00 0.000000000000e+00
3255 1.095863782938e-01 -1.000000000000e+00 0.000000000000e+00
3256 1.096200554230e-01 -1.000000000000e+00 0.000000000000e+00
3257 1.096537325521e-01 -1.000000000000e+00 0.000000000000e+00
3258 1.096874096813e-01 -1.000000000000e+00 0.000000000000e+00
3259 1.097210868104e-01 -1.000000000000e+00 0.000000000000e+00
3260 1.097547639396e-01 -1.000000000000e+00 0.000000000000e+00
3261 1.097884410688e-01 -1.000000000000e+00 0.000000000000e+00
3262 1.098221181979e-01 -1.000000000000e+00 0.000000000000e+00
3263 1.098557953271e-01 -1.000000000000e+00 0.000000000000e+00
3264 1.098894724563e-01 -1.000000000000e+00 0.000000000000e+00
3265 1.099231495854e-01 -1.000000000000e+00 0.000000000000e+00
3266 1.099568267146e-01 -1.000000000000e+00 0.000000000000e+00
3267 1.099905038437e-01 -1.000000000000e+00 0.000000000000e+00
3268 1.100241809729e-01 -1.000000000000e+00 0.000000000000e+00
3269 1.100578581021e-01 -1.000000000000e+00 0.000000000000e+00
3270 1.100915352312e-01 -1.000000000000e+00 0.000000000000e+00
3271 1.101252123604e-01 -1.000000000000e+00 0.000000000000e+00
3272 1.101588894895e-01 -1.000000000000e+00 0.000000000000e+00
3273 1.101925666187e-01 -1.000000000000e+00 0.000000000000e+00
3274 1.102262437479e-01 -1.000000000000e+00 0.000000000000e+00
3275 1.102599208770e-01 -1.000000000000e+00 0.000000000000e+00
3276 1.102935980062e-01 -1.000000000000e+00 0.000000000000e+00
3277 1.103272751354e-01 -1.000000000000e+00 0.000000000000e+00
3278 1.103609522645e-01 -1.000000000000e+00 0.000000000000e+00
3279 1.103946293937e-01 -1.000000000000e+00 0.000000000000e+00
3280 1.104283065228e-01 -1.000000000000e+00 0.000000000000e+00
3281 1.104619836520e-01 -1.000000000000e+00 0.000000000000e+00
3282 1.104956607812e-01 -1.000000000000e+00 0.000000000000e+00
3283 1.105293379103e-01 -1.000000000000e+00 0.000000000000e+00
3284 1.105630150395e-01 -1.000000000000e+00 0.000000000000e+00
3285 1.105966921687e-01 -1.000000000000e+00 0.000000000000e+00
3286 1.106303692978e-01 -1.000000000000e+00 0.000000000000e+00
3287 1.106640464270e-01 -1.000000000000e+00 0.000000000000e+00
3288 1.106977235561e-01 -1.000000000000e+00 0.000000000000e+00
3289 1.107314006853e-01 -1.000000000000e+00 0.000000000000e+00
3290 1.107650778145e-01 -1.000000000000e+00 0.000000000000e+00
3291 1.107987549436e-01 -1.000000000000e+00 0.000000000000e+00
3292 1.108324320728e-01 -1.000000000000e+00 0.000000000000e+00
3293 1.108661092020e-01 -1.000000000000e+00 0.000000000000e+00
3294 1.108997863311e-01 -1.000000000000e+00 0.000000000000e+00
3295 1.109334634603e-01 -1.000000000000e+00 0.000000000000e+00
3296 1.109671405894e-01 -1.000000000000e+00 0.000000000000e+00
3297 1.110008177186e-01 -1.000000000000e+00 0.000000000000e+00
3298 1.110344948478e-01 -1.000000000000e+00 0.000000000000e+00
3299 1.110681719769e-01 -1.000000000000e+00 0.000000000000e+00
3300 1.111018491061e-01 -1.000000000000e+00 0.000000000000e+00
3301 1.111355262353e-01 -1.000000000000e+00 0.000000000000e+00
3302 1.111692033644e-01 -1.000000000000e+00 0.000000000000e+00
3303 1.112028804936e-01 -1.000000000000e+00 0.000000000000e+00
3304 1.112365576227e-01 -1.000000000000e+00 0.000000000000e+00
3305 1.112702347519e-01 -1.000000000000e+00 0.000000000000e+00
3306 1.113039118811e-01 -1.000000000000e+00 0.000000000000e+00
3307 1.113375890102e-01 -1.000000000000e+00 0.000000000000e+00
3308 1.113712661394e-01 -1.000000000000e+00 0.000000000000e+00
3309 1.114049432685e-01 -1.000000000000e+00 0.000000000000e+00
3310 1.114386203977e-01 -1.000000000000e+00 0.000000000000e+00
3311 1.114722975269e-01 -1.000000000000e+00 0.000000000000e+00
3312 1.115059746560e-01 -1.000000000000e+00 0.000000000000e+00
3313 1.115396517852e-01 -1.000000000000e+00 0.000000000000e+00
3314 1.115733289144e-01 -1.000000000000e+00 0.000000000000e+00
3315 1.116070060435e-01 -1.000000000000e+00 0.000000000000e+00
3316 1.116406831727e-01 -1.000000000000e+00 0.000000000000e+00
3317 1.116743603018e-01 -1.000000000000e+00 0.000000000000e+00
3318 1.117080374310e-01 -1.000000000000e+00 0.000000000000e+00
3319 1.117417145602e-01 -1.000000000000e+00 0.000000000000e+00
3320 1.117753916893e-01 -1.000000000000e+00 0.000000000000e+00
3321 1.118090688185e-01 -1.000000000000e+00 0.000000000000e+00
3322 1.118427459477e-01 -1.000000000000e+00 0.000000000000e+00
3323 1.118764230768e-01 -1.000000000000e+00 0.000000000000e+00
3324 1.119101002060e-01 -1.000000000000e+00 0.000000000000e+00
3325 1.119437773351e-01 -1.000000000000e+00 0.000000000000e+00
3326 1.119774544643e-01 -1.000000000000e+00 0.000000000000e+00
3327 1.120111315935e-01 -1.000000000000e+00 0.000000000000e+00
3328 1.120448087226e-01 -1.000000000000e+00 0.000000000000e+00
3329 1.120784858518e-01 -1.000000000000e+00 0.000000000000e+00
3330 1.121121629810e-01 -1.000000000000e+00 0.000000000000e+00
3331 1.121458401101e-01 -1.000000000000e+00 0.000000000000e+00
3332 1.121795172393e-01 -1.000000000000e+00 0.000000000000e+00
3333 1.122131943684e-01 -1.000000000000e+00 0.000000000000e+00
3334 1.122468714976e-01 -9.999999999782e-01 -6.527925170335e-05
3335 1.122805486268e-01 -9.999999422525e-01 -3.362905809074e-03
3336 1.123142257559e-01 -9.999997734722e-01 -6.660531619514e-03
3337 1.123479028851e-01 -9.999994936374e-01 -9.958155950588e-03
3338 1.123815800143e-01 -9.999991027480e-01 -1.325577806986e-02
3339 1.124152571434e-01 -9.999986008043e-01 -1.655339724491e-02
3340 1.124489342726e-01 -9.999979878063e-01 -1.985101274329e-02
3341 1.124826114017e-01 -9.999972637541e-01 -2.314862383259e-02
3342 1.125162885309e-01 -9.999964286480e-01 -2.644622978036e-02
3343 1.125499656601e-01 -9.999954824880e-01 -2.974382985417e-02
3344 1.125836427892e-01 -9.999944252744e-01 -3.304142332161e-02
3345 1.126173199184e-01 -9.999932570075e-01 -3.633900945025e-02
3346 1.126509970476e-01 -9.999919776875e-01 -3.963658750766e-02
3347 1.126846741767e-01 -9.999905873147e-01 -4.293415676142e-02
3348 1.127183513059e-01 -9.999890858893e-01 -4.623171647910e-02
3349 1.127520284350e-01 -9.999874734118e-01 -4.952926592830e-02
3350 1.127857055642e-01 -9.999857498825e-01 -5.282680437659e-02
3351 1.128193826934e-01 -9.999839153017e-01 -5.612433109157e-02
3352 1.128530598225e-01 -9.999819696699e-01 -5.942184534081e-02
3353 1.128867369517e-01 -9.999799129875e-01 -6.271934639191e-02
3354 1.129204140808e-01 -9.999777452550e-01 -6.601683351247e-02
3355 1.129540912100e-01 -9.999754664728e-01 -6.931430597009e-02
3356 1.129877683392e-01 -9.999730766415e-01 -7.261176303236e-02
3357 1.130214454683e-01 -9.999705757616e-01 -7.590920396689e-02
3358 1.130551225975e-01 -9.999679638336e-01 -7.920662804129e-02
3359 1.130887997267e-01 -9.999652408581e-01 -8.250403452317e-02
3360 1.131224768558e-01 -9.999624068357e-01 -8.580142268014e-02
3361 1.131561539850e-01 -9.999594617671e-01 -8.909879177983e-02
3362 1.131898311141e-01 -9.999564056529e-01 -9.239614108985e-02
3363 1.132235082433e-01 -9.999532384938e-01 -9.569346987785e-02
3364 1.132571853725e-01 -9.999499602904e-01 -9.899077741144e-02
3365 1.132908625016e-01 -9.999465710436e-01 -1.022880629583e-01
3366 1.133245396308e-01 -9.999430707541e-01 -1.055853257860e-01
3367 1.133582167600e-01 -9.999394594226e-01 -1.088825651622e-01
3368 1.133918938891e-01 -9.999357370499e-01 -1.121797803547e-01
3369 1.134255710183e-01 -9.999319036370e-01 -1.154769706309e-01
3370 1.134592481474e-01 -9.999279591845e-01 -1.187741352587e-01
3371 1.134929252766e-01 -9.999239036935e-01 -1.220712735056e-01
3372 1.135266024058e-01 -9.999197371647e-01 -1.253683846394e-01
3373 1.135602795349e-01 -9.999154595992e-01 -1.286654679277e-01
3374 1.135939566641e-01 -9.999110709979e-01 -1.319625226382e-01
3375 1.136276337933e-01 -9.999065713617e-01 -1.352595480387e-01
3376 1.136613109224e-01 -9.999019606917e-01 -1.385565433967e-01
3377 1.136949880516e-01 -9.998972389888e-01 -1.418535079801e-01
3378 1.137286651807e-01 -9.998924062542e-01 -1.451504410565e-01
3379 1.137623423099e-01 -9.998874624889e-01 -1.484473418937e-01
3380 1.137960194391e-01 -9.998824076940e-01 -1.517442097593e-01
3381 1.138296965682e-01 -9.998772418706e-01 -1.550410439211e-01
3382 1.138633736974e-01 -9.998719650198e-01 -1.583378436469e-01
3383 1.138970508266e-01 -9.998665771429e-01 -1.616346082045e-01
3384 1.139307279557e-01 -9.998610782411e-01 -1.649313368614e-01
3385 1.139644050849e-01 -9.998554683155e-01 -1.682280288857e-01
3386 1.139980822140e-01 -9.998497473674e-01 -1.715246835449e-01
3387 1.140317593432e-01 -9.998439153981e-01 -1.748213001069e-01
3388 1.140654364724e-01 -9.998379724088e-01 -1.781178778395e-01
3389 1.140991136015e-01 -9.998319184010e-01 -1.814144160105e-01
3390 1.141327907307e-01 -9.998257533758e-01 -1.847109138876e-01
3391 1.141664678598e-01 -9.998194773348e-01 -1.880073707388e-01
3392 1.142001449890e-01 -9.998130902793e-01 -1.913037858318e-01
3393 1.142338221182e-01 -9.998065922107e-01 -1.946001584345e-01
3394 1.142674992473e-01 -9.997999831304e-01 -1.978964878147e-01
3395 1.143011763765e-01 -9.997932630400e-01 -2.011927732403e-01
3396 1.143348535057e-01 -9.997864319409e-01 -2.044890139791e-01
3397 1.143685306348e-01 -9.997794898346e-01 -2.077852092990e-01
3398 1.144022077640e-01 -9.997724367228e-01 -2.110813584679e-01
3399 1.144358848931e-01 -9.997652726068e-01 -2.143774607537e-01
3400 1.144695620223e-01 -9.997579974884e-01 -2.176735154243e-01
3401 1.145032391515e-01 -9.997506113692e-01 -2.209695217476e-01
3402 1.145369162806e-01 -9.997431142507e-01 -2.242654789915e-01
3403 1.145705934098e-01 -9.997355061347e-01 -2.275613864240e-01
3404 1.146042705390e-01 -9.997277870229e-01 -2.308572433130e-01
3405 1.146379476681e-01 -9.997199569169e-01 -2.341530489266e-01
3406 1.146716247973e-01 -9.997120158185e-01 -2.374488025325e-01
3407 1.147053019264e-01 -9.997039637295e-01 -2.407445033989e-01
3408 1.147389790556e-01 -9.996958006517e-01 -2.440401507938e-01
3409 1.147726561848e-01 -9.996875265868e-01 -2.473357439851e-01
3410 1.148063333139e-01 -9.996791415367e-01 -2.506312822408e-01
3411 1.148400104431e-01 -9.996706455033e-01 -2.539267648290e-01
3412 1.148736875723e-01 -9.996620384884e-01 -2.572221910178e-01
3413 1.149073647014e-01 -9.996533204940e-01 -2.605175600751e-01
3414 1.149410418306e-01 -9.996444915220e-01 -2.638128712691e-01
3415 1.149747189597e-01 -9.996355515744e-01 -2.671081238678e-01
3416 1.150083960889e-01 -9.996265006531e-01 -2.704033171394e-01
3417 1.150420732181e-01 -9.996173387602e-01 -2.736984503519e-01
3418 1.150757503472e-01 -9.996080658977e-01 -2.769935227734e-01
3419 1.151094274764e-01 -9.995986820676e-01 -2.802885336722e-01
3420 1.151431046056e-01 -9.995891872721e-01 -2.835834823163e-01
3421 1.151767817347e-01 -9.995795815132e-01 -2.868783679739e-01
3422 1.152104588639e-01 -9.995698647931e-01 -2.901731899131e-01
3423 1.152441359930e-01 -9.995600371139e-01 -2.934679474023e-01
3424 1.152778131222e-01 -9.995500984779e-01 -2.967626397095e-01
3425 1.153114902514e-01 -9.995400488871e-01 -3.000572661029e-01
3426 1.153451673805e-01 -9.995298883440e-01 -3.033518258509e-01
3427 1.153788445097e-01 -9.995196168507e-01 -3.066463182217e-01
3428 1.154125216389e-01 -9.995092344094e-01 -3.099407424835e-01
3429 1.154461987680e-01 -9.994987410226e-01 -3.132350979047e-01
3430 1.154798758972e-01 -9.994881366925e-01 -3.165293837534e-01
3431 1.155135530263e-01 -9.994774214215e-01 -3.198235992980e-01
3432 1.155472301555e-01 -9.994665952120e-01 -3.231177438069e-01
3433 1.155809072847e-01 -9.994556580663e-01 -3.264118165484e-01
3434 1.156145844138e-01 -9.994446099870e-01 -3.297058167908e-01
3435 1.156482615430e-01 -9.994334509764e-01 -3.329997438025e-01
3436 1.156819386721e-01 -9.994221810370e-01 -3.362935968518e-01
3437 1.157156158013e-01 -9.994108001714e-01 -3.395873752073e-01
3438 1.157492929305e-01 -9.993993083821e-01 -3.428810781373e-01
3439 1.157829700596e-01 -9.993877056716e-01 -3.461747049103e-01
3440 1.158166471888e-01 -9.993759920425e-01 -3.494682547947e-01
3441 1.158503243180e-01 -9.993641674973e-01 -3.527617270590e-01
3442 1.158840014471e-01 -9.993522320388e-01 -3.560551209716e-01
3443 1.159176785763e-01 -9.993401856696e-01 -3.593484358012e-01
3444 1.159513557054e-01 -9.993280283924e-01 -3.626416708161e-01
3445 1.159850328346e-01 -9.993157602098e-01 -3.659348252850e-01
3446 1.160187099638e-01 -9.993033811245e-01 -3.692278984764e-01
3447 1.160523870929e-01 -9.992908911394e-01 -3.725208896589e-01
3448 1.160860642221e-01 -9.992782902572e-01 -3.758137981011e-01
3449 1.161197413513e-01 -9.992655784807e-01 -3.791066230715e-01
3450 1.161534184804e-01 -9.992527558127e-01 -3.823993638389e-01
3451 1.161870956096e-01 -9.992398222561e-01 -3.856920196719e-01
3452 1.162207727387e-01 -9.992267778138e-01 -3.889845898392e-01
3453 1.162544498679e-01 -9.992136224886e-01 -3.922770736094e-01
3454 1.162881269971e-01 -9.992003562834e-01 -3.955694702512e-01
3455 1.163218041262e-01 -9.991869792013e-01 -3.988617790335e-01
3456 1.163554812554e-01 -9.991734912451e-01 -4.021539992248e-01
3457 1.163891583846e-01 -9.991598924179e-01 -4.054461300941e-01
3458 1.164228355137e-01 -9.991461827227e-01 -4.087381709100e-01
3459 1.164565126429e-01 -9.991323621626e-01 -4.120301209415e-01
3460 1.164901897720e-01 -9.991184307406e-01 -4.153219794572e-01
3461 1.165238669012e-01 -9.991043884597e-01 -4.186137457262e-01
3462 1.165575440304e-01 -9.990902353232e-01 -4.219054190171e-01
3463 1.165912211595e-01 -9.990759713342e-01 -4.251969985990e-01
3464 1.166248982887e-01 -9.990615964958e-01 -4.284884837408e-01
3465 1.166585754179e-01 -9.990471108112e-01 -4.317798737113e-01
3466 1.166922525470e-01 -9.990325142837e-01 -4.350711677795e-01
3467 1.167259296762e-01 -9.990178069165e-01 -4.383623652144e-01
3468 1.167596068053e-01 -9.990029887128e-01 -4.416534652850e-01
3469 1.167932839345e-01 -9.989880596760e-01 -4.449444672603e-01
3470 1.168269610637e-01 -9.989730198094e-01 -4.482353704094e-01
3471 1.168606381928e-01 -9.989578691162e-01 -4.515261740012e-01
3472 1.168943153220e-01 -9.989426075999e-01 -4.548168773049e-01
3473 1.169279924511e-01 -9.989272352639e-01 -4.581074795897e-01
3474 1.169616695803e-01 -9.989117521115e-01 -4.613979801245e-01
3475 1.169953467095e-01 -9.988961581463e-01 -4.646883781786e-01
3476 1.170290238386e-01 -9.988804533716e-01 -4.679786730212e-01
3477 1.170627009678e-01 -9.988646377910e-01 -4.712688639213e-01
3478 1.170963780970e-01 -9.988487114080e-01 -4.745589501484e-01
3479 1.171300552261e-01 -9.988326742261e-01 -4.778489309715e-01
3480 1.171637323553e-01 -9.988165262489e-01 -4.811388056600e-01
3481 1.171974094844e-01 -9.988002674799e-01 -4.844285734831e-01
3482 1.172310866136e-01 -9.987838979228e-01 -4.877182337102e-01
3483 1.172647637428e-01 -9.987674175812e-01 -4.910077856106e-01
3484 1.172984408719e-01 -9.987508264588e-01 -4.942972284536e-01
3485 1.173321180011e-01 -9.987341245592e-01 -4.975865615087e-01
3486 1.173657951303e-01 -9.987173118862e-01 -5.008757840452e-01
3487 1.173994722594e-01 -9.987003884435e-01 -5.041648953326e-01
3488 1.174331493886e-01 -9.986833542349e-01 -5.074538946404e-01
3489 1.174668265177e-01 -9.986662092641e-01 -5.107427812379e-01
3490 1.175005036469e-01 -9.986489535349e-01 -5.140315543948e-01
3491 1.175341807761e-01 -9.986315870513e-01 -5.173202133806e-01
3492 1.175678579052e-01 -9.986141098169e-01 -5.206087574648e-01
3493 1.176015350344e-01 -9.985965218358e-01 -5.238971859170e-01
3494 1.176352121636e-01 -9.985788231118e-01 -5.271854980068e-01
3495 1.176688892927e-01 -9.985610136489e-01 -5.304736930039e-01
3496 1.177025664219e-01 -9.985430934510e-01 -5.337617701779e-01
3497 1.177362435510e-01 -9.985250625221e-01 -5.370497287985e-01
3498 1.177699206802e-01 -9.985069208662e-01 -5.403375681354e-01
3499 1.178035978094e-01 -9.984886684873e-01 -5.436252874583e-01
3500 1.178372749385e-01 -9.984703053895e-01 -5.469128860371e-01
3501 1.178709520677e-01 -9.984518315769e-01 -5.502003631415e-01
3502 1.179046291969e-01 -9.984332470535e-01 -5.534877180414e-01
3503 1.179383063260e-01 -9.984145518235e-01 -5.567749500065e-01
3504 1.179719834552e-01 -9.983957458911e-01 -5.600620583068e-01
3505 1.180056605843e-01 -9.983768292603e-01 -5.633490422122e-01
3506 1.180393377135e-01 -9.983578019355e-01 -5.666359009925e-01
3507 1.180730148427e-01 -9.983386639209e-01 -5.699226339179e-01
3508 1.181066919718e-01 -9.983194152207e-01 -5.732092402581e-01
3509 1.181403691010e-01 -9.983000558391e-01 -5.764957192833e-01
3510 1.181740462302e-01 -9.982805857805e-01 -5.797820702636e-01
3511 1.182077233593e-01 -9.982610050492e-01 -5.830682924689e-01
3512 1.182414004885e-01 -9.982413136496e-01 -5.863543851693e-01
3513 1.182750776176e-01 -9.982215115859e-01 -5.896403476351e-01
3514 1.183087547468e-01 -9.982015988627e-01 -5.929261791363e-01
3515 1.183424318760e-01 -9.981815754844e-01 -5.962118789431e-01
3516 1.183761090051e-01 -9.981614414553e-01 -5.994974463259e-01
3517 1.184097861343e-01 -9.981411967800e-01 -6.027828805547e-01
3518 1.184434632634e-01 -9.981208414630e-01 -6.060681808999e-01
3519 1.184771403926e-01 -9.981003755087e-01 -6.093533466318e-01
3520 1.185108175218e-01 -9.980797989218e-01 -6.126383770207e-01
3521 1.185444946509e-01 -9.980591117067e-01 -6.159232713369e-01
3522 1.185781717801e-01 -9.980383138682e-01 -6.192080288510e-01
3523 1.186118489093e-01 -9.980174054107e-01 -6.224926488333e-01
3524 1.186455260384e-01 -9.979963863391e-01 -6.257771305542e-01
3525 1.186792031676e-01 -9.979752566578e-01 -6.290614732843e-01
3526 1.187128802967e-01 -9.979540163716e-01 -6.323456762940e-01
3527 1.187465574259e-01 -9.979326654853e-01 -6.356297388539e-01
3528 1.187802345551e-01 -9.979112040036e-01 -6.389136602347e-01
3529 1.188139116842e-01 -9.978896319312e-01 -6.421974397068e-01
3530 1.188475888134e-01 -9.978679492730e-01 -6.454810765410e-01
3531 1.188812659426e-01 -9.978461560336e-01 -6.487645700079e-01
3532 1.189149430717e-01 -9.978242522181e-01 -6.520479193782e-01
3533 1.189486202009e-01 -9.978022378313e-01 -6.553311239227e-01
3534 1.189822973300e-01 -9.977801128780e-01 -6.586141829121e-01
3535 1.190159744592e-01 -9.977578773631e-01 -6.618970956172e-01
3536 1.190496515884e-01 -9.977355312916e-01 -6.651798613089e-01
3537 1.190833287175e-01 -9.977130746686e-01 -6.684624792581e-01
3538 1.191170058467e-01 -9.976905074988e-01 -6.717449487356e-01
3539 1.191506829759e-01 -9.976678297874e-01 -6.750272690123e-01
3540 1.191843601050e-01 -9.976450415394e-01 -6.783094393593e-01
3541 1.192180372342e-01 -9.976221427599e-01 -6.815914590475e-01
3542 1.192517143633e-01 -9.975991334539e-01 -6.848733273480e-01
3543 1.192853914925e-01 -9.975760136266e-01 -6.881550435319e-01
3544 1.193190686217e-01 -9.975527832831e-01 -6.914366068701e-01
3545 1.193527457508e-01 -9.975294424285e-01 -6.947180166340e-01
3546 1.193864228800e-01 -9.975059910681e-01 -6.979992720946e-01
3547 1.194201000092e-01 -9.974824292070e-01 -7.012803725231e-01
3548 1.194537771383e-01 -9.974587568504e-01 -7.045613171908e-01
3549 1.194874542675e-01 -9.974349740037e-01 -7.078421053689e-01
3550 1.195211313966e-01 -9.974110806722e-01 -7.111227363289e-01
3551 1.195548085258e-01 -9.973870768610e-01 -7.144032093419e-01
3552 1.195884856550e-01 -9.973629625757e-01 -7.176835236794e-01
3553 1.196221627841e-01 -9.973387378214e-01 -7.209636786127e-01
3554 1.196558399133e-01 -9.973144026036e-01 -7.242436734135e-01
3555 1.196895170424e-01 -9.972899569277e-01 -7.275235073530e-01
3556 1.197231941716e-01 -9.972654007992e-01 -7.308031797029e-01
3557 1.197568713008e-01 -9.972407342234e-01 -7.340826897347e-01
3558 1.197905484299e-01 -9.972159572059e-01 -7.373620367199e-01
3559 1.198242255591e-01 -9.971910697521e-01 -7.406412199303e-01
3560 1.198579026883e-01 -9.971660718677e-01 -7.439202386374e-01
3561 1.198915798174e-01 -9.971409635581e-01 -7.471990921131e-01
3562 1.199252569466e-01 -9.971157448289e-01 -7.504777796289e-01
3563 1.199589340757e-01 -9.970904156857e-01 -7.537563004567e-01
3564 1.199926112049e-01 -9.970649761342e-01 -7.570346538683e-01
3565 1.200262883341e-01 -9.970394261799e-01 -7.603128391356e-01
3566 1.200599654632e-01 -9.970137658287e-01 -7.635908555303e-01
3567 1.200936425924e-01 -9.969879950861e-01 -7.668687023246e-01
3568 1.201273197216e-01 -9.969621139579e-01 -7.701463787902e-01
3569 1.201609968507e-01 -9.969361224499e-01 -7.734238841992e-01
3570 1.201946739799e-01 -9.969100205678e-01 -7.767012178237e-01
3571 1.202283511090e-01 -9.968838083174e-01 -7.799783789357e-01
3572 1.202620282382e-01 -9.968574857045e-01 -7.832553668074e-01
3573 1.202957053674e-01 -9.968310527350e-01 -7.865321807108e-01
3574 1.203293824965e-01 -9.968045094148e-01 -7.898088199181e-01
3575 1.203630596257e-01 -9.967778557497e-01 -7.930852837017e-01
3576 1.203967367549e-01 -9.967510917457e-01 -7.963615713338e-01
3577 1.204304138840e-01 -9.967242174087e-01 -7.996376820866e-01
3578 1.204640910132e-01 -9.966972327447e-01 -8.029136152325e-01
3579 1.204977681423e-01 -9.966701377596e-01 -8.061893700440e-01
3580 1.205314452715e-01 -9.966429324596e-01 -8.094649457933e-01
3581 1.205651224007e-01 -9.966156168506e-01 -8.127403417531e-01
3582 1.205987995298e-01 -9.965881909387e-01 -8.160155571958e-01
3583 1.206324766590e-01 -9.965606547300e-01 -8.192905913938e-01
3584 1.206661537882e-01 -9.965330082306e-01 -8.225654436200e-01
3585 1.206998309173e-01 -9.965052514466e-01 -8.258401131467e-01
3586 1.207335080465e-01 -9.964773843843e-01 -8.291145992468e-01
3587 1.207671851756e-01 -9.964494070498e-01 -8.323889011929e-01
3588 1.208008623048e-01 -9.964213194493e-01 -8.356630182578e-01
3589 1.208345394340e-01 -9.963931215891e-01 -8.389369497143e-01
3590 1.208682165631e-01 -9.963648134754e-01 -8.422106948351e-01
3591 1.209018936923e-01 -9.963363951145e-01 -8.454842528932e-01
3592 1.209355708215e-01 -9.963078665127e-01 -8.487576231615e-01
3593 1.209692479506e-01 -9.962792276764e-01 -8.520308049129e-01
3594 1.210029250798e-01 -9.962504786119e-01 -8.553037974204e-01
3595 1.210366022089e-01 -9.962216193256e-01 -8.585765999570e-01
3596 1.210702793381e-01 -9.961926498239e-01 -8.618492117960e-01
3597 1.211039564673e-01 -9.961635701133e-01 -8.651216322102e-01
3598 1.211376335964e-01 -9.961343802002e-01 -8.683938604731e-01
3599 1.211713107256e-01 -9.961050800911e-01 -8.716658958576e-01
3600 1.212049878547e-01 -9.960756697925e-01 -8.749377376372e-01
3601 1.212386649839e-01 -9.960461493109e-01 -8.782093850850e-01
3602 1.212723421131e-01 -9.960165186529e-01 -8.814808374744e-01
3603 1.213060192422e-01 -9.959867778250e-01 -8.847520940789e-01
3604 1.213396963714e-01 -9.959569268340e-01 -8.880231541717e-01
3605 1.213733735006e-01 -9.959269656863e-01 -8.912940170265e-01
3606 1.214070506297e-01 -9.958968943887e-01 -8.945646819167e-01
3607 1.214407277589e-01 -9.958667129479e-01 -8.978351481158e-01
3608 1.214744048880e-01 -9.958364213705e-01 -9.011054148975e-01
3609 1.215080820172e-01 -9.958060196632e-01 -9.043754815353e-01
3610 1.215417591464e-01 -9.957755078329e-01 -9.076453473031e-01
3611 1.215754362755e-01 -9.957448858863e-01 -9.109150114745e-01
3612 1.216091134047e-01 -9.957141538302e-01 -9.141844733233e-01
3613 1.216427905339e-01 -9.956833116714e-01 -9.174537321233e-01
3614 1.216764676630e-01 -9.956523594168e-01 -9.207227871484e-01
3615 1.217101447922e-01 -9.956212970733e-01 -9.239916376725e-01
3616 1.217438219213e-01 -9.955901246477e-01 -9.272602829696e-01
3617 1.217774990505e-01 -9.955588421469e-01 -9.305287223136e-01
3618 1.218111761797e-01 -9.955274495780e-01 -9.337969549786e-01
3619 1.218448533088e-01 -9.954959469479e-01 -9.370649802388e-01
3620 1.218785304380e-01 -9.954643342636e-01 -9.403327973682e-01
3621 1.219122075672e-01 -9.954326115321e-01 -9.436004056410e-01
3622 1.219458846963e-01 -9.954007787605e-01 -9.468678043315e-01
3623 1.219795618255e-01 -9.953688359558e-01 -9.501349927140e-01
3624 1.220132389546e-01 -9.953367831251e-01 -9.534019700628e-01
3625 1.220469160838e-01 -9.953046202756e-01 -9.566687356522e-01
3626 1.220805932130e-01 -9.952723474144e-01 -9.599352887566e-01
3627 1.221142703421e-01 -9.952399645486e-01 -9.632016286507e-01
3628 1.221479474713e-01 -9.952074716854e-01 -9.664677546088e-01
3629 1.221816246005e-01 -9.951748688322e-01 -9.697336659055e-01
3630 1.222153017296e-01 -9.951421559960e-01 -9.729993618154e-01
3631 1.222489788588e-01 -9.951093331842e-01 -9.762648416133e-01
3632 1.222826559879e-01 -9.950764004041e-01 -9.795301045737e-01
3633 1.223163331171e-01 -9.950433576630e-01 -9.827951499715e-01
3634 1.223500102463e-01 -9.950102049682e-01 -9.860599770815e-01
3635 1.223836873754e-01 -9.949769423270e-01 -9.893245851784e-01
3636 1.224173645046e-01 -9.949435697470e-01 -9.925889735373e-01
3637 1.224510416337e-01 -9.949100872354e-01 -9.958531414331e-01
3638 1.224847187629e-01 -9.948764947997e-01 -9.991170881407e-01
3639 1.225183958921e-01 -9.948427924474e-01 -1.002380812935e+00
3640 1.225520730212e-01 -9.948089801860e-01 -1.005644315092e+00
3641 1.225857501504e-01 -9.947750580229e-01 -1.008907593885e+00
3642 1.226194272796e-01 -9.947410259658e-01 -1.012170648591e+00
3643 1.226531044087e-01 -9.947068840221e-01 -1.015433478485e+00
3644 1.226867815379e-01 -9.946726321995e-01 -1.018696082841e+00
3645 1.227204586670e-01 -9.946382705055e-01 -1.021958460936e+00
3646 1.227541357962e-01 -9.946037989479e-01 -1.025220612045e+00
3647 1.227878129254e-01 -9.945692175342e-01 -1.028482535442e+00
3648 1.228214900545e-01 -9.945345262721e-01 -1.031744230404e+00
3649 1.228551671837e-01 -9.944997251693e-01 -1.035005696206e+00
3650 1.228888443129e-01 -9.944648142336e-01 -1.038266932124e+00
3651 1.229225214420e-01 -9.944297934727e-01 -1.041527937433e+00
3652 1.229561985712e-01 -9.943946628945e-01 -1.044788711409e+00
3653 1.229898757003e-01 -9.943594225066e-01 -1.048049253328e+00
3654 1.230235528295e-01 -9.943240723169e-01 -1.051309562466e+00
3655 1.230572299587e-01 -9.942886123334e-01 -1.054569638098e+00
3656 1.230909070878e-01 -9.942530425637e-01 -1.057829479501e+00
3657 1.231245842170e-01 -9.942173630160e-01 -1.061089085950e+00
3658 1.231582613462e-01 -9.941815736980e-01 -1.064348456721e+00
3659 1.231919384753e-01 -9.941456746177e-01 -1.067607591091e+00
3660 1.232256156045e-01 -9.941096657832e-01 -1.070866488335e+00
3661 1.232592927336e-01 -9.940735472023e-01 -1.074125147730e+00
3662 1.232929698628e-01 -9.940373188832e-01 -1.077383568552e+00
3663 1.233266469920e-01 -9.940009808338e-01 -1.080641750077e+00
3664 1.233603241211e-01 -9.939645330623e-01 -1.083899691582e+00
3665 1.233940012503e-01 -9.939279755767e-01 -1.087157392342e+00
3666 1.234276783795e-01 -9.938913083851e-01 -1.090414851635e+00
3667 1.234613555086e-01 -9.938545314958e-01 -1.093672068737e+00
3668 1.234950326378e-01 -9.938176449168e-01 -1.096929042924e+00
3669 1.235287097669e-01 -9.937806486564e-01 -1.100185773473e+00
3670 1.235623868961e-01 -9.937435427228e-01 -1.103442259660e+00
3671 1.235960640253e-01 -9.937063271242e-01 -1.106698500763e+00
3672 1.236297411544e-01 -9.936690018688e-01 -1.109954496058e+00
3673 1.236634182836e-01 -9.936315669651e-01 -1.113210244822e+00
3674 1.236970954128e-01 -9.935940224212e-01 -1.116465746332e+00
3675 1.237307725419e-01 -9.935563682456e-01 -1.119720999865e+00
3676 1.237644496711e-01 -9.935186044465e-01 -1.122976004697e+00
3677 1.237981268002e-01 -9.934807310325e-01 -1.126230760106e+00
3678 1.238318039294e-01 -9.934427480118e-01 -1.129485265368e+00
3679 1.238654810586e-01 -9.934046553929e-01 -1.132739519762e+00
3680 1.238991581877e-01 -9.933664531844e-01 -1.135993522563e+00
3681 1.239328353169e-01 -9.933281413946e-01 -1.139247273050e+00
3682 1.239665124460e-01 -9.932897200321e-01 -1.142500770500e+00
3683 1.240001895752e-01 -9.932511891054e-01 -1.145754014190e+00
3684 1.240338667044e-01 -9.932125486231e-01 -1.149007003397e+00
3685 1.240675438335e-01 -9.931737985938e-01 -1.152259737400e+00
3686 1.241012209627e-01 -9.931349390260e-01 -1.155512215475e+00
3687 1.241348980919e-01 -9.930959699284e-01 -1.158764436899e+00
3688 1.241685752210e-01 -9.930568913096e-01 -1.162016400952e+00
3689 1.242022523502e-01 -9.930177031784e-01 -1.165268106910e+00
3690 1.242359294793e-01 -9.929784055435e-01 -1.168519554052e+00
3691 1.242696066085e-01 -9.929389984134e-01 -1.171770741654e+00
3692 1.243032837377e-01 -9.928994817971e-01 -1.175021668996e+00
3693 1.243369608668e-01 -9.928598557033e-01 -1.178272335354e+00
3694 1.243706379960e-01 -9.928201201408e-01 -1.181522740007e+00
3695 1.244043151252e-01 -9.927802751184e-01 -1.184772882233e+00
3696 1.244379922543e-01 -9.927403206450e-01 -1.188022761310e+00
3697 1.244716693835e-01 -9.927002567294e-01 -1.191272376517e+00
3698 1.245053465126e-01 -9.926600833806e-01 -1.194521727131e+00
3699 1.245390236418e-01 -9.926198006074e-01 -1.197770812430e+00
3700 1.245727007710e-01 -9.925794084189e-01 -1.201019631694e+00
3701 1.246063779001e-01 -9.925389068239e-01 -1.204268184200e+00
3702 1.246400550293e-01 -9.924982958315e-01 -1.207516469227e+00
3703 1.246737321585e-01 -9.924575754507e-01 -1.210764486054e+00
3704 1.247074092876e-01 -9.924167456906e-01 -1.214012233959e+00
3705 1.247410864168e-01 -9.923758065601e-01 -1.217259712220e+00
3706 1.247747635459e-01 -9.923347580685e-01 -1.220506920117e+00
3707 1.248084406751e-01 -9.922936002248e-01 -1.223753856928e+00
3708 1.248421178043e-01 -9.922523330381e-01 -1.227000521932e+00
3709 1.248757949334e-01 -9.922109565177e-01 -1.230246914408e+00
3710 1.249094720626e-01 -9.921694706727e-01 -1.233493033635e+00
3711 1.249431491918e-01 -9.921278755124e-01 -1.236738878891e+00
3712 1.249768263209e-01 -9.920861710459e-01 -1.239984449457e+00
3713 1.250105034501e-01 -9.920443572825e-01 -1.243229744610e+00
3714 1.250441805792e-01 -9.920024342316e-01 -1.246474763631e+00
3715 1.250778577084e-01 -9.919604019024e-01 -1.249719505799e+00
3716 1.251115348376e-01 -9.919182603043e-01 -1.252963970392e+00
3717 1.251452119667e-01 -9.918760094466e-01 -1.256208156690e+00
3718 1.251788890959e-01 -9.918336493387e-01 -1.259452063973e+00
3719 1.252125662250e-01 -9.917911799901e-01 -1.262695691520e+00
3720 1.252462433542e-01 -9.917486014101e-01 -1.265939038611e+00
3721 1.252799204834e-01 -9.917059136082e-01 -1.269182104525e+00
3722 1.253135976125e-01 -9.916631165939e-01 -1.272424888542e+00
3723 1.253472747417e-01 -9.916202103767e-01 -1.275667389942e+00
3724 1.253809518709e-01 -9.915771949662e-01 -1.278909608004e+00
3725 1.254146290000e-01 -9.915340703718e-01 -1.282151542009e+00
3726 1.254483061292e-01 -9.914908366032e-01 -1.285393191236e+00
3727 1.254819832583e-01 -9.914474936700e-01 -1.288634554965e+00
3728 1.255156603875e-01 -9.914040415817e-01 -1.291875632477e+00
3729 1.255493375167e-01 -9.913604803481e-01 -1.295116423051e+00
3730 1.255830146458e-01 -9.913168099788e-01 -1.298356925968e+00
3731 1.256166917750e-01 -9.912730304836e-01 -1.301597140509e+00
3732 1.256503689042e-01 -9.912291418721e-01 -1.304837065952e+00
3733 1.256840460333e-01 -9.911851441540e-01 -1.308076701579e+00
3734 1.257177231625e-01 -9.911410373392e-01 -1.311316046670e+00
3735 1.257514002916e-01 -9.910968214375e-01 -1.314555100506e+00
3736 1.257850774208e-01 -9.910524964587e-01 -1.317793862367e+00
3737 1.258187545500e-01 -9.910080624126e-01 -1.321032331534e+00
3738 1.258524316791e-01 -9.909635193091e-01 -1.324270507288e+00
3739 1.258861088083e-01 -9.909188671581e-01 -1.327508388909e+00
3740 1.259197859375e-01 -9.908741059694e-01 -1.330745975678e+00
3741 1.259534630666e-01 -9.908292357532e-01 -1.333983266876e+00
3742 1.259871401958e-01 -9.907842565192e-01 -1.337220261784e+00
3743 1.260208173249e-01 -9.907391682776e-01 -1.340456959683e+00
3744 1.260544944541e-01 -9.906939710382e-01 -1.343693359855e+00
3745 1.260881715833e-01 -9.906486648112e-01 -1.346929461580e+00
3746 1.261218487124e-01 -9.906032496067e-01 -1.350165264139e+00
3747 1.261555258416e-01 -9.905577254346e-01 -1.353400766814e+00
3748 1.261892029708e-01 -9.905120923052e-01 -1.356635968887e+00
3749 1.262228800999e-01 -9.904663502285e-01 -1.359870869638e+00
3750 1.262565572291e-01 -9.904204992147e-01 -1.363105468349e+00
3751 1.262902343582e-01 -9.903745392741e-01 -1.366339764302e+00
3752 1.263239114874e-01 -9.903284704167e-01 -1.369573756779e+00
3753 1.263575886166e-01 -9.902822926529e-01 -1.372807445060e+00
3754 1.263912657457e-01 -9.902360059928e-01 -1.376040828429e+00
3755 1.264249428749e-01 -9.901896104469e-01 -1.379273906166e+00
3756 1.264586200041e-01 -9.901431060253e-01 -1.382506677554e+00
3757 1.264922971332e-01 -9.900964927384e-01 -1.385739141874e+00
3758 1.265259742624e-01 -9.900497705966e-01 -1.388971298409e+00
3759 1.265596513915e-01 -9.900029396103e-01 -1.392203146440e+00
3760 1.265933285207e-01 -9.899559997897e-01 -1.395434685250e+00
3761 1.266270056499e-01 -9.899089511455e-01 -1.398665914122e+00
3762 1.266606827790e-01 -9.898617936879e-01 -1.401896832337e+00
3763 1.266943599082e-01 -9.898145274276e-01 -1.405127439178e+00
3764 1.267280370373e-01 -9.897671523749e-01 -1.408357733927e+00
3765 1.267617141665e-01 -9.897196685405e-01 -1.411587715867e+00
3766 1.267953912957e-01 -9.896720759348e-01 -1.414817384280e+00
3767 1.268290684248e-01 -9.896243745684e-01 -1.418046738449e+00
3768 1.268627455540e-01 -9.895765644520e-01 -1.421275777657e+00
3769 1.268964226832e-01 -9.895286455961e-01 -1.424504501187e+00
3770 1.269300998123e-01 -9.894806180114e-01 -1.427732908321e+00
3771 1.269637769415e-01 -9.894324817085e-01 -1.430960998342e+00
3772 1.269974540706e-01 -9.893842366982e-01 -1.434188770534e+00
3773 1.270311311998e-01 -9.893358829911e-01 -1.437416224180e+00
3774 1.270648083290e-01 -9.892874205981e-01 -1.440643358562e+00
3775 1.270984854581e-01 -9.892388495298e-01 -1.443870172963e+00
3776 1.271321625873e-01 -9.891901697971e-01 -1.447096666668e+00
3777 1.271658397165e-01 -9.891413814107e-01 -1.450322838960e+00
3778 1.271995168456e-01 -9.890924843815e-01 -1.453548689122e+00
3779 1.272331939748e-01 -9.890434787204e-01 -1.456774216436e+00
3780 1.272668711039e-01 -9.889943644383e-01 -1.459999420189e+00
3781 1.273005482331e-01 -9.889451415460e-01 -1.463224299661e+00
3782 1.273342253623e-01 -9.888958100545e-01 -1.466448854138e+00
3783 1.273679024914e-01 -9.888463699747e-01 -1.469673082904e+00
3784 1.274015796206e-01 -9.887968213177e-01 -1.472896985241e+00
3785 1.274352567498e-01 -9.887471640943e-01 -1.476120560435e+00
3786 1.274689338789e-01 -9.886973983158e-01 -1.479343807768e+00
3787 1.275026110081e-01 -9.886475239930e-01 -1.482566726526e+00
3788 1.275362881372e-01 -9.885975411372e-01 -1.485789315992e+00
3789 1.275699652664e-01 -9.885474497593e-01 -1.489011575451e+00
3790 1.276036423956e-01 -9.884972498706e-01 -1.492233504186e+00
3791 1.276373195247e-01 -9.884469414821e-01 -1.495455101483e+00
3792 1.276709966539e-01 -9.883965246051e-01 -1.498676366625e+00
3793 1.277046737831e-01 -9.883459992507e-01 -1.501897298897e+00
3794 1.277383509122e-01 -9.882953654302e-01 -1.505117897585e+00
3795 1.277720280414e-01 -9.882446231548e-01 -1.508338161971e+00
3796 1.278057051705e-01 -9.881937724358e-01 -1.511558091342e+00
3797 1.278393822997e-01 -9.881428132844e-01 -1.514777684982e+00
3798 1.278730594289e-01 -9.880917457121e-01 -1.517996942176e+00
3799 1.279067365580e-01 -9.880405697300e-01 -1.521215862209e+00
3800 1.279404136872e-01 -9.879892853497e-01 -1.524434444366e+00
3801 1.279740908164e-01 -9.879378925825e-01 -1.527652687932e+00
3802 1.280077679455e-01 -9.878863914397e-01 -1.530870592192e+00
3803 1.280414450747e-01 -9.878347819330e-01 -1.534088156432e+00
3804 1.280751222038e-01 -9.877830640736e-01 -1.537305379936e+00
3805 1.281087993330e-01 -9.877312378731e-01 -1.540522261991e+00
3806 1.281424764622e-01 -9.876793033430e-01 -1.543738801882e+00
3807 1.281761535913e-01 -9.876272604949e-01 -1.546954998895e+00
3808 1.282098307205e-01 -9.875751093403e-01 -1.550170852314e+00
3809 1.282435078496e-01 -9.875228498907e-01 -1.553386361426e+00
3810 1.282771849788e-01 -9.874704821579e-01 -1.556601525517e+00
3811 1.283108621080e-01 -9.874180061534e-01 -1.559816343872e+00
3812 1.283445392371e-01 -9.873654218888e-01 -1.563030815778e+00
3813 1.283782163663e-01 -9.873127293759e-01 -1.566244940520e+00
3814 1.284118934955e-01 -9.872599286264e-01 -1.569458717385e+00
3815 1.284455706246e-01 -9.872070196520e-01 -1.572672145658e+00
3816 1.284792477538e-01 -9.871540024644e-01 -1.575885224627e+00
3817 1.285129248829e-01 -9.871008770754e-01 -1.579097953577e+00
3818 1.285466020121e-01 -9.870476434968e-01 -1.582310331795e+00
3819 1.285802791413e-01 -9.869943017405e-01 -1.585522358567e+00
3820 1.286139562704e-01 -9.869408518182e-01 -1.588734033180e+00
3821 1.286476333996e-01 -9.868872937420e-01 -1.591945354921e+00
3822 1.286813105288e-01 -9.868336275235e-01 -1.595156323076e+00
3823 1.287149876579e-01 -9.867798531749e-01 -1.598366936932e+00
3824 1.287486647871e-01 -9.867259707080e-01 -1.601577195776e+00
3825 1.287823419162e-01 -9.866719801347e-01 -1.604787098895e+00
3826 1.288160190454e-01 -9.866178814671e-01 -1.607996645576e+00
3827 1.288496961746e-01 -9.865636747173e-01 -1.611205835106e+00
3828 1.288833733037e-01 -9.865093598971e-01 -1.614414666773e+00
3829 1.289170504329e-01 -9.864549370188e-01 -1.617623139863e+00
3830 1.289507275621e-01 -9.864004060943e-01 -1.620831253664e+00
3831 1.289844046912e-01 -9.863457671359e-01 -1.624039007464e+00
3832 1.290180818204e-01 -9.862910201555e-01 -1.627246400550e+00
3833 1.290517589495e-01 -9.862361651655e-01 -1.630453432209e+00
3834 1.290854360787e-01 -9.861812021779e-01 -1.633660101730e+00
3835 1.291191132079e-01 -9.861261312051e-01 -1.636866408399e+00
3836 1.291527903370e-01 -9.860709522591e-01 -1.640072351506e+00
3837 1.291864674662e-01 -9.860156653523e-01 -1.643277930337e+00
3838 1.292201445954e-01 -9.859602704970e-01 -1.646483144182e+00
3839 1.292538217245e-01 -9.859047677054e-01 -1.649687992327e+00
3840 1.292874988537e-01 -9.858491569899e-01 -1.652892474061e+00
3841 1.293211759828e-01 -9.857934383629e-01 -1.656096588673e+00
3842 1.293548531120e-01 -9.857376118366e-01 -1.659300335451e+00
3843 1.293885302412e-01 -9.856816774236e-01 -1.662503713682e+00
3844 1.294222073703e-01 -9.856256351362e-01 -1.665706722657e+00
3845 1.294558844995e-01 -9.855694849868e-01 -1.668909361662e+00
3846 1.294895616286e-01 -9.855132269880e-01 -1.672111629988e+00
3847 1.295232387578e-01 -9.854568611523e-01 -1.675313526922e+00
3848 1.295569158870e-01 -9.854003874922e-01 -1.678515051753e+00
3849 1.295905930161e-01 -9.853438060201e-01 -1.681716203771e+00
3850 1.296242701453e-01 -9.852871167487e-01 -1.684916982264e+00
3851 1.296579472745e-01 -9.852303196906e-01 -1.688117386522e+00
3852 1.296916244036e-01 -9.851734148584e-01 -1.691317415833e+00
3853 1.297253015328e-01 -9.851164022647e-01 -1.694517069487e+00
3854 1.297589786619e-01 -9.850592819222e-01 -1.697716346774e+00
3855 1.297926557911e-01 -9.850020538436e-01 -1.700915246982e+00
3856 1.298263329203e-01 -9.849447180415e-01 -1.704113769401e+00
3857 1.298600100494e-01 -9.848872745288e-01 -1.707311913320e+00
3858 1.298936871786e-01 -9.848297233181e-01 -1.710509678030e+00
3859 1.299273643078e-01 -9.847720644223e-01 -1.713707062820e+00
3860 1.299610414369e-01 -9.847142978542e-01 -1.716904066980e+00
3861 1.299947185661e-01 -9.846564236266e-01 -1.720100689800e+00
3862 1.300283956952e-01 -9.845984417523e-01 -1.723296930570e+00
3863 1.300620728244e-01 -9.845403522442e-01 -1.726492788579e+00
3864 1.300957499536e-01 -9.844821551153e-01 -1.729688263119e+00
3865 1.301294270827e-01 -9.844238503784e-01 -1.732883353478e+00
3866 1.301631042119e-01 -9.843654380466e-01 -1.736078058949e+00
3867 1.301967813411e-01 -9.843069181327e-01 -1.739272378821e+00
3868 1.302304584702e-01 -9.842482906498e-01 -1.742466312384e+00
3869 1.302641355994e-01 -9.841895556109e-01 -1.745659858929e+00
3870 1.302978127285e-01 -9.841307130291e-01 -1.748853017748e+00
3871 1.303314898577e-01 -9.840717629174e-01 -1.752045788130e+00
3872 1.303651669869e-01 -9.840127052888e-01 -1.755238169366e+00
3873 1.303988441160e-01 -9.839535401567e-01 -1.758430160748e+00
3874 1.304325212452e-01 -9.838942675339e-01 -1.761621761567e+00
3875 1.304661983744e-01 -9.838348874339e-01 -1.764812971113e+00
3876 1.304998755035e-01 -9.837753998696e-01 -1.768003788678e+00
3877 1.305335526327e-01 -9.837158048544e-01 -1.771194213553e+00
3878 1.305672297618e-01 -9.836561024014e-01 -1.774384245030e+00
3879 1.306009068910e-01 -9.835962925240e-01 -1.777573882399e+00
3880 1.306345840202e-01 -9.835363752354e-01 -1.780763124953e+00
3881 1.306682611493e-01 -9.834763505489e-01 -1.783951971983e+00
3882 1.307019382785e-01 -9.834162184779e-01 -1.787140422781e+00
3883 1.307356154077e-01 -9.833559790356e-01 -1.790328476639e+00
3884 1.307692925368e-01 -9.832956322356e-01 -1.793516132848e+00
3885 1.308029696660e-01 -9.832351780912e-01 -1.796703390701e+00
3886 1.308366467951e-01 -9.831746166158e-01 -1.799890249489e+00
3887 1.308703239243e-01 -9.831139478229e-01 -1.803076708505e+00
3888 1.309040010535e-01 -9.830531717259e-01 -1.806262767042e+00
3889 1.309376781826e-01 -9.829922883384e-01 -1.809448424390e+00
3890 1.309713553118e-01 -9.829312976738e-01 -1.812633679844e+00
3891 1.310050324409e-01 -9.828701997458e-01 -1.815818532695e+00
3892 1.310387095701e-01 -9.828089945678e-01 -1.819002982236e+00
3893 1.310723866993e-01 -9.827476821535e-01 -1.822187027760e+00
3894 1.311060638284e-01 -9.826862625166e-01 -1.825370668559e+00
3895 1.311397409576e-01 -9.826247356705e-01 -1.828553903927e+00
3896 1.311734180868e-01 -9.825631016291e-01 -1.831736733156e+00
3897 1.312070952159e-01 -9.825013604060e-01 -1.834919155539e+00
3898 1.312407723451e-01 -9.824395120149e-01 -1.838101170370e+00
3899 1.312744494742e-01 -9.823775564695e-01 -1.841282776942e+00
3900 1.313081266034e-01 -9.823154937837e-01 -1.844463974548e+00
3901 1.313418037326e-01 -9.822533239711e-01 -1.847644762482e+00
3902 1.313754808617e-01 -9.821910470456e-01 -1.850825140036e+00
3903 1.314091579909e-01 -9.821286630211e-01 -1.854005106506e+00
3904 1.314428351201e-01 -9.820661719114e-01 -1.857184661184e+00
3905 1.314765122492e-01 -9.820035737303e-01 -1.860363803364e+00
3906 1.315101893784e-01 -9.819408684918e-01 -1.863542532340e+00
3907 1.315438665075e-01 -9.818780562099e-01 -1.866720847406e+00
3908 1.315775436367e-01 -9.818151368983e-01 -1.869898747856e+00
3909 1.316112207659e-01 -9.817521105712e-01 -1.873076232985e+00
3910 1.316448978950e-01 -9.816889772425e-01 -1.876253302086e+00
3911 1.316785750242e-01 -9.816257369263e-01 -1.879429954454e+00
3912 1.317122521534e-01 -9.815623896366e-01 -1.882606189383e+00
3913 1.317459292825e-01 -9.814989353874e-01 -1.885782006169e+00
3914 1.317796064117e-01 -9.814353741929e-01 -1.888957404104e+00
3915 1.318132835408e-01 -9.813717060671e-01 -1.892132382485e+00
3916 1.318469606700e-01 -9.813079310243e-01 -1.895306940606e+00
3917 1.318806377992e-01 -9.812440490786e-01 -1.898481077762e+00
3918 1.319143149283e-01 -9.811800602441e-01 -1.901654793248e+00
3919 1.319479920575e-01 -9.811159645351e-01 -1.904828086358e+00
3920 1.319816691867e-01 -9.810517619659e-01 -1.908000956389e+00
3921 1.320153463158e-01 -9.809874525506e-01 -1.911173402636e+00
3922 1.320490234450e-01 -9.809230363036e-01 -1.914345424393e+00
3923 1.320827005741e-01 -9.808585132391e-01 -1.917517020956e+00
3924 1.321163777033e-01 -9.807938833716e-01 -1.920688191621e+00
3925 1.321500548325e-01 -9.807291467153e-01 -1.923858935684e+00
3926 1.321837319616e-01 -9.806643032847e-01 -1.927029252440e+00
3927 1.322174090908e-01 -9.805993530940e-01 -1.930199141185e+00
3928 1.322510862199e-01 -9.805342961579e-01 -1.933368601215e+00
3929 1.322847633491e-01 -9.804691324907e-01 -1.936537631826e+00
3930 1.323184404783e-01 -9.804038621068e-01 -1.939706232314e+00
3931 1.323521176074e-01 -9.803384850209e-01 -1.942874401976e+00
3932 1.323857947366e-01 -9.802730012473e-01 -1.946042140108e+00
3933 1.324194718658e-01 -9.802074108007e-01 -1.949209446005e+00
3934 1.324531489949e-01 -9.801417136956e-01 -1.952376318965e+00
3935 1.324868261241e-01 -9.800759099466e-01 -1.955542758285e+00
3936 1.325205032532e-01 -9.800099995684e-01 -1.958708763260e+00
3937 1.325541803824e-01 -9.799439825755e-01 -1.961874333189e+00
3938 1.325878575116e-01 -9.798778589826e-01 -1.965039467367e+00
3939 1.326215346407e-01 -9.798116288045e-01 -1.968204165091e+00
3940 1.326552117699e-01 -9.797452920558e-01 -1.971368425659e+00
3941 1.326888888991e-01 -9.796788487512e-01 -1.974532248369e+00
3942 1.327225660282e-01 -9.796122989056e-01 -1.977695632516e+00
3943 1.327562431574e-01 -9.795456425336e-01 -1.980858577399e+00
3944 1.327899202865e-01 -9.794788796502e-01 -1.984021082316e+00
3945 1.328235974157e-01 -9.794120102701e-01 -1.987183146562e+00
3946 1.328572745449e-01 -9.793450344081e-01 -1.990344769438e+00
3947 1.328909516740e-01 -9.792779520793e-01 -1.993505950239e+00
3948 1.329246288032e-01 -9.792107632984e-01 -1.996666688264e+00
3949 1.329583059324e-01 -9.791434680803e-01 -1.999826982812e+00
3950 1.329919830615e-01 -9.790760664401e-01 -2.002986833179e+00
3951 1.330256601907e-01 -9.790085583927e-01 -2.006146238665e+00
3952 1.330593373198e-01 -9.789409439531e-01 -2.009305198567e+00
3953 1.330930144490e-01 -9.788732231364e-01 -2.012463712184e+00
3954 1.331266915782e-01 -9.788053959574e-01 -2.015621778814e+00
3955 1.331603687073e-01 -9.787374624314e-01 -2.018779397756e+00
3956 1.331940458365e-01 -9.786694225734e-01 -2.021936568308e+00
3957 1.332277229657e-01 -9.786012763985e-01 -2.025093289770e+00
3958 1.332614000948e-01 -9.785330239219e-01 -2.028249561440e+00
3959 1.332950772240e-01 -9.784646651587e-01 -2.031405382618e+00
3960 1.333287543531e-01 -9.783962001240e-01 -2.034560752601e+00
3961 1.333624314823e-01 -9.783276288332e-01 -2.037715670690e+00
3962 1.333961086115e-01 -9.782589513015e-01 -2.040870136183e+00
3963 1.334297857406e-01 -9.781901675440e-01 -2.044024148380e+00
3964 1.334634628698e-01 -9.781212775760e-01 -2.047177706581e+00
3965 1.334971399990e-01 -9.780522814130e-01 -2.050330810085e+00
3966 1.335308171281e-01 -9.779831790701e-01 -2.053483458191e+00
3967 1.335644942573e-01 -9.779139705628e-01 -2.056635650200e+00
3968 1.335981713864e-01 -9.778446559064e-01 -2.059787385411e+00
3969 1.336318485156e-01 -9.777752351163e-01 -2.062938663125e+00
3970 1.336655256448e-01 -9.777057082079e-01 -2.066089482640e+00
3971 1.336992027739e-01 -9.776360751967e-01 -2.069239843259e+00
3972 1.337328799031e-01 -9.775663360981e-01 -2.072389744280e+00
3973 1.337665570322e-01 -9.774964909277e-01 -2.075539185004e+00
3974 1.338002341614e-01 -9.774265397009e-01 -2.078688164732e+00
3975 1.338339112906e-01 -9.773564824332e-01 -2.081836682764e+00
3976 1.338675884197e-01 -9.772863191403e-01 -2.084984738401e+00
3977 1.339012655489e-01 -9.772160498378e-01 -2.088132330944e+00
3978 1.339349426781e-01 -9.771456745411e-01 -2.091279459694e+00
3979 1.339686198072e-01 -9.770751932660e-01 -2.094426123951e+00
3980 1.340022969364e-01 -9.770046060281e-01 -2.097572323016e+00
3981 1.340359740655e-01 -9.769339128432e-01 -2.100718056192e+00
3982 1.340696511947e-01 -9.768631137268e-01 -2.103863322779e+00
3983 1.341033283239e-01 -9.767922086947e-01 -2.107008122078e+00
3984 1.341370054530e-01 -9.767211977627e-01 -2.110152453392e+00
3985 1.341706825822e-01 -9.766500809465e-01 -2.113296316021e+00
3986 1.342043597114e-01 -9.765788582619e-01 -2.116439709268e+00
3987 1.342380368405e-01 -9.765075297249e-01 -2.119582632434e+00
3988 1.342717139697e-01 -9.764360953511e-01 -2.122725084821e+00
3989 1.343053910988e-01 -9.763645551564e-01 -2.125867065732e+00
3990 1.343390682280e-01 -9.762929091569e-01 -2.129008574468e+00
3991 1.343727453572e-01 -9.762211573682e-01 -2.132149610331e+00
3992 1.344064224863e-01 -9.761492998065e-01 -2.135290172625e+00
3993 1.344400996155e-01 -9.760773364877e-01 -2.138430260651e+00
3994 1.344737767447e-01 -9.760052674277e-01 -2.141569873712e+00
3995 1.345074538738e-01 -9.759330926425e-01 -2.144709011110e+00
3996 1.345411310030e-01 -9.758608121483e-01 -2.147847672149e+00
3997 1.345748081321e-01 -9.757884259609e-01 -2.150985856131e+00
3998 1.346084852613e-01 -9.757159340966e-01 -2.154123562360e+00
3999 1.346421623905e-01 -9.756433365714e-01 -2.157260790137e+00
4000 1.346758395196e-01 -9.755706334015e-01 -2.160397538768e+00
4001 1.347095166488e-01 -9.754978246029e-01 -2.163533807554e+00
4002 1.347431937780e-01 -9.754249101919e-01 -2.166669595799e+00
4003 1.347768709071e-01 -9.753518901846e-01 -2.169804902807e+00
4004 1.348105480363e-01 -9.752787645974e-01 -2.172939727882e+00
4005 1.348442251654e-01 -9.752055334463e-01 -2.176074070327e+00
4006 1.348779022946e-01 -9.751321967477e-01 -2.179207929445e+00
4007 1.349115794238e-01 -9.750587545179e-01 -2.182341304542e+00
4008 1.349452565529e-01 -9.749852067732e-01 -2.185474194920e+00
4009 1.349789336821e-01 -9.749115535299e-01 -2.188606599885e+00
4010 1.350126108112e-01 -9.748377948043e-01 -2.191738518740e+00
4011 1.350462879404e-01 -9.747639306130e-01 -2.194869950789e+00
4012 1.350799650696e-01 -9.746899609722e-01 -2.198000895338e+00
4013 1.351136421987e-01 -9.746158858984e-01 -2.201131351690e+00
4014 1.351473193279e-01 -9.745417054080e-01 -2.204261319151e+00
4015 1.351809964571e-01 -9.744674195175e-01 -2.207390797026e+00
4016 1.352146735862e-01 -9.743930282435e-01 -2.210519784618e+00
4017 1.352483507154e-01 -9.743185316025e-01 -2.213648281234e+00
4018 1.352820278445e-01 -9.742439296109e-01 -2.216776286178e+00
4019 1.353157049737e-01 -9.741692222854e-01 -2.219903798756e+00
4020 1.353493821029e-01 -9.740944096425e-01 -2.223030818273e+00
4021 1.353830592320e-01 -9.740194916989e-01 -2.226157344034e+00
4022 1.354167363612e-01 -9.739444684712e-01 -2.229283375345e+00
4023 1.354504134904e-01 -9.738693399761e-01 -2.232408911512e+00
4024 1.354840906195e-01 -9.737941062303e-01 -2.235533951840e+00
4025 1.355177677487e-01 -9.737187672504e-01 -2.238658495635e+00
4026 1.355514448778e-01 -9.736433230532e-01 -2.241782542204e+00
4027 1.355851220070e-01 -9.735677736555e-01 -2.244906090853e+00
4028 1.356187991362e-01 -9.734921190741e-01 -2.248029140887e+00
4029 1.356524762653e-01 -9.734163593257e-01 -2.251151691613e+00
4030 1.356861533945e-01 -9.733404944271e-01 -2.254273742337e+00
4031 1.357198305237e-01 -9.732645243953e-01 -2.257395292367e+00
4032 1.357535076528e-01 -9.731884492471e-01 -2.260516341009e+00
4033 1.357871847820e-01 -9.731122689994e-01 -2.263636887569e+00
4034 1.358208619111e-01 -9.730359836691e-01 -2.266756931354e+00
4035 1.358545390403e-01 -9.729595932731e-01 -2.269876471672e+00
4036 1.358882161695e-01 -9.728830978285e-01 -2.272995507830e+00
4037 1.359218932986e-01 -9.728064973522e-01 -2.276114039134e+00
4038 1.359555704278e-01 -9.727297918612e-01 -2.279232064892e+00
4039 1.359892475570e-01 -9.726529813726e-01 -2.282349584412e+00
4040 1.360229246861e-01 -9.725760659034e-01 -2.285466597001e+00
4041 1.360566018153e-01 -9.724990454707e-01 -2.288583101967e+00
4042 1.360902789444e-01 -9.724219200916e-01 -2.291699098618e+00
4043 1.361239560736e-01 -9.723446897833e-01 -2.294814586261e+00
4044 1.361576332028e-01 -9.722673545629e-01 -2.297929564205e+00
4045 1.361913103319e-01 -9.721899144476e-01 -2.301044031758e+00
4046 1.362249874611e-01 -9.721123694545e-01 -2.304157988227e+00
4047 1.362586645903e-01 -9.720347196010e-01 -2.307271432922e+00
4048 1.362923417194e-01 -9.719569649042e-01 -2.310384365150e+00
4049 1.363260188486e-01 -9.718791053814e-01 -2.313496784221e+00
4050 1.363596959777e-01 -9.718011410499e-01 -2.316608689443e+00
4051 1.363933731069e-01 -9.717230719270e-01 -2.319720080125e+00
4052 1.364270502361e-01 -9.716448980302e-01 -2.322830955576e+00
4053 1.364607273652e-01 -9.715666193766e-01 -2.325941315105e+00
4054 1.364944044944e-01 -9.714882359838e-01 -2.329051158021e+00
4055 1.365280816235e-01 -9.714097478691e-01 -2.332160483633e+00
4056 1.365617587527e-01 -9.713311550499e-01 -2.335269291251e+00
4057 1.365954358819e-01 -9.712524575438e-01 -2.338377580184e+00
4058 1.366291130110e-01 -9.711736553682e-01 -2.341485349741e+00
4059 1.366627901402e-01 -9.710947485405e-01 -2.344592599234e+00
4060 1.366964672694e-01 -9.710157370784e-01 -2.347699327971e+00
4061 1.367301443985e-01 -9.709366209994e-01 -2.350805535262e+00
4062 1.367638215277e-01 -9.708574003210e-01 -2.353911220418e+00
4063 1.367974986568e-01 -9.707780750608e-01 -2.357016382748e+00
4064 1.368311757860e-01 -9.706986452365e-01 -2.360121021563e+00
4065 1.368648529152e-01 -9.706191108657e-01 -2.363225136174e+00
4066 1.368985300443e-01 -9.705394719661e-01 -2.366328725891e+00
4067 1.369322071735e-01 -9.704597285554e-01 -2.369431790024e+00
4068 1.369658843027e-01 -9.703798806512e-01 -2.372534327885e+00
4069 1.369995614318e-01 -9.702999282713e-01 -2.375636338784e+00
4070 1.370332385610e-01 -9.702198714334e-01 -2.378737822032e+00
4071 1.370669156901e-01 -9.701397101554e-01 -2.381838776941e+00
4072 1.371005928193e-01 -9.700594444551e-01 -2.384939202822e+00
4073 1.371342699485e-01 -9.699790743502e-01 -2.388039098985e+00
4074 1.371679470776e-01 -9.698985998587e-01 -2.391138464744e+00
4075 1.372016242068e-01 -9.698180209984e-01 -2.394237299408e+00
4076 1.372353013360e-01 -9.697373377871e-01 -2.397335602290e+00
4077 1.372689784651e-01 -9.696565502429e-01 -2.400433372702e+00
4078 1.373026555943e-01 -9.695756583836e-01 -2.403530609956e+00
4079 1.373363327234e-01 -9.694946622273e-01 -2.406627313363e+00
4080 1.373700098526e-01 -9.694135617919e-01 -2.409723482237e+00
4081 1.374036869818e-01 -9.693323570954e-01 -2.412819115888e+00
4082 1.374373641109e-01 -9.692510481559e-01 -2.415914213630e+00
4083 1.374710412401e-01 -9.691696349914e-01 -2.419008774776e+00
4084 1.375047183693e-01 -9.690881176200e-01 -2.422102798637e+00
4085 1.375383954984e-01 -9.690064960598e-01 -2.425196284527e+00
4086 1.375720726276e-01 -9.689247703290e-01 -2.428289231759e+00
4087 1.376057497567e-01 -9.688429404457e-01 -2.431381639645e+00
4088 1.376394268859e-01 -9.687610064280e-01 -2.434473507500e+00
4089 1.376731040151e-01 -9.686789682942e-01 -2.437564834635e+00
4090 1.377067811442e-01 -9.685968260625e-01 -2.440655620364e+00
4091 1.377404582734e-01 -9.685145797512e-01 -2.443745864002e+00
4092 1.377741354025e-01 -9.684322293784e-01 -2.446835564861e+00
4093 1.378078125317e-01 -9.683497749626e-01 -2.449924722255e+00
4094 1.378414896609e-01 -9.682672165219e-01 -2.453013335499e+00
4095 1.378751667900e-01 -9.681845540748e-01 -2.456101403906e+00
4096 1.379088439192e-01 -9.681017876396e-01 -2.459188926790e+00
4097 1.379425210484e-01 -9.680189172347e-01 -2.462275903466e+00
4098 1.379761981775e-01 -9.679359428785e-01 -2.465362333247e+00
4099 1.380098753067e-01 -9.678528645894e-01 -2.468448215449e+00
4100 1.380435524358e-01 -9.677696823859e-01 -2.471533549386e+00
4101 1.380772295650e-01 -9.676863962864e-01 -2.474618334372e+00
4102 1.381109066942e-01 -9.676030063095e-01 -2.477702569723e+00
4103 1.381445838233e-01 -9.675195124737e-01 -2.480786254754e+00
4104 1.381782609525e-01 -9.674359147974e-01 -2.483869388779e+00
4105 1.382119380817e-01 -9.673522132994e-01 -2.486951971114e+00
4106 1.382456152108e-01 -9.672684079981e-01 -2.490034001074e+00
4107 1.382792923400e-01 -9.671844989123e-01 -2.493115477974e+00
4108 1.383129694691e-01 -9.671004860604e-01 -2.496196401131e+00
4109 1.383466465983e-01 -9.670163694613e-01 -2.499276769859e+00
4110 1.383803237275e-01 -9.669321491335e-01 -2.502356583475e+00
4111 1.384140008566e-01 -9.668478250958e-01 -2.505435841295e+00
4112 1.384476779858e-01 -9.667633973668e-01 -2.508514542634e+00
4113 1.384813551150e-01 -9.666788659655e-01 -2.511592686809e+00
4114 1.385150322441e-01 -9.665942309105e-01 -2.514670273137e+00
4115 1.385487093733e-01 -9.665094922206e-01 -2.517747300932e+00
4116 1.385823865024e-01 -9.664246499147e-01 -2.520823769514e+00
4117 1.386160636316e-01 -9.663397040115e-01 -2.523899678197e+00
4118 1.386497407608e-01 -9.662546545300e-01 -2.526975026298e+00
4119 1.386834178899e-01 -9.661695014891e-01 -2.530049813135e+00
4120 1.387170950191e-01 -9.660842449077e-01 -2.533124038025e+00
4121 1.387507721483e-01 -9.659988848046e-01 -2.536197700285e+00
4122 1.387844492774e-01 -9.659134211989e-01 -2.539270799232e+00
4123 1.388181264066e-01 -9.658278541096e-01 -2.542343334184e+00
4124 1.388518035357e-01 -9.657421835556e-01 -2.545415304457e+00
4125 1.388854806649e-01 -9.656564095560e-01 -2.548486709371e+00
4126 1.389191577941e-01 -9.655705321298e-01 -2.551557548242e+00
4127 1.389528349232e-01 -9.654845512961e-01 -2.554627820389e+00
4128 1.389865120524e-01 -9.653984670740e-01 -2.557697525130e+00
4129 1.390201891816e-01 -9.653122794826e-01 -2.560766661782e+00
4130 1.390538663107e-01 -9.652259885411e-01 -2.563835229664e+00
4131 1.390875434399e-01 -9.651395942687e-01 -2.566903228096e+00
4132 1.391212205690e-01 -9.650530966844e-01 -2.569970656394e+00
4133 1.391548976982e-01 -9.649664958076e-01 -2.573037513878e+00
4134 1.391885748274e-01 -9.648797916574e-01 -2.576103799867e+00
4135 1.392222519565e-01 -9.647929842532e-01 -2.579169513680e+00
4136 1.392559290857e-01 -9.647060736142e-01 -2.582234654635e+00
4137 1.392896062148e-01 -9.646190597597e-01 -2.585299222052e+00
4138 1.393232833440e-01 -9.645319427090e-01 -2.588363215251e+00
4139 1.393569604732e-01 -9.644447224815e-01 -2.591426633550e+00
4140 1.393906376023e-01 -9.643573990965e-01 -2.594489476270e+00
4141 1.394243147315e-01 -9.642699725736e-01 -2.597551742730e+00
4142 1.394579918607e-01 -9.641824429319e-01 -2.600613432249e+00
4143 1.394916689898e-01 -9.640948101911e-01 -2.603674544148e+00
4144 1.395253461190e-01 -9.640070743706e-01 -2.606735077748e+00
4145 1.395590232481e-01 -9.639192354898e-01 -2.609795032367e+00
4146 1.395927003773e-01 -9.638312935683e-01 -2.612854407327e+00
4147 1.396263775065e-01 -9.637432486256e-01 -2.615913201948e+00
4148 1.396600546356e-01 -9.636551006813e-01 -2.618971415551e+00
4149 1.396937317648e-01 -9.635668497549e-01 -2.622029047456e+00
4150 1.397274088940e-01 -9.634784958660e-01 -2.625086096984e+00
4151 1.397610860231e-01 -9.633900390343e-01 -2.628142563456e+00
4152 1.397947631523e-01 -9.633014792794e-01 -2.631198446194e+00
4153 1.398284402814e-01 -9.632128166210e-01 -2.634253744519e+00
4154 1.398621174106e-01 -9.631240510788e-01 -2.637308457751e+00
4155 1.398957945398e-01 -9.630351826725e-01 -2.640362585213e+00
4156 1.399294716689e-01 -9.629462114217e-01 -2.643416126226e+00
4157 1.399631487981e-01 -9.628571373464e-01 -2.646469080112e+00
4158 1.399968259273e-01 -9.627679604663e-01 -2.649521446193e+00
4159 1.400305030564e-01 -9.626786808011e-01 -2.652573223791e+00
4160 1.400641801856e-01 -9.625892983708e-01 -2.655624412228e+00
4161 1.400978573147e-01 -9.624998131951e-01 -2.658675010827e+00
4162 1.401315344439e-01 -9.624102252939e-01 -2.661725018909e+00
4163 1.401652115731e-01 -9.623205346872e-01 -2.664774435798e+00
4164 1.401988887022e-01 -9.622307413948e-01 -2.667823260816e+00
4165 1.402325658314e-01 -9.621408454368e-01 -2.670871493285e+00
4166 1.402662429606e-01 -9.620508468330e-01 -2.673919132530e+00
4167 1.402999200897e-01 -9.619607456034e-01 -2.676966177873e+00
4168 1.403335972189e-01 -9.618705417682e-01 -2.680012628636e+00
4169 1.403672743480e-01 -9.617802353472e-01 -2.683058484145e+00
4170 1.404009514772e-01 -9.616898263606e-01 -2.686103743721e+00
4171 1.404346286064e-01 -9.615993148285e-01 -2.689148406689e+00
4172 1.404683057355e-01 -9.615087007709e-01 -2.692192472372e+00
4173 1.405019828647e-01 -9.614179842079e-01 -2.695235940095e+00
4174 1.405356599938e-01 -9.613271651598e-01 -2.698278809181e+00
4175 1.405693371230e-01 -9.612362436467e-01 -2.701321078955e+00
4176 1.406030142522e-01 -9.611452196888e-01 -2.704362748740e+00
4177 1.406366913813e-01 -9.610540933063e-01 -2.707403817861e+00
4178 1.406703685105e-01 -9.609628645194e-01 -2.710444285643e+00
4179 1.407040456397e-01 -9.608715333485e-01 -2.713484151411e+00
4180 1.407377227688e-01 -9.607800998137e-01 -2.716523414489e+00
4181 1.407713998980e-01 -9.606885639354e-01 -2.719562074202e+00
4182 1.408050770271e-01 -9.605969257340e-01 -2.722600129875e+00
4183 1.408387541563e-01 -9.605051852298e-01 -2.725637580833e+00
4184 1.408724312855e-01 -9.604133424431e-01 -2.728674426403e+00
4185 1.409061084146e-01 -9.603213973944e-01 -2.731710665909e+00
4186 1.409397855438e-01 -9.602293501040e-01 -2.734746298676e+00
4187 1.409734626730e-01 -9.601372005925e-01 -2.737781324032e+00
4188 1.410071398021e-01 -9.600449488803e-01 -2.740815741301e+00
4189 1.410408169313e-01 -9.599525949879e-01 -2.743849549809e+00
4190 1.410744940604e-01 -9.598601389358e-01 -2.746882748884e+00
4191 1.411081711896e-01 -9.597675807445e-01 -2.749915337850e+00
4192 1.411418483188e-01 -9.596749204346e-01 -2.752947316035e+00
4193 1.411755254479e-01 -9.595821580267e-01 -2.755978682765e+00
4194 1.412092025771e-01 -9.594892935413e-01 -2.759009437367e+00
4195 1.412428797063e-01 -9.593963269992e-01 -2.762039579168e+00
4196 1.412765568354e-01 -9.593032584209e-01 -2.765069107494e+00
4197 1.413102339646e-01 -9.592100878271e-01 -2.768098021673e+00
4198 1.413439110937e-01 -9.591168152386e-01 -2.771126321032e+00
4199 1.413775882229e-01 -9.590234406760e-01 -2.774154004898e+00
4200 1.414112653521e-01 -9.589299641600e-01 -2.777181072599e+00
4201 1.414449424812e-01 -9.588363857115e-01 -2.780207523463e+00
4202 1.414786196104e-01 -9.587427053512e-01 -2.783233356817e+00
4203 1.415122967396e-01 -9.586489231000e-01 -2.786258571989e+00
4204 1.415459738687e-01 -9.585550389786e-01 -2.789283168308e+00
4205 1.415796509979e-01 -9.584610530079e-01 -2.792307145101e+00
4206 1.416133281270e-01 -9.583669652087e-01 -2.795330501697e+00
4207 1.416470052562e-01 -9.582727756021e-01 -2.798353237424e+00
4208 1.416806823854e-01 -9.581784842089e-01 -2.801375351612e+00
4209 1.417143595145e-01 -9.580840910500e-01 -2.804396843588e+00
4210 1.417480366437e-01 -9.579895961464e-01 -2.807417712682e+00
4211 1.417817137729e-01 -9.578949995192e-01 -2.810437958222e+00
4212 1.418153909020e-01 -9.578003011892e-01 -2.813457579539e+00
4213 1.418490680312e-01 -9.577055011776e-01 -2.816476575961e+00
4214 1.418827451603e-01 -9.576105995054e-01 -2.819494946817e+00
4215 1.419164222895e-01 -9.575155961936e-01 -2.822512691438e+00
4216 1.419500994187e-01 -9.574204912635e-01 -2.825529809152e+00
4217 1.419837765478e-01 -9.573252847360e-01 -2.828546299291e+00
4218 1.420174536770e-01 -9.572299766324e-01 -2.831562161183e+00
4219 1.420511308061e-01 -9.571345669738e-01 -2.834577394159e+00
4220 1.420848079353e-01 -9.570390557814e-01 -2.837591997550e+00
4221 1.421184850645e-01 -9.569434430764e-01 -2.840605970685e+00
4222 1.421521621936e-01 -9.568477288801e-01 -2.843619312896e+00
4223 1.421858393228e-01 -9.567519132138e-01 -2.846632023512e+00
4224 1.422195164520e-01 -9.566559960986e-01 -2.849644101866e+00
4225 1.422531935811e-01 -9.565599775559e-01 -2.852655547287e+00
4226 1.422868707103e-01 -9.564638576070e-01 -2.855666359108e+00
4227 1.423205478394e-01 -9.563676362734e-01 -2.858676536658e+00
4228 1.423542249686e-01 -9.562713135762e-01 -2.861686079270e+00
4229 1.423879020978e-01 -9.561748895371e-01 -2.864694986276e+00
4230 1.424215792269e-01 -9.560783641773e-01 -2.867703257006e+00
4231 1.424552563561e-01 -9.559817375183e-01 -2.870710890793e+00
4232 1.424889334853e-01 -9.558850095815e-01 -2.873717886969e+00
4233 1.425226106144e-01 -9.557881803885e-01 -2.876724244865e+00
4234 1.425562877436e-01 -9.556912499608e-01 -2.879729963815e+00
4235 1.425899648727e-01 -9.555942183198e-01 -2.882735043150e+00
4236 1.426236420019e-01 -9.554970854872e-01 -2.885739482203e+00
4237 1.426573191311e-01 -9.553998514845e-01 -2.888743280307e+00
4238 1.426909962602e-01 -9.553025163332e-01 -2.891746436795e+00
4239 1.427246733894e-01 -9.552050800552e-01 -2.894748950999e+00
4240 1.427583505186e-01 -9.551075426718e-01 -2.897750822252e+00
4241 1.427920276477e-01 -9.550099042049e-01 -2.900752049889e+00
4242 1.428257047769e-01 -9.549121646762e-01 -2.903752633242e+00
4243 1.428593819060e-01 -9.548143241072e-01 -2.906752571644e+00
4244 1.428930590352e-01 -9.547163825198e-01 -2.909751864430e+00
4245 1.429267361644e-01 -9.546183399357e-01 -2.912750510934e+00
4246 1.429604132935e-01 -9.545201963767e-01 -2.915748510489e+00
4247 1.429940904227e-01 -9.544219518646e-01 -2.918745862429e+00
4248 1.430277675519e-01 -9.543236064212e-01 -2.921742566089e+00
4249 1.430614446810e-01 -9.542251600683e-01 -2.924738620803e+00
4250 1.430951218102e-01 -9.541266128279e-01 -2.927734025906e+00
4251 1.431287989393e-01 -9.540279647218e-01 -2.930728780732e+00
4252 1.431624760685e-01 -9.539292157718e-01 -2.933722884617e+00
4253 1.431961531977e-01 -9.538303660000e-01 -2.936716336894e+00
4254 1.432298303268e-01 -9.537314154284e-01 -2.939709136900e+00
4255 1.432635074560e-01 -9.536323640788e-01 -2.942701283969e+00
4256 1.432971845852e-01 -9.535332119733e-01 -2.945692777437e+00
4257 1.433308617143e-01 -9.534339591338e-01 -2.948683616640e+00
4258 1.433645388435e-01 -9.533346055826e-01 -2.951673800913e+00
4259 1.433982159726e-01 -9.532351513415e-01 -2.954663329593e+00
4260 1.434318931018e-01 -9.531355964328e-01 -2.957652202014e+00
4261 1.434655702310e-01 -9.530359408785e-01 -2.960640417514e+00
4262 1.434992473601e-01 -9.529361847007e-01 -2.963627975428e+00
4263 1.435329244893e-01 -9.528363279216e-01 -2.966614875093e+00
4264 1.435666016184e-01 -9.527363705634e-01 -2.969601115846e+00
4265 1.436002787476e-01 -9.526363126483e-01 -2.972586697023e+00
4266 1.436339558768e-01 -9.525361541986e-01 -2.975571617961e+00
4267 1.436676330059e-01 -9.524358952363e-01 -2.978555877997e+00
4268 1.437013101351e-01 -9.523355357839e-01 -2.981539476469e+00
4269 1.437349872643e-01 -9.522350758637e-01 -2.984522412713e+00
4270 1.437686643934e-01 -9.521345154978e-01 -2.987504686067e+00
4271 1.438023415226e-01 -9.520338547087e-01 -2.990486295870e+00
4272 1.438360186517e-01 -9.519330935188e-01 -2.993467241457e+00
4273 1.438696957809e-01 -9.518322319503e-01 -2.996447522168e+00
4274 1.439033729101e-01 -9.517312700258e-01 -2.999427137341e+00
4275 1.439370500392e-01 -9.516302077676e-01 -3.002406086313e+00
4276 1.439707271684e-01 -9.515290451982e-01 -3.005384368423e+00
4277 1.440044042976e-01 -9.514277823400e-01 -3.008361983010e+00
4278 1.440380814267e-01 -9.513264192155e-01 -3.011338929412e+00
4279 1.440717585559e-01 -9.512249558473e-01 -3.014315206967e+00
4280 1.441054356850e-01 -9.511233922579e-01 -3.017290815016e+00
4281 1.441391128142e-01 -9.510217284698e-01 -3.020265752897e+00
4282 1.441727899434e-01 -9.509199645057e-01 -3.023240019948e+00
4283 1.442064670725e-01 -9.508181003881e-01 -3.026213615511e+00
4284 1.442401442017e-01 -9.507161361397e-01 -3.029186538923e+00
4285 1.442738213309e-01 -9.506140717830e-01 -3.032158789525e+00
4286 1.443074984600e-01 -9.505119073408e-01 -3.035130366657e+00
4287 1.443411755892e-01 -9.504096428358e-01 -3.038101269659e+00
4288 1.443748527183e-01 -9.503072782907e-01 -3.041071497870e+00
4289 1.444085298475e-01 -9.502048137281e-01 -3.044041050632e+00
4290 1.444422069767e-01 -9.501022491710e-01 -3.047009927284e+00
4291 1.444758841058e-01 -9.499995846420e-01 -3.049978127167e+00
4292 1.445095612350e-01 -9.498968201639e-01 -3.052945649622e+00
4293 1.445432383642e-01 -9.497939557597e-01 -3.055912493989e+00
4294 1.445769154933e-01 -9.496909914520e-01 -3.058878659610e+00
4295 1.446105926225e-01 -9.495879272639e-01 -3.061844145826e+00
4296 1.446442697516e-01 -9.494847632181e-01 -3.064808951979e+00
4297 1.446779468808e-01 -9.493814993376e-01 -3.067773077409e+00
4298 1.447116240100e-01 -9.492781356454e-01 -3.070736521459e+00
4299 1.447453011391e-01 -9.491746721644e-01 -3.073699283469e+00
4300 1.447789782683e-01 -9.490711089175e-01 -3.076661362783e+00
4301 1.448126553974e-01 -9.489674459278e-01 -3.079622758742e+00
4302 1.448463325266e-01 -9.488636832184e-01 -3.082583470689e+00
4303 1.448800096558e-01 -9.487598208121e-01 -3.085543497965e+00
4304 1.449136867849e-01 -9.486558587322e-01 -3.088502839914e+00
4305 1.449473639141e-01 -9.485517970017e-01 -3.091461495878e+00
4306 1.449810410433e-01 -9.484476356437e-01 -3.094419465200e+00
4307 1.450147181724e-01 -9.483433746814e-01 -3.097376747223e+00
4308 1.450483953016e-01 -9.482390141379e-01 -3.100333341290e+00
4309 1.450820724307e-01 -9.481345540364e-01 -3.103289246744e+00
4310 1.451157495599e-01 -9.480299944001e-01 -3.106244462930e+00
4311 1.451494266891e-01 -9.479253352522e-01 -3.109198989190e+00
4312 1.451831038182e-01 -9.478205766159e-01 -3.112152824868e+00
4313 1.452167809474e-01 -9.477157185146e-01 -3.115105969308e+00
4314 1.452504580766e-01 -9.476107609715e-01 -3.118058421855e+00
4315 1.452841352057e-01 -9.475057040100e-01 -3.121010181853e+00
4316 1.453178123349e-01 -9.474005476533e-01 -3.123961248645e+00
4317 1.453514894640e-01 -9.472952919248e-01 -3.126911621577e+00
4318 1.453851665932e-01 -9.471899368480e-01 -3.129861299993e+00
4319 1.454188437224e-01 -9.470844824461e-01 -3.132810283238e+00
4320 1.454525208515e-01 -9.469789287427e-01 -3.135758570657e+00
4321 1.454861979807e-01 -9.468732757611e-01 -3.138706161595e+00
4322 1.455198751099e-01 -9.467675235249e-01 -3.141653055398e+00
4323 1.455535522390e-01 -9.466616720575e-01 -3.144599251410e+00
4324 1.455872293682e-01 -9.465557213824e-01 -3.147544748979e+00
4325 1.456209064973e-01 -9.464496715232e-01 -3.150489547448e+00
4326 1.456545836265e-01 -9.463435225034e-01 -3.153433646165e+00
4327 1.456882607557e-01 -9.462372743467e-01 -3.156377044476e+00
4328 1.457219378848e-01 -9.461309270765e-01 -3.159319741726e+00
4329 1.457556150140e-01 -9.460244807165e-01 -3.162261737262e+00
4330 1.457892921432e-01 -9.459179352904e-01 -3.165203030430e+00
4331 1.458229692723e-01 -9.458112908219e-01 -3.168143620578e+00
4332 1.458566464015e-01 -9.457045473345e-01 -3.171083507052e+00
4333 1.458903235306e-01 -9.455977048521e-01 -3.174022689199e+00
4334 1.459240006598e-01 -9.454907633983e-01 -3.176961166367e+00
4335 1.459576777890e-01 -9.453837229969e-01 -3.179898937902e+00
4336 1.459913549181e-01 -9.452765836717e-01 -3.182836003153e+00
4337 1.460250320473e-01 -9.451693454465e-01 -3.185772361466e+00
4338 1.460587091765e-01 -9.450620083450e-01 -3.188708012190e+00
4339 1.460923863056e-01 -9.449545723913e-01 -3.191642954673e+00
4340 1.461260634348e-01 -9.448470376090e-01 -3.194577188262e+00
4341 1.461597405639e-01 -9.447394040220e-01 -3.197510712307e+00
4342 1.461934176931e-01 -9.446316716544e-01 -3.200443526155e+00
4343 1.462270948223e-01 -9.445238405300e-01 -3.203375629155e+00
4344 1.462607719514e-01 -9.444159106728e-01 -3.206307020656e+00
4345 1.462944490806e-01 -9.443078821067e-01 -3.209237700006e+00
4346 1.463281262097e-01 -9.441997548557e-01 -3.212167666556e+00
4347 1.463618033389e-01 -9.440915289439e-01 -3.215096919653e+00
4348 1.463954804681e-01 -9.439832043953e-01 -3.218025458648e+00
4349 1.464291575972e-01 -9.438747812339e-01 -3.220953282889e+00
4350 1.464628347264e-01 -9.437662594838e-01 -3.223880391728e+00
4351 1.464965118556e-01 -9.436576391692e-01 -3.226806784513e+00
4352 1.465301889847e-01 -9.435489203141e-01 -3.229732460594e+00
4353 1.465638661139e-01 -9.434401029428e-01 -3.232657419322e+00
4354 1.465975432430e-01 -9.433311870793e-01 -3.235581660048e+00
4355 1.466312203722e-01 -9.432221727479e-01 -3.238505182120e+00
4356 1.466648975014e-01 -9.431130599728e-01 -3.241427984891e+00
4357 1.466985746305e-01 -9.430038487781e-01 -3.244350067711e+00
4358 1.467322517597e-01 -9.428945391883e-01 -3.247271429931e+00
4359 1.467659288889e-01 -9.427851312275e-01 -3.250192070903e+00
4360 1.467996060180e-01 -9.426756249200e-01 -3.253111989976e+00
4361 1.468332831472e-01 -9.425660202903e-01 -3.256031186504e+00
4362 1.468669602763e-01 -9.424563173625e-01 -3.258949659837e+00
4363 1.469006374055e-01 -9.423465161611e-01 -3.261867409327e+00
4364 1.469343145347e-01 -9.422366167105e-01 -3.264784434327e+00
4365 1.469679916638e-01 -9.421266190351e-01 -3.267700734188e+00
4366 1.470016687930e-01 -9.420165231593e-01 -3.270616308263e+00
4367 1.470353459222e-01 -9.419063291076e-01 -3.273531155903e+00
4368 1.470690230513e-01 -9.417960369044e-01 -3.276445276463e+00
4369 1.471027001805e-01 -9.416856465742e-01 -3.279358669293e+00
4370 1.471363773096e-01 -9.415751581416e-01 -3.282271333748e+00
4371 1.471700544388e-01 -9.414645716311e-01 -3.285183269181e+00
4372 1.472037315680e-01 -9.413538870672e-01 -3.288094474944e+00
4373 1.472374086971e-01 -9.412431044746e-01 -3.291004950391e+00
4374 1.472710858263e-01 -9.411322238779e-01 -3.293914694875e+00
4375 1.473047629555e-01 -9.410212453016e-01 -3.296823707751e+00
4376 1.473384400846e-01 -9.409101687704e-01 -3.299731988372e+00
4377 1.473721172138e-01 -9.407989943091e-01 -3.302639536092e+00
4378 1.474057943429e-01 -9.406877219422e-01 -3.305546350265e+00
4379 1.474394714721e-01 -9.405763516945e-01 -3.308452430246e+00
4380 1.474731486013e-01 -9.404648835908e-01 -3.311357775390e+00
4381 1.475068257304e-01 -9.403533176558e-01 -3.314262385050e+00
4382 1.475405028596e-01 -9.402416539142e-01 -3.317166258582e+00
4383 1.475741799887e-01 -9.401298923909e-01 -3.320069395341e+00
4384 1.476078571179e-01 -9.400180331108e-01 -3.322971794683e+00
4385 1.476415342471e-01 -9.399060760986e-01 -3.325873455961e+00
4386 1.476752113762e-01 -9.397940213792e-01 -3.328774378533e+00
4387 1.477088885054e-01 -9.396818689775e-01 -3.331674561753e+00
4388 1.477425656346e-01 -9.395696189184e-01 -3.334574004978e+00
4389 1.477762427637e-01 -9.394572712269e-01 -3.337472707563e+00
4390 1.478099198929e-01 -9.393448259278e-01 -3.340370668864e+00
4391 1.478435970220e-01 -9.392322830463e-01 -3.343267888239e+00
4392 1.478772741512e-01 -9.391196426072e-01 -3.346164365043e+00
4393 1.479109512804e-01 -9.390069046356e-01 -3.349060098633e+00
4394 1.479446284095e-01 -9.388940691565e-01 -3.351955088366e+00
4395 1.479783055387e-01 -9.387811361950e-01 -3.354849333599e+00
4396 1.480119826679e-01 -9.386681057762e-01 -3.357742833690e+00
4397 1.480456597970e-01 -9.385549779252e-01 -3.360635587994e+00
4398 1.480793369262e-01 -9.384417526670e-01 -3.363527595871e+00
4399 1.481130140553e-01 -9.383284300270e-01 -3.366418856677e+00
4400 1.481466911845e-01 -9.382150100301e-01 -3.369309369771e+00
4401 1.481803683137e-01 -9.381014927017e-01 -3.372199134510e+00
4402 1.482140454428e-01 -9.379878780669e-01 -3.375088150252e+00
4403 1.482477225720e-01 -9.378741661510e-01 -3.377976416357e+00
4404 1.482813997012e-01 -9.377603569792e-01 -3.380863932182e+00
4405 1.483150768303e-01 -9.376464505768e-01 -3.383750697086e+00
4406 1.483487539595e-01 -9.375324469691e-01 -3.386636710427e+00
4407 1.483824310886e-01 -9.374183461814e-01 -3.389521971566e+00
4408 1.484161082178e-01 -9.373041482390e-01 -3.392406479860e+00
4409 1.484497853470e-01 -9.371898531674e-01 -3.395290234670e+00
4410 1.484834624761e-01 -9.370754609920e-01 -3.398173235355e+00
4411 1.485171396053e-01 -9.369609717380e-01 -3.401055481274e+00
4412 1.485508167345e-01 -9.368463854310e-01 -3.403936971788e+00
4413 1.485844938636e-01 -9.367317020964e-01 -3.406817706255e+00
4414 1.486181709928e-01 -9.366169217596e-01 -3.409697684038e+00
4415 1.486518481219e-01 -9.365020444462e-01 -3.412576904495e+00
4416 1.486855252511e-01 -9.363870701817e-01 -3.415455366987e+00
4417 1.487192023803e-01 -9.362719989917e-01 -3.418333070875e+00
4418 1.487528795094e-01 -9.361568309016e-01 -3.421210015520e+00
4419 1.487865566386e-01 -9.360415659370e-01 -3.424086200283e+00
4420 1.488202337678e-01 -9.359262041237e-01 -3.426961624525e+00
4421 1.488539108969e-01 -9.358107454871e-01 -3.429836287607e+00
4422 1.488875880261e-01 -9.356951900529e-01 -3.432710188891e+00
4423 1.489212651552e-01 -9.355795378468e-01 -3.435583327739e+00
4424 1.489549422844e-01 -9.354637888945e-01 -3.438455703511e+00
4425 1.489886194136e-01 -9.353479432217e-01 -3.441327315572e+00
4426 1.490222965427e-01 -9.352320008541e-01 -3.444198163281e+00
4427 1.490559736719e-01 -9.351159618175e-01 -3.447068246003e+00
4428 1.490896508010e-01 -9.349998261376e-01 -3.449937563099e+00
4429 1.491233279302e-01 -9.348835938402e-01 -3.452806113932e+00
4430 1.491570050594e-01 -9.347672649512e-01 -3.455673897866e+00
4431 1.491906821885e-01 -9.346508394964e-01 -3.458540914262e+00
4432 1.492243593177e-01 -9.345343175017e-01 -3.461407162485e+00
4433 1.492580364469e-01 -9.344176989929e-01 -3.464272641897e+00
4434 1.492917135760e-01 -9.343009839959e-01 -3.467137351862e+00
4435 1.493253907052e-01 -9.341841725367e-01 -3.470001291745e+00
4436 1.493590678343e-01 -9.340672646412e-01 -3.472864460908e+00
4437 1.493927449635e-01 -9.339502603353e-01 -3.475726858716e+00
4438 1.494264220927e-01 -9.338331596451e-01 -3.478588484533e+00
4439 1.494600992218e-01 -9.337159625966e-01 -3.481449337723e+00
4440 1.494937763510e-01 -9.335986692158e-01 -3.484309417652e+00
4441 1.495274534802e-01 -9.334812795287e-01 -3.487168723684e+00
4442 1.495611306093e-01 -9.333637935614e-01 -3.490027255183e+00
4443 1.495948077385e-01 -9.332462113401e-01 -3.492885011515e+00
4444 1.496284848676e-01 -9.331285328908e-01 -3.495741992045e+00
4445 1.496621619968e-01 -9.330107582396e-01 -3.498598196139e+00
4446 1.496958391260e-01 -9.328928874128e-01 -3.501453623162e+00
4447 1.497295162551e-01 -9.327749204365e-01 -3.504308272480e+00
4448 1.497631933843e-01 -9.326568573369e-01 -3.507162143459e+00
4449 1.497968705135e-01 -9.325386981403e-01 -3.510015235465e+00
4450 1.498305476426e-01 -9.324204428728e-01 -3.512867547864e+00
4451 1.498642247718e-01 -9.323020915608e-01 -3.515719080023e+00
4452 1.498979019009e-01 -9.321836442304e-01 -3.518569831308e+00
4453 1.499315790301e-01 -9.320651009082e-01 -3.521419801087e+00
4454 1.499652561593e-01 -9.319464616203e-01 -3.524268988726e+00
4455 1.499989332884e-01 -9.318277263931e-01 -3.527117393593e+00
4456 1.500326104176e-01 -9.317088952530e-01 -3.529965015054e+00
4457 1.500662875468e-01 -9.315899682264e-01 -3.532811852478e+00
4458 1.500999646759e-01 -9.314709453397e-01 -3.535657905231e+00
4459 1.501336418051e-01 -9.313518266193e-01 -3.538503172683e+00
4460 1.501673189342e-01 -9.312326120917e-01 -3.541347654200e+00
4461 1.502009960634e-01 -9.311133017834e-01 -3.544191349152e+00
4462 1.502346731926e-01 -9.309938957209e-01 -3.547034256906e+00
4463 1.502683503217e-01 -9.308743939306e-01 -3.549876376831e+00
4464 1.503020274509e-01 -9.307547964392e-01 -3.552717708296e+00
4465 1.503357045800e-01 -9.306351032732e-01 -3.555558250669e+00
4466 1.503693817092e-01 -9.305153144592e-01 -3.558398003321e+00
4467 1.504030588384e-01 -9.303954300238e-01 -3.561236965619e+00
4468 1.504367359675e-01 -9.302754499935e-01 -3.564075136934e+00
4469 1.504704130967e-01 -9.301553743952e-01 -3.566912516636e+00
4470 1.505040902259e-01 -9.300352032554e-01 -3.569749104093e+00
4471 1.505377673550e-01 -9.299149366008e-01 -3.572584898676e+00
4472 1.505714444842e-01 -9.297945744581e-01 -3.575419899755e+00
4473 1.506051216133e-01 -9.296741168541e-01 -3.578254106700e+00
4474 1.506387987425e-01 -9.295535638156e-01 -3.581087518883e+00
4475 1.506724758717e-01 -9.294329153692e-01 -3.583920135672e+00
4476 1.507061530008e-01 -9.293121715419e-01 -3.586751956441e+00
4477 1.507398301300e-01 -9.291913323604e-01 -3.589582980558e+00
4478 1.507735072592e-01 -9.290703978515e-01 -3.592413207396e+00
4479 1.508071843883e-01 -9.289493680421e-01 -3.595242636327e+00
4480 1.508408615175e-01 -9.288282429592e-01 -3.598071266720e+00
4481 1.508745386466e-01 -9.287070226295e-01 -3.600899097949e+00
4482 1.509082157758e-01 -9.285857070801e-01 -3.603726129386e+00
4483 1.509418929050e-01 -9.284642963379e-01 -3.606552360401e+00
4484 1.509755700341e-01 -9.283427904298e-01 -3.609377790368e+00
4485 1.510092471633e-01 -9.282211893828e-01 -3.612202418659e+00
4486 1.510429242925e-01 -9.280994932240e-01 -3.615026244647e+00
4487 1.510766014216e-01 -9.279777019803e-01 -3.617849267704e+00
4488 1.511102785508e-01 -9.278558156788e-01 -3.620671487204e+00
4489 1.511439556799e-01 -9.277338343467e-01 -3.623492902519e+00
4490 1.511776328091e-01 -9.276117580109e-01 -3.626313513023e+00
4491 1.512113099383e-01 -9.274895866986e-01 -3.629133318090e+00
4492 1.512449870674e-01 -9.273673204369e-01 -3.631952317092e+00
4493 1.512786641966e-01 -9.272449592530e-01 -3.634770509405e+00
4494 1.513123413258e-01 -9.271225031741e-01 -3.637587894401e+00
4495 1.513460184549e-01 -9.269999522274e-01 -3.640404471456e+00
4496 1.513796955841e-01 -9.268773064400e-01 -3.643220239944e+00
4497 1.514133727132e-01 -9.267545658393e-01 -3.646035199239e+00
4498 1.514470498424e-01 -9.266317304525e-01 -3.648849348716e+00
4499 1.514807269716e-01 -9.265088003068e-01 -3.651662687749e+00
4500 1.515144041007e-01 -9.263857754296e-01 -3.654475215716e+00
4501 1.515480812299e-01 -9.262626558482e-01 -3.657286931989e+00
4502 1.515817583591e-01 -9.261394415899e-01 -3.660097835945e+00
4503 1.516154354882e-01 -9.260161326822e-01 -3.662907926961e+00
4504 1.516491126174e-01 -9.258927291523e-01 -3.665717204410e+00
4505 1.516827897465e-01 -9.257692310278e-01 -3.668525667670e+00
4506 1.517164668757e-01 -9.256456383360e-01 -3.671333316117e+00
4507 1.517501440049e-01 -9.255219511044e-01 -3.674140149127e+00
4508 1.517838211340e-01 -9.253981693604e-01 -3.676946166076e+00
4509 1.518174982632e-01 -9.252742931316e-01 -3.679751366342e+00
4510 1.518511753923e-01 -9.251503224455e-01 -3.682555749302e+00
4511 1.518848525215e-01 -9.250262573296e-01 -3.685359314332e+00
4512 1.519185296507e-01 -9.249020978114e-01 -3.688162060809e+00
4513 1.519522067798e-01 -9.247778439186e-01 -3.690963988112e+00
4514 1.519858839090e-01 -9.246534956787e-01 -3.693765095618e+00
4515 1.520195610382e-01 -9.245290531193e-01 -3.696565382705e+00
4516 1.520532381673e-01 -9.244045162682e-01 -3.699364848750e+00
4517 1.520869152965e-01 -9.242798851529e-01 -3.702163493133e+00
4518 1.521205924256e-01 -9.241551598012e-01 -3.704961315231e+00
4519 1.521542695548e-01 -9.240303402406e-01 -3.707758314423e+00
4520 1.521879466840e-01 -9.239054264991e-01 -3.710554490088e+00
4521 1.522216238131e-01 -9.237804186042e-01 -3.713349841605e+00
4522 1.522553009423e-01 -9.236553165839e-01 -3.716144368352e+00
4523 1.522889780715e-01 -9.235301204657e-01 -3.718938069710e+00
4524 1.523226552006e-01 -9.234048302777e-01 -3.721730945057e+00
4525 1.523563323298e-01 -9.232794460475e-01 -3.724522993774e+00
4526 1.523900094589e-01 -9.231539678031e-01 -3.727314215240e+00
4527 1.524236865881e-01 -9.230283955723e-01 -3.730104608835e+00
4528 1.524573637173e-01 -9.229027293830e-01 -3.732894173939e+00
4529 1.524910408464e-01 -9.227769692631e-01 -3.735682909933e+00
4530 1.525247179756e-01 -9.226511152406e-01 -3.738470816198e+00
4531 1.525583951048e-01 -9.225251673434e-01 -3.741257892114e+00
4532 1.525920722339e-01 -9.223991255994e-01 -3.744044137063e+00
4533 1.526257493631e-01 -9.222729900367e-01 -3.746829550424e+00
4534 1.526594264922e-01 -9.221467606833e-01 -3.749614131581e+00
4535 1.526931036214e-01 -9.220204375672e-01 -3.752397879914e+00
4536 1.527267807506e-01 -9.218940207165e-01 -3.755180794804e+00
4537 1.527604578797e-01 -9.217675101593e-01 -3.757962875634e+00
4538 1.527941350089e-01 -9.216409059236e-01 -3.760744121787e+00
4539 1.528278121381e-01 -9.215142080376e-01 -3.763524532643e+00
4540 1.528614892672e-01 -9.213874165294e-01 -3.766304107586e+00
4541 1.528951663964e-01 -9.212605314272e-01 -3.769082845998e+00
4542 1.529288435255e-01 -9.211335527591e-01 -3.771860747263e+00
4543 1.529625206547e-01 -9.210064805535e-01 -3.774637810762e+00
4544 1.529961977839e-01 -9.208793148384e-01 -3.777414035879e+00
4545 1.530298749130e-01 -9.207520556421e-01 -3.780189421999e+00
4546 1.530635520422e-01 -9.206247029930e-01 -3.782963968503e+00
4547 1.530972291713e-01 -9.204972569192e-01 -3.785737674776e+00
4548 1.531309063005e-01 -9.203697174491e-01 -3.788510540202e+00
4549 1.531645834297e-01 -9.202420846110e-01 -3.791282564165e+00
4550 1.531982605588e-01 -9.201143584333e-01 -3.794053746050e+00
4551 1.532319376880e-01 -9.199865389444e-01 -3.796824085240e+00
4552 1.532656148172e-01 -9.198586261726e-01 -3.799593581120e+00
4553 1.532992919463e-01 -9.197306201463e-01 -3.802362233076e+00
4554 1.533329690755e-01 -9.196025208940e-01 -3.805130040492e+00
4555 1.533666462046e-01 -9.194743284441e-01 -3.807897002754e+00
4556 1.534003233338e-01 -9.193460428250e-01 -3.810663119247e+00
4557 1.534340004630e-01 -9.192176640654e-01 -3.813428389357e+00
4558 1.534676775921e-01 -9.190891921937e-01 -3.816192812469e+00
4559 1.535013547213e-01 -9.189606272384e-01 -3.818956387970e+00
4560 1.535350318505e-01 -9.188319692282e-01 -3.821719115245e+00
4561 1.535687089796e-01 -9.187032181914e-01 -3.824480993681e+00
4562 1.536023861088e-01 -9.185743741569e-01 -3.827242022665e+00
4563 1.536360632379e-01 -9.184454371531e-01 -3.830002201583e+00
4564 1.536697403671e-01 -9.183164072088e-01 -3.832761529823e+00
4565 1.537034174963e-01 -9.181872843525e-01 -3.835520006771e+00
4566 1.537370946254e-01 -9.180580686130e-01 -3.838277631815e+00
4567 1.537707717546e-01 -9.179287600189e-01 -3.841034404342e+00
4568 1.538044488838e-01 -9.177993585991e-01 -3.843790323740e+00
4569 1.538381260129e-01 -9.176698643821e-01 -3.846545389396e+00
4570 1.538718031421e-01 -9.175402773968e-01 -3.849299600700e+00
4571 1.539054802712e-01 -9.174105976720e-01 -3.852052957039e+00
4572 1.539391574004e-01 -9.172808252365e-01 -3.854805457801e+00
4573 1.539728345296e-01 -9.171509601190e-01 -3.857557102376e+00
4574 1.540065116587e-01 -9.170210023485e-01 -3.860307890152e+00
4575 1.540401887879e-01 -9.168909519538e-01 -3.863057820517e+00
4576 1.540738659171e-01 -9.167608089638e-01 -3.865806892863e+00
4577 1.541075430462e-01 -9.166305734074e-01 -3.868555106577e+00
4578 1.541412201754e-01 -9.165002453135e-01 -3.871302461049e+00
4579 1.541748973045e-01 -9.163698247110e-01 -3.874048955669e+00
4580 1.542085744337e-01 -9.162393116290e-01 -3.876794589828e+00
4581 1.542422515629e-01 -9.161087060964e-01 -3.879539362915e+00
4582 1.542759286920e-01 -9.159780081422e-01 -3.882283274320e+00
4583 1.543096058212e-01 -9.158472177955e-01 -3.885026323435e+00
4584 1.543432829504e-01 -9.157163350853e-01 -3.887768509649e+00
4585 1.543769600795e-01 -9.155853600407e-01 -3.890509832355e+00
4586 1.544106372087e-01 -9.154542926908e-01 -3.893250290942e+00
4587 1.544443143378e-01 -9.153231330646e-01 -3.895989884803e+00
4588 1.544779914670e-01 -9.151918811914e-01 -3.898728613328e+00
4589 1.545116685962e-01 -9.150605371002e-01 -3.901466475910e+00
4590 1.545453457253e-01 -9.149291008202e-01 -3.904203471941e+00
4591 1.545790228545e-01 -9.147975723807e-01 -3.906939600812e+00
4592 1.546126999836e-01 -9.146659518108e-01 -3.909674861915e+00
4593 1.546463771128e-01 -9.145342391398e-01 -3.912409254644e+00
4594 1.546800542420e-01 -9.144024343970e-01 -3.915142778391e+00
4595 1.547137313711e-01 -9.142705376115e-01 -3.917875432549e+00
4596 1.547474085003e-01 -9.141385488128e-01 -3.920607216511e+00
4597 1.547810856295e-01 -9.140064680301e-01 -3.923338129669e+00
4598 1.548147627586e-01 -9.138742952927e-01 -3.926068171419e+00
4599 1.548484398878e-01 -9.137420306300e-01 -3.928797341152e+00
4600 1.548821170169e-01 -9.136096740715e-01 -3.931525638263e+00
4601 1.549157941461e-01 -9.134772256464e-01 -3.934253062147e+00
4602 1.549494712753e-01 -9.133446853842e-01 -3.936979612196e+00
4603 1.549831484044e-01 -9.132120533144e-01 -3.939705287806e+00
4604 1.550168255336e-01 -9.130793294664e-01 -3.942430088372e+00
4605 1.550505026628e-01 -9.129465138696e-01 -3.945154013287e+00
4606 1.550841797919e-01 -9.128136065537e-01 -3.947877061947e+00
4607 1.551178569211e-01 -9.126806075480e-01 -3.950599233748e+00
4608 1.551515340502e-01 -9.125475168822e-01 -3.953320528084e+00
4609 1.551852111794e-01 -9.124143345858e-01 -3.956040944352e+00
4610 1.552188883086e-01 -9.122810606883e-01 -3.958760481946e+00
4611 1.552525654377e-01 -9.121476952195e-01 -3.961479140263e+00
4612 1.552862425669e-01 -9.120142382089e-01 -3.964196918699e+00
4613 1.553199196961e-01 -9.118806896861e-01 -3.966913816651e+00
4614 1.553535968252e-01 -9.117470496808e-01 -3.969629833515e+00
4615 1.553872739544e-01 -9.116133182227e-01 -3.972344968687e+00
4616 1.554209510835e-01 -9.114794953415e-01 -3.975059221565e+00
4617 1.554546282127e-01 -9.113455810670e-01 -3.977772591546e+00
4618 1.554883053419e-01 -9.112115754287e-01 -3.980485078027e+00
4619 1.555219824710e-01 -9.110774784567e-01 -3.983196680405e+00
4620 1.555556596002e-01 -9.109432901805e-01 -3.985907398079e+00
4621 1.555893367294e-01 -9.108090106301e-01 -3.988617230447e+00
4622 1.556230138585e-01 -9.106746398352e-01 -3.991326176905e+00
4623 1.556566909877e-01 -9.105401778256e-01 -3.994034236854e+00
4624 1.556903681168e-01 -9.104056246314e-01 -3.996741409691e+00
4625 1.557240452460e-01 -9.102709802822e-01 -3.999447694814e+00
4626 1.557577223752e-01 -9.101362448082e-01 -4.002153091624e+00
4627 1.557913995043e-01 -9.100014182390e-01 -4.004857599518e+00
4628 1.558250766335e-01 -9.098665006048e-01 -4.007561217897e+00
4629 1.558587537626e-01 -9.097314919355e-01 -4.010263946160e+00
4630 1.558924308918e-01 -9.095963922610e-01 -4.012965783706e+00
4631 1.559261080210e-01 -9.094612016115e-01 -4.015666729936e+00
4632 1.559597851501e-01 -9.093259200168e-01 -4.018366784249e+00
4633 1.559934622793e-01 -9.091905475071e-01 -4.021065946046e+00
4634 1.560271394085e-01 -9.090550841123e-01 -4.023764214727e+00
4635 1.560608165376e-01 -9.089195298627e-01 -4.026461589693e+00
4636 1.560944936668e-01 -9.087838847883e-01 -4.029158070345e+00
4637 1.561281707959e-01 -9.086481489193e-01 -4.031853656084e+00
4638 1.561618479251e-01 -9.085123222857e-01 -4.034548346311e+00
4639 1.561955250543e-01 -9.083764049178e-01 -4.037242140428e+00
4640 1.562292021834e-01 -9.082403968457e-01 -4.039935037836e+00
4641 1.562628793126e-01 -9.081042980997e-01 -4.042627037938e+00
4642 1.562965564418e-01 -9.079681087100e-01 -4.045318140135e+00
4643 1.563302335709e-01 -9.078318287068e-01 -4.048008343829e+00
4644 1.563639107001e-01 -9.076954581204e-01 -4.050697648424e+00
4645 1.563975878292e-01 -9.075589969811e-01 -4.053386053321e+00
4646 1.564312649584e-01 -9.074224453192e-01 -4.056073557925e+00
4647 1.564649420876e-01 -9.072858031650e-01 -4.058760161636e+00
4648 1.564986192167e-01 -9.071490705489e-01 -4.061445863860e+00
4649 1.565322963459e-01 -9.070122475012e-01 -4.064130664000e+00
4650 1.565659734751e-01 -9.068753340524e-01 -4.066814561459e+00
4651 1.565996506042e-01 -9.067383302328e-01 -4.069497555640e+00
4652 1.566333277334e-01 -9.066012360730e-01 -4.072179645949e+00
4653 1.566670048625e-01 -9.064640516032e-01 -4.074860831790e+00
4654 1.567006819917e-01 -9.063267768540e-01 -4.077541112566e+00
4655 1.567343591209e-01 -9.061894118559e-01 -4.080220487683e+00
4656 1.567680362500e-01 -9.060519566394e-01 -4.082898956546e+00
4657 1.568017133792e-01 -9.059144112351e-01 -4.085576518559e+00
4658 1.568353905084e-01 -9.057767756734e-01 -4.088253173128e+00
4659 1.568690676375e-01 -9.056390499850e-01 -4.090928919658e+00
4660 1.569027447667e-01 -9.055012342003e-01 -4.093603757555e+00
4661 1.569364218958e-01 -9.053633283502e-01 -4.096277686226e+00
4662 1.569700990250e-01 -9.052253324651e-01 -4.098950705075e+00
4663 1.570037761542e-01 -9.050872465758e-01 -4.101622813510e+00
4664 1.570374532833e-01 -9.049490707128e-01 -4.104294010937e+00
4665 1.570711304125e-01 -9.048108049069e-01 -4.106964296762e+00
4666 1.571048075417e-01 -9.046724491889e-01 -4.109633670392e+00
4667 1.571384846708e-01 -9.045340035893e-01 -4.112302131236e+00
4668 1.571721618000e-01 -9.043954681391e-01 -4.114969678699e+00
4669 1.572058389291e-01 -9.042568428689e-01 -4.117636312189e+00
4670 1.572395160583e-01 -9.041181278095e-01 -4.120302031115e+00
4671 1.572731931875e-01 -9.039793229918e-01 -4.122966834884e+00
4672 1.573068703166e-01 -9.038404284465e-01 -4.125630722903e+00
4673 1.573405474458e-01 -9.037014442046e-01 -4.128293694583e+00
4674 1.573742245749e-01 -9.035623702969e-01 -4.130955749330e+00
4675 1.574079017041e-01 -9.034232067542e-01 -4.133616886554e+00
4676 1.574415788333e-01 -9.032839536076e-01 -4.136277105664e+00
4677 1.574752559624e-01 -9.031446108879e-01 -4.138936406068e+00
4678 1.575089330916e-01 -9.030051786260e-01 -4.141594787177e+00
4679 1.575426102208e-01 -9.028656568530e-01 -4.144252248399e+00
4680 1.575762873499e-01 -9.027260455998e-01 -4.146908789145e+00
4681 1.576099644791e-01 -9.025863448975e-01 -4.149564408824e+00
4682 1.576436416082e-01 -9.024465547771e-01 -4.152219106847e+00
4683 1.576773187374e-01 -9.023066752695e-01 -4.154872882624e+00
4684 1.577109958666e-01 -9.021667064060e-01 -4.157525735566e+00
4685 1.577446729957e-01 -9.020266482175e-01 -4.160177665082e+00
4686 1.577783501249e-01 -9.018865007352e-01 -4.162828670585e+00
4687 1.578120272541e-01 -9.017462639902e-01 -4.165478751486e+00
4688 1.578457043832e-01 -9.016059380137e-01 -4.168127907195e+00
4689 1.578793815124e-01 -9.014655228369e-01 -4.170776137125e+00
4690 1.579130586415e-01 -9.013250184908e-01 -4.173423440687e+00
4691 1.579467357707e-01 -9.011844250067e-01 -4.176069817293e+00
4692 1.579804128999e-01 -9.010437424159e-01 -4.178715266356e+00
4693 1.580140900290e-01 -9.009029707496e-01 -4.181359787287e+00
4694 1.580477671582e-01 -9.007621100391e-01 -4.184003379501e+00
4695 1.580814442874e-01 -9.006211603156e-01 -4.186646042408e+00
4696 1.581151214165e-01 -9.004801216105e-01 -4.189287775423e+00
4697 1.581487985457e-01 -9.003389939550e-01 -4.191928577959e+00
4698 1.581824756748e-01 -9.001977773806e-01 -4.194568449429e+00
4699 1.582161528040e-01 -9.000564719186e-01 -4.197207389246e+00
4700 1.582498299332e-01 -8.999150776004e-01 -4.199845396826e+00
4701 1.582835070623e-01 -8.997735944573e-01 -4.202482471581e+00
4702 1.583171841915e-01 -8.996320225208e-01 -4.205118612926e+00
4703 1.583508613207e-01 -8.994903618224e-01 -4.207753820275e+00
4704 1.583845384498e-01 -8.993486123936e-01 -4.210388093044e+00
4705 1.584182155790e-01 -8.992067742657e-01 -4.213021430646e+00
4706 1.584518927081e-01 -8.990648474703e-01 -4.215653832498e+00
4707 1.584855698373e-01 -8.989228320389e-01 -4.218285298015e+00
4708 1.585192469665e-01 -8.987807280032e-01 -4.220915826611e+00
4709 1.585529240956e-01 -8.986385353945e-01 -4.223545417703e+00
4710 1.585866012248e-01 -8.984962542446e-01 -4.226174070707e+00
4711 1.586202783539e-01 -8.983538845850e-01 -4.228801785039e+00
4712 1.586539554831e-01 -8.982114264473e-01 -4.231428560115e+00
4713 1.586876326123e-01 -8.980688798632e-01 -4.234054395352e+00
4714 1.587213097414e-01 -8.979262448643e-01 -4.236679290167e+00
4715 1.587549868706e-01 -8.977835214824e-01 -4.239303243976e+00
4716 1.587886639998e-01 -8.976407097491e-01 -4.241926256197e+00
4717 1.588223411289e-01 -8.974978096961e-01 -4.244548326246e+00
4718 1.588560182581e-01 -8.973548213553e-01 -4.247169453543e+00
4719 1.588896953872e-01 -8.972117447582e-01 -4.249789637505e+00
4720 1.589233725164e-01 -8.970685799368e-01 -4.252408877549e+00
4721 1.589570496456e-01 -8.969253269228e-01 -4.255027173094e+00
4722 1.589907267747e-01 -8.967819857480e-01 -4.257644523558e+00
4723 1.590244039039e-01 -8.966385564443e-01 -4.260260928360e+00
4724 1.590580810331e-01 -8.964950390435e-01 -4.262876386919e+00
4725 1.590917581622e-01 -8.963514335776e-01 -4.265490898654e+00
4726 1.591254352914e-01 -8.962077400783e-01 -4.268104462985e+00
4727 1.591591124205e-01 -8.960639585776e-01 -4.270717079330e+00
4728 1.591927895497e-01 -8.959200891075e-01 -4.273328747109e+00
4729 1.592264666789e-01 -8.957761317000e-01 -4.275939465743e+00
4730 1.592601438080e-01 -8.956320863869e-01 -4.278549234652e+00
4731 1.592938209372e-01 -8.954879532002e-01 -4.281158053255e+00
4732 1.593274980664e-01 -8.953437321721e-01 -4.283765920974e+00
4733 1.593611751955e-01 -8.951994233345e-01 -4.286372837229e+00
4734 1.593948523247e-01 -8.950550267194e-01 -4.288978801441e+00
4735 1.594285294538e-01 -8.949105423590e-01 -4.291583813031e+00
4736 1.594622065830e-01 -8.947659702853e-01 -4.294187871421e+00
4737 1.594958837122e-01 -8.946213105305e-01 -4.296790976033e+00
4738 1.595295608413e-01 -8.944765631267e-01 -4.299393126288e+00
4739 1.595632379705e-01 -8.943317281060e-01 -4.301994321608e+00
4740 1.595969150997e-01 -8.941868055006e-01 -4.304594561416e+00
4741 1.596305922288e-01 -8.940417953426e-01 -4.307193845133e+00
4742 1.596642693580e-01 -8.938966976644e-01 -4.309792172183e+00
4743 1.596979464871e-01 -8.937515124981e-01 -4.312389541989e+00
4744 1.597316236163e-01 -8.936062398760e-01 -4.314985953974e+00
4745 1.597653007455e-01 -8.934608798303e-01 -4.317581407560e+00
4746 1.597989778746e-01 -8.933154323933e-01 -4.320175902172e+00
4747 1.598326550038e-01 -8.931698975973e-01 -4.322769437233e+00
4748 1.598663321330e-01 -8.930242754747e-01 -4.325362012167e+00
4749 1.599000092621e-01 -8.928785660578e-01 -4.327953626398e+00
4750 1.599336863913e-01 -8.927327693789e-01 -4.330544279351e+00
4751 1.599673635204e-01 -8.925868854705e-01 -4.333133970451e+00
4752 1.600010406496e-01 -8.924409143649e-01 -4.335722699122e+00
4753 1.600347177788e-01 -8.922948560946e-01 -4.338310464788e+00
4754 1.600683949079e-01 -8.921487106920e-01 -4.340897266876e+00
4755 1.601020720371e-01 -8.920024781896e-01 -4.343483104811e+00
4756 1.601357491662e-01 -8.918561586198e-01 -4.346067978018e+00
4757 1.601694262954e-01 -8.917097520151e-01 -4.348651885924e+00
4758 1.602031034246e-01 -8.915632584081e-01 -4.351234827954e+00
4759 1.602367805537e-01 -8.914166778313e-01 -4.353816803535e+00
4760 1.602704576829e-01 -8.912700103173e-01 -4.356397812093e+00
4761 1.603041348121e-01 -8.911232558986e-01 -4.358977853055e+00
4762 1.603378119412e-01 -8.909764146078e-01 -4.361556925848e+00
4763 1.603714890704e-01 -8.908294864776e-01 -4.364135029899e+00
4764 1.604051661995e-01 -8.906824715405e-01 -4.366712164635e+00
4765 1.604388433287e-01 -8.905353698293e-01 -4.369288329485e+00
4766 1.604725204579e-01 -8.903881813766e-01 -4.371863523876e+00
4767 1.605061975870e-01 -8.902409062151e-01 -4.374437747235e+00
4768 1.605398747162e-01 -8.900935443774e-01 -4.377010998992e+00
4769 1.605735518454e-01 -8.899460958965e-01 -4.379583278574e+00
4770 1.606072289745e-01 -8.897985608049e-01 -4.382154585410e+00
4771 1.606409061037e-01 -8.896509391354e-01 -4.384724918930e+00
4772 1.606745832328e-01 -8.895032309209e-01 -4.387294278562e+00
4773 1.607082603620e-01 -8.893554361942e-01 -4.389862663735e+00
4774 1.607419374912e-01 -8.892075549880e-01 -4.392430073880e+00
4775 1.607756146203e-01 -8.890595873353e-01 -4.394996508425e+00
4776 1.608092917495e-01 -8.889115332688e-01 -4.397561966802e+00
4777 1.608429688787e-01 -8.887633928215e-01 -4.400126448439e+00
4778 1.608766460078e-01 -8.886151660263e-01 -4.402689952768e+00
4779 1.609103231370e-01 -8.884668529161e-01 -4.405252479219e+00
4780 1.609440002661e-01 -8.883184535238e-01 -4.407814027223e+00
4781 1.609776773953e-01 -8.881699678824e-01 -4.410374596211e+00
4782 1.610113545245e-01 -8.880213960250e-01 -4.412934185614e+00
4783 1.610450316536e-01 -8.878727379843e-01 -4.415492794864e+00
4784 1.610787087828e-01 -8.877239937936e-01 -4.418050423392e+00
4785 1.611123859120e-01 -8.875751634858e-01 -4.420607070631e+00
4786 1.611460630411e-01 -8.874262470941e-01 -4.423162736012e+00
4787 1.611797401703e-01 -8.872772446513e-01 -4.425717418968e+00
4788 1.612134172994e-01 -8.871281561908e-01 -4.428271118931e+00
4789 1.612470944286e-01 -8.869789817455e-01 -4.430823835335e+00
4790 1.612807715578e-01 -8.868297213486e-01 -4.433375567612e+00
4791 1.613144486869e-01 -8.866803750333e-01 -4.435926315196e+00
4792 1.613481258161e-01 -8.865309428328e-01 -4.438476077519e+00
4793 1.613818029453e-01 -8.863814247801e-01 -4.441024854016e+00
4794 1.614154800744e-01 -8.862318209086e-01 -4.443572644121e+00
4795 1.614491572036e-01 -8.860821312514e-01 -4.446119447268e+00
4796 1.614828343327e-01 -8.859323558419e-01 -4.448665262890e+00
4797 1.615165114619e-01 -8.857824947132e-01 -4.451210090423e+00
4798 1.615501885911e-01 -8.856325478987e-01 -4.453753929301e+00
4799 1.615838657202e-01 -8.854825154316e-01 -4.456296778960e+00
4800 1.616175428494e-01 -8.853323973454e-01 -4.458838638834e+00
4801 1.616512199785e-01 -8.851821936733e-01 -4.461379508359e+00
4802 1.616848971077e-01 -8.850319044486e-01 -4.463919386970e+00
4803 1.617185742369e-01 -8.848815297049e-01 -4.466458274104e+00
4804 1.617522513660e-01 -8.847310694754e-01 -4.468996169197e+00
4805 1.617859284952e-01 -8.845805237936e-01 -4.471533071684e+00
4806 1.618196056244e-01 -8.844298926929e-01 -4.474068981003e+00
4807 1.618532827535e-01 -8.842791762068e-01 -4.476603896590e+00
4808 1.618869598827e-01 -8.841283743688e-01 -4.479137817882e+00
4809 1.619206370118e-01 -8.839774872123e-01 -4.481670744316e+00
4810 1.619543141410e-01 -8.838265147709e-01 -4.484202675330e+00
4811 1.619879912702e-01 -8.836754570781e-01 -4.486733610362e+00
4812 1.620216683993e-01 -8.835243141675e-01 -4.489263548848e+00
4813 1.620553455285e-01 -8.833730860726e-01 -4.491792490228e+00
4814 1.620890226577e-01 -8.832217728270e-01 -4.494320433940e+00
4815 1.621226997868e-01 -8.830703744643e-01 -4.496847379421e+00
4816 1.621563769160e-01 -8.829188910181e-01 -4.499373326112e+00
4817 1.621900540451e-01 -8.827673225222e-01 -4.501898273450e+00
4818 1.622237311743e-01 -8.826156690101e-01 -4.504422220875e+00
4819 1.622574083035e-01 -8.824639305156e-01 -4.506945167827e+00
4820 1.622910854326e-01 -8.823121070723e-01 -4.509467113745e+00
4821 1.623247625618e-01 -8.821601987139e-01 -4.511988058068e+00
4822 1.623584396910e-01 -8.820082054743e-01 -4.514508000238e+00
4823 1.623921168201e-01 -8.818561273871e-01 -4.517026939694e+00
4824 1.624257939493e-01 -8.817039644862e-01 -4.519544875876e+00
4825 1.624594710784e-01 -8.815517168053e-01 -4.522061808226e+00
4826 1.624931482076e-01 -8.813993843783e-01 -4.524577736185e+00
4827 1.625268253368e-01 -8.812469672389e-01 -4.527092659193e+00
4828 1.625605024659e-01 -8.810944654211e-01 -4.529606576692e+00
4829 1.625941795951e-01 -8.809418789588e-01 -4.532119488124e+00
4830 1.626278567243e-01 -8.807892078857e-01 -4.534631392931e+00
4831 1.626615338534e-01 -8.806364522358e-01 -4.537142290554e+00
4832 1.626952109826e-01 -8.804836120431e-01 -4.539652180437e+00
4833 1.627288881117e-01 -8.803306873415e-01 -4.542161062021e+00
4834 1.627625652409e-01 -8.801776781649e-01 -4.544668934749e+00
4835 1.627962423701e-01 -8.800245845474e-01 -4.547175798064e+00
4836 1.628299194992e-01 -8.798714065229e-01 -4.549681651410e+00
4837 1.628635966284e-01 -8.797181441255e-01 -4.552186494229e+00
4838 1.628972737575e-01 -8.795647973892e-01 -4.554690325966e+00
4839 1.629309508867e-01 -8.794113663480e-01 -4.557193146065e+00
4840 1.629646280159e-01 -8.792578510361e-01 -4.559694953969e+00
4841 1.629983051450e-01 -8.791042514876e-01 -4.562195749123e+00
4842 1.630319822742e-01 -8.789505677365e-01 -4.564695530971e+00
4843 1.630656594034e-01 -8.787967998170e-01 -4.567194298959e+00
4844 1.630993365325e-01 -8.786429477633e-01 -4.569692052530e+00
4845 1.631330136617e-01 -8.784890116094e-01 -4.572188791131e+00
4846 1.631666907908e-01 -8.783349913897e-01 -4.574684514207e+00
4847 1.632003679200e-01 -8.781808871383e-01 -4.577179221203e+00
4848 1.632340450492e-01 -8.780266988895e-01 -4.579672911566e+00
4849 1.632677221783e-01 -8.778724266774e-01 -4.582165584741e+00
4850 1.633013993075e-01 -8.777180705364e-01 -4.584657240175e+00
4851 1.633350764367e-01 -8.775636305008e-01 -4.587147877314e+00
4852 1.633687535658e-01 -8.774091066047e-01 -4.589637495606e+00
4853 1.634024306950e-01 -8.772544988827e-01 -4.592126094497e+00
4854 1.634361078241e-01 -8.770998073690e-01 -4.594613673435e+00
4855 1.634697849533e-01 -8.769450320979e-01 -4.597100231867e+00
4856 1.635034620825e-01 -8.767901731039e-01 -4.599585769240e+00
4857 1.635371392116e-01 -8.766352304213e-01 -4.602070285003e+00
4858 1.635708163408e-01 -8.764802040845e-01 -4.604553778604e+00
4859 1.636044934700e-01 -8.763250941281e-01 -4.607036249492e+00
4860 1.636381705991e-01 -8.761699005864e-01 -4.609517697114e+00
4861 1.636718477283e-01 -8.760146234939e-01 -4.611998120920e+00
4862 1.637055248574e-01 -8.758592628850e-01 -4.614477520359e+00
4863 1.637392019866e-01 -8.757038187944e-01 -4.616955894879e+00
4864 1.637728791158e-01 -8.755482912565e-01 -4.619433243932e+00
4865 1.638065562449e-01 -8.753926803059e-01 -4.621909566966e+00
4866 1.638402333741e-01 -8.752369859771e-01 -4.624384863431e+00
4867 1.638739105033e-01 -8.750812083048e-01 -4.626859132778e+00
4868 1.639075876324e-01 -8.749253473234e-01 -4.629332374457e+00
4869 1.639412647616e-01 -8.747694030677e-01 -4.631804587918e+00
4870 1.639749418907e-01 -8.746133755722e-01 -4.634275772614e+00
4871 1.640086190199e-01 -8.744572648717e-01 -4.636745927994e+00
4872 1.640422961491e-01 -8.743010710008e-01 -4.639215053510e+00
4873 1.640759732782e-01 -8.741447939941e-01 -4.641683148613e+00
4874 1.641096504074e-01 -8.739884338865e-01 -4.644150212757e+00
4875 1.641433275366e-01 -8.738319907126e-01 -4.646616245391e+00
4876 1.641770046657e-01 -8.736754645072e-01 -4.649081245970e+00
4877 1.642106817949e-01 -8.735188553050e-01 -4.651545213945e+00
4878 1.642443589240e-01 -8.733621631408e-01 -4.654008148769e+00
4879 1.642780360532e-01 -8.732053880495e-01 -4.656470049895e+00
4880 1.643117131824e-01 -8.730485300658e-01 -4.658930916776e+00
4881 1.643453903115e-01 -8.728915892246e-01 -4.661390748866e+00
4882 1.643790674407e-01 -8.727345655608e-01 -4.663849545617e+00
4883 1.644127445698e-01 -8.725774591092e-01 -4.666307306486e+00
4884 1.644464216990e-01 -8.724202699047e-01 -4.668764030924e+00
4885 1.644800988282e-01 -8.722629979822e-01 -4.671219718387e+00
4886 1.645137759573e-01 -8.721056433767e-01 -4.673674368329e+00
4887 1.645474530865e-01 -8.719482061231e-01 -4.676127980205e+00
4888 1.645811302157e-01 -8.717906862564e-01 -4.678580553470e+00
4889 1.646148073448e-01 -8.716330838116e-01 -4.681032087579e+00
4890 1.646484844740e-01 -8.714753988237e-01 -4.683482581988e+00
4891 1.646821616031e-01 -8.713176313276e-01 -4.685932036152e+00
4892 1.647158387323e-01 -8.711597813585e-01 -4.688380449528e+00
4893 1.647495158615e-01 -8.710018489514e-01 -4.690827821571e+00
4894 1.647831929906e-01 -8.708438341413e-01 -4.693274151739e+00
4895 1.648168701198e-01 -8.706857369635e-01 -4.695719439487e+00
4896 1.648505472490e-01 -8.705275574529e-01 -4.698163684272e+00
4897 1.648842243781e-01 -8.703692956447e-01 -4.700606885552e+00
4898 1.649179015073e-01 -8.702109515742e-01 -4.703049042784e+00
4899 1.649515786364e-01 -8.700525252763e-01 -4.705490155426e+00
4900 1.649852557656e-01 -8.698940167864e-01 -4.707930222935e+00
4901 1.650189328948e-01 -8.697354261397e-01 -4.710369244770e+00
4902 1.650526100239e-01 -8.695767533712e-01 -4.712807220388e+00
4903 1.650862871531e-01 -8.694179985164e-01 -4.715244149248e+00
4904 1.651199642823e-01 -8.692591616105e-01 -4.717680030810e+00
4905 1.651536414114e-01 -8.691002426887e-01 -4.720114864531e+00
4906 1.651873185406e-01 -8.689412417864e-01 -4.722548649871e+00
4907 1.652209956697e-01 -8.687821589388e-01 -4.724981386290e+00
4908 1.652546727989e-01 -8.686229941813e-01 -4.727413073247e+00
4909 1.652883499281e-01 -8.684637475492e-01 -4.729843710202e+00
4910 1.653220270572e-01 -8.683044190780e-01 -4.732273296615e+00
4911 1.653557041864e-01 -8.681450088029e-01 -4.734701831947e+00
4912 1.653893813156e-01 -8.679855167595e-01 -4.737129315658e+00
4913 1.654230584447e-01 -8.678259429831e-01 -4.739555747209e+00
4914 1.654567355739e-01 -8.676662875092e-01 -4.741981126061e+00
4915 1.654904127030e-01 -8.675065503732e-01 -4.744405451676e+00
4916 1.655240898322e-01 -8.673467316106e-01 -4.746828723514e+00
4917 1.655577669614e-01 -8.671868312570e-01 -4.749250941038e+00
4918 1.655914440905e-01 -8.670268493477e-01 -4.751672103710e+00
4919 1.656251212197e-01 -8.668667859185e-01 -4.754092210992e+00
4920 1.656587983488e-01 -8.667066410047e-01 -4.756511262346e+00
4921 1.656924754780e-01 -8.665464146421e-01 -4.758929257235e+00
4922 1.657261526072e-01 -8.663861068660e-01 -4.761346195122e+00
4923 1.657598297363e-01 -8.662257177123e-01 -4.763762075471e+00
4924 1.657935068655e-01 -8.660652472165e-01 -4.766176897744e+00
4925 1.658271839947e-01 -8.659046954142e-01 -4.768590661406e+00
4926 1.658608611238e-01 -8.657440623411e-01 -4.771003365919e+00
4927 1.658945382530e-01 -8.655833480329e-01 -4.773415010749e+00
4928 1.659282153821e-01 -8.654225525253e-01 -4.775825595360e+00
4929 1.659618925113e-01 -8.652616758540e-01 -4.778235119215e+00
4930 1.659955696405e-01 -8.651007180547e-01 -4.780643581781e+00
4931 1.660292467696e-01 -8.649396791631e-01 -4.783050982522e+00
4932 1.660629238988e-01 -8.647785592151e-01 -4.785457320903e+00
4933 1.660966010280e-01 -8.646173582465e-01 -4.787862596391e+00
4934 1.661302781571e-01 -8.644560762929e-01 -4.790266808449e+00
4935 1.661639552863e-01 -8.642947133904e-01 -4.792669956546e+00
4936 1.661976324154e-01 -8.641332695746e-01 -4.795072040147e+00
4937 1.662313095446e-01 -8.639717448814e-01 -4.797473058718e+00
4938 1.662649866738e-01 -8.638101393468e-01 -4.799873011726e+00
4939 1.662986638029e-01 -8.636484530067e-01 -4.802271898638e+00
4940 1.663323409321e-01 -8.634866858968e-01 -4.804669718921e+00
4941 1.663660180613e-01 -8.633248380532e-01 -4.807066472043e+00
4942 1.663996951904e-01 -8.631629095119e-01 -4.809462157471e+00
4943 1.664333723196e-01 -8.630009003087e-01 -4.811856774674e+00
4944 1.664670494487e-01 -8.628388104796e-01 -4.814250323119e+00
4945 1.665007265779e-01 -8.626766400608e-01 -4.816642802275e+00
4946 1.665344037071e-01 -8.625143890881e-01 -4.819034211610e+00
4947 1.665680808362e-01 -8.623520575976e-01 -4.821424550593e+00
4948 1.666017579654e-01 -8.621896456254e-01 -4.823813818694e+00
4949 1.666354350946e-01 -8.620271532076e-01 -4.826202015381e+00
4950 1.666691122237e-01 -8.618645803802e-01 -4.828589140124e+00
4951 1.667027893529e-01 -8.617019271793e-01 -4.830975192393e+00
4952 1.667364664820e-01 -8.615391936412e-01 -4.833360171658e+00
4953 1.667701436112e-01 -8.613763798018e-01 -4.835744077390e+00
4954 1.668038207404e-01 -8.612134856974e-01 -4.838126909058e+00
4955 1.668374978695e-01 -8.610505113642e-01 -4.840508666134e+00
4956 1.668711749987e-01 -8.608874568384e-01 -4.842889348088e+00
4957 1.669048521279e-01 -8.607243221561e-01 -4.845268954392e+00
4958 1.669385292570e-01 -8.605611073537e-01 -4.847647484517e+00
4959 1.669722063862e-01 -8.603978124673e-01 -4.850024937935e+00
4960 1.670058835153e-01 -8.602344375332e-01 -4.852401314118e+00
4961 1.670395606445e-01 -8.600709825878e-01 -4.854776612538e+00
4962 1.670732377737e-01 -8.599074476672e-01 -4.857150832668e+00
4963 1.671069149028e-01 -8.597438328080e-01 -4.859523973979e+00
4964 1.671405920320e-01 -8.595801380463e-01 -4.861896035946e+00
4965 1.671742691611e-01 -8.594163634185e-01 -4.864267018041e+00
4966 1.672079462903e-01 -8.592525089611e-01 -4.866636919737e+00
4967 1.672416234195e-01 -8.590885747104e-01 -4.869005740509e+00
4968 1.672753005486e-01 -8.589245607028e-01 -4.871373479830e+00
4969 1.673089776778e-01 -8.587604669748e-01 -4.873740137173e+00
4970 1.673426548070e-01 -8.585962935628e-01 -4.876105712015e+00
4971 1.673763319361e-01 -8.584320405032e-01 -4.878470203828e+00
4972 1.674100090653e-01 -8.582677078326e-01 -4.880833612088e+00
4973 1.674436861944e-01 -8.581032955874e-01 -4.883195936271e+00
4974 1.674773633236e-01 -8.579388038042e-01 -4.885557175850e+00
4975 1.675110404528e-01 -8.577742325195e-01 -4.887917330303e+00
4976 1.675447175819e-01 -8.576095817699e-01 -4.890276399104e+00
4977 1.675783947111e-01 -8.574448515919e-01 -4.892634381729e+00
4978 1.676120718403e-01 -8.572800420221e-01 -4.894991277656e+00
4979 1.676457489694e-01 -8.571151530971e-01 -4.897347086360e+00
4980 1.676794260986e-01 -8.569501848535e-01 -4.899701807318e+00
4981 1.677131032277e-01 -8.567851373280e-01 -4.902055440007e+00
4982 1.677467803569e-01 -8.566200105573e-01 -4.904407983905e+00
4983 1.677804574861e-01 -8.564548045780e-01 -4.906759438489e+00
4984 1.678141346152e-01 -8.562895194268e-01 -4.909109803236e+00
4985 1.678478117444e-01 -8.561241551404e-01 -4.911459077625e+00
4986 1.678814888736e-01 -8.559587117556e-01 -4.913807261133e+00
4987 1.679151660027e-01 -8.557931893090e-01 -4.916154353240e+00
4988 1.679488431319e-01 -8.556275878376e-01 -4.918500353424e+00
4989 1.679825202610e-01 -8.554619073779e-01 -4.920845261163e+00
4990 1.680161973902e-01 -8.552961479669e-01 -4.923189075938e+00
4991 1.680498745194e-01 -8.551303096414e-01 -4.925531797227e+00
4992 1.680835516485e-01 -8.549643924382e-01 -4.927873424510e+00
4993 1.681172287777e-01 -8.547983963941e-01 -4.930213957267e+00
4994 1.681509059069e-01 -8.546323215460e-01 -4.932553394978e+00
4995 1.681845830360e-01 -8.544661679308e-01 -4.934891737124e+00
4996 1.682182601652e-01 -8.542999355854e-01 -4.937228983185e+00
4997 1.682519372943e-01 -8.541336245468e-01 -4.939565132642e+00
4998 1.682856144235e-01 -8.539672348518e-01 -4.941900184976e+00
4999 1.683192915527e-01 -8.538007665374e-01 -4.944234139669e+00
5000 1.683529686818e-01 -8.536342196406e-01 -4.946566996202e+00
5001 1.683866458110e-01 -8.534675941985e-01 -4.948898754056e+00
5002 1.684203229401e-01 -8.533008902479e-01 -4.951229412715e+00
5003 1.684540000693e-01 -8.531341078259e-01 -4.953558971661e+00
5004 1.684876771985e-01 -8.529672469696e-01 -4.955887430375e+00
5005 1.685213543276e-01 -8.528003077161e-01 -4.958214788341e+00
5006 1.685550314568e-01 -8.526332901023e-01 -4.960541045042e+00
5007 1.685887085860e-01 -8.524661941655e-01 -4.962866199961e+00
5008 1.686223857151e-01 -8.522990199426e-01 -4.965190252582e+00
5009 1.686560628443e-01 -8.521317674709e-01 -4.967513202389e+00
5010 1.686897399734e-01 -8.519644367875e-01 -4.969835048865e+00
5011 1.687234171026e-01 -8.517970279296e-01 -4.972155791495e+00
5012 1.687570942318e-01 -8.516295409343e-01 -4.974475429764e+00
5013 1.687907713609e-01 -8.514619758389e-01 -4.976793963156e+00
5014 1.688244484901e-01 -8.512943326805e-01 -4.979111391156e+00
5015 1.688581256193e-01 -8.511266114964e-01 -4.981427713250e+00
5016 1.688918027484e-01 -8.509588123239e-01 -4.983742928923e+00
5017 1.689254798776e-01 -8.507909352002e-01 -4.986057037660e+00
5018 1.689591570067e-01 -8.506229801626e-01 -4.988370038949e+00
5019 1.689928341359e-01 -8.504549472484e-01 -4.990681932275e+00
5020 1.690265112651e-01 -8.502868364950e-01 -4.992992717124e+00
5021 1.690601883942e-01 -8.501186479396e-01 -4.995302392984e+00
5022 1.690938655234e-01 -8.499503816197e-01 -4.997610959341e+00
5023 1.691275426526e-01 -8.497820375725e-01 -4.999918415683e+00
5024 1.691612197817e-01 -8.496136158355e-01 -5.002224761497e+00
5025 1.691948969109e-01 -8.494451164462e-01 -5.004529996271e+00
5026 1.692285740400e-01 -8.492765394419e-01 -5.006834119493e+00
5027 1.692622511692e-01 -8.491078848600e-01 -5.009137130651e+00
5028 1.692959282984e-01 -8.489391527381e-01 -5.011439029233e+00
5029 1.693296054275e-01 -8.487703431135e-01 -5.013739814729e+00
5030 1.693632825567e-01 -8.486014560239e-01 -5.016039486627e+00
5031 1.693969596859e-01 -8.484324915067e-01 -5.018338044417e+00
5032 1.694306368150e-01 -8.482634495994e-01 -5.020635487587e+00
5033 1.694643139442e-01 -8.480943303396e-01 -5.022931815628e+00
5034 1.694979910733e-01 -8.479251337649e-01 -5.025227028030e+00
5035 1.695316682025e-01 -8.477558599128e-01 -5.027521124283e+00
5036 1.695653453317e-01 -8.475865088209e-01 -5.029814103877e+00
5037 1.695990224608e-01 -8.474170805269e-01 -5.032105966303e+00
5038 1.696326995900e-01 -8.472475750683e-01 -5.034396711052e+00
5039 1.696663767192e-01 -8.470779924828e-01 -5.036686337615e+00
5040 1.697000538483e-01 -8.469083328081e-01 -5.038974845484e+00
5041 1.697337309775e-01 -8.467385960820e-01 -5.041262234151e+00
5042 1.697674081066e-01 -8.465687823419e-01 -5.043548503106e+00
5043 1.698010852358e-01 -8.463988916258e-01 -5.045833651843e+00
5044 1.698347623650e-01 -8.462289239713e-01 -5.048117679854e+00
5045 1.698684394941e-01 -8.460588794161e-01 -5.050400586632e+00
5046 1.699021166233e-01 -8.458887579981e-01 -5.052682371669e+00
5047 1.699357937524e-01 -8.457185597550e-01 -5.054963034459e+00
5048 1.699694708816e-01 -8.455482847247e-01 -5.057242574496e+00
5049 1.700031480108e-01 -8.453779329448e-01 -5.059520991272e+00
5050 1.700368251399e-01 -8.452075044534e-01 -5.061798284282e+00
5051 1.700705022691e-01 -8.450369992882e-01 -5.064074453020e+00
5052 1.701041793983e-01 -8.448664174872e-01 -5.066349496981e+00
5053 1.701378565274e-01 -8.446957590881e-01 -5.068623415658e+00
5054 1.701715336566e-01 -8.445250241289e-01 -5.070896208548e+00
5055 1.702052107857e-01 -8.443542126476e-01 -5.073167875146e+00
5056 1.702388879149e-01 -8.441833246820e-01 -5.075438414946e+00
5057 1.702725650441e-01 -8.440123602701e-01 -5.077707827444e+00
5058 1.703062421732e-01 -8.438413194499e-01 -5.079976112137e+00
5059 1.703399193024e-01 -8.436702022594e-01 -5.082243268520e+00
5060 1.703735964316e-01 -8.434990087366e-01 -5.084509296091e+00
5061 1.704072735607e-01 -8.433277389195e-01 -5.086774194345e+00
5062 1.704409506899e-01 -8.431563928462e-01 -5.089037962780e+00
5063 1.704746278190e-01 -8.429849705547e-01 -5.091300600893e+00
5064 1.705083049482e-01 -8.428134720830e-01 -5.093562108181e+00
5065 1.705419820774e-01 -8.426418974693e-01 -5.095822484142e+00
5066 1.705756592065e-01 -8.424702467517e-01 -5.098081728274e+00
5067 1.706093363357e-01 -8.422985199684e-01 -5.100339840075e+00
5068 1.706430134649e-01 -8.421267171573e-01 -5.102596819044e+00
5069 1.706766905940e-01 -8.419548383568e-01 -5.104852664679e+00
5070 1.707103677232e-01 -8.417828836050e-01 -5.107107376480e+00
5071 1.707440448523e-01 -8.416108529400e-01 -5.109360953945e+00
5072 1.707777219815e-01 -8.414387464001e-01 -5.111613396574e+00
5073 1.708113991107e-01 -8.412665640236e-01 -5.113864703866e+00
5074 1.708450762398e-01 -8.410943058486e-01 -5.116114875322e+00
5075 1.708787533690e-01 -8.409219719134e-01 -5.118363910443e+00
5076 1.709124304982e-01 -8.407495622563e-01 -5.120611808727e+00
5077 1.709461076273e-01 -8.405770769156e-01 -5.122858569676e+00
5078 1.709797847565e-01 -8.404045159296e-01 -5.125104192792e+00
5079 1.710134618856e-01 -8.402318793367e-01 -5.127348677574e+00
5080 1.710471390148e-01 -8.400591671751e-01 -5.129592023526e+00
5081 1.710808161440e-01 -8.398863794832e-01 -5.131834230147e+00
5082 1.711144932731e-01 -8.397135162995e-01 -5.134075296941e+00
5083 1.711481704023e-01 -8.395405776622e-01 -5.136315223410e+00
5084 1.711818475314e-01 -8.393675636099e-01 -5.138554009056e+00
5085 1.712155246606e-01 -8.391944741809e-01 -5.140791653382e+00
5086 1.712492017898e-01 -8.390213094137e-01 -5.143028155891e+00
5087 1.712828789189e-01 -8.388480693467e-01 -5.145263516086e+00
5088 1.713165560481e-01 -8.386747540185e-01 -5.147497733471e+00
5089 1.713502331773e-01 -8.385013634675e-01 -5.149730807549e+00
5090 1.713839103064e-01 -8.383278977322e-01 -5.151962737824e+00
5091 1.714175874356e-01 -8.381543568512e-01 -5.154193523801e+00
5092 1.714512645647e-01 -8.379807408630e-01 -5.156423164985e+00
5093 1.714849416939e-01 -8.378070498062e-01 -5.158651660879e+00
5094 1.715186188231e-01 -8.376332837193e-01 -5.160879010990e+00
5095 1.715522959522e-01 -8.374594426410e-01 -5.163105214821e+00
5096 1.715859730814e-01 -8.372855266098e-01 -5.165330271880e+00
5097 1.716196502106e-01 -8.371115356644e-01 -5.167554181671e+00
5098 1.716533273397e-01 -8.369374698434e-01 -5.169776943701e+00
5099 1.716870044689e-01 -8.367633291855e-01 -5.171998557476e+00
5100 1.717206815980e-01 -8.365891137294e-01 -5.174219022503e+00
5101 1.717543587272e-01 -8.364148235138e-01 -5.176438338287e+00
5102 1.717880358564e-01 -8.362404585773e-01 -5.178656504338e+00
5103 1.718217129855e-01 -8.360660189587e-01 -5.180873520161e+00
5104 1.718553901147e-01 -8.358915046968e-01 -5.183089385264e+00
5105 1.718890672439e-01 -8.357169158303e-01 -5.185304099156e+00
5106 1.719227443730e-01 -8.355422523979e-01 -5.187517661344e+00
5107 1.719564215022e-01 -8.353675144386e-01 -5.189730071336e+00
5108 1.719900986313e-01 -8.351927019910e-01 -5.191941328642e+00
5109 1.720237757605e-01 -8.350178150941e-01 -5.194151432770e+00
5110 1.720574528897e-01 -8.348428537866e-01 -5.196360383229e+00
5111 1.720911300188e-01 -8.346678181074e-01 -5.198568179529e+00
5112 1.721248071480e-01 -8.344927080955e-01 -5.200774821178e+00
5113 1.721584842772e-01 -8.343175237896e-01 -5.202980307688e+00
5114 1.721921614063e-01 -8.341422652287e-01 -5.205184638568e+00
5115 1.722258385355e-01 -8.339669324518e-01 -5.207387813329e+00
5116 1.722595156646e-01 -8.337915254977e-01 -5.209589831481e+00
5117 1.722931927938e-01 -8.336160444055e-01 -5.211790692536e+00
5118 1.723268699230e-01 -8.334404892141e-01 -5.213990396003e+00
5119 1.723605470521e-01 -8.332648599625e-01 -5.216188941396e+00
5120 1.723942241813e-01 -8.330891566897e-01 -5.218386328224e+00
5121 1.724279013105e-01 -8.329133794347e-01 -5.220582556002e+00
5122 1.724615784396e-01 -8.327375282366e-01 -5.222777624240e+00
5123 1.724952555688e-01 -8.325616031345e-01 -5.224971532451e+00
5124 1.725289326979e-01 -8.323856041673e-01 -5.227164280147e+00
5125 1.725626098271e-01 -8.322095313743e-01 -5.229355866843e+00
5126 1.725962869563e-01 -8.320333847944e-01 -5.231546292050e+00
5127 1.726299640854e-01 -8.318571644669e-01 -5.233735555283e+00
5128 1.726636412146e-01 -8.316808704309e-01 -5.235923656055e+00
5129 1.726973183437e-01 -8.315045027255e-01 -5.238110593880e+00
5130 1.727309954729e-01 -8.313280613899e-01 -5.240296368273e+00
5131 1.727646726021e-01 -8.311515464632e-01 -5.242480978748e+00
5132 1.727983497312e-01 -8.309749579848e-01 -5.244664424820e+00
5133 1.728320268604e-01 -8.307982959938e-01 -5.246846706003e+00
5134 1.728657039896e-01 -8.306215605295e-01 -5.249027821813e+00
5135 1.728993811187e-01 -8.304447516311e-01 -5.251207771766e+00
5136 1.729330582479e-01 -8.302678693378e-01 -5.253386555378e+00
5137 1.729667353770e-01 -8.300909136890e-01 -5.255564172164e+00
5138 1.730004125062e-01 -8.299138847240e-01 -5.257740621641e+00
5139 1.730340896354e-01 -8.297367824821e-01 -5.259915903326e+00
5140 1.730677667645e-01 -8.295596070026e-01 -5.262090016734e+00
5141 1.731014438937e-01 -8.293823583249e-01 -5.264262961384e+00
5142 1.731351210229e-01 -8.292050364884e-01 -5.266434736793e+00
5143 1.731687981520e-01 -8.290276415323e-01 -5.268605342479e+00
5144 1.732024752812e-01 -8.288501734962e-01 -5.270774777958e+00
5145 1.732361524103e-01 -8.286726324195e-01 -5.272943042751e+00
5146 1.732698295395e-01 -8.284950183416e-01 -5.275110136374e+00
5147 1.733035066687e-01 -8.283173313018e-01 -5.277276058346e+00
5148 1.733371837978e-01 -8.281395713398e-01 -5.279440808187e+00
5149 1.733708609270e-01 -8.279617384950e-01 -5.281604385416e+00
5150 1.734045380562e-01 -8.277838328069e-01 -5.283766789551e+00
5151 1.734382151853e-01 -8.276058543149e-01 -5.285928020114e+00
5152 1.734718923145e-01 -8.274278030587e-01 -5.288088076623e+00
5153 1.735055694436e-01 -8.272496790777e-01 -5.290246958600e+00
5154 1.735392465728e-01 -8.270714824116e-01 -5.292404665563e+00
5155 1.735729237020e-01 -8.268932130999e-01 -5.294561197035e+00
5156 1.736066008311e-01 -8.267148711823e-01 -5.296716552537e+00
5157 1.736402779603e-01 -8.265364566982e-01 -5.298870731589e+00
5158 1.736739550895e-01 -8.263579696874e-01 -5.301023733713e+00
5159 1.737076322186e-01 -8.261794101895e-01 -5.303175558431e+00
5160 1.737413093478e-01 -8.260007782441e-01 -5.305326205264e+00
5161 1.737749864769e-01 -8.258220738910e-01 -5.307475673736e+00
5162 1.738086636061e-01 -8.256432971698e-01 -5.309623963369e+00
5163 1.738423407353e-01 -8.254644481202e-01 -5.311771073686e+00
5164 1.738760178644e-01 -8.252855267819e-01 -5.313917004209e+00
5165 1.739096949936e-01 -8.251065331948e-01 -5.316061754463e+00
5166 1.739433721227e-01 -8.249274673985e-01 -5.318205323970e+00
5167 1.739770492519e-01 -8.247483294329e-01 -5.320347712255e+00
5168 1.740107263811e-01 -8.245691193376e-01 -5.322488918842e+00
5169 1.740444035102e-01 -8.243898371526e-01 -5.324628943256e+00
5170 1.740780806394e-01 -8.242104829175e-01 -5.326767785020e+00
5171 1.741117577686e-01 -8.240310566724e-01 -5.328905443660e+00
5172 1.741454348977e-01 -8.238515584570e-01 -5.331041918701e+00
5173 1.741791120269e-01 -8.236719883112e-01 -5.333177209669e+00
5174 1.742127891560e-01 -8.234923462748e-01 -5.335311316089e+00
5175 1.742464662852e-01 -8.233126323878e-01 -5.337444237487e+00
5176 1.742801434144e-01 -8.231328466902e-01 -5.339575973390e+00
5177 1.743138205435e-01 -8.229529892217e-01 -5.341706523324e+00
5178 1.743474976727e-01 -8.227730600224e-01 -5.343835886815e+00
5179 1.743811748019e-01 -8.225930591323e-01 -5.345964063392e+00
5180 1.744148519310e-01 -8.224129865912e-01 -5.348091052581e+00
5181 1.744485290602e-01 -8.222328424393e-01 -5.350216853910e+00
5182 1.744822061893e-01 -8.220526267165e-01 -5.352341466906e+00
5183 1.745158833185e-01 -8.218723394628e-01 -5.354464891098e+00
5184 1.745495604477e-01 -8.216919807184e-01 -5.356587126014e+00
5185 1.745832375768e-01 -8.215115505232e-01 -5.358708171183e+00
5186 1.746169147060e-01 -8.213310489173e-01 -5.360828026134e+00
5187 1.746505918352e-01 -8.211504759408e-01 -5.362946690395e+00
5188 1.746842689643e-01 -8.209698316339e-01 -5.365064163497e+00
5189 1.747179460935e-01 -8.207891160366e-01 -5.367180444969e+00
5190 1.747516232226e-01 -8.206083291891e-01 -5.369295534340e+00
5191 1.747853003518e-01 -8.204274711316e-01 -5.371409431141e+00
5192 1.748189774810e-01 -8.202465419041e-01 -5.373522134903e+00
5193 1.748526546101e-01 -8.200655415470e-01 -5.375633645157e+00
5194 1.748863317393e-01 -8.198844701003e-01 -5.377743961433e+00
5195 1.749200088685e-01 -8.197033276044e-01 -5.379853083262e+00
5196 1.749536859976e-01 -8.195221140994e-01 -5.381961010176e+00
5197 1.749873631268e-01 -8.193408296257e-01 -5.384067741708e+00
5198 1.750210402559e-01 -8.191594742233e-01 -5.386173277388e+00
5199 1.750547173851e-01 -8.189780479328e-01 -5.388277616750e+00
5200 1.750883945143e-01 -8.187965507943e-01 -5.390380759326e+00
5201 1.751220716434e-01 -8.186149828481e-01 -5.392482704649e+00
5202 1.751557487726e-01 -8.184333441346e-01 -5.394583452252e+00
5203 1.751894259018e-01 -8.182516346941e-01 -5.396683001668e+00
5204 1.752231030309e-01 -8.180698545671e-01 -5.398781352431e+00
5205 1.752567801601e-01 -8.178880037938e-01 -5.400878504075e+00
5206 1.752904572892e-01 -8.177060824146e-01 -5.402974456135e+00
5207 1.753241344184e-01 -8.175240904700e-01 -5.405069208144e+00
5208 1.753578115476e-01 -8.173420280004e-01 -5.407162759637e+00
5209 1.753914886767e-01 -8.171598950462e-01 -5.409255110150e+00
5210 1.754251658059e-01 -8.169776916478e-01 -5.411346259218e+00
5211 1.754588429350e-01 -8.167954178458e-01 -5.413436206376e+00
5212 1.754925200642e-01 -8.166130736807e-01 -5.415524951160e+00
5213 1.755261971934e-01 -8.164306591928e-01 -5.417612493106e+00
5214 1.755598743225e-01 -8.162481744228e-01 -5.419698831751e+00
5215 1.755935514517e-01 -8.160656194112e-01 -5.421783966630e+00
5216 1.756272285809e-01 -8.158829941984e-01 -5.423867897282e+00
5217 1.756609057100e-01 -8.157002988252e-01 -5.425950623242e+00
5218 1.756945828392e-01 -8.155175333320e-01 -5.428032144049e+00
5219 1.757282599683e-01 -8.153346977595e-01 -5.430112459241e+00
5220 1.757619370975e-01 -8.151517921483e-01 -5.432191568354e+00
5221 1.757956142267e-01 -8.149688165389e-01 -5.434269470928e+00
5222 1.758292913558e-01 -8.147857709721e-01 -5.436346166500e+00
5223 1.758629684850e-01 -8.146026554884e-01 -5.438421654610e+00
5224 1.758966456142e-01 -8.144194701286e-01 -5.440495934796e+00
5225 1.759303227433e-01 -8.142362149334e-01 -5.442569006599e+00
5226 1.759639998725e-01 -8.140528899434e-01 -5.444640869556e+00
5227 1.759976770016e-01 -8.138694951993e-01 -5.446711523209e+00
5228 1.760313541308e-01 -8.136860307420e-01 -5.448780967097e+00
5229 1.760650312600e-01 -8.135024966121e-01 -5.450849200761e+00
5230 1.760987083891e-01 -8.133188928504e-01 -5.452916223741e+00
5231 1.761323855183e-01 -8.131352194978e-01 -5.454982035578e+00
5232 1.761660626475e-01 -8.129514765949e-01 -5.457046635814e+00
5233 1.761997397766e-01 -8.127676641826e-01 -5.459110023989e+00
5234 1.762334169058e-01 -8.125837823017e-01 -5.461172199646e+00
5235 1.762670940349e-01 -8.123998309931e-01 -5.463233162326e+00
5236 1.763007711641e-01 -8.122158102976e-01 -5.465292911572e+00
5237 1.763344482933e-01 -8.120317202561e-01 -5.467351446926e+00
5238 1.763681254224e-01 -8.118475609095e-01 -5.469408767931e+00
5239 1.764018025516e-01 -8.116633322987e-01 -5.471464874130e+00
5240 1.764354796808e-01 -8.114790344646e-01 -5.473519765066e+00
5241 1.764691568099e-01 -8.112946674482e-01 -5.475573440283e+00
5242 1.765028339391e-01 -8.111102312903e-01 -5.477625899326e+00
5243 1.765365110682e-01 -8.109257260320e-01 -5.479677141737e+00
5244 1.765701881974e-01 -8.107411517143e-01 -5.481727167061e+00
5245 1.766038653266e-01 -8.105565083780e-01 -5.483775974843e+00
5246 1.766375424557e-01 -8.103717960643e-01 -5.485823564628e+00
5247 1.766712195849e-01 -8.101870148142e-01 -5.487869935962e+00
5248 1.767048967140e-01 -8.100021646687e-01 -5.489915088389e+00
5249 1.767385738432e-01 -8.098172456688e-01 -5.491959021455e+00
5250 1.767722509724e-01 -8.096322578557e-01 -5.494001734707e+00
5251 1.768059281015e-01 -8.094472012705e-01 -5.496043227690e+00
5252 1.768396052307e-01 -8.092620759541e-01 -5.498083499952e+00
5253 1.768732823599e-01 -8.090768819478e-01 -5.500122551039e+00
5254 1.769069594890e-01 -8.088916192927e-01 -5.502160380498e+00
5255 1.769406366182e-01 -8.087062880299e-01 -5.504196987877e+00
5256 1.769743137473e-01 -8.085208882007e-01 -5.506232372722e+00
5257 1.770079908765e-01 -8.083354198460e-01 -5.508266534584e+00
5258 1.770416680057e-01 -8.081498830073e-01 -5.510299473008e+00
5259 1.770753451348e-01 -8.079642777256e-01 -5.512331187544e+00
5260 1.771090222640e-01 -8.077786040423e-01 -5.514361677741e+00
5261 1.771426993932e-01 -8.075928619984e-01 -5.516390943147e+00
5262 1.771763765223e-01 -8.074070516354e-01 -5.518418983312e+00
5263 1.772100536515e-01 -8.072211729945e-01 -5.520445797786e+00
5264 1.772437307806e-01 -8.070352261169e-01 -5.522471386118e+00
5265 1.772774079098e-01 -8.068492110439e-01 -5.524495747858e+00
5266 1.773110850390e-01 -8.066631278169e-01 -5.526518882556e+00
5267 1.773447621681e-01 -8.064769764772e-01 -5.528540789764e+00
5268 1.773784392973e-01 -8.062907570662e-01 -5.530561469033e+00
5269 1.774121164265e-01 -8.061044696252e-01 -5.532580919913e+00
5270 1.774457935556e-01 -8.059181141955e-01 -5.534599141955e+00
5271 1.774794706848e-01 -8.057316908186e-01 -5.536616134713e+00
5272 1.775131478139e-01 -8.055451995359e-01 -5.538631897737e+00
5273 1.775468249431e-01 -8.053586403888e-01 -5.540646430580e+00
5274 1.775805020723e-01 -8.051720134188e-01 -5.542659732794e+00
5275 1.776141792014e-01 -8.049853186672e-01 -5.544671803933e+00
5276 1.776478563306e-01 -8.047985561756e-01 -5.546682643549e+00
5277 1.776815334598e-01 -8.046117259854e-01 -5.548692251196e+00
5278 1.777152105889e-01 -8.044248281382e-01 -5.550700626427e+00
5279 1.777488877181e-01 -8.042378626754e-01 -5.552707768797e+00
5280 1.777825648472e-01 -8.040508296386e-01 -5.554713677859e+00
5281 1.778162419764e-01 -8.038637290693e-01 -5.556718353168e+00
5282 1.778499191056e-01 -8.036765610090e-01 -5.558721794279e+00
5283 1.778835962347e-01 -8.034893254994e-01 -5.560724000747e+00
5284 1.779172733639e-01 -8.033020225821e-01 -5.562724972127e+00
5285 1.779509504931e-01 -8.031146522985e-01 -5.564724707974e+00
5286 1.779846276222e-01 -8.029272146905e-01 -5.566723207845e+00
5287 1.780183047514e-01 -8.027397097995e-01 -5.568720471295e+00
5288 1.780519818805e-01 -8.025521376672e-01 -5.570716497882e+00
5289 1.780856590097e-01 -8.023644983353e-01 -5.572711287161e+00
5290 1.781193361389e-01 -8.021767918455e-01 -5.574704838690e+00
5291 1.781530132680e-01 -8.019890182394e-01 -5.576697152025e+00
5292 1.781866903972e-01 -8.018011775588e-01 -5.578688226725e+00
5293 1.782203675263e-01 -8.016132698454e-01 -5.580678062347e+00
5294 1.782540446555e-01 -8.014252951409e-01 -5.582666658449e+00
5295 1.782877217847e-01 -8.012372534871e-01 -5.584654014589e+00
5296 1.783213989138e-01 -8.010491449257e-01 -5.586640130326e+00
5297 1.783550760430e-01 -8.008609694985e-01 -5.588625005219e+00
5298 1.783887531722e-01 -8.006727272473e-01 -5.590608638828e+00
5299 1.784224303013e-01 -8.004844182140e-01 -5.592591030710e+00
5300 1.784561074305e-01 -8.002960424403e-01 -5.594572180427e+00
5301 1.784897845596e-01 -8.001075999681e-01 -5.596552087538e+00
5302 1.785234616888e-01 -7.999190908392e-01 -5.598530751603e+00
5303 1.785571388180e-01 -7.997305150955e-01 -5.600508172182e+00
5304 1.785908159471e-01 -7.995418727790e-01 -5.602484348838e+00
5305 1.786244930763e-01 -7.993531639314e-01 -5.604459281130e+00
5306 1.786581702055e-01 -7.991643885948e-01 -5.606432968620e+00
5307 1.786918473346e-01 -7.989755468109e-01 -5.608405410870e+00
5308 1.787255244638e-01 -7.987866386219e-01 -5.610376607442e+00
5309 1.787592015929e-01 -7.985976640696e-01 -5.612346557897e+00
5310 1.787928787221e-01 -7.984086231960e-01 -5.614315261799e+00
5311 1.788265558513e-01 -7.982195160432e-01 -5.616282718709e+00
5312 1.788602329804e-01 -7.980303426530e-01 -5.618248928192e+00
5313 1.788939101096e-01 -7.978411030675e-01 -5.620213889809e+00
5314 1.789275872388e-01 -7.976517973288e-01 -5.622177603126e+00
5315 1.789612643679e-01 -7.974624254789e-01 -5.624140067705e+00
5316 1.789949414971e-01 -7.972729875599e-01 -5.626101283111e+00
5317 1.790286186262e-01 -7.970834836138e-01 -5.628061248908e+00
5318 1.790622957554e-01 -7.968939136827e-01 -5.630019964661e+00
5319 1.790959728846e-01 -7.967042778087e-01 -5.631977429935e+00
5320 1.791296500137e-01 -7.965145760340e-01 -5.633933644295e+00
5321 1.791633271429e-01 -7.963248084007e-01 -5.635888607306e+00
5322 1.791970042721e-01 -7.961349749509e-01 -5.637842318535e+00
5323 1.792306814012e-01 -7.959450757269e-01 -5.639794777547e+00
5324 1.792643585304e-01 -7.957551107707e-01 -5.641745983908e+00
5325 1.792980356595e-01 -7.955650801245e-01 -5.643695937186e+00
5326 1.793317127887e-01 -7.953749838307e-01 -5.645644636948e+00
5327 1.793653899179e-01 -7.951848219313e-01 -5.647592082759e+00
5328 1.793990670470e-01 -7.949945944687e-01 -5.649538274189e+00
5329 1.794327441762e-01 -7.948043014851e-01 -5.651483210804e+00
5330 1.794664213054e-01 -7.946139430227e-01 -5.653426892173e+00
5331 1.795000984345e-01 -7.944235191239e-01 -5.655369317864e+00
5332 1.795337755637e-01 -7.942330298308e-01 -5.657310487445e+00
5333 1.795674526928e-01 -7.940424751860e-01 -5.659250400485e+00
5334 1.796011298220e-01 -7.938518552316e-01 -5.661189056554e+00
5335 1.796348069512e-01 -7.936611700099e-01 -5.663126455221e+00
5336 1.796684840803e-01 -7.934704195635e-01 -5.665062596055e+00
5337 1.797021612095e-01 -7.932796039346e-01 -5.666997478627e+00
5338 1.797358383386e-01 -7.930887231655e-01 -5.668931102506e+00
5339 1.797695154678e-01 -7.928977772988e-01 -5.670863467264e+00
5340 1.798031925970e-01 -7.927067663768e-01 -5.672794572471e+00
5341 1.798368697261e-01 -7.925156904419e-01 -5.674724417698e+00
5342 1.798705468553e-01 -7.923245495366e-01 -5.676653002517e+00
5343 1.799042239845e-01 -7.921333437033e-01 -5.678580326499e+00
5344 1.799379011136e-01 -7.919420729845e-01 -5.680506389215e+00
5345 1.799715782428e-01 -7.917507374227e-01 -5.682431190240e+00
5346 1.800052553719e-01 -7.915593370604e-01 -5.684354729143e+00
5347 1.800389325011e-01 -7.913678719400e-01 -5.686277005500e+00
5348 1.800726096303e-01 -7.911763421042e-01 -5.688198018882e+00
5349 1.801062867594e-01 -7.909847475954e-01 -5.690117768863e+00
5350 1.801399638886e-01 -7.907930884563e-01 -5.692036255016e+00
5351 1.801736410178e-01 -7.906013647293e-01 -5.693953476916e+00
5352 1.802073181469e-01 -7.904095764571e-01 -5.695869434137e+00
5353 1.802409952761e-01 -7.902177236823e-01 -5.697784126252e+00
5354 1.802746724052e-01 -7.900258064474e-01 -5.699697552838e+00
5355 1.803083495344e-01 -7.898338247951e-01 -5.701609713468e+00
5356 1.803420266636e-01 -7.896417787681e-01 -5.703520607718e+00
5357 1.803757037927e-01 -7.894496684090e-01 -5.705430235163e+00
5358 1.804093809219e-01 -7.892574937604e-01 -5.707338595380e+00
5359 1.804430580511e-01 -7.890652548651e-01 -5.709245687945e+00
5360 1.804767351802e-01 -7.888729517658e-01 -5.711151512434e+00
5361 1.805104123094e-01 -7.886805845051e-01 -5.713056068424e+00
5362 1.805440894385e-01 -7.884881531258e-01 -5.714959355491e+00
5363 1.805777665677e-01 -7.882956576706e-01 -5.716861373213e+00
5364 1.806114436969e-01 -7.881030981823e-01 -5.718762121168e+00
5365 1.806451208260e-01 -7.879104747036e-01 -5.720661598933e+00
5366 1.806787979552e-01 -7.877177872774e-01 -5.722559806086e+00
5367 1.807124750844e-01 -7.875250359464e-01 -5.724456742207e+00
5368 1.807461522135e-01 -7.873322207535e-01 -5.726352406873e+00
5369 1.807798293427e-01 -7.871393417415e-01 -5.728246799663e+00
5370 1.808135064718e-01 -7.869463989531e-01 -5.730139920157e+00
5371 1.808471836010e-01 -7.867533924313e-01 -5.732031767934e+00
5372 1.808808607302e-01 -7.865603222190e-01 -5.733922342575e+00
5373 1.809145378593e-01 -7.863671883589e-01 -5.735811643658e+00
5374 1.809482149885e-01 -7.861739908941e-01 -5.737699670765e+00
5375 1.809818921176e-01 -7.859807298674e-01 -5.739586423476e+00
5376 1.810155692468e-01 -7.857874053218e-01 -5.741471901373e+00
5377 1.810492463760e-01 -7.855940173001e-01 -5.743356104035e+00
5378 1.810829235051e-01 -7.854005658454e-01 -5.745239031045e+00
5379 1.811166006343e-01 -7.852070510006e-01 -5.747120681985e+00
5380 1.811502777635e-01 -7.850134728087e-01 -5.749001056437e+00
5381 1.811839548926e-01 -7.848198313127e-01 -5.750880153982e+00
5382 1.812176320218e-01 -7.846261265556e-01 -5.752757974204e+00
5383 1.812513091509e-01 -7.844323585804e-01 -5.754634516686e+00
5384 1.812849862801e-01 -7.842385274301e-01 -5.756509781010e+00
5385 1.813186634093e-01 -7.840446331479e-01 -5.758383766761e+00
5386 1.813523405384e-01 -7.838506757767e-01 -5.760256473522e+00
5387 1.813860176676e-01 -7.836566553597e-01 -5.762127900877e+00
5388 1.814196947968e-01 -7.834625719400e-01 -5.763998048410e+00
5389 1.814533719259e-01 -7.832684255606e-01 -5.765866915706e+00
5390 1.814870490551e-01 -7.830742162646e-01 -5.767734502350e+00
5391 1.815207261842e-01 -7.828799440953e-01 -5.769600807927e+00
5392 1.815544033134e-01 -7.826856090958e-01 -5.771465832023e+00
5393 1.815880804426e-01 -7.824912113092e-01 -5.773329574223e+00
5394 1.816217575717e-01 -7.822967507786e-01 -5.775192034114e+00
5395 1.816554347009e-01 -7.821022275474e-01 -5.777053211282e+00
5396 1.816891118301e-01 -7.819076416587e-01 -5.778913105312e+00
5397 1.817227889592e-01 -7.817129931557e-01 -5.780771715793e+00
5398 1.817564660884e-01 -7.815182820817e-01 -5.782629042312e+00
5399 1.817901432175e-01 -7.813235084798e-01 -5.784485084455e+00
5400 1.818238203467e-01 -7.811286723934e-01 -5.786339841811e+00
5401 1.818574974759e-01 -7.809337738658e-01 -5.788193313968e+00
5402 1.818911746050e-01 -7.807388129402e-01 -5.790045500514e+00
5403 1.819248517342e-01 -7.805437896599e-01 -5.791896401037e+00
5404 1.819585288634e-01 -7.803487040682e-01 -5.793746015127e+00
5405 1.819922059925e-01 -7.801535562085e-01 -5.795594342373e+00
5406 1.820258831217e-01 -7.799583461242e-01 -5.797441382364e+00
5407 1.820595602508e-01 -7.797630738585e-01 -5.799287134690e+00
5408 1.820932373800e-01 -7.795677394549e-01 -5.801131598941e+00
5409 1.821269145092e-01 -7.793723429567e-01 -5.802974774707e+00
5410 1.821605916383e-01 -7.791768844073e-01 -5.804816661579e+00
5411 1.821942687675e-01 -7.789813638502e-01 -5.806657259148e+00
5412 1.822279458967e-01 -7.787857813288e-01 -5.808496567005e+00
5413 1.822616230258e-01 -7.785901368864e-01 -5.810334584742e+00
5414 1.822953001550e-01 -7.783944305667e-01 -5.812171311949e+00
5415 1.823289772841e-01 -7.781986624130e-01 -5.814006748220e+00
5416 1.823626544133e-01 -7.780028324688e-01 -5.815840893147e+00
5417 1.823963315425e-01 -7.778069407776e-01 -5.817673746322e+00
5418 1.824300086716e-01 -7.776109873829e-01 -5.819505307338e+00
5419 1.824636858008e-01 -7.774149723283e-01 -5.821335575789e+00
5420 1.824973629299e-01 -7.772188956573e-01 -5.823164551267e+00
5421 1.825310400591e-01 -7.770227574134e-01 -5.824992233367e+00
5422 1.825647171883e-01 -7.768265576402e-01 -5.826818621683e+00
5423 1.825983943174e-01 -7.766302963812e-01 -5.828643715808e+00
5424 1.826320714466e-01 -7.764339736802e-01 -5.830467515339e+00
5425 1.826657485758e-01 -7.762375895806e-01 -5.832290019868e+00
5426 1.826994257049e-01 -7.760411441261e-01 -5.834111228993e+00
5427 1.827331028341e-01 -7.758446373603e-01 -5.835931142308e+00
5428 1.827667799632e-01 -7.756480693269e-01 -5.837749759409e+00
5429 1.828004570924e-01 -7.754514400695e-01 -5.839567079891e+00
5430 1.828341342216e-01 -7.752547496319e-01 -5.841383103353e+00
5431 1.828678113507e-01 -7.750579980576e-01 -5.843197829389e+00
5432 1.829014884799e-01 -7.748611853904e-01 -5.845011257598e+00
5433 1.829351656091e-01 -7.746643116740e-01 -5.846823387576e+00
5434 1.829688427382e-01 -7.744673769522e-01 -5.848634218920e+00
5435 1.830025198674e-01 -7.742703812686e-01 -5.850443751229e+00
5436 1.830361969965e-01 -7.740733246670e-01 -5.852251984101e+00
5437 1.830698741257e-01 -7.738762071912e-01 -5.854058917134e+00
5438 1.831035512549e-01 -7.736790288851e-01 -5.855864549926e+00
5439 1.831372283840e-01 -7.734817897922e-01 -5.857668882077e+00
5440 1.831709055132e-01 -7.732844899566e-01 -5.859471913186e+00
5441 1.832045826424e-01 -7.730871294220e-01 -5.861273642852e+00
5442 1.832382597715e-01 -7.728897082322e-01 -5.863074070676e+00
5443 1.832719369007e-01 -7.726922264311e-01 -5.864873196257e+00
5444 1.833056140298e-01 -7.724946840625e-01 -5.866671019196e+00
5445 1.833392911590e-01 -7.722970811703e-01 -5.868467539093e+00
5446 1.833729682882e-01 -7.720994177985e-01 -5.870262755549e+00
5447 1.834066454173e-01 -7.719016939909e-01 -5.872056668166e+00
5448 1.834403225465e-01 -7.717039097914e-01 -5.873849276545e+00
5449 1.834739996757e-01 -7.715060652440e-01 -5.875640580289e+00
5450 1.835076768048e-01 -7.713081603926e-01 -5.877430578998e+00
5451 1.835413539340e-01 -7.711101952812e-01 -5.879219272277e+00
5452 1.835750310631e-01 -7.709121699537e-01 -5.881006659726e+00
5453 1.836087081923e-01 -7.707140844541e-01 -5.882792740950e+00
5454 1.836423853215e-01 -7.705159388264e-01 -5.884577515552e+00
5455 1.836760624506e-01 -7.703177331146e-01 -5.886360983134e+00
5456 1.837097395798e-01 -7.701194673628e-01 -5.888143143302e+00
5457 1.837434167089e-01 -7.699211416150e-01 -5.889923995659e+00
5458 1.837770938381e-01 -7.697227559152e-01 -5.891703539810e+00
5459 1.838107709673e-01 -7.695243103075e-01 -5.893481775359e+00
5460 1.838444480964e-01 -7.693258048360e-01 -5.895258701912e+00
5461 1.838781252256e-01 -7.691272395447e-01 -5.897034319074e+00
5462 1.839118023548e-01 -7.689286144778e-01 -5.898808626450e+00
5463 1.839454794839e-01 -7.687299296794e-01 -5.900581623646e+00
5464 1.839791566131e-01 -7.685311851936e-01 -5.902353310269e+00
5465 1.840128337422e-01 -7.683323810645e-01 -5.904123685925e+00
5466 1.840465108714e-01 -7.681335173364e-01 -5.905892750221e+00
5467 1.840801880006e-01 -7.679345940533e-01 -5.907660502764e+00
5468 1.841138651297e-01 -7.677356112595e-01 -5.909426943161e+00
5469 1.841475422589e-01 -7.675365689992e-01 -5.911192071020e+00
5470 1.841812193881e-01 -7.673374673165e-01 -5.912955885949e+00
5471 1.842148965172e-01 -7.671383062557e-01 -5.914718387556e+00
5472 1.842485736464e-01 -7.669390858610e-01 -5.916479575450e+00
5473 1.842822507755e-01 -7.667398061767e-01 -5.918239449239e+00
5474 1.843159279047e-01 -7.665404672471e-01 -5.919998008533e+00
5475 1.843496050339e-01 -7.663410691164e-01 -5.921755252940e+00
5476 1.843832821630e-01 -7.661416118288e-01 -5.923511182072e+00
5477 1.844169592922e-01 -7.659420954288e-01 -5.925265795537e+00
5478 1.844506364214e-01 -7.657425199606e-01 -5.927019092946e+00
5479 1.844843135505e-01 -7.655428854685e-01 -5.928771073910e+00
5480 1.845179906797e-01 -7.653431919969e-01 -5.930521738039e+00
5481 1.845516678088e-01 -7.651434395901e-01 -5.932271084945e+00
5482 1.845853449380e-01 -7.649436282926e-01 -5.934019114238e+00
5483 1.846190220672e-01 -7.647437581486e-01 -5.935765825532e+00
5484 1.846526991963e-01 -7.645438292026e-01 -5.937511218437e+00
5485 1.846863763255e-01 -7.643438414990e-01 -5.939255292567e+00
5486 1.847200534547e-01 -7.641437950822e-01 -5.940998047533e+00
5487 1.847537305838e-01 -7.639436899966e-01 -5.942739482949e+00
5488 1.847874077130e-01 -7.637435262867e-01 -5.944479598428e+00
5489 1.848210848421e-01 -7.635433039970e-01 -5.946218393583e+00
5490 1.848547619713e-01 -7.633430231718e-01 -5.947955868029e+00
5491 1.848884391005e-01 -7.631426838557e-01 -5.949692021379e+00
5492 1.849221162296e-01 -7.629422860933e-01 -5.951426853247e+00
5493 1.849557933588e-01 -7.627418299289e-01 -5.953160363249e+00
5494 1.849894704880e-01 -7.625413154072e-01 -5.954892551000e+00
5495 1.850231476171e-01 -7.623407425726e-01 -5.956623416114e+00
5496 1.850568247463e-01 -7.621401114697e-01 -5.958352958207e+00
5497 1.850905018754e-01 -7.619394221431e-01 -5.960081176895e+00
5498 1.851241790046e-01 -7.617386746374e-01 -5.961808071794e+00
5499 1.851578561338e-01 -7.615378689970e-01 -5.963533642521e+00
5500 1.851915332629e-01 -7.613370052667e-01 -5.965257888692e+00
5501 1.852252103921e-01 -7.611360834911e-01 -5.966980809924e+00
5502 1.852588875212e-01 -7.609351037147e-01 -5.968702405836e+00
5503 1.852925646504e-01 -7.607340659823e-01 -5.970422676043e+00
5504 1.853262417796e-01 -7.605329703384e-01 -5.972141620165e+00
5505 1.853599189087e-01 -7.603318168277e-01 -5.973859237819e+00
5506 1.853935960379e-01 -7.601306054950e-01 -5.975575528624e+00
5507 1.854272731671e-01 -7.599293363848e-01 -5.977290492199e+00
5508 1.854609502962e-01 -7.597280095420e-01 -5.979004128163e+00
5509 1.854946274254e-01 -7.595266250112e-01 -5.980716436135e+00
5510 1.855283045545e-01 -7.593251828371e-01 -5.982427415734e+00
5511 1.855619816837e-01 -7.591236830645e-01 -5.984137066582e+00
5512 1.855956588129e-01 -7.589221257382e-01 -5.985845388298e+00
5513 1.856293359420e-01 -7.587205109029e-01 -5.987552380502e+00
5514 1.856630130712e-01 -7.585188386034e-01 -5.989258042816e+00
5515 1.856966902004e-01 -7.583171088844e-01 -5.990962374861e+00
5516 1.857303673295e-01 -7.581153217909e-01 -5.992665376258e+00
5517 1.857640444587e-01 -7.579134773676e-01 -5.994367046628e+00
5518 1.857977215878e-01 -7.577115756593e-01 -5.996067385595e+00
5519 1.858313987170e-01 -7.575096167109e-01 -5.997766392780e+00
5520 1.858650758462e-01 -7.573076005672e-01 -5.999464067806e+00
5521 1.858987529753e-01 -7.571055272732e-01 -6.001160410296e+00
5522 1.859324301045e-01 -7.569033968737e-01 -6.002855419873e+00
5523 1.859661072337e-01 -7.567012094135e-01 -6.004549096160e+00
5524 1.859997843628e-01 -7.564989649377e-01 -6.006241438782e+00
5525 1.860334614920e-01 -7.562966634911e-01 -6.007932447363e+00
5526 1.860671386211e-01 -7.560943051186e-01 -6.009622121526e+00
5527 1.861008157503e-01 -7.558918898653e-01 -6.011310460897e+00
5528 1.861344928795e-01 -7.556894177760e-01 -6.012997465101e+00
5529 1.861681700086e-01 -7.554868888957e-01 -6.014683133763e+00
5530 1.862018471378e-01 -7.552843032694e-01 -6.016367466508e+00
5531 1.862355242670e-01 -7.550816609422e-01 -6.018050462963e+00
5532 1.862692013961e-01 -7.548789619590e-01 -6.019732122753e+00
5533 1.863028785253e-01 -7.546762063648e-01 -6.021412445506e+00
5534 1.863365556544e-01 -7.544733942046e-01 -6.023091430848e+00
5535 1.863702327836e-01 -7.542705255236e-01 -6.024769078405e+00
5536 1.864039099128e-01 -7.540676003668e-01 -6.026445387806e+00
5537 1.864375870419e-01 -7.538646187792e-01 -6.028120358678e+00
5538 1.864712641711e-01 -7.536615808060e-01 -6.029793990649e+00
5539 1.865049413002e-01 -7.534584864922e-01 -6.031466283347e+00
5540 1.865386184294e-01 -7.532553358829e-01 -6.033137236401e+00
5541 1.865722955586e-01 -7.530521290233e-01 -6.034806849440e+00
5542 1.866059726877e-01 -7.528488659585e-01 -6.036475122093e+00
5543 1.866396498169e-01 -7.526455467336e-01 -6.038142053989e+00
5544 1.866733269461e-01 -7.524421713938e-01 -6.039807644759e+00
5545 1.867070040752e-01 -7.522387399843e-01 -6.041471894031e+00
5546 1.867406812044e-01 -7.520352525503e-01 -6.043134801437e+00
5547 1.867743583335e-01 -7.518317091369e-01 -6.044796366607e+00
5548 1.868080354627e-01 -7.516281097894e-01 -6.046456589173e+00
5549 1.868417125919e-01 -7.514244545529e-01 -6.048115468765e+00
5550 1.868753897210e-01 -7.512207434728e-01 -6.049773005014e+00
5551 1.869090668502e-01 -7.510169765942e-01 -6.051429197554e+00
5552 1.869427439794e-01 -7.508131539625e-01 -6.053084046015e+00
5553 1.869764211085e-01 -7.506092756228e-01 -6.054737550031e+00
5554 1.870100982377e-01 -7.504053416205e-01 -6.056389709234e+00
5555 1.870437753668e-01 -7.502013520009e-01 -6.058040523257e+00
5556 1.870774524960e-01 -7.499973068093e-01 -6.059689991733e+00
5557 1.871111296252e-01 -7.497932060910e-01 -6.061338114297e+00
5558 1.871448067543e-01 -7.495890498913e-01 -6.062984890582e+00
5559 1.871784838835e-01 -7.493848382555e-01 -6.064630320222e+00
5560 1.872121610127e-01 -7.491805712291e-01 -6.066274402852e+00
5561 1.872458381418e-01 -7.489762488575e-01 -6.067917138106e+00
5562 1.872795152710e-01 -7.487718711859e-01 -6.069558525621e+00
5563 1.873131924001e-01 -7.485674382597e-01 -6.071198565030e+00
5564 1.873468695293e-01 -7.483629501245e-01 -6.072837255971e+00
5565 1.873805466585e-01 -7.481584068256e-01 -6.074474598078e+00
5566 1.874142237876e-01 -7.479538084084e-01 -6.076110590989e+00
5567 1.874479009168e-01 -7.477491549184e-01 -6.077745234340e+00
5568 1.874815780460e-01 -7.475444464010e-01 -6.079378527768e+00
5569 1.875152551751e-01 -7.473396829017e-01 -6.081010470910e+00
5570 1.875489323043e-01 -7.471348644660e-01 -6.082641063403e+00
5571 1.875826094334e-01 -7.469299911394e-01 -6.084270304886e+00
5572 1.876162865626e-01 -7.467250629674e-01 -6.085898194997e+00
5573 1.876499636918e-01 -7.465200799954e-01 -6.087524733374e+00
5574 1.876836408209e-01 -7.463150422691e-01 -6.089149919655e+00
5575 1.877173179501e-01 -7.461099498339e-01 -6.090773753481e+00
5576 1.877509950793e-01 -7.459048027355e-01 -6.092396234489e+00
5577 1.877846722084e-01 -7.456996010193e-01 -6.094017362320e+00
5578 1.878183493376e-01 -7.454943447310e-01 -6.095637136614e+00
5579 1.878520264667e-01 -7.452890339162e-01 -6.097255557011e+00
5580 1.878857035959e-01 -7.450836686204e-01 -6.098872623151e+00
5581 1.879193807251e-01 -7.448782488893e-01 -6.100488334676e+00
5582 1.879530578542e-01 -7.446727747684e-01 -6.102102691226e+00
5583 1.879867349834e-01 -7.444672463035e-01 -6.103715692443e+00
5584 1.880204121125e-01 -7.442616635401e-01 -6.105327337968e+00
5585 1.880540892417e-01 -7.440560265240e-01 -6.106937627445e+00
5586 1.880877663709e-01 -7.438503353008e-01 -6.108546560514e+00
5587 1.881214435000e-01 -7.436445899162e-01 -6.110154136819e+00
5588 1.881551206292e-01 -7.434387904159e-01 -6.111760356002e+00
5589 1.881887977584e-01 -7.432329368456e-01 -6.113365217707e+00
5590 1.882224748875e-01 -7.430270292511e-01 -6.114968721578e+00
5591 1.882561520167e-01 -7.428210676780e-01 -6.116570867258e+00
5592 1.882898291458e-01 -7.426150521721e-01 -6.118171654391e+00
5593 1.883235062750e-01 -7.424089827791e-01 -6.119771082622e+00
5594 1.883571834042e-01 -7.422028595449e-01 -6.121369151596e+00
5595 1.883908605333e-01 -7.419966825153e-01 -6.122965860957e+00
5596 1.884245376625e-01 -7.417904517359e-01 -6.124561210351e+00
5597 1.884582147917e-01 -7.415841672526e-01 -6.126155199424e+00
5598 1.884918919208e-01 -7.413778291113e-01 -6.127747827821e+00
5599 1.885255690500e-01 -7.411714373578e-01 -6.129339095189e+00
5600 1.885592461791e-01 -7.409649920378e-01 -6.130929001175e+00
5601 1.885929233083e-01 -7.407584931974e-01 -6.132517545425e+00
5602 1.886266004375e-01 -7.405519408822e-01 -6.134104727587e+00
5603 1.886602775666e-01 -7.403453351382e-01 -6.135690547307e+00
5604 1.886939546958e-01 -7.401386760114e-01 -6.137275004234e+00
5605 1.887276318250e-01 -7.399319635475e-01 -6.138858098016e+00
5606 1.887613089541e-01 -7.397251977925e-01 -6.140439828301e+00
5607 1.887949860833e-01 -7.395183787924e-01 -6.142020194738e+00
5608 1.888286632124e-01 -7.393115065930e-01 -6.143599196976e+00
5609 1.888623403416e-01 -7.391045812404e-01 -6.145176834663e+00
5610 1.888960174708e-01 -7.388976027804e-01 -6.146753107451e+00
5611 1.889296945999e-01 -7.386905712590e-01 -6.148328014988e+00
5612 1.889633717291e-01 -7.384834867223e-01 -6.149901556925e+00
5613 1.889970488583e-01 -7.382763492162e-01 -6.151473732913e+00
5614 1.890307259874e-01 -7.380691587868e-01 -6.153044542601e+00
5615 1.890644031166e-01 -7.378619154800e-01 -6.154613985642e+00
5616 1.890980802457e-01 -7.376546193418e-01 -6.156182061686e+00
5617 1.891317573749e-01 -7.374472704184e-01 -6.157748770386e+00
5618 1.891654345041e-01 -7.372398687558e-01 -6.159314111393e+00
5619 1.891991116332e-01 -7.370324144000e-01 -6.160878084359e+00
5620 1.892327887624e-01 -7.368249073972e-01 -6.162440688938e+00
5621 1.892664658915e-01 -7.366173477933e-01 -6.164001924783e+00
5622 1.893001430207e-01 -7.364097356346e-01 -6.165561791545e+00
5623 1.893338201499e-01 -7.362020709671e-01 -6.167120288880e+00
5624 1.893674972790e-01 -7.359943538369e-01 -6.168677416441e+00
5625 1.894011744082e-01 -7.357865842902e-01 -6.170233173882e+00
5626 1.894348515374e-01 -7.355787623732e-01 -6.171787560857e+00
5627 1.894685286665e-01 -7.353708881319e-01 -6.173340577021e+00
5628 1.895022057957e-01 -7.351629616126e-01 -6.174892222030e+00
5629 1.895358829248e-01 -7.349549828615e-01 -6.176442495538e+00
5630 1.895695600540e-01 -7.347469519247e-01 -6.177991397202e+00
5631 1.896032371832e-01 -7.345388688484e-01 -6.179538926677e+00
5632 1.896369143123e-01 -7.343307336789e-01 -6.181085083619e+00
5633 1.896705914415e-01 -7.341225464623e-01 -6.182629867686e+00
5634 1.897042685707e-01 -7.339143072451e-01 -6.184173278534e+00
5635 1.897379456998e-01 -7.337060160732e-01 -6.185715315820e+00
5636 1.897716228290e-01 -7.334976729932e-01 -6.187255979202e+00
5637 1.898052999581e-01 -7.332892780511e-01 -6.188795268337e+00
5638 1.898389770873e-01 -7.330808312934e-01 -6.190333182884e+00
5639 1.898726542165e-01 -7.328723327662e-01 -6.191869722501e+00
5640 1.899063313456e-01 -7.326637825160e-01 -6.193404886847e+00
5641 1.899400084748e-01 -7.324551805890e-01 -6.194938675581e+00
5642 1.899736856040e-01 -7.322465270316e-01 -6.196471088361e+00
5643 1.900073627331e-01 -7.320378218901e-01 -6.198002124849e+00
5644 1.900410398623e-01 -7.318290652108e-01 -6.199531784703e+00
5645 1.900747169914e-01 -7.316202570402e-01 -6.201060067585e+00
5646 1.901083941206e-01 -7.314113974246e-01 -6.202586973154e+00
5647 1.901420712498e-01 -7.312024864104e-01 -6.204112501071e+00
5648 1.901757483789e-01 -7.309935240440e-01 -6.205636650998e+00
5649 1.902094255081e-01 -7.307845103718e-01 -6.207159422596e+00
5650 1.902431026373e-01 -7.305754454403e-01 -6.208680815526e+00
5651 1.902767797664e-01 -7.303663292958e-01 -6.210200829452e+00
5652 1.903104568956e-01 -7.301571619849e-01 -6.211719464035e+00
5653 1.903441340247e-01 -7.299479435539e-01 -6.213236718938e+00
5654 1.903778111539e-01 -7.297386740494e-01 -6.214752593823e+00
5655 1.904114882831e-01 -7.295293535178e-01 -6.216267088356e+00
5656 1.904451654122e-01 -7.293199820056e-01 -6.217780202198e+00
5657 1.904788425414e-01 -7.291105595593e-01 -6.219291935014e+00
5658 1.905125196706e-01 -7.289010862255e-01 -6.220802286468e+00
5659 1.905461967997e-01 -7.286915620506e-01 -6.222311256224e+00
5660 1.905798739289e-01 -7.284819870813e-01 -6.223818843948e+00
5661 1.906135510580e-01 -7.282723613640e-01 -6.225325049305e+00
5662 1.906472281872e-01 -7.280626849453e-01 -6.226829871959e+00
5663 1.906809053164e-01 -7.278529578718e-01 -6.228333311578e+00
5664 1.907145824455e-01 -7.276431801900e-01 -6.229835367826e+00
5665 1.907482595747e-01 -7.274333519466e-01 -6.231336040371e+00
5666 1.907819367038e-01 -7.272234731882e-01 -6.232835328879e+00
5667 1.908156138330e-01 -7.270135439613e-01 -6.234333233016e+00
5668 1.908492909622e-01 -7.268035643127e-01 -6.235829752451e+00
5669 1.908829680913e-01 -7.265935342889e-01 -6.237324886851e+00
5670 1.909166452205e-01 -7.263834539365e-01 -6.238818635884e+00
5671 1.909503223497e-01 -7.261733233024e-01 -6.240310999217e+00
5672 1.909839994788e-01 -7.259631424330e-01 -6.241801976520e+00
5673 1.910176766080e-01 -7.257529113752e-01 -6.243291567462e+00
5674 1.910513537371e-01 -7.255426301756e-01 -6.244779771711e+00
5675 1.910850308663e-01 -7.253322988808e-01 -6.246266588937e+00
5676 1.911187079955e-01 -7.251219175377e-01 -6.247752018810e+00
5677 1.911523851246e-01 -7.249114861930e-01 -6.249236060999e+00
5678 1.911860622538e-01 -7.247010048933e-01 -6.250718715176e+00
5679 1.912197393830e-01 -7.244904736855e-01 -6.252199981011e+00
5680 1.912534165121e-01 -7.242798926163e-01 -6.253679858174e+00
5681 1.912870936413e-01 -7.240692617325e-01 -6.255158346338e+00
5682 1.913207707704e-01 -7.238585810808e-01 -6.256635445173e+00
5683 1.913544478996e-01 -7.236478507081e-01 -6.258111154353e+00
5684 1.913881250288e-01 -7.234370706611e-01 -6.259585473548e+00
5685 1.914218021579e-01 -7.232262409867e-01 -6.261058402432e+00
5686 1.914554792871e-01 -7.230153617317e-01 -6.262529940677e+00
5687 1.914891564163e-01 -7.228044329429e-01 -6.264000087957e+00
5688 1.915228335454e-01 -7.225934546672e-01 -6.265468843944e+00
5689 1.915565106746e-01 -7.223824269515e-01 -6.266936208314e+00
5690 1.915901878037e-01 -7.221713498426e-01 -6.268402180739e+00
5691 1.916238649329e-01 -7.219602233874e-01 -6.269866760894e+00
5692 1.916575420621e-01 -7.217490476327e-01 -6.271329948455e+00
5693 1.916912191912e-01 -7.215378226256e-01 -6.272791743095e+00
5694 1.917248963204e-01 -7.213265484129e-01 -6.274252144491e+00
5695 1.917585734496e-01 -7.211152250415e-01 -6.275711152317e+00
5696 1.917922505787e-01 -7.209038525584e-01 -6.277168766251e+00
5697 1.918259277079e-01 -7.206924310105e-01 -6.278624985967e+00
5698 1.918596048370e-01 -7.204809604448e-01 -6.280079811143e+00
5699 1.918932819662e-01 -7.202694409083e-01 -6.281533241456e+00
5700 1.919269590954e-01 -7.200578724479e-01 -6.282985276582e+00
5701 1.919606362245e-01 -7.198462551106e-01 -6.284435916200e+00
5702 1.919943133537e-01 -7.196345889434e-01 -6.285885159986e+00
5703 1.920279904828e-01 -7.194228739934e-01 -6.287333007620e+00
5704 1.920616676120e-01 -7.192111103075e-01 -6.288779458779e+00
5705 1.920953447412e-01 -7.189992979329e-01 -6.290224513142e+00
5706 1.921290218703e-01 -7.187874369165e-01 -6.291668170389e+00
5707 1.921626989995e-01 -7.185755273053e-01 -6.293110430198e+00
5708 1.921963761287e-01 -7.183635691466e-01 -6.294551292250e+00
5709 1.922300532578e-01 -7.181515624872e-01 -6.295990756224e+00
5710 1.922637303870e-01 -7.179395073745e-01 -6.297428821801e+00
5711 1.922974075161e-01 -7.177274038553e-01 -6.298865488660e+00
5712 1.923310846453e-01 -7.175152519769e-01 -6.300300756484e+00
5713 1.923647617745e-01 -7.173030517863e-01 -6.301734624953e+00
5714 1.923984389036e-01 -7.170908033308e-01 -6.303167093749e+00
5715 1.924321160328e-01 -7.168785066574e-01 -6.304598162553e+00
5716 1.924657931620e-01 -7.166661618132e-01 -6.306027831048e+00
5717 1.924994702911e-01 -7.164537688456e-01 -6.307456098916e+00
5718 1.925331474203e-01 -7.162413278015e-01 -6.308882965841e+00
5719 1.925668245494e-01 -7.160288387283e-01 -6.310308431504e+00
5720 1.926005016786e-01 -7.158163016730e-01 -6.311732495590e+00
5721 1.926341788078e-01 -7.156037166830e-01 -6.313155157782e+00
5722 1.926678559369e-01 -7.153910838054e-01 -6.314576417765e+00
5723 1.927015330661e-01 -7.151784030875e-01 -6.315996275221e+00
5724 1.927352101953e-01 -7.149656745765e-01 -6.317414729837e+00
5725 1.927688873244e-01 -7.147528983196e-01 -6.318831781297e+00
5726 1.928025644536e-01 -7.145400743641e-01 -6.320247429287e+00
5727 1.928362415827e-01 -7.143272027573e-01 -6.321661673491e+00
5728 1.928699187119e-01 -7.141142835465e-01 -6.323074513596e+00
5729 1.929035958411e-01 -7.139013167789e-01 -6.324485949288e+00
5730 1.929372729702e-01 -7.136883025019e-01 -6.325895980254e+00
5731 1.929709500994e-01 -7.134752407627e-01 -6.327304606180e+00
5732 1.930046272286e-01 -7.132621316087e-01 -6.328711826753e+00
5733 1.930383043577e-01 -7.130489750872e-01 -6.330117641662e+00
5734 1.930719814869e-01 -7.128357712456e-01 -6.331522050593e+00
5735 1.931056586160e-01 -7.126225201312e-01 -6.332925053235e+00
5736 1.931393357452e-01 -7.124092217914e-01 -6.334326649275e+00
5737 1.931730128744e-01 -7.121958762736e-01 -6.335726838404e+00
5738 1.932066900035e-01 -7.119824836251e-01 -6.337125620310e+00
5739 1.932403671327e-01 -7.117690438933e-01 -6.338522994681e+00
5740 1.932740442619e-01 -7.115555571257e-01 -6.339918961209e+00
5741 1.933077213910e-01 -7.113420233697e-01 -6.341313519582e+00
5742 1.933413985202e-01 -7.111284426726e-01 -6.342706669491e+00
5743 1.933750756493e-01 -7.109148150820e-01 -6.344098410626e+00
5744 1.934087527785e-01 -7.107011406452e-01 -6.345488742679e+00
5745 1.934424299077e-01 -7.104874194098e-01 -6.346877665341e+00
5746 1.934761070368e-01 -7.102736514232e-01 -6.348265178302e+00
5747 1.935097841660e-01 -7.100598367329e-01 -6.349651281256e+00
5748 1.935434612951e-01 -7.098459753864e-01 -6.351035973893e+00
5749 1.935771384243e-01 -7.096320674312e-01 -6.352419255908e+00
5750 1.936108155535e-01 -7.094181129147e-01 -6.353801126991e+00
5751 1.936444926826e-01 -7.092041118846e-01 -6.355181586837e+00
5752 1.936781698118e-01 -7.089900643882e-01 -6.356560635138e+00
5753 1.937118469410e-01 -7.087759704733e-01 -6.357938271589e+00
5754 1.937455240701e-01 -7.085618301873e-01 -6.359314495883e+00
5755 1.937792011993e-01 -7.083476435779e-01 -6.360689307716e+00
5756 1.938128783284e-01 -7.081334106924e-01 -6.362062706780e+00
5757 1.938465554576e-01 -7.079191315787e-01 -6.363434692772e+00
5758 1.938802325868e-01 -7.077048062842e-01 -6.364805265387e+00
5759 1.939139097159e-01 -7.074904348565e-01 -6.366174424319e+00
5760 1.939475868451e-01 -7.072760173433e-01 -6.367542169266e+00
5761 1.939812639743e-01 -7.070615537923e-01 -6.368908499924e+00
5762 1.940149411034e-01 -7.068470442509e-01 -6.370273415988e+00
5763 1.940486182326e-01 -7.066324887669e-01 -6.371636917155e+00
5764 1.940822953617e-01 -7.064178873879e-01 -6.372999003124e+00
5765 1.941159724909e-01 -7.062032401616e-01 -6.374359673591e+00
5766 1.941496496201e-01 -7.059885471357e-01 -6.375718928254e+00
5767 1.941833267492e-01 -7.057738083578e-01 -6.377076766811e+00
5768 1.942170038784e-01 -7.055590238757e-01 -6.378433188961e+00
5769 1.942506810076e-01 -7.053441937370e-01 -6.379788194402e+00
5770 1.942843581367e-01 -7.051293179895e-01 -6.381141782834e+00
5771 1.943180352659e-01 -7.049143966809e-01 -6.382493953955e+00
5772 1.943517123950e-01 -7.046994298589e-01 -6.383844707466e+00
5773 1.943853895242e-01 -7.044844175712e-01 -6.385194043066e+00
5774 1.944190666534e-01 -7.042693598658e-01 -6.386541960456e+00
5775 1.944527437825e-01 -7.040542567902e-01 -6.387888459336e+00
5776 1.944864209117e-01 -7.038391083923e-01 -6.389233539407e+00
5777 1.945200980409e-01 -7.036239147198e-01 -6.390577200371e+00
5778 1.945537751700e-01 -7.034086758206e-01 -6.391919441929e+00
5779 1.945874522992e-01 -7.031933917424e-01 -6.393260263782e+00
5780 1.946211294283e-01 -7.029780625332e-01 -6.394599665634e+00
5781 1.946548065575e-01 -7.027626882406e-01 -6.395937647187e+00
5782 1.946884836867e-01 -7.025472689126e-01 -6.397274208143e+00
5783 1.947221608158e-01 -7.023318045970e-01 -6.398609348205e+00
5784 1.947558379450e-01 -7.021162953416e-01 -6.399943067078e+00
5785 1.947895150741e-01 -7.019007411944e-01 -6.401275364464e+00
5786 1.948231922033e-01 -7.016851422031e-01 -6.402606240068e+00
5787 1.948568693325e-01 -7.014694984157e-01 -6.403935693594e+00
5788 1.948905464616e-01 -7.012538098800e-01 -6.405263724748e+00
5789 1.949242235908e-01 -7.010380766441e-01 -6.406590333233e+00
5790 1.949579007200e-01 -7.008222987557e-01 -6.407915518756e+00
5791 1.949915778491e-01 -7.006064762629e-01 -6.409239281022e+00
5792 1.950252549783e-01 -7.003906092135e-01 -6.410561619737e+00
5793 1.950589321074e-01 -7.001746976555e-01 -6.411882534607e+00
5794 1.950926092366e-01 -6.999587416369e-01 -6.413202025339e+00
5795 1.951262863658e-01 -6.997427412056e-01 -6.414520091640e+00
5796 1.951599634949e-01 -6.995266964096e-01 -6.415836733217e+00
5797 1.951936406241e-01 -6.993106072969e-01 -6.417151949778e+00
5798 1.952273177533e-01 -6.990944739155e-01 -6.418465741030e+00
5799 1.952609948824e-01 -6.988782963134e-01 -6.419778106682e+00
5800 1.952946720116e-01 -6.986620745385e-01 -6.421089046443e+00
5801 1.953283491407e-01 -6.984458086390e-01 -6.422398560020e+00
5802 1.953620262699e-01 -6.982294986629e-01 -6.423706647124e+00
5803 1.953957033991e-01 -6.980131446581e-01 -6.425013307463e+00
5804 1.954293805282e-01 -6.977967466728e-01 -6.426318540748e+00
5805 1.954630576574e-01 -6.975803047551e-01 -6.427622346688e+00
5806 1.954967347866e-01 -6.973638189529e-01 -6.428924724994e+00
5807 1.955304119157e-01 -6.971472893144e-01 -6.430225675377e+00
5808 1.955640890449e-01 -6.969307158877e-01 -6.431525197548e+00
5809 1.955977661740e-01 -6.967140987209e-01 -6.432823291218e+00
5810 1.956314433032e-01 -6.964974378621e-01 -6.434119956098e+00
5811 1.956651204324e-01 -6.962807333593e-01 -6.435415191902e+00
5812 1.956987975615e-01 -6.960639852608e-01 -6.436708998340e+00
5813 1.957324746907e-01 -6.958471936147e-01 -6.438001375126e+00
5814 1.957661518199e-01 -6.956303584692e-01 -6.439292321973e+00
5815 1.957998289490e-01 -6.954134798723e-01 -6.440581838594e+00
5816 1.958335060782e-01 -6.951965578723e-01 -6.441869924703e+00
5817 1.958671832073e-01 -6.949795925174e-01 -6.443156580013e+00
5818 1.959008603365e-01 -6.947625838557e-01 -6.444441804238e+00
5819 1.959345374657e-01 -6.945455319354e-01 -6.445725597094e+00
5820 1.959682145948e-01 -6.943284368048e-01 -6.447007958295e+00
5821 1.960018917240e-01 -6.941112985120e-01 -6.448288887556e+00
5822 1.960355688532e-01 -6.938941171054e-01 -6.449568384593e+00
5823 1.960692459823e-01 -6.936768926331e-01 -6.450846449121e+00
5824 1.961029231115e-01 -6.934596251433e-01 -6.452123080857e+00
5825 1.961366002406e-01 -6.932423146844e-01 -6.453398279517e+00
5826 1.961702773698e-01 -6.930249613046e-01 -6.454672044819e+00
5827 1.962039544990e-01 -6.928075650522e-01 -6.455944376478e+00
5828 1.962376316281e-01 -6.925901259755e-01 -6.457215274212e+00
5829 1.962713087573e-01 -6.923726441227e-01 -6.458484737740e+00
5830 1.963049858864e-01 -6.921551195421e-01 -6.459752766779e+00
5831 1.963386630156e-01 -6.919375522822e-01 -6.461019361047e+00
5832 1.963723401448e-01 -6.917199423912e-01 -6.462284520263e+00
5833 1.964060172739e-01 -6.915022899174e-01 -6.463548244147e+00
5834 1.964396944031e-01 -6.912845949092e-01 -6.464810532417e+00
5835 1.964733715323e-01 -6.910668574149e-01 -6.466071384793e+00
5836 1.965070486614e-01 -6.908490774829e-01 -6.467330800996e+00
5837 1.965407257906e-01 -6.906312551616e-01 -6.468588780744e+00
5838 1.965744029197e-01 -6.904133904993e-01 -6.469845323760e+00
5839 1.966080800489e-01 -6.901954835444e-01 -6.471100429764e+00
5840 1.966417571781e-01 -6.899775343454e-01 -6.472354098476e+00
5841 1.966754343072e-01 -6.897595429507e-01 -6.473606329620e+00
5842 1.967091114364e-01 -6.895415094086e-01 -6.474857122915e+00
5843 1.967427885656e-01 -6.893234337675e-01 -6.476106478086e+00
5844 1.967764656947e-01 -6.891053160760e-01 -6.477354394853e+00
5845 1.968101428239e-01 -6.888871563825e-01 -6.478600872941e+00
5846 1.968438199530e-01 -6.886689547354e-01 -6.479845912072e+00
5847 1.968774970822e-01 -6.884507111832e-01 -6.481089511969e+00
5848 1.969111742114e-01 -6.882324257744e-01 -6.482331672357e+00
5849 1.969448513405e-01 -6.880140985574e-01 -6.483572392960e+00
5850 1.969785284697e-01 -6.877957295807e-01 -6.484811673501e+00
5851 1.970122055989e-01 -6.875773188929e-01 -6.486049513706e+00
5852 1.970458827280e-01 -6.873588665424e-01 -6.487285913300e+00
5853 1.970795598572e-01 -6.871403725778e-01 -6.488520872008e+00
5854 1.971132369863e-01 -6.869218370477e-01 -6.489754389556e+00
5855 1.971469141155e-01 -6.867032600004e-01 -6.490986465670e+00
5856 1.971805912447e-01 -6.864846414846e-01 -6.492217100075e+00
5857 1.972142683738e-01 -6.862659815489e-01 -6.493446292500e+00
5858 1.972479455030e-01 -6.860472802418e-01 -6.494674042671e+00
5859 1.972816226322e-01 -6.858285376119e-01 -6.495900350315e+00
5860 1.973152997613e-01 -6.856097537078e-01 -6.497125215159e+00
5861 1.973489768905e-01 -6.853909285780e-01 -6.498348636933e+00
5862 1.973826540196e-01 -6.851720622712e-01 -6.499570615363e+00
5863 1.974163311488e-01 -6.849531548360e-01 -6.500791150179e+00
5864 1.974500082780e-01 -6.847342063210e-01 -6.502010241110e+00
5865 1.974836854071e-01 -6.845152167748e-01 -6.503227887884e+00
5866 1.975173625363e-01 -6.842961862461e-01 -6.504444090231e+00
5867 1.975510396655e-01 -6.840771147835e-01 -6.505658847882e+00
5868 1.975847167946e-01 -6.838580024357e-01 -6.506872160566e+00
5869 1.976183939238e-01 -6.836388492513e-01 -6.508084028014e+00
5870 1.976520710529e-01 -6.834196552791e-01 -6.509294449957e+00
5871 1.976857481821e-01 -6.832004205677e-01 -6.510503426125e+00
5872 1.977194253113e-01 -6.829811451658e-01 -6.511710956251e+00
5873 1.977531024404e-01 -6.827618291220e-01 -6.512917040066e+00
5874 1.977867795696e-01 -6.825424724852e-01 -6.514121677302e+00
5875 1.978204566987e-01 -6.823230753041e-01 -6.515324867691e+00
5876 1.978541338279e-01 -6.821036376273e-01 -6.516526610968e+00
5877 1.978878109571e-01 -6.818841595036e-01 -6.517726906863e+00
5878 1.979214880862e-01 -6.816646409818e-01 -6.518925755112e+00
5879 1.979551652154e-01 -6.814450821105e-01 -6.520123155447e+00
5880 1.979888423446e-01 -6.812254829387e-01 -6.521319107603e+00
5881 1.980225194737e-01 -6.810058435150e-01 -6.522513611314e+00
5882 1.980561966029e-01 -6.807861638883e-01 -6.523706666315e+00
5883 1.980898737320e-01 -6.805664441072e-01 -6.524898272341e+00
5884 1.981235508612e-01 -6.803466842207e-01 -6.526088429126e+00
5885 1.981572279904e-01 -6.801268842776e-01 -6.527277136408e+00
5886 1.981909051195e-01 -6.799070443266e-01 -6.528464393921e+00
5887 1.982245822487e-01 -6.796871644166e-01 -6.529650201402e+00
5888 1.982582593779e-01 -6.794672445965e-01 -6.530834558588e+00
5889 1.982919365070e-01 -6.792472849150e-01 -6.532017465215e+00
5890 1.983256136362e-01 -6.790272854210e-01 -6.533198921021e+00
5891 1.983592907653e-01 -6.788072461635e-01 -6.534378925744e+00
5892 1.983929678945e-01 -6.785871671912e-01 -6.535557479121e+00
5893 1.984266450237e-01 -6.783670485530e-01 -6.536734580891e+00
5894 1.984603221528e-01 -6.781468902979e-01 -6.537910230791e+00
5895 1.984939992820e-01 -6.779266924747e-01 -6.539084428562e+00
5896 1.985276764112e-01 -6.777064551324e-01 -6.540257173942e+00
5897 1.985613535403e-01 -6.774861783198e-01 -6.541428466671e+00
5898 1.985950306695e-01 -6.772658620860e-01 -6.542598306488e+00
5899 1.986287077986e-01 -6.770455064797e-01 -6.543766693134e+00
5900 1.986623849278e-01 -6.768251115500e-01 -6.544933626349e+00
5901 1.986960620570e-01 -6.766046773458e-01 -6.546099105875e+00
5902 1.987297391861e-01 -6.763842039161e-01 -6.547263131451e+00
5903 1.987634163153e-01 -6.761636913099e-01 -6.548425702821e+00
5904 1.987970934445e-01 -6.759431395761e-01 -6.549586819724e+00
5905 1.988307705736e-01 -6.757225487636e-01 -6.550746481904e+00
5906 1.988644477028e-01 -6.755019189216e-01 -6.551904689103e+00
5907 1.988981248319e-01 -6.752812500990e-01 -6.553061441064e+00
5908 1.989318019611e-01 -6.750605423449e-01 -6.554216737530e+00
5909 1.989654790903e-01 -6.748397957081e-01 -6.555370578244e+00
5910 1.989991562194e-01 -6.746190102379e-01 -6.556522962950e+00
5911 1.990328333486e-01 -6.743981859831e-01 -6.557673891391e+00
5912 1.990665104777e-01 -6.741773229929e-01 -6.558823363313e+00
5913 1.991001876069e-01 -6.739564213163e-01 -6.559971378460e+00
5914 1.991338647361e-01 -6.737354810025e-01 -6.561117936578e+00
5915 1.991675418652e-01 -6.735145021003e-01 -6.562263037410e+00
5916 1.992012189944e-01 -6.732934846590e-01 -6.563406680704e+00
5917 1.992348961236e-01 -6.730724287276e-01 -6.564548866204e+00
5918 1.992685732527e-01 -6.728513343552e-01 -6.565689593658e+00
5919 1.993022503819e-01 -6.726302015910e-01 -6.566828862812e+00
5920 1.993359275110e-01 -6.724090304840e-01 -6.567966673413e+00
5921 1.993696046402e-01 -6.721878210834e-01 -6.569103025208e+00
5922 1.994032817694e-01 -6.719665734383e-01 -6.570237917944e+00
5923 1.994369588985e-01 -6.717452875978e-01 -6.571371351371e+00
5924 1.994706360277e-01 -6.715239636111e-01 -6.572503325235e+00
5925 1.995043131569e-01 -6.713026015274e-01 -6.573633839286e+00
5926 1.995379902860e-01 -6.710812013958e-01 -6.574762893273e+00
5927 1.995716674152e-01 -6.708597632654e-01 -6.575890486944e+00
5928 1.996053445443e-01 -6.706382871856e-01 -6.577016620050e+00
5929 1.996390216735e-01 -6.704167732054e-01 -6.578141292339e+00
5930 1.996726988027e-01 -6.701952213741e-01 -6.579264503563e+00
5931 1.997063759318e-01 -6.699736317409e-01 -6.580386253472e+00
5932 1.997400530610e-01 -6.697520043549e-01 -6.581506541817e+00
5933 1.997737301902e-01 -6.695303392655e-01 -6.582625368348e+00
5934 1.998074073193e-01 -6.693086365218e-01 -6.583742732818e+00
5935 1.998410844485e-01 -6.690868961731e-01 -6.584858634978e+00
5936 1.998747615776e-01 -6.688651182687e-01 -6.585973074580e+00
5937 1.999084387068e-01 -6.686433028578e-01 -6.587086051377e+00
5938 1.999421158360e-01 -6.684214499896e-01 -6.588197565122e+00
5939 1.999757929651e-01 -6.681995597135e-01 -6.589307615568e+00
5940 2.000094700943e-01 -6.679776320787e-01 -6.590416202467e+00
5941 2.000431472235e-01 -6.677556671346e-01 -6.591523325575e+00
5942 2.000768243526e-01 -6.675336649303e-01 -6.592628984645e+00
5943 2.001105014818e-01 -6.673116255153e-01 -6.593733179431e+00
5944 2.001441786109e-01 -6.670895489389e-01 -6.594835909688e+00
5945 2.001778557401e-01 -6.668674352503e-01 -6.595937175172e+00
5946 2.002115328693e-01 -6.666452844990e-01 -6.597036975637e+00
5947 2.002452099984e-01 -6.664230967341e-01 -6.598135310840e+00
5948 2.002788871276e-01 -6.662008720052e-01 -6.599232180536e+00
5949 2.003125642568e-01 -6.659786103616e-01 -6.600327584483e+00
5950 2.003462413859e-01 -6.657563118525e-01 -6.601421522435e+00
5951 2.003799185151e-01 -6.655339765275e-01 -6.602513994151e+00
5952 2.004135956442e-01 -6.653116044358e-01 -6.603604999389e+00
5953 2.004472727734e-01 -6.650891956270e-01 -6.604694537905e+00
5954 2.004809499026e-01 -6.648667501502e-01 -6.605782609457e+00
5955 2.005146270317e-01 -6.646442680551e-01 -6.606869213804e+00
5956 2.005483041609e-01 -6.644217493910e-01 -6.607954350705e+00
5957 2.005819812900e-01 -6.641991942073e-01 -6.609038019919e+00
5958 2.006156584192e-01 -6.639766025534e-01 -6.610120221204e+00
5959 2.006493355484e-01 -6.637539744788e-01 -6.611200954321e+00
5960 2.006830126775e-01 -6.635313100330e-01 -6.612280219029e+00
5961 2.007166898067e-01 -6.633086092653e-01 -6.613358015090e+00
5962 2.007503669359e-01 -6.630858722253e-01 -6.614434342262e+00
5963 2.007840440650e-01 -6.628630989624e-01 -6.615509200308e+00
5964 2.008177211942e-01 -6.626402895262e-01 -6.616582588988e+00
5965 2.008513983233e-01 -6.624174439660e-01 -6.617654508065e+00
5966 2.008850754525e-01 -6.621945623314e-01 -6.618724957300e+00
5967 2.009187525817e-01 -6.619716446720e-01 -6.619793936455e+00
5968 2.009524297108e-01 -6.617486910371e-01 -6.620861445292e+00
5969 2.009861068400e-01 -6.615257014763e-01 -6.621927483576e+00
5970 2.010197839692e-01 -6.613026760393e-01 -6.622992051069e+00
5971 2.010534610983e-01 -6.610796147754e-01 -6.624055147534e+00
5972 2.010871382275e-01 -6.608565177342e-01 -6.625116772736e+00
5973 2.011208153566e-01 -6.606333849654e-01 -6.626176926438e+00
5974 2.011544924858e-01 -6.604102165183e-01 -6.627235608405e+00
5975 2.011881696150e-01 -6.601870124427e-01 -6.628292818403e+00
5976 2.012218467441e-01 -6.599637727881e-01 -6.629348556196e+00
5977 2.012555238733e-01 -6.597404976041e-01 -6.630402821549e+00
5978 2.012892010025e-01 -6.595171869402e-01 -6.631455614229e+00
5979 2.013228781316e-01 -6.592938408461e-01 -6.632506934002e+00
5980 2.013565552608e-01 -6.590704593714e-01 -6.633556780634e+00
5981 2.013902323899e-01 -6.588470425656e-01 -6.634605153892e+00
5982 2.014239095191e-01 -6.586235904785e-01 -6.635652053543e+00
5983 2.014575866483e-01 -6.584001031596e-01 -6.636697479355e+00
5984 2.014912637774e-01 -6.581765806586e-01 -6.637741431095e+00
5985 2.015249409066e-01 -6.579530230251e-01 -6.638783908532e+00
5986 2.015586180358e-01 -6.577294303088e-01 -6.639824911434e+00
5987 2.015922951649e-01 -6.575058025594e-01 -6.640864439570e+00
5988 2.016259722941e-01 -6.572821398264e-01 -6.641902492709e+00
5989 2.016596494232e-01 -6.570584421597e-01 -6.642939070620e+00
5990 2.016933265524e-01 -6.568347096088e-01 -6.643974173073e+00
5991 2.017270036816e-01 -6.566109422235e-01 -6.645007799838e+00
5992 2.017606808107e-01 -6.563871400534e-01 -6.646039950687e+00
5993 2.017943579399e-01 -6.561633031484e-01 -6.647070625388e+00
5994 2.018280350690e-01 -6.559394315580e-01 -6.648099823714e+00
5995 2.018617121982e-01 -6.557155253321e-01 -6.649127545436e+00
5996 2.018953893274e-01 -6.554915845203e-01 -6.650153790326e+00
5997 2.019290664565e-01 -6.552676091724e-01 -6.651178558155e+00
5998 2.019627435857e-01 -6.550435993381e-01 -6.652201848696e+00
5999 2.019964207149e-01 -6.548195550672e-01 -6.653223661722e+00
6000 2.020300978440e-01 -6.545954764095e-01 -6.654243997006e+00
6001 2.020637749732e-01 -6.543713634147e-01 -6.655262854322e+00
6002 2.020974521023e-01 -6.541472161326e-01 -6.656280233442e+00
6003 2.021311292315e-01 -6.539230346129e-01 -6.657296134141e+00
6004 2.021648063607e-01 -6.536988189056e-01 -6.658310556193e+00
6005 2.021984834898e-01 -6.534745690603e-01 -6.659323499374e+00
6006 2.022321606190e-01 -6.532502851270e-01 -6.660334963457e+00
6007 2.022658377482e-01 -6.530259671553e-01 -6.661344948219e+00
6008 2.022995148773e-01 -6.528016151951e-01 -6.662353453435e+00
6009 2.023331920065e-01 -6.525772292963e-01 -6.663360478880e+00
6010 2.023668691356e-01 -6.523528095087e-01 -6.664366024333e+00
6011 2.024005462648e-01 -6.521283558822e-01 -6.665370089568e+00
6012 2.024342233940e-01 -6.519038684665e-01 -6.666372674363e+00
6013 2.024679005231e-01 -6.516793473116e-01 -6.667373778496e+00
6014 2.025015776523e-01 -6.514547924673e-01 -6.668373401743e+00
6015 2.025352547815e-01 -6.512302039835e-01 -6.669371543884e+00
6016 2.025689319106e-01 -6.510055819101e-01 -6.670368204695e+00
6017 2.026026090398e-01 -6.507809262970e-01 -6.671363383957e+00
6018 2.026362861689e-01 -6.505562371940e-01 -6.672357081447e+00
6019 2.026699632981e-01 -6.503315146511e-01 -6.673349296946e+00
6020 2.027036404273e-01 -6.501067587182e-01 -6.674340030232e+00
6021 2.027373175564e-01 -6.498819694452e-01 -6.675329281086e+00
6022 2.027709946856e-01 -6.496571468821e-01 -6.676317049288e+00
6023 2.028046718148e-01 -6.494322910787e-01 -6.677303334619e+00
6024 2.028383489439e-01 -6.492074020850e-01 -6.678288136859e+00
6025 2.028720260731e-01 -6.489824799510e-01 -6.679271455790e+00
6026 2.029057032022e-01 -6.487575247266e-01 -6.680253291194e+00
6027 2.029393803314e-01 -6.485325364618e-01 -6.681233642851e+00
6028 2.029730574606e-01 -6.483075152066e-01 -6.682212510545e+00
6029 2.030067345897e-01 -6.480824610109e-01 -6.683189894059e+00
6030 2.030404117189e-01 -6.478573739247e-01 -6.684165793174e+00
6031 2.030740888481e-01 -6.476322539980e-01 -6.685140207675e+00
6032 2.031077659772e-01 -6.474071012809e-01 -6.686113137345e+00
6033 2.031414431064e-01 -6.471819158232e-01 -6.687084581967e+00
6034 2.031751202355e-01 -6.469566976752e-01 -6.688054541327e+00
6035 2.032087973647e-01 -6.467314468866e-01 -6.689023015208e+00
6036 2.032424744939e-01 -6.465061635077e-01 -6.689990003395e+00
6037 2.032761516230e-01 -6.462808475885e-01 -6.690955505674e+00
6038 2.033098287522e-01 -6.460554991788e-01 -6.691919521831e+00
6039 2.033435058813e-01 -6.458301183290e-01 -6.692882051650e+00
6040 2.033771830105e-01 -6.456047050889e-01 -6.693843094919e+00
6041 2.034108601397e-01 -6.453792595087e-01 -6.694802651424e+00
6042 2.034445372688e-01 -6.451537816384e-01 -6.695760720952e+00
6043 2.034782143980e-01 -6.449282715281e-01 -6.696717303289e+00
6044 2.035118915272e-01 -6.447027292279e-01 -6.697672398225e+00
6045 2.035455686563e-01 -6.444771547879e-01 -6.698626005545e+00
6046 2.035792457855e-01 -6.442515482582e-01 -6.699578125039e+00
6047 2.036129229146e-01 -6.440259096889e-01 -6.700528756495e+00
6048 2.036466000438e-01 -6.438002391301e-01 -6.701477899702e+00
6049 2.036802771730e-01 -6.435745366320e-01 -6.702425554449e+00
6050 2.037139543021e-01 -6.433488022447e-01 -6.703371720526e+00
6051 2.037476314313e-01 -6.431230360182e-01 -6.704316397723e+00
6052 2.037813085605e-01 -6.428972380028e-01 -6.705259585829e+00
6053 2.038149856896e-01 -6.426714082487e-01 -6.706201284635e+00
6054 2.038486628188e-01 -6.424455468058e-01 -6.707141493932e+00
6055 2.038823399479e-01 -6.422196537246e-01 -6.708080213512e+00
6056 2.039160170771e-01 -6.419937290550e-01 -6.709017443165e+00
6057 2.039496942063e-01 -6.417677728473e-01 -6.709953182684e+00
6058 2.039833713354e-01 -6.415417851517e-01 -6.710887431860e+00
6059 2.040170484646e-01 -6.413157660184e-01 -6.711820190487e+00
6060 2.040507255938e-01 -6.410897154975e-01 -6.712751458356e+00
6061 2.040844027229e-01 -6.408636336393e-01 -6.713681235262e+00
6062 2.041180798521e-01 -6.406375204940e-01 -6.714609520997e+00
6063 2.041517569812e-01 -6.404113761119e-01 -6.715536315356e+00
6064 2.041854341104e-01 -6.401852005430e-01 -6.716461618133e+00
6065 2.042191112396e-01 -6.399589938377e-01 -6.717385429121e+00
6066 2.042527883687e-01 -6.397327560463e-01 -6.718307748117e+00
6067 2.042864654979e-01 -6.395064872189e-01 -6.719228574915e+00
6068 2.043201426271e-01 -6.392801874059e-01 -6.720147909310e+00
6069 2.043538197562e-01 -6.390538566574e-01 -6.721065751098e+00
6070 2.043874968854e-01 -6.388274950238e-01 -6.721982100076e+00
6071 2.044211740145e-01 -6.386011025554e-01 -6.722896956040e+00
6072 2.044548511437e-01 -6.383746793023e-01 -6.723810318787e+00
6073 2.044885282729e-01 -6.381482253150e-01 -6.724722188114e+00
6074 2.045222054020e-01 -6.379217406437e-01 -6.725632563818e+00
6075 2.045558825312e-01 -6.376952253387e-01 -6.726541445697e+00
6076 2.045895596603e-01 -6.374686794503e-01 -6.727448833550e+00
6077 2.046232367895e-01 -6.372421030288e-01 -6.728354727174e+00
6078 2.046569139187e-01 -6.370154961247e-01 -6.729259126369e+00
6079 2.046905910478e-01 -6.367888587881e-01 -6.730162030933e+00
6080 2.047242681770e-01 -6.365621910694e-01 -6.731063440667e+00
6081 2.047579453062e-01 -6.363354930191e-01 -6.731963355369e+00
6082 2.047916224353e-01 -6.361087646874e-01 -6.732861774841e+00
6083 2.048252995645e-01 -6.358820061246e-01 -6.733758698882e+00
6084 2.048589766936e-01 -6.356552173813e-01 -6.734654127293e+00
6085 2.048926538228e-01 -6.354283985076e-01 -6.735548059876e+00
6086 2.049263309520e-01 -6.352015495541e-01 -6.736440496431e+00
6087 2.049600080811e-01 -6.349746705710e-01 -6.737331436761e+00
6088 2.049936852103e-01 -6.347477616089e-01 -6.738220880668e+00
6089 2.050273623395e-01 -6.345208227180e-01 -6.739108827954e+00
6090 2.050610394686e-01 -6.342938539488e-01 -6.739995278422e+00
6091 2.050947165978e-01 -6.340668553517e-01 -6.740880231875e+00
6092 2.051283937269e-01 -6.338398269771e-01 -6.741763688117e+00
6093 2.051620708561e-01 -6.336127688755e-01 -6.742645646951e+00
6094 2.051957479853e-01 -6.333856810972e-01 -6.743526108181e+00
6095 2.052294251144e-01 -6.331585636928e-01 -6.744405071612e+00
6096 2.052631022436e-01 -6.329314167126e-01 -6.745282537049e+00
6097 2.052967793728e-01 -6.327042402071e-01 -6.746158504296e+00
6098 2.053304565019e-01 -6.324770342268e-01 -6.747032973160e+00
6099 2.053641336311e-01 -6.322497988222e-01 -6.747905943445e+00
6100 2.053978107602e-01 -6.320225340436e-01 -6.748777414959e+00
6101 2.054314878894e-01 -6.317952399416e-01 -6.749647387507e+00
6102 2.054651650186e-01 -6.315679165667e-01 -6.750515860896e+00
6103 2.054988421477e-01 -6.313405639693e-01 -6.751382834934e+00
6104 2.055325192769e-01 -6.311131822000e-01 -6.752248309427e+00
6105 2.055661964061e-01 -6.308857713093e-01 -6.753112284184e+00
6106 2.055998735352e-01 -6.306583313476e-01 -6.753974759013e+00
6107 2.056335506644e-01 -6.304308623655e-01 -6.754835733722e+00
6108 2.056672277935e-01 -6.302033644135e-01 -6.755695208119e+00
6109 2.057009049227e-01 -6.299758375421e-01 -6.756553182015e+00
6110 2.057345820519e-01 -6.297482818019e-01 -6.757409655218e+00
6111 2.057682591810e-01 -6.295206972434e-01 -6.758264627538e+00
6112 2.058019363102e-01 -6.292930839172e-01 -6.759118098786e+00
6113 2.058356134394e-01 -6.290654418738e-01 -6.759970068771e+00
6114 2.058692905685e-01 -6.288377711638e-01 -6.760820537305e+00
6115 2.059029676977e-01 -6.286100718377e-01 -6.761669504198e+00
6116 2.059366448268e-01 -6.283823439462e-01 -6.762516969262e+00
6117 2.059703219560e-01 -6.281545875397e-01 -6.763362932309e+00
6118 2.060039990852e-01 -6.279268026689e-01 -6.764207393151e+00
6119 2.060376762143e-01 -6.276989893845e-01 -6.765050351601e+00
6120 2.060713533435e-01 -6.274711477368e-01 -6.765891807470e+00
6121 2.061050304726e-01 -6.272432777767e-01 -6.766731760573e+00
6122 2.061387076018e-01 -6.270153795547e-01 -6.767570210722e+00
6123 2.061723847310e-01 -6.267874531214e-01 -6.768407157732e+00
6124 2.062060618601e-01 -6.265594985274e-01 -6.769242601416e+00
6125 2.062397389893e-01 -6.263315158234e-01 -6.770076541589e+00
6126 2.062734161185e-01 -6.261035050601e-01 -6.770908978066e+00
6127 2.063070932476e-01 -6.258754662879e-01 -6.771739910662e+00
6128 2.063407703768e-01 -6.256473995577e-01 -6.772569339192e+00
6129 2.063744475059e-01 -6.254193049200e-01 -6.773397263472e+00
6130 2.064081246351e-01 -6.251911824256e-01 -6.774223683319e+00
6131 2.064418017643e-01 -6.249630321250e-01 -6.775048598548e+00
6132 2.064754788934e-01 -6.247348540690e-01 -6.775872008976e+00
6133 2.065091560226e-01 -6.245066483082e-01 -6.776693914421e+00
6134 2.065428331518e-01 -6.242784148934e-01 -6.777514314700e+00
6135 2.065765102809e-01 -6.240501538752e-01 -6.778333209630e+00
6136 2.066101874101e-01 -6.238218653043e-01 -6.779150599031e+00
6137 2.066438645392e-01 -6.235935492314e-01 -6.779966482720e+00
6138 2.066775416684e-01 -6.233652057073e-01 -6.780780860516e+00
6139 2.067112187976e-01 -6.231368347826e-01 -6.781593732238e+00
6140 2.067448959267e-01 -6.229084365081e-01 -6.782405097705e+00
6141 2.067785730559e-01 -6.226800109345e-01 -6.783214956739e+00
6142 2.068122501851e-01 -6.224515581125e-01 -6.784023309158e+00
6143 2.068459273142e-01 -6.222230780930e-01 -6.784830154782e+00
6144 2.068796044434e-01 -6.219945709265e-01 -6.785635493434e+00
6145 2.069132815725e-01 -6.217660366640e-01 -6.786439324934e+00
6146 2.069469587017e-01 -6.215374753560e-01 -6.787241649103e+00
6147 2.069806358309e-01 -6.213088870535e-01 -6.788042465763e+00
6148 2.070143129600e-01 -6.210802718072e-01 -6.788841774737e+00
6149 2.070479900892e-01 -6.208516296679e-01 -6.789639575846e+00
6150 2.070816672184e-01 -6.206229606862e-01 -6.790435868914e+00
6151 2.071153443475e-01 -6.203942649131e-01 -6.791230653764e+00
6152 2.071490214767e-01 -6.201655423994e-01 -6.792023930219e+00
6153 2.071826986058e-01 -6.199367931957e-01 -6.792815698103e+00
6154 2.072163757350e-01 -6.197080173530e-01 -6.793605957241e+00
6155 2.072500528642e-01 -6.194792149221e-01 -6.794394707456e+00
6156 2.072837299933e-01 -6.192503859537e-01 -6.795181948573e+00
6157 2.073174071225e-01 -6.190215304987e-01 -6.795967680418e+00
6158 2.073510842516e-01 -6.187926486079e-01 -6.796751902816e+00
6159 2.073847613808e-01 -6.185637403322e-01 -6.797534615593e+00
6160 2.074184385100e-01 -6.183348057224e-01 -6.798315818575e+00
6161 2.074521156391e-01 -6.181058448293e-01 -6.799095511588e+00
6162 2.074857927683e-01 -6.178768577039e-01 -6.799873694460e+00
6163 2.075194698975e-01 -6.176478443969e-01 -6.800650367018e+00
6164 2.075531470266e-01 -6.174188049592e-01 -6.801425529088e+00
6165 2.075868241558e-01 -6.171897394418e-01 -6.802199180499e+00
6166 2.076205012849e-01 -6.169606478954e-01 -6.802971321080e+00
6167 2.076541784141e-01 -6.167315303710e-01 -6.803741950658e+00
6168 2.076878555433e-01 -6.165023869195e-01 -6.804511069062e+00
6169 2.077215326724e-01 -6.162732175917e-01 -6.805278676121e+00
6170 2.077552098016e-01 -6.160440224385e-01 -6.806044771666e+00
6171 2.077888869308e-01 -6.158148015109e-01 -6.806809355526e+00
6172 2.078225640599e-01 -6.155855548598e-01 -6.807572427530e+00
6173 2.078562411891e-01 -6.153562825361e-01 -6.808333987511e+00
6174 2.078899183182e-01 -6.151269845906e-01 -6.809094035297e+00
6175 2.079235954474e-01 -6.148976610744e-01 -6.809852570721e+00
6176 2.079572725766e-01 -6.146683120384e-01 -6.810609593615e+00
6177 2.079909497057e-01 -6.144389375335e-01 -6.811365103809e+00
6178 2.080246268349e-01 -6.142095376106e-01 -6.812119101137e+00
6179 2.080583039641e-01 -6.139801123208e-01 -6.812871585430e+00
6180 2.080919810932e-01 -6.137506617149e-01 -6.813622556522e+00
6181 2.081256582224e-01 -6.135211858440e-01 -6.814372014245e+00
6182 2.081593353515e-01 -6.132916847590e-01 -6.815119958434e+00
6183 2.081930124807e-01 -6.130621585108e-01 -6.815866388922e+00
6184 2.082266896099e-01 -6.128326071505e-01 -6.816611305543e+00
6185 2.082603667390e-01 -6.126030307290e-01 -6.817354708133e+00
6186 2.082940438682e-01 -6.123734292974e-01 -6.818096596525e+00
6187 2.083277209974e-01 -6.121438029066e-01 -6.818836970555e+00
6188 2.083613981265e-01 -6.119141516076e-01 -6.819575830059e+00
6189 2.083950752557e-01 -6.116844754515e-01 -6.820313174873e+00
6190 2.084287523848e-01 -6.114547744892e-01 -6.821049004832e+00
6191 2.084624295140e-01 -6.112250487717e-01 -6.821783319773e+00
6192 2.084961066432e-01 -6.109952983502e-01 -6.822516119534e+00
6193 2.085297837723e-01 -6.107655232756e-01 -6.823247403951e+00
6194 2.085634609015e-01 -6.105357235990e-01 -6.823977172862e+00
6195 2.085971380307e-01 -6.103058993713e-01 -6.824705426105e+00
6196 2.086308151598e-01 -6.100760506437e-01 -6.825432163518e+00
6197 2.086644922890e-01 -6.098461774672e-01 -6.826157384940e+00
6198 2.086981694181e-01 -6.096162798929e-01 -6.826881090209e+00
6199 2.087318465473e-01 -6.093863579718e-01 -6.827603279166e+00
6200 2.087655236765e-01 -6.091564117549e-01 -6.828323951649e+00
6201 2.087992008056e-01 -6.089264412934e-01 -6.829043107498e+00
6202 2.088328779348e-01 -6.086964466384e-01 -6.829760746554e+00
6203 2.088665550639e-01 -6.084664278408e-01 -6.830476868658e+00
6204 2.089002321931e-01 -6.082363849519e-01 -6.831191473650e+00
6205 2.089339093223e-01 -6.080063180227e-01 -6.831904561371e+00
6206 2.089675864514e-01 -6.077762271043e-01 -6.832616131664e+00
6207 2.090012635806e-01 -6.075461122478e-01 -6.833326184369e+00
6208 2.090349407098e-01 -6.073159735043e-01 -6.834034719330e+00
6209 2.090686178389e-01 -6.070858109249e-01 -6.834741736390e+00
6210 2.091022949681e-01 -6.068556245608e-01 -6.835447235390e+00
6211 2.091359720972e-01 -6.066254144631e-01 -6.836151216174e+00
6212 2.091696492264e-01 -6.063951806829e-01 -6.836853678586e+00
6213 2.092033263556e-01 -6.061649232714e-01 -6.837554622471e+00
6214 2.092370034847e-01 -6.059346422796e-01 -6.838254047671e+00
6215 2.092706806139e-01 -6.057043377588e-01 -6.838951954033e+00
6216 2.093043577431e-01 -6.054740097601e-01 -6.839648341400e+00
6217 2.093380348722e-01 -6.052436583346e-01 -6.840343209619e+00
6218 2.093717120014e-01 -6.050132835336e-01 -6.841036558534e+00
6219 2.094053891305e-01 -6.047828854081e-01 -6.841728387993e+00
6220 2.094390662597e-01 -6.045524640094e-01 -6.842418697840e+00
6221 2.094727433889e-01 -6.043220193886e-01 -6.843107487923e+00
6222 2.095064205180e-01 -6.040915515970e-01 -6.843794758090e+00
6223 2.095400976472e-01 -6.038610606856e-01 -6.844480508186e+00
6224 2.095737747764e-01 -6.036305467058e-01 -6.845164738061e+00
6225 2.096074519055e-01 -6.034000097087e-01 -6.845847447561e+00
6226 2.096411290347e-01 -6.031694497454e-01 -6.846528636536e+00
6227 2.096748061638e-01 -6.029388668673e-01 -6.847208304834e+00
6228 2.097084832930e-01 -6.027082611255e-01 -6.847886452304e+00
6229 2.097421604222e-01 -6.024776325713e-01 -6.848563078795e+00
6230 2.097758375513e-01 -6.022469812559e-01 -6.849238184158e+00
6231 2.098095146805e-01 -6.020163072304e-01 -6.849911768241e+00
6232 2.098431918097e-01 -6.017856105462e-01 -6.850583830897e+00
6233 2.098768689388e-01 -6.015548912545e-01 -6.851254371974e+00
6234 2.099105460680e-01 -6.013241494065e-01 -6.851923391325e+00
6235 2.099442231971e-01 -6.010933850534e-01 -6.852590888801e+00
6236 2.099779003263e-01 -6.008625982466e-01 -6.853256864254e+00
6237 2.100115774555e-01 -6.006317890373e-01 -6.853921317535e+00
6238 2.100452545846e-01 -6.004009574768e-01 -6.854584248497e+00
6239 2.100789317138e-01 -6.001701036162e-01 -6.855245656993e+00
6240 2.101126088429e-01 -5.999392275070e-01 -6.855905542876e+00
6241 2.101462859721e-01 -5.997083292003e-01 -6.856563905999e+00
6242 2.101799631013e-01 -5.994774087475e-01 -6.857220746216e+00
6243 2.102136402304e-01 -5.992464661999e-01 -6.857876063381e+00
6244 2.102473173596e-01 -5.990155016087e-01 -6.858529857350e+00
6245 2.102809944888e-01 -5.987845150253e-01 -6.859182127975e+00
6246 2.103146716179e-01 -5.985535065009e-01 -6.859832875113e+00
6247 2.103483487471e-01 -5.983224760868e-01 -6.860482098619e+00
6248 2.103820258762e-01 -5.980914238345e-01 -6.861129798349e+00
6249 2.104157030054e-01 -5.978603497951e-01 -6.861775974160e+00
6250 2.104493801346e-01 -5.976292540201e-01 -6.862420625906e+00
6251 2.104830572637e-01 -5.973981365607e-01 -6.863063753446e+00
6252 2.105167343929e-01 -5.971669974682e-01 -6.863705356636e+00
6253 2.105504115221e-01 -5.969358367941e-01 -6.864345435334e+00
6254 2.105840886512e-01 -5.967046545897e-01 -6.864983989398e+00
6255 2.106177657804e-01 -5.964734509062e-01 -6.865621018686e+00
6256 2.106514429095e-01 -5.962422257951e-01 -6.866256523056e+00
6257 2.106851200387e-01 -5.960109793078e-01 -6.866890502367e+00
6258 2.107187971679e-01 -5.957797114955e-01 -6.867522956479e+00
6259 2.107524742970e-01 -5.955484224096e-01 -6.868153885251e+00
6260 2.107861514262e-01 -5.953171121016e-01 -6.868783288543e+00
6261 2.108198285554e-01 -5.950857806228e-01 -6.869411166215e+00
6262 2.108535056845e-01 -5.948544280245e-01 -6.870037518128e+00
6263 2.108871828137e-01 -5.946230543582e-01 -6.870662344142e+00
6264 2.109208599428e-01 -5.943916596752e-01 -6.871285644118e+00
6265 2.109545370720e-01 -5.941602440270e-01 -6.871907417919e+00
6266 2.109882142012e-01 -5.939288074650e-01 -6.872527665407e+00
6267 2.110218913303e-01 -5.936973500405e-01 -6.873146386442e+00
6268 2.110555684595e-01 -5.934658718049e-01 -6.873763580889e+00
6269 2.110892455887e-01 -5.932343728097e-01 -6.874379248609e+00
6270 2.111229227178e-01 -5.930028531063e-01 -6.874993389467e+00
6271 2.111565998470e-01 -5.927713127461e-01 -6.875606003325e+00
6272 2.111902769761e-01 -5.925397517806e-01 -6.876217090048e+00
6273 2.112239541053e-01 -5.923081702611e-01 -6.876826649500e+00
6274 2.112576312345e-01 -5.920765682391e-01 -6.877434681546e+00
6275 2.112913083636e-01 -5.918449457661e-01 -6.878041186050e+00
6276 2.113249854928e-01 -5.916133028934e-01 -6.878646162878e+00
6277 2.113586626220e-01 -5.913816396727e-01 -6.879249611895e+00
6278 2.113923397511e-01 -5.911499561552e-01 -6.879851532968e+00
6279 2.114260168803e-01 -5.909182523924e-01 -6.880451925962e+00
6280 2.114596940094e-01 -5.906865284359e-01 -6.881050790745e+00
6281 2.114933711386e-01 -5.904547843371e-01 -6.881648127183e+00
6282 2.115270482678e-01 -5.902230201474e-01 -6.882243935144e+00
6283 2.115607253969e-01 -5.899912359184e-01 -6.882838214495e+00
6284 2.115944025261e-01 -5.897594317015e-01 -6.883430965105e+00
6285 2.116280796552e-01 -5.895276075482e-01 -6.884022186841e+00
6286 2.116617567844e-01 -5.892957635099e-01 -6.884611879573e+00
6287 2.116954339136e-01 -5.890638996383e-01 -6.885200043168e+00
6288 2.117291110427e-01 -5.888320159848e-01 -6.885786677498e+00
6289 2.117627881719e-01 -5.886001126008e-01 -6.886371782431e+00
6290 2.117964653011e-01 -5.883681895380e-01 -6.886955357838e+00
6291 2.118301424302e-01 -5.881362468478e-01 -6.887537403589e+00
6292 2.118638195594e-01 -5.879042845817e-01 -6.888117919554e+00
6293 2.118974966885e-01 -5.876723027912e-01 -6.888696905605e+00
6294 2.119311738177e-01 -5.874403015280e-01 -6.889274361612e+00
6295 2.119648509469e-01 -5.872082808434e-01 -6.889850287449e+00
6296 2.119985280760e-01 -5.869762407891e-01 -6.890424682987e+00
6297 2.120322052052e-01 -5.867441814165e-01 -6.890997548098e+00
6298 2.120658823344e-01 -5.865121027773e-01 -6.891568882655e+00
6299 2.120995594635e-01 -5.862800049229e-01 -6.892138686531e+00
6300 2.121332365927e-01 -5.860478879050e-01 -6.892706959600e+00
6301 2.121669137218e-01 -5.858157517750e-01 -6.893273701735e+00
6302 2.122005908510e-01 -5.855835965845e-01 -6.893838912811e+00
6303 2.122342679802e-01 -5.853514223852e-01 -6.894402592701e+00
6304 2.122679451093e-01 -5.851192292285e-01 -6.894964741282e+00
6305 2.123016222385e-01 -5.848870171661e-01 -6.895525358427e+00
6306 2.123352993677e-01 -5.846547862494e-01 -6.896084444013e+00
6307 2.123689764968e-01 -5.844225365302e-01 -6.896641997915e+00
6308 2.124026536260e-01 -5.841902680599e-01 -6.897198020009e+00
6309 2.124363307551e-01 -5.839579808902e-01 -6.897752510173e+00
6310 2.124700078843e-01 -5.837256750727e-01 -6.898305468282e+00
6311 2.125036850135e-01 -5.834933506589e-01 -6.898856894214e+00
6312 2.125373621426e-01 -5.832610077005e-01 -6.899406787846e+00
6313 2.125710392718e-01 -5.830286462490e-01 -6.899955149057e+00
6314 2.126047164010e-01 -5.827962663562e-01 -6.900501977724e+00
6315 2.126383935301e-01 -5.825638680735e-01 -6.901047273727e+00
6316 2.126720706593e-01 -5.823314514526e-01 -6.901591036943e+00
6317 2.127057477884e-01 -5.820990165451e-01 -6.902133267252e+00
6318 2.127394249176e-01 -5.818665634027e-01 -6.902673964535e+00
6319 2.127731020468e-01 -5.816340920770e-01 -6.903213128669e+00
6320 2.128067791759e-01 -5.814016026196e-01 -6.903750759537e+00
6321 2.128404563051e-01 -5.811690950822e-01 -6.904286857018e+00
6322 2.128741334342e-01 -5.809365695163e-01 -6.904821420994e+00
6323 2.129078105634e-01 -5.807040259737e-01 -6.905354451345e+00
6324 2.129414876926e-01 -5.804714645060e-01 -6.905885947954e+00
6325 2.129751648217e-01 -5.802388851648e-01 -6.906415910701e+00
6326 2.130088419509e-01 -5.800062880019e-01 -6.906944339470e+00
6327 2.130425190801e-01 -5.797736730688e-01 -6.907471234144e+00
6328 2.130761962092e-01 -5.795410404172e-01 -6.907996594604e+00
6329 2.131098733384e-01 -5.793083900989e-01 -6.908520420735e+00
6330 2.131435504675e-01 -5.790757221654e-01 -6.909042712420e+00
6331 2.131772275967e-01 -5.788430366685e-01 -6.909563469544e+00
6332 2.132109047259e-01 -5.786103336598e-01 -6.910082691989e+00
6333 2.132445818550e-01 -5.783776131910e-01 -6.910600379642e+00
6334 2.132782589842e-01 -5.781448753138e-01 -6.911116532386e+00
6335 2.133119361134e-01 -5.779121200800e-01 -6.911631150109e+00
6336 2.133456132425e-01 -5.776793475412e-01 -6.912144232694e+00
6337 2.133792903717e-01 -5.774465577490e-01 -6.912655780029e+00
6338 2.134129675008e-01 -5.772137507553e-01 -6.913165791999e+00
6339 2.134466446300e-01 -5.769809266117e-01 -6.913674268491e+00
6340 2.134803217592e-01 -5.767480853699e-01 -6.914181209393e+00
6341 2.135139988883e-01 -5.765152270816e-01 -6.914686614592e+00
6342 2.135476760175e-01 -5.762823517986e-01 -6.915190483975e+00
6343 2.135813531467e-01 -5.760494595726e-01 -6.915692817431e+00
6344 2.136150302758e-01 -5.758165504554e-01 -6.916193614847e+00
6345 2.136487074050e-01 -5.755836244985e-01 -6.916692876114e+00
6346 2.136823845341e-01 -5.753506817539e-01 -6.917190601119e+00
6347 2.137160616633e-01 -5.751177222731e-01 -6.917686789753e+00
6348 2.137497387925e-01 -5.748847461081e-01 -6.918181441905e+00
6349 2.137834159216e-01 -5.746517533104e-01 -6.918674557465e+00
6350 2.138170930508e-01 -5.744187439319e-01 -6.919166136324e+00
6351 2.138507701800e-01 -5.741857180243e-01 -6.919656178373e+00
6352 2.138844473091e-01 -5.739526756394e-01 -6.920144683502e+00
6353 2.139181244383e-01 -5.737196168289e-01 -6.920631651604e+00
6354 2.139518015674e-01 -5.734865416446e-01 -6.921117082570e+00
6355 2.139854786966e-01 -5.732534501383e-01 -6.921600976291e+00
6356 2.140191558258e-01 -5.730203423617e-01 -6.922083332662e+00
6357 2.140528329549e-01 -5.727872183666e-01 -6.922564151574e+00
6358 2.140865100841e-01 -5.725540782049e-01 -6.923043432922e+00
6359 2.141201872133e-01 -5.723209219281e-01 -6.923521176597e+00
6360 2.141538643424e-01 -5.720877495883e-01 -6.923997382495e+00
6361 2.141875414716e-01 -5.718545612371e-01 -6.924472050509e+00
6362 2.142212186007e-01 -5.716213569263e-01 -6.924945180535e+00
6363 2.142548957299e-01 -5.713881367078e-01 -6.925416772466e+00
6364 2.142885728591e-01 -5.711549006333e-01 -6.925886826199e+00
6365 2.143222499882e-01 -5.709216487546e-01 -6.926355341628e+00
6366 2.143559271174e-01 -5.706883811236e-01 -6.926822318650e+00
6367 2.143896042465e-01 -5.704550977921e-01 -6.927287757162e+00
6368 2.144232813757e-01 -5.702217988118e-01 -6.927751657059e+00
6369 2.144569585049e-01 -5.699884842346e-01 -6.928214018239e+00
6370 2.144906356340e-01 -5.697551541124e-01 -6.928674840598e+00
6371 2.145243127632e-01 -5.695218084968e-01 -6.929134124036e+00
6372 2.145579898924e-01 -5.692884474399e-01 -6.929591868448e+00
6373 2.145916670215e-01 -5.690550709933e-01 -6.930048073735e+00
6374 2.146253441507e-01 -5.688216792090e-01 -6.930502739795e+00
6375 2.146590212798e-01 -5.685882721387e-01 -6.930955866526e+00
6376 2.146926984090e-01 -5.683548498344e-01 -6.931407453827e+00
6377 2.147263755382e-01 -5.681214123478e-01 -6.931857501600e+00
6378 2.147600526673e-01 -5.678879597309e-01 -6.932306009743e+00
6379 2.147937297965e-01 -5.676544920354e-01 -6.932752978158e+00
6380 2.148274069257e-01 -5.674210093132e-01 -6.933198406744e+00
6381 2.148610840548e-01 -5.671875116161e-01 -6.933642295403e+00
6382 2.148947611840e-01 -5.669539989962e-01 -6.934084644037e+00
6383 2.149284383131e-01 -5.667204715051e-01 -6.934525452546e+00
6384 2.149621154423e-01 -5.664869291948e-01 -6.934964720834e+00
6385 2.149957925715e-01 -5.662533721171e-01 -6.935402448802e+00
6386 2.150294697006e-01 -5.660198003239e-01 -6.935838636353e+00
6387 2.150631468298e-01 -5.657862138672e-01 -6.936273283391e+00
6388 2.150968239590e-01 -5.655526127987e-01 -6.936706389819e+00
6389 2.151305010881e-01 -5.653189971704e-01 -6.937137955540e+00
6390 2.151641782173e-01 -5.650853670341e-01 -6.937567980460e+00
6391 2.151978553464e-01 -5.648517224418e-01 -6.937996464482e+00
6392 2.152315324756e-01 -5.646180634453e-01 -6.938423407511e+00
6393 2.152652096048e-01 -5.643843900965e-01 -6.938848809452e+00
6394 2.152988867339e-01 -5.641507024474e-01 -6.939272670211e+00
6395 2.153325638631e-01 -5.639170005498e-01 -6.939694989694e+00
6396 2.153662409923e-01 -5.636832844557e-01 -6.940115767807e+00
6397 2.153999181214e-01 -5.634495542169e-01 -6.940535004456e+00
6398 2.154335952506e-01 -5.632158098854e-01 -6.940952699549e+00
6399 2.154672723797e-01 -5.629820515130e-01 -6.941368852992e+00
6400 2.155009495089e-01 -5.627482791518e-01 -6.941783464694e+00
6401 2.155346266381e-01 -5.625144928536e-01 -6.942196534561e+00
6402 2.155683037672e-01 -5.622806926704e-01 -6.942608062503e+00
6403 2.156019808964e-01 -5.620468786541e-01 -6.943018048428e+00
6404 2.156356580256e-01 -5.618130508565e-01 -6.943426492244e+00
6405 2.156693351547e-01 -5.615792093298e-01 -6.943833393862e+00
6406 2.157030122839e-01 -5.613453541257e-01 -6.944238753190e+00
6407 2.157366894130e-01 -5.611114852962e-01 -6.944642570140e+00
6408 2.157703665422e-01 -5.608776028933e-01 -6.945044844620e+00
6409 2.158040436714e-01 -5.606437069690e-01 -6.945445576542e+00
6410 2.158377208005e-01 -5.604097975751e-01 -6.945844765816e+00
6411 2.158713979297e-01 -5.601758747637e-01 -6.946242412355e+00
6412 2.159050750588e-01 -5.599419385866e-01 -6.946638516069e+00
6413 2.159387521880e-01 -5.597079890959e-01 -6.947033076871e+00
6414 2.159724293172e-01 -5.594740263435e-01 -6.947426094673e+00
6415 2.160061064463e-01 -5.592400503814e-01 -6.947817569387e+00
6416 2.160397835755e-01 -5.590060612615e-01 -6.948207500928e+00
6417 2.160734607047e-01 -5.587720590358e-01 -6.948595889208e+00
6418 2.161071378338e-01 -5.585380437563e-01 -6.948982734141e+00
6419 2.161408149630e-01 -5.583040154749e-01 -6.949368035640e+00
6420 2.161744920921e-01 -5.580699742437e-01 -6.949751793622e+00
6421 2.162081692213e-01 -5.578359201147e-01 -6.950134007999e+00
6422 2.162418463505e-01 -5.576018531397e-01 -6.950514678688e+00
6423 2.162755234796e-01 -5.573677733708e-01 -6.950893805603e+00
6424 2.163092006088e-01 -5.571336808601e-01 -6.951271388662e+00
6425 2.163428777380e-01 -5.568995756594e-01 -6.951647427778e+00
6426 2.163765548671e-01 -5.566654578208e-01 -6.952021922870e+00
6427 2.164102319963e-01 -5.564313273962e-01 -6.952394873855e+00
6428 2.164439091254e-01 -5.561971844378e-01 -6.952766280648e+00
6429 2.164775862546e-01 -5.559630289974e-01 -6.953136143168e+00
6430 2.165112633838e-01 -5.557288611272e-01 -6.953504461332e+00
6431 2.165449405129e-01 -5.554946808790e-01 -6.953871235059e+00
6432 2.165786176421e-01 -5.552604883050e-01 -6.954236464267e+00
6433 2.166122947713e-01 -5.550262834571e-01 -6.954600148876e+00
6434 2.166459719004e-01 -5.547920663874e-01 -6.954962288804e+00
6435 2.166796490296e-01 -5.545578371478e-01 -6.955322883971e+00
6436 2.167133261587e-01 -5.543235957904e-01 -6.955681934296e+00
6437 2.167470032879e-01 -5.540893423673e-01 -6.956039439701e+00
6438 2.167806804171e-01 -5.538550769305e-01 -6.956395400105e+00
6439 2.168143575462e-01 -5.536207995319e-01 -6.956749815430e+00
6440 2.168480346754e-01 -5.533865102236e-01 -6.957102685597e+00
6441 2.168817118046e-01 -5.531522090578e-01 -6.957454010527e+00
6442 2.169153889337e-01 -5.529178960863e-01 -6.957803790143e+00
6443 2.169490660629e-01 -5.526835713612e-01 -6.958152024367e+00
6444 2.169827431920e-01 -5.524492349347e-01 -6.958498713121e+00
6445 2.170164203212e-01 -5.522148868587e-01 -6.958843856329e+00
6446 2.170500974504e-01 -5.519805271853e-01 -6.959187453913e+00
6447 2.170837745795e-01 -5.517461559666e-01 -6.959529505798e+00
6448 2.171174517087e-01 -5.515117732545e-01 -6.959870011907e+00
6449 2.171511288378e-01 -5.512773791012e-01 -6.960208972165e+00
6450 2.171848059670e-01 -5.510429735588e-01 -6.960546386497e+00
6451 2.172184830962e-01 -5.508085566792e-01 -6.960882254828e+00
6452 2.172521602253e-01 -5.505741285146e-01 -6.961216577082e+00
6453 2.172858373545e-01 -5.503396891170e-01 -6.961549353186e+00
6454 2.173195144837e-01 -5.501052385385e-01 -6.961880583066e+00
6455 2.173531916128e-01 -5.498707768311e-01 -6.962210266649e+00
6456 2.173868687420e-01 -5.496363040470e-01 -6.962538403860e+00
6457 2.174205458711e-01 -5.494018202382e-01 -6.962864994628e+00
6458 2.174542230003e-01 -5.491673254568e-01 -6.963190038879e+00
6459 2.174879001295e-01 -5.489328197550e-01 -6.963513536542e+00
6460 2.175215772586e-01 -5.486983031846e-01 -6.963835487545e+00
6461 2.175552543878e-01 -5.484637757980e-01 -6.964155891815e+00
6462 2.175889315170e-01 -5.482292376470e-01 -6.964474749283e+00
6463 2.176226086461e-01 -5.479946887840e-01 -6.964792059876e+00
6464 2.176562857753e-01 -5.477601292608e-01 -6.965107823526e+00
6465 2.176899629044e-01 -5.475255591297e-01 -6.965422040160e+00
6466 2.177236400336e-01 -5.472909784428e-01 -6.965734709711e+00
6467 2.177573171628e-01 -5.470563872520e-01 -6.966045832107e+00
6468 2.177909942919e-01 -5.468217856097e-01 -6.966355407281e+00
6469 2.178246714211e-01 -5.465871735677e-01 -6.966663435164e+00
6470 2.178583485503e-01 -5.463525511784e-01 -6.966969915686e+00
6471 2.178920256794e-01 -5.461179184937e-01 -6.967274848780e+00
6472 2.179257028086e-01 -5.458832755657e-01 -6.967578234378e+00
6473 2.179593799377e-01 -5.456486224467e-01 -6.967880072414e+00
6474 2.179930570669e-01 -5.454139591888e-01 -6.968180362818e+00
6475 2.180267341961e-01 -5.451792858439e-01 -6.968479105526e+00
6476 2.180604113252e-01 -5.449446024643e-01 -6.968776300471e+00
6477 2.180940884544e-01 -5.447099091021e-01 -6.969071947587e+00
6478 2.181277655836e-01 -5.444752058095e-01 -6.969366046807e+00
6479 2.181614427127e-01 -5.442404926384e-01 -6.969658598067e+00
6480 2.181951198419e-01 -5.440057696412e-01 -6.969949601302e+00
6481 2.182287969710e-01 -5.437710368699e-01 -6.970239056447e+00
6482 2.182624741002e-01 -5.435362943766e-01 -6.970526963438e+00
6483 2.182961512294e-01 -5.433015422135e-01 -6.970813322211e+00
6484 2.183298283585e-01 -5.430667804327e-01 -6.971098132701e+00
6485 2.183635054877e-01 -5.428320090864e-01 -6.971381394847e+00
6486 2.183971826169e-01 -5.425972282268e-01 -6.971663108585e+00
6487 2.184308597460e-01 -5.423624379059e-01 -6.971943273853e+00
6488 2.184645368752e-01 -5.421276381759e-01 -6.972221890588e+00
6489 2.184982140043e-01 -5.418928290889e-01 -6.972498958728e+00
6490 2.185318911335e-01 -5.416580106972e-01 -6.972774478212e+00
6491 2.185655682627e-01 -5.414231830529e-01 -6.973048448979e+00
6492 2.185992453918e-01 -5.411883462081e-01 -6.973320870967e+00
6493 2.186329225210e-01 -5.409535002149e-01 -6.973591744117e+00
6494 2.186665996501e-01 -5.407186451257e-01 -6.973861068368e+00
6495 2.187002767793e-01 -5.404837809924e-01 -6.974128843661e+00
6496 2.187339539085e-01 -5.402489078673e-01 -6.974395069935e+00
6497 2.187676310376e-01 -5.400140258026e-01 -6.974659747132e+00
6498 2.188013081668e-01 -5.397791348504e-01 -6.974922875193e+00
6499 2.188349852960e-01 -5.395442350629e-01 -6.975184454059e+00
6500 2.188686624251e-01 -5.393093264922e-01 -6.975444483673e+00
6501 2.189023395543e-01 -5.390744091906e-01 -6.975702963976e+00
6502 2.189360166834e-01 -5.388394832102e-01 -6.975959894912e+00
6503 2.189696938126e-01 -5.386045486031e-01 -6.976215276423e+00
6504 2.190033709418e-01 -5.383696054217e-01 -6.976469108452e+00
6505 2.190370480709e-01 -5.381346537180e-01 -6.976721390943e+00
6506 2.190707252001e-01 -5.378996935443e-01 -6.976972123840e+00
6507 2.191044023293e-01 -5.376647249527e-01 -6.977221307088e+00
6508 2.191380794584e-01 -5.374297479954e-01 -6.977468940631e+00
6509 2.191717565876e-01 -5.371947627246e-01 -6.977715024413e+00
6510 2.192054337167e-01 -5.369597691925e-01 -6.977959558381e+00
6511 2.192391108459e-01 -5.367247674513e-01 -6.978202542480e+00
6512 2.192727879751e-01 -5.364897575532e-01 -6.978443976656e+00
6513 2.193064651042e-01 -5.362547395504e-01 -6.978683860855e+00
6514 2.193401422334e-01 -5.360197134951e-01 -6.978922195025e+00
6515 2.193738193626e-01 -5.357846794394e-01 -6.979158979112e+00
6516 2.194074964917e-01 -5.355496374357e-01 -6.979394213063e+00
6517 2.194411736209e-01 -5.353145875361e-01 -6.979627896827e+00
6518 2.194748507500e-01 -5.350795297927e-01 -6.979860030351e+00
6519 2.195085278792e-01 -5.348444642579e-01 -6.980090613584e+00
6520 2.195422050084e-01 -5.346093909838e-01 -6.980319646475e+00
6521 2.195758821375e-01 -5.343743100227e-01 -6.980547128972e+00
6522 2.196095592667e-01 -5.341392214267e-01 -6.980773061026e+00
6523 2.196432363959e-01 -5.339041252480e-01 -6.980997442586e+00
6524 2.196769135250e-01 -5.336690215390e-01 -6.981220273603e+00
6525 2.197105906542e-01 -5.334339103517e-01 -6.981441554026e+00
6526 2.197442677833e-01 -5.331987917385e-01 -6.981661283806e+00
6527 2.197779449125e-01 -5.329636657515e-01 -6.981879462896e+00
6528 2.198116220417e-01 -5.327285324429e-01 -6.982096091246e+00
6529 2.198452991708e-01 -5.324933918651e-01 -6.982311168808e+00
6530 2.198789763000e-01 -5.322582440702e-01 -6.982524695535e+00
6531 2.199126534291e-01 -5.320230891104e-01 -6.982736671378e+00
6532 2.199463305583e-01 -5.317879270380e-01 -6.982947096292e+00
6533 2.199800076875e-01 -5.315527579052e-01 -6.983155970229e+00
6534 2.200136848166e-01 -5.313175817643e-01 -6.983363293143e+00
6535 2.200473619458e-01 -5.310823986674e-01 -6.983569064987e+00
6536 2.200810390750e-01 -5.308472086669e-01 -6.983773285717e+00
6537 2.201147162041e-01 -5.306120118149e-01 -6.983975955286e+00
6538 2.201483933333e-01 -5.303768081637e-01 -6.984177073650e+00
6539 2.201820704624e-01 -5.301415977655e-01 -6.984376640764e+00
6540 2.202157475916e-01 -5.299063806726e-01 -6.984574656584e+00
6541 2.202494247208e-01 -5.296711569372e-01 -6.984771121066e+00
6542 2.202831018499e-01 -5.294359266116e-01 -6.984966034165e+00
6543 2.203167789791e-01 -5.292006897480e-01 -6.985159395840e+00
6544 2.203504561083e-01 -5.289654463986e-01 -6.985351206046e+00
6545 2.203841332374e-01 -5.287301966158e-01 -6.985541464742e+00
6546 2.204178103666e-01 -5.284949404517e-01 -6.985730171885e+00
6547 2.204514874957e-01 -5.282596779586e-01 -6.985917327432e+00
6548 2.204851646249e-01 -5.280244091888e-01 -6.986102931344e+00
6549 2.205188417541e-01 -5.277891341945e-01 -6.986286983577e+00
6550 2.205525188832e-01 -5.275538530280e-01 -6.986469484092e+00
6551 2.205861960124e-01 -5.273185657415e-01 -6.986650432848e+00
6552 2.206198731416e-01 -5.270832723873e-01 -6.986829829805e+00
6553 2.206535502707e-01 -5.268479730177e-01 -6.987007674922e+00
6554 2.206872273999e-01 -5.266126676849e-01 -6.987183968161e+00
6555 2.207209045290e-01 -5.263773564412e-01 -6.987358709482e+00
6556 2.207545816582e-01 -5.261420393388e-01 -6.987531898846e+00
6557 2.207882587874e-01 -5.259067164300e-01 -6.987703536215e+00
6558 2.208219359165e-01 -5.256713877671e-01 -6.987873621551e+00
6559 2.208556130457e-01 -5.254360534024e-01 -6.988042154816e+00
6560 2.208892901749e-01 -5.252007133881e-01 -6.988209135973e+00
6561 2.209229673040e-01 -5.249653677765e-01 -6.988374564984e+00
6562 2.209566444332e-01 -5.247300166198e-01 -6.988538441813e+00
6563 2.209903215623e-01 -5.244946599704e-01 -6.988700766423e+00
6564 2.210239986915e-01 -5.242592978804e-01 -6.988861538778e+00
6565 2.210576758207e-01 -5.240239304023e-01 -6.989020758843e+00
6566 2.210913529498e-01 -5.237885575882e-01 -6.989178426583e+00
6567 2.211250300790e-01 -5.235531794905e-01 -6.989334541961e+00
6568 2.211587072082e-01 -5.233177961614e-01 -6.989489104944e+00
6569 2.211923843373e-01 -5.230824076532e-01 -6.989642115497e+00
6570 2.212260614665e-01 -5.228470140182e-01 -6.989793573587e+00
6571 2.212597385956e-01 -5.226116153087e-01 -6.989943479179e+00
6572 2.212934157248e-01 -5.223762115769e-01 -6.990091832240e+00
6573 2.213270928540e-01 -5.221408028751e-01 -6.990238632738e+00
6574 2.213607699831e-01 -5.219053892557e-01 -6.990383880639e+00
6575 2.213944471123e-01 -5.216699707708e-01 -6.990527575912e+00
6576 2.214281242414e-01 -5.214345474729e-01 -6.990669718524e+00
6577 2.214618013706e-01 -5.211991194142e-01 -6.990810308444e+00
6578 2.214954784998e-01 -5.209636866469e-01 -6.990949345641e+00
6579 2.215291556289e-01 -5.207282492235e-01 -6.991086830084e+00
6580 2.215628327581e-01 -5.204928071961e-01 -6.991222761742e+00
6581 2.215965098873e-01 -5.202573606170e-01 -6.991357140586e+00
6582 2.216301870164e-01 -5.200219095386e-01 -6.991489966585e+00
6583 2.216638641456e-01 -5.197864540132e-01 -6.991621239709e+00
6584 2.216975412747e-01 -5.195509940929e-01 -6.991750959930e+00
6585 2.217312184039e-01 -5.193155298303e-01 -6.991879127219e+00
6586 2.217648955331e-01 -5.190800612775e-01 -6.992005741547e+00
6587 2.217985726622e-01 -5.188445884868e-01 -6.992130802887e+00
6588 2.218322497914e-01 -5.186091115106e-01 -6.992254311210e+00
6589 2.218659269206e-01 -5.183736304011e-01 -6.992376266488e+00
6590 2.218996040497e-01 -5.181381452107e-01 -6.992496668696e+00
6591 2.219332811789e-01 -5.179026559916e-01 -6.992615517806e+00
6592 2.219669583080e-01 -5.176671627961e-01 -6.992732813792e+00
6593 2.220006354372e-01 -5.174316656767e-01 -6.992848556628e+00
6594 2.220343125664e-01 -5.171961646855e-01 -6.992962746287e+00
6595 2.220679896955e-01 -5.169606598748e-01 -6.993075382746e+00
6596 2.221016668247e-01 -5.167251512971e-01 -6.993186465978e+00
6597 2.221353439539e-01 -5.164896390045e-01 -6.993295995959e+00
6598 2.221690210830e-01 -5.162541230495e-01 -6.993403972664e+00
6599 2.222026982122e-01 -5.160186034842e-01 -6.993510396070e+00
6600 2.222363753413e-01 -5.157830803611e-01 -6.993615266154e+00
6601 2.222700524705e-01 -5.155475537324e-01 -6.993718582891e+00
6602 2.223037295997e-01 -5.153120236505e-01 -6.993820346259e+00
6603 2.223374067288e-01 -5.150764901676e-01 -6.993920556235e+00
6604 2.223710838580e-01 -5.148409533361e-01 -6.994019212796e+00
6605 2.224047609872e-01 -5.146054132082e-01 -6.994116315922e+00
6606 2.224384381163e-01 -5.143698698364e-01 -6.994211865591e+00
6607 2.224721152455e-01 -5.141343232729e-01 -6.994305861780e+00
6608 2.225057923746e-01 -5.138987735700e-01 -6.994398304470e+00
6609 2.225394695038e-01 -5.136632207801e-01 -6.994489193640e+00
6610 2.225731466330e-01 -5.134276649555e-01 -6.994578529270e+00
6611 2.226068237621e-01 -5.131921061484e-01 -6.994666311339e+00
6612 2.226405008913e-01 -5.129565444113e-01 -6.994752539828e+00
6613 2.226741780204e-01 -5.127209797964e-01 -6.994837214719e+00
6614 2.227078551496e-01 -5.124854123560e-01 -6.994920335992e+00
6615 2.227415322788e-01 -5.122498421425e-01 -6.995001903629e+00
6616 2.227752094079e-01 -5.120142692083e-01 -6.995081917611e+00
6617 2.228088865371e-01 -5.117786936055e-01 -6.995160377922e+00
6618 2.228425636663e-01 -5.115431153866e-01 -6.995237284543e+00
6619 2.228762407954e-01 -5.113075346038e-01 -6.995312637458e+00
6620 2.229099179246e-01 -5.110719513096e-01 -6.995386436649e+00
6621 2.229435950537e-01 -5.108363655562e-01 -6.995458682101e+00
6622 2.229772721829e-01 -5.106007773959e-01 -6.995529373797e+00
6623 2.230109493121e-01 -5.103651868810e-01 -6.995598511721e+00
6624 2.230446264412e-01 -5.101295940640e-01 -6.995666095859e+00
6625 2.230783035704e-01 -5.098939989971e-01 -6.995732126195e+00
6626 2.231119806996e-01 -5.096584017327e-01 -6.995796602715e+00
6627 2.231456578287e-01 -5.094228023230e-01 -6.995859525404e+00
6628 2.231793349579e-01 -5.091872008204e-01 -6.995920894248e+00
6629 2.232130120870e-01 -5.089515972773e-01 -6.995980709234e+00
6630 2.232466892162e-01 -5.087159917459e-01 -6.996038970348e+00
6631 2.232803663454e-01 -5.084803842787e-01 -6.996095677577e+00
6632 2.233140434745e-01 -5.082447749279e-01 -6.996150830910e+00
6633 2.233477206037e-01 -5.080091637458e-01 -6.996204430333e+00
6634 2.233813977329e-01 -5.077735507848e-01 -6.996256475834e+00
6635 2.234150748620e-01 -5.075379360973e-01 -6.996306967403e+00
6636 2.234487519912e-01 -5.073023197355e-01 -6.996355905028e+00
6637 2.234824291203e-01 -5.070667017517e-01 -6.996403288697e+00
6638 2.235161062495e-01 -5.068310821985e-01 -6.996449118401e+00
6639 2.235497833787e-01 -5.065954611279e-01 -6.996493394130e+00
6640 2.235834605078e-01 -5.063598385925e-01 -6.996536115873e+00
6641 2.236171376370e-01 -5.061242146444e-01 -6.996577283620e+00
6642 2.236508147662e-01 -5.058885893362e-01 -6.996616897364e+00
6643 2.236844918953e-01 -5.056529627200e-01 -6.996654957095e+00
6644 2.237181690245e-01 -5.054173348482e-01 -6.996691462804e+00
6645 2.237518461536e-01 -5.051817057732e-01 -6.996726414484e+00
6646 2.237855232828e-01 -5.049460755473e-01 -6.996759812127e+00
6647 2.238192004120e-01 -5.047104442228e-01 -6.996791655725e+00
6648 2.238528775411e-01 -5.044748118521e-01 -6.996821945271e+00
6649 2.238865546703e-01 -5.042391784875e-01 -6.996850680758e+00
6650 2.239202317995e-01 -5.040035441814e-01 -6.996877862181e+00
6651 2.239539089286e-01 -5.037679089860e-01 -6.996903489533e+00
6652 2.239875860578e-01 -5.035322729537e-01 -6.996927562808e+00
6653 2.240212631869e-01 -5.032966361369e-01 -6.996950082001e+00
6654 2.240549403161e-01 -5.030609985879e-01 -6.996971047108e+00
6655 2.240886174453e-01 -5.028253603589e-01 -6.996990458122e+00
6656 2.241222945744e-01 -5.025897215025e-01 -6.997008315041e+00
6657 2.241559717036e-01 -5.023540820708e-01 -6.997024617860e+00
6658 2.241896488327e-01 -5.021184421163e-01 -6.997039366576e+00
6659 2.242233259619e-01 -5.018828016913e-01 -6.997052561184e+00
6660 2.242570030911e-01 -5.016471608481e-01 -6.997064201683e+00
6661 2.242906802202e-01 -5.014115196390e-01 -6.997074288070e+00
6662 2.243243573494e-01 -5.011758781164e-01 -6.997082820342e+00
6663 2.243580344786e-01 -5.009402363326e-01 -6.997089798497e+00
6664 2.243917116077e-01 -5.007045943400e-01 -6.997095222535e+00
6665 2.244253887369e-01 -5.004689521909e-01 -6.997099092453e+00
6666 2.244590658660e-01 -5.002333099377e-01 -6.997101408252e+00
6667 2.244927429952e-01 -4.999976676326e-01 -6.997102169930e+00
6668 2.245264201244e-01 -4.997620253281e-01 -6.997101377487e+00
6669 2.245600972535e-01 -4.995263830764e-01 -6.997099030923e+00
6670 2.245937743827e-01 -4.992907409299e-01 -6.997095130240e+00
6671 2.246274515119e-01 -4.990550989409e-01 -6.997089675437e+00
6672 2.246611286410e-01 -4.988194571618e-01 -6.997082666516e+00
6673 2.246948057702e-01 -4.985838156449e-01 -6.997074103479e+00
6674 2.247284828993e-01 -4.983481744425e-01 -6.997063986328e+00
6675 2.247621600285e-01 -4.981125336071e-01 -6.997052315064e+00
6676 2.247958371577e-01 -4.978768931909e-01 -6.997039089690e+00
6677 2.248295142868e-01 -4.976412532462e-01 -6.997024310210e+00
6678 2.248631914160e-01 -4.974056138254e-01 -6.997007976627e+00
6679 2.248968685452e-01 -4.971699749809e-01 -6.996990088943e+00
6680 2.249305456743e-01 -4.969343367649e-01 -6.996970647164e+00
6681 2.249642228035e-01 -4.966986992299e-01 -6.996949651293e+00
6682 2.249978999326e-01 -4.964630624281e-01 -6.996927101335e+00
6683 2.250315770618e-01 -4.962274264118e-01 -6.996902997296e+00
6684 2.250652541910e-01 -4.959917912336e-01 -6.996877339180e+00
6685 2.250989313201e-01 -4.957561569455e-01 -6.996850126993e+00
6686 2.251326084493e-01 -4.955205236001e-01 -6.996821360741e+00
6687 2.251662855785e-01 -4.952848912496e-01 -6.996791040432e+00
6688 2.251999627076e-01 -4.950492599464e-01 -6.996759166070e+00
6689 2.252336398368e-01 -4.948136297427e-01 -6.996725737664e+00
6690 2.252673169659e-01 -4.945780006910e-01 -6.996690755221e+00
6691 2.253009940951e-01 -4.943423728436e-01 -6.996654218748e+00
6692 2.253346712243e-01 -4.941067462528e-01 -6.996616128254e+00
6693 2.253683483534e-01 -4.938711209710e-01 -6.996576483748e+00
6694 2.254020254826e-01 -4.936354970504e-01 -6.996535285237e+00
6695 2.254357026117e-01 -4.933998745434e-01 -6.996492532732e+00
6696 2.254693797409e-01 -4.931642535024e-01 -6.996448226241e+00
6697 2.255030568701e-01 -4.929286339797e-01 -6.996402365775e+00
6698 2.255367339992e-01 -4.926930160276e-01 -6.996354951343e+00
6699 2.255704111284e-01 -4.924573996984e-01 -6.996305982957e+00
6700 2.256040882576e-01 -4.922217850445e-01 -6.996255460627e+00
6701 2.256377653867e-01 -4.919861721183e-01 -6.996203384364e+00
6702 2.256714425159e-01 -4.917505609719e-01 -6.996149754180e+00
6703 2.257051196450e-01 -4.915149516579e-01 -6.996094570087e+00
6704 2.257387967742e-01 -4.912793442285e-01 -6.996037832097e+00
6705 2.257724739034e-01 -4.910437387359e-01 -6.995979540222e+00
6706 2.258061510325e-01 -4.908081352327e-01 -6.995919694476e+00
6707 2.258398281617e-01 -4.905725337711e-01 -6.995858294872e+00
6708 2.258735052909e-01 -4.903369344034e-01 -6.995795341424e+00
6709 2.259071824200e-01 -4.901013371819e-01 -6.995730834145e+00
6710 2.259408595492e-01 -4.898657421590e-01 -6.995664773050e+00
6711 2.259745366783e-01 -4.896301493871e-01 -6.995597158154e+00
6712 2.260082138075e-01 -4.893945589184e-01 -6.995527989471e+00
6713 2.260418909367e-01 -4.891589708052e-01 -6.995457267017e+00
6714 2.260755680658e-01 -4.889233850999e-01 -6.995384990807e+00
6715 2.261092451950e-01 -4.886878018549e-01 -6.995311160859e+00
6716 2.261429223242e-01 -4.884522211224e-01 -6.995235777187e+00
6717 2.261765994533e-01 -4.882166429548e-01 -6.995158839809e+00
6718 2.262102765825e-01 -4.879810674043e-01 -6.995080348742e+00
6719 2.262439537116e-01 -4.877454945234e-01 -6.995000304003e+00
6720 2.262776308408e-01 -4.875099243643e-01 -6.994918705611e+00
6721 2.263113079700e-01 -4.872743569794e-01 -6.994835553582e+00
6722 2.263449850991e-01 -4.870387924209e-01 -6.994750847937e+00
6723 2.263786622283e-01 -4.868032307413e-01 -6.994664588693e+00
6724 2.264123393575e-01 -4.865676719928e-01 -6.994576775869e+00
6725 2.264460164866e-01 -4.863321162277e-01 -6.994487409486e+00
6726 2.264796936158e-01 -4.860965634984e-01 -6.994396489563e+00
6727 2.265133707449e-01 -4.858610138571e-01 -6.994304016120e+00
6728 2.265470478741e-01 -4.856254673563e-01 -6.994209989178e+00
6729 2.265807250033e-01 -4.853899240482e-01 -6.994114408757e+00
6730 2.266144021324e-01 -4.851543839851e-01 -6.994017274879e+00
6731 2.266480792616e-01 -4.849188472194e-01 -6.993918587566e+00
6732 2.266817563908e-01 -4.846833138033e-01 -6.993818346839e+00
6733 2.267154335199e-01 -4.844477837892e-01 -6.993716552721e+00
6734 2.267491106491e-01 -4.842122572294e-01 -6.993613205234e+00
6735 2.267827877782e-01 -4.839767341762e-01 -6.993508304401e+00
6736 2.268164649074e-01 -4.837412146819e-01 -6.993401850246e+00
6737 2.268501420366e-01 -4.835056987989e-01 -6.993293842792e+00
6738 2.268838191657e-01 -4.832701865793e-01 -6.993184282063e+00
6739 2.269174962949e-01 -4.830346780756e-01 -6.993073168083e+00
6740 2.269511734240e-01 -4.827991733401e-01 -6.992960500878e+00
6741 2.269848505532e-01 -4.825636724251e-01 -6.992846280471e+00
6742 2.270185276824e-01 -4.823281753828e-01 -6.992730506890e+00
6743 2.270522048115e-01 -4.820926822655e-01 -6.992613180158e+00
6744 2.270858819407e-01 -4.818571931257e-01 -6.992494300303e+00
6745 2.271195590699e-01 -4.816217080155e-01 -6.992373867350e+00
6746 2.271532361990e-01 -4.813862269874e-01 -6.992251881327e+00
6747 2.271869133282e-01 -4.811507500935e-01 -6.992128342261e+00
6748 2.272205904573e-01 -4.809152773862e-01 -6.992003250179e+00
6749 2.272542675865e-01 -4.806798089178e-01 -6.991876605108e+00
6750 2.272879447157e-01 -4.804443447406e-01 -6.991748407077e+00
6751 2.273216218448e-01 -4.802088849069e-01 -6.991618656115e+00
6752 2.273552989740e-01 -4.799734294690e-01 -6.991487352250e+00
6753 2.273889761032e-01 -4.797379784791e-01 -6.991354495511e+00
6754 2.274226532323e-01 -4.795025319897e-01 -6.991220085928e+00
6755 2.274563303615e-01 -4.792670900529e-01 -6.991084123531e+00
6756 2.274900074906e-01 -4.790316527211e-01 -6.990946608350e+00
6757 2.275236846198e-01 -4.787962200465e-01 -6.990807540415e+00
6758 2.275573617490e-01 -4.785607920815e-01 -6.990666919757e+00
6759 2.275910388781e-01 -4.783253688784e-01 -6.990524746409e+00
6760 2.276247160073e-01 -4.780899504894e-01 -6.990381020400e+00
6761 2.276583931365e-01 -4.778545369668e-01 -6.990235741763e+00
6762 2.276920702656e-01 -4.776191283629e-01 -6.990088910531e+00
6763 2.277257473948e-01 -4.773837247300e-01 -6.989940526736e+00
6764 2.277594245239e-01 -4.771483261204e-01 -6.989790590411e+00
6765 2.277931016531e-01 -4.769129325864e-01 -6.989639101589e+00
6766 2.278267787823e-01 -4.766775441802e-01 -6.989486060303e+00
6767 2.278604559114e-01 -4.764421609541e-01 -6.989331466589e+00
6768 2.278941330406e-01 -4.762067829605e-01 -6.989175320480e+00
6769 2.279278101698e-01 -4.759714102516e-01 -6.989017622011e+00
6770 2.279614872989e-01 -4.757360428796e-01 -6.988858371217e+00
6771 2.279951644281e-01 -4.755006808969e-01 -6.988697568133e+00
6772 2.280288415572e-01 -4.752653243557e-01 -6.988535212795e+00
6773 2.280625186864e-01 -4.750299733083e-01 -6.988371305239e+00
6774 2.280961958156e-01 -4.747946278069e-01 -6.988205845501e+00
6775 2.281298729447e-01 -4.745592879039e-01 -6.988038833619e+00
6776 2.281635500739e-01 -4.743239536516e-01 -6.987870269629e+00
6777 2.281972272030e-01 -4.740886251021e-01 -6.987700153569e+00
6778 2.282309043322e-01 -4.738533023078e-01 -6.987528485476e+00
6779 2.282645814614e-01 -4.736179853208e-01 -6.987355265389e+00
6780 2.282982585905e-01 -4.733826741936e-01 -6.987180493347e+00
6781 2.283319357197e-01 -4.731473689784e-01 -6.987004169387e+00
6782 2.283656128489e-01 -4.729120697273e-01 -6.986826293549e+00
6783 2.283992899780e-01 -4.726767764927e-01 -6.986646865873e+00
6784 2.284329671072e-01 -4.724414893269e-01 -6.986465886398e+00
6785 2.284666442363e-01 -4.722062082821e-01 -6.986283355165e+00
6786 2.285003213655e-01 -4.719709334105e-01 -6.986099272215e+00
6787 2.285339984947e-01 -4.717356647644e-01 -6.985913637587e+00
6788 2.285676756238e-01 -4.715004023961e-01 -6.985726451324e+00
6789 2.286013527530e-01 -4.712651463579e-01 -6.985537713467e+00
6790 2.286350298822e-01 -4.710298967019e-01 -6.985347424057e+00
6791 2.286687070113e-01 -4.707946534804e-01 -6.985155583138e+00
6792 2.287023841405e-01 -4.705594167457e-01 -6.984962190751e+00
6793 2.287360612696e-01 -4.703241865500e-01 -6.984767246940e+00
6794 2.287697383988e-01 -4.700889629456e-01 -6.984570751748e+00
6795 2.288034155280e-01 -4.698537459847e-01 -6.984372705218e+00
6796 2.288370926571e-01 -4.696185357196e-01 -6.984173107396e+00
6797 2.288707697863e-01 -4.693833322025e-01 -6.983971958324e+00
6798 2.289044469155e-01 -4.691481354856e-01 -6.983769258047e+00
6799 2.289381240446e-01 -4.689129456212e-01 -6.983565006612e+00
6800 2.289718011738e-01 -4.686777626615e-01 -6.983359204062e+00
6801 2.290054783029e-01 -4.684425866588e-01 -6.983151850444e+00
6802 2.290391554321e-01 -4.682074176653e-01 -6.982942945804e+00
6803 2.290728325613e-01 -4.679722557332e-01 -6.982732490188e+00
6804 2.291065096904e-01 -4.677371009148e-01 -6.982520483643e+00
6805 2.291401868196e-01 -4.675019532622e-01 -6.982306926216e+00
6806 2.291738639488e-01 -4.672668128278e-01 -6.982091817954e+00
6807 2.292075410779e-01 -4.670316796637e-01 -6.981875158905e+00
6808 2.292412182071e-01 -4.667965538221e-01 -6.981656949118e+00
6809 2.292748953362e-01 -4.665614353554e-01 -6.981437188641e+00
6810 2.293085724654e-01 -4.663263243157e-01 -6.981215877522e+00
6811 2.293422495946e-01 -4.660912207552e-01 -6.980993015811e+00
6812 2.293759267237e-01 -4.658561247261e-01 -6.980768603557e+00
6813 2.294096038529e-01 -4.656210362807e-01 -6.980542640810e+00
6814 2.294432809821e-01 -4.653859554712e-01 -6.980315127621e+00
6815 2.294769581112e-01 -4.651508823499e-01 -6.980086064039e+00
6816 2.295106352404e-01 -4.649158169688e-01 -6.979855450116e+00
6817 2.295443123695e-01 -4.646807593802e-01 -6.979623285903e+00
6818 2.295779894987e-01 -4.644457096364e-01 -6.979389571452e+00
6819 2.296116666279e-01 -4.642106677895e-01 -6.979154306814e+00
6820 2.296453437570e-01 -4.639756338917e-01 -6.978917492041e+00
6821 2.296790208862e-01 -4.637406079953e-01 -6.978679127187e+00
6822 2.297126980153e-01 -4.635055901524e-01 -6.978439212304e+00
6823 2.297463751445e-01 -4.632705804153e-01 -6.978197747446e+00
6824 2.297800522737e-01 -4.630355788361e-01 -6.977954732665e+00
6825 2.298137294028e-01 -4.628005854670e-01 -6.977710168017e+00
6826 2.298474065320e-01 -4.625656003603e-01 -6.977464053555e+00
6827 2.298810836612e-01 -4.623306235681e-01 -6.977216389334e+00
6828 2.299147607903e-01 -4.620956551426e-01 -6.976967175409e+00
6829 2.299484379195e-01 -4.618606951361e-01 -6.976716411836e+00
6830 2.299821150486e-01 -4.616257436006e-01 -6.976464098670e+00
6831 2.300157921778e-01 -4.613908005884e-01 -6.976210235967e+00
6832 2.300494693070e-01 -4.611558661516e-01 -6.975954823783e+00
6833 2.300831464361e-01 -4.609209403425e-01 -6.975697862176e+00
6834 2.301168235653e-01 -4.606860232132e-01 -6.975439351202e+00
6835 2.301505006945e-01 -4.604511148159e-01 -6.975179290919e+00
6836 2.301841778236e-01 -4.602162152028e-01 -6.974917681385e+00
6837 2.302178549528e-01 -4.599813244260e-01 -6.974654522657e+00
6838 2.302515320819e-01 -4.597464425377e-01 -6.974389814794e+00
6839 2.302852092111e-01 -4.595115695901e-01 -6.974123557855e+00
6840 2.303188863403e-01 -4.592767056354e-01 -6.973855751899e+00
6841 2.303525634694e-01 -4.590418507257e-01 -6.973586396986e+00
6842 2.303862405986e-01 -4.588070049132e-01 -6.973315493175e+00
6843 2.304199177278e-01 -4.585721682500e-01 -6.973043040527e+00
6844 2.304535948569e-01 -4.583373407883e-01 -6.972769039101e+00
6845 2.304872719861e-01 -4.581025225803e-01 -6.972493488959e+00
6846 2.305209491152e-01 -4.578677136781e-01 -6.972216390163e+00
6847 2.305546262444e-01 -4.576329141338e-01 -6.971937742773e+00
6848 2.305883033736e-01 -4.573981239997e-01 -6.971657546852e+00
6849 2.306219805027e-01 -4.571633433278e-01 -6.971375802461e+00
6850 2.306556576319e-01 -4.569285721704e-01 -6.971092509664e+00
6851 2.306893347611e-01 -4.566938105795e-01 -6.970807668523e+00
6852 2.307230118902e-01 -4.564590586073e-01 -6.970521279101e+00
6853 2.307566890194e-01 -4.562243163060e-01 -6.970233341463e+00
6854 2.307903661485e-01 -4.559895837277e-01 -6.969943855671e+00
6855 2.308240432777e-01 -4.557548609244e-01 -6.969652821791e+00
6856 2.308577204069e-01 -4.555201479484e-01 -6.969360239887e+00
6857 2.308913975360e-01 -4.552854448518e-01 -6.969066110024e+00
6858 2.309250746652e-01 -4.550507516868e-01 -6.968770432268e+00
6859 2.309587517943e-01 -4.548160685053e-01 -6.968473206683e+00
6860 2.309924289235e-01 -4.545813953597e-01 -6.968174433337e+00
6861 2.310261060527e-01 -4.543467323019e-01 -6.967874112294e+00
6862 2.310597831818e-01 -4.541120793841e-01 -6.967572243623e+00
6863 2.310934603110e-01 -4.538774366584e-01 -6.967268827390e+00
6864 2.311271374402e-01 -4.536428041770e-01 -6.966963863663e+00
6865 2.311608145693e-01 -4.534081819920e-01 -6.966657352509e+00
6866 2.311944916985e-01 -4.531735701554e-01 -6.966349293996e+00
6867 2.312281688276e-01 -4.529389687195e-01 -6.966039688193e+00
6868 2.312618459568e-01 -4.527043777362e-01 -6.965728535168e+00
6869 2.312955230860e-01 -4.524697972576e-01 -6.965415834991e+00
6870 2.313292002151e-01 -4.522352273360e-01 -6.965101587731e+00
6871 2.313628773443e-01 -4.520006680234e-01 -6.964785793458e+00
6872 2.313965544735e-01 -4.517661193719e-01 -6.964468452243e+00
6873 2.314302316026e-01 -4.515315814336e-01 -6.964149564154e+00
6874 2.314639087318e-01 -4.512970542605e-01 -6.963829129264e+00
6875 2.314975858609e-01 -4.510625379048e-01 -6.963507147644e+00
6876 2.315312629901e-01 -4.508280324186e-01 -6.963183619364e+00
6877 2.315649401193e-01 -4.505935378539e-01 -6.962858544497e+00
6878 2.315986172484e-01 -4.503590542629e-01 -6.962531923116e+00
6879 2.316322943776e-01 -4.501245816975e-01 -6.962203755292e+00
6880 2.316659715068e-01 -4.498901202100e-01 -6.961874041099e+00
6881 2.316996486359e-01 -4.496556698523e-01 -6.961542780609e+00
6882 2.317333257651e-01 -4.494212306766e-01 -6.961209973897e+00
6883 2.317670028942e-01 -4.491868027348e-01 -6.960875621036e+00
6884 2.318006800234e-01 -4.489523860792e-01 -6.960539722100e+00
6885 2.318343571526e-01 -4.487179807617e-01 -6.960202277165e+00
6886 2.318680342817e-01 -4.484835868344e-01 -6.959863286304e+00
6887 2.319017114109e-01 -4.482492043493e-01 -6.959522749594e+00
6888 2.319353885401e-01 -4.480148333586e-01 -6.959180667110e+00
6889 2.319690656692e-01 -4.477804739143e-01 -6.958837038928e+00
6890 2.320027427984e-01 -4.475461260684e-01 -6.958491865125e+00
6891 2.320364199275e-01 -4.473117898730e-01 -6.958145145776e+00
6892 2.320700970567e-01 -4.470774653802e-01 -6.957796880959e+00
6893 2.321037741859e-01 -4.468431526419e-01 -6.957447070752e+00
6894 2.321374513150e-01 -4.466088517102e-01 -6.957095715231e+00
6895 2.321711284442e-01 -4.463745626372e-01 -6.956742814476e+00
6896 2.322048055734e-01 -4.461402854750e-01 -6.956388368564e+00
6897 2.322384827025e-01 -4.459060202754e-01 -6.956032377575e+00
6898 2.322721598317e-01 -4.456717670906e-01 -6.955674841586e+00
6899 2.323058369608e-01 -4.454375259726e-01 -6.955315760678e+00
6900 2.323395140900e-01 -4.452032969735e-01 -6.954955134931e+00
6901 2.323731912192e-01 -4.449690801452e-01 -6.954592964424e+00
6902 2.324068683483e-01 -4.447348755398e-01 -6.954229249238e+00
6903 2.324405454775e-01 -4.445006832092e-01 -6.953863989454e+00
6904 2.324742226066e-01 -4.442665032056e-01 -6.953497185153e+00
6905 2.325078997358e-01 -4.440323355809e-01 -6.953128836416e+00
6906 2.325415768650e-01 -4.437981803871e-01 -6.952758943325e+00
6907 2.325752539941e-01 -4.435640376763e-01 -6.952387505962e+00
6908 2.326089311233e-01 -4.433299075004e-01 -6.952014524411e+00
6909 2.326426082525e-01 -4.430957899115e-01 -6.951639998752e+00
6910 2.326762853816e-01 -4.428616849615e-01 -6.951263929071e+00
6911 2.327099625108e-01 -4.426275927025e-01 -6.950886315450e+00
6912 2.327436396399e-01 -4.423935131864e-01 -6.950507157974e+00
6913 2.327773167691e-01 -4.421594464652e-01 -6.950126456725e+00
6914 2.328109938983e-01 -4.419253925909e-01 -6.949744211790e+00
6915 2.328446710274e-01 -4.416913516156e-01 -6.949360423253e+00
6916 2.328783481566e-01 -4.414573235911e-01 -6.948975091199e+00
6917 2.329120252858e-01 -4.412233085695e-01 -6.948588215713e+00
6918 2.329457024149e-01 -4.409893066028e-01 -6.948199796883e+00
6919 2.329793795441e-01 -4.407553177428e-01 -6.947809834793e+00
6920 2.330130566732e-01 -4.405213420417e-01 -6.947418329530e+00
6921 2.330467338024e-01 -4.402873795513e-01 -6.947025281183e+00
6922 2.330804109316e-01 -4.400534303236e-01 -6.946630689837e+00
6923 2.331140880607e-01 -4.398194944107e-01 -6.946234555580e+00
6924 2.331477651899e-01 -4.395855718643e-01 -6.945836878501e+00
6925 2.331814423191e-01 -4.393516627366e-01 -6.945437658688e+00
6926 2.332151194482e-01 -4.391177670794e-01 -6.945036896229e+00
6927 2.332487965774e-01 -4.388838849447e-01 -6.944634591213e+00
6928 2.332824737065e-01 -4.386500163845e-01 -6.944230743731e+00
6929 2.333161508357e-01 -4.384161614507e-01 -6.943825353870e+00
6930 2.333498279649e-01 -4.381823201952e-01 -6.943418421723e+00
6931 2.333835050940e-01 -4.379484926699e-01 -6.943009947378e+00
6932 2.334171822232e-01 -4.377146789269e-01 -6.942599930927e+00
6933 2.334508593524e-01 -4.374808790181e-01 -6.942188372461e+00
6934 2.334845364815e-01 -4.372470929953e-01 -6.941775272070e+00
6935 2.335182136107e-01 -4.370133209105e-01 -6.941360629848e+00
6936 2.335518907398e-01 -4.367795628156e-01 -6.940944445886e+00
6937 2.335855678690e-01 -4.365458187625e-01 -6.940526720276e+00
6938 2.336192449982e-01 -4.363120888033e-01 -6.940107453111e+00
6939 2.336529221273e-01 -4.360783729897e-01 -6.939686644484e+00
6940 2.336865992565e-01 -4.358446713736e-01 -6.939264294490e+00
6941 2.337202763857e-01 -4.356109840071e-01 -6.938840403220e+00
6942 2.337539535148e-01 -4.353773109419e-01 -6.938414970771e+00
6943 2.337876306440e-01 -4.351436522301e-01 -6.937987997236e+00
6944 2.338213077731e-01 -4.349100079234e-01 -6.937559482710e+00
6945 2.338549849023e-01 -4.346763780738e-01 -6.937129427288e+00
6946 2.338886620315e-01 -4.344427627332e-01 -6.936697831066e+00
6947 2.339223391606e-01 -4.342091619535e-01 -6.936264694140e+00
6948 2.339560162898e-01 -4.339755757865e-01 -6.935830016605e+00
6949 2.339896934189e-01 -4.337420042842e-01 -6.935393798559e+00
6950 2.340233705481e-01 -4.335084474983e-01 -6.934956040098e+00
6951 2.340570476773e-01 -4.332749054809e-01 -6.934516741319e+00
6952 2.340907248064e-01 -4.330413782837e-01 -6.934075902321e+00
6953 2.341244019356e-01 -4.328078659586e-01 -6.933633523200e+00
6954 2.341580790648e-01 -4.325743685575e-01 -6.933189604056e+00
6955 2.341917561939e-01 -4.323408861323e-01 -6.932744144987e+00
6956 2.342254333231e-01 -4.321074187347e-01 -6.932297146091e+00
6957 2.342591104522e-01 -4.318739664168e-01 -6.931848607469e+00
6958 2.342927875814e-01 -4.316405292303e-01 -6.931398529219e+00
6959 2.343264647106e-01 -4.314071072270e-01 -6.930946911442e+00
6960 2.343601418397e-01 -4.311737004588e-01 -6.930493754237e+00
6961 2.343938189689e-01 -4.309403089776e-01 -6.930039057707e+00
6962 2.344274960981e-01 -4.307069328352e-01 -6.929582821951e+00
6963 2.344611732272e-01 -4.304735720834e-01 -6.929125047071e+00
6964 2.344948503564e-01 -4.302402267741e-01 -6.928665733168e+00
6965 2.345285274855e-01 -4.300068969591e-01 -6.928204880345e+00
6966 2.345622046147e-01 -4.297735826902e-01 -6.927742488704e+00
6967 2.345958817439e-01 -4.295402840192e-01 -6.927278558348e+00
6968 2.346295588730e-01 -4.293070009979e-01 -6.926813089380e+00
6969 2.346632360022e-01 -4.290737336782e-01 -6.926346081902e+00
6970 2.346969131314e-01 -4.288404821119e-01 -6.925877536020e+00
6971 2.347305902605e-01 -4.286072463508e-01 -6.925407451836e+00
6972 2.347642673897e-01 -4.283740264467e-01 -6.924935829456e+00
6973 2.347979445188e-01 -4.281408224514e-01 -6.924462668984e+00
6974 2.348316216480e-01 -4.279076344166e-01 -6.923987970525e+00
6975 2.348652987772e-01 -4.276744623942e-01 -6.923511734184e+00
6976 2.348989759063e-01 -4.274413064360e-01 -6.923033960068e+00
6977 2.349326530355e-01 -4.272081665938e-01 -6.922554648283e+00
6978 2.349663301647e-01 -4.269750429192e-01 -6.922073798934e+00
6979 2.350000072938e-01 -4.267419354642e-01 -6.921591412129e+00
6980 2.350336844230e-01 -4.265088442805e-01 -6.921107487975e+00
6981 2.350673615521e-01 -4.262757694198e-01 -6.920622026580e+00
6982 2.351010386813e-01 -4.260427109340e-01 -6.920135028051e+00
6983 2.351347158105e-01 -4.258096688748e-01 -6.919646492496e+00
6984 2.351683929396e-01 -4.255766432939e-01 -6.919156420023e+00
6985 2.352020700688e-01 -4.253436342431e-01 -6.918664810743e+00
6986 2.352357471979e-01 -4.251106417742e-01 -6.918171664764e+00
6987 2.352694243271e-01 -4.248776659389e-01 -6.917676982195e+00
6988 2.353031014563e-01 -4.246447067890e-01 -6.917180763146e+00
6989 2.353367785854e-01 -4.244117643762e-01 -6.916683007728e+00
6990 2.353704557146e-01 -4.241788387522e-01 -6.916183716051e+00
6991 2.354041328438e-01 -4.239459299688e-01 -6.915682888226e+00
6992 2.354378099729e-01 -4.237130380777e-01 -6.915180524364e+00
6993 2.354714871021e-01 -4.234801631306e-01 -6.914676624577e+00
6994 2.355051642312e-01 -4.232473051793e-01 -6.914171188977e+00
6995 2.355388413604e-01 -4.230144642755e-01 -6.913664217676e+00
6996 2.355725184896e-01 -4.227816404709e-01 -6.913155710786e+00
6997 2.356061956187e-01 -4.225488338172e-01 -6.912645668421e+00
6998 2.356398727479e-01 -4.223160443661e-01 -6.912134090694e+00
6999 2.356735498771e-01 -4.220832721693e-01 -6.911620977718e+00
7000 2.357072270062e-01 -4.218505172785e-01 -6.911106329608e+00
7001 2.357409041354e-01 -4.216177797455e-01 -6.910590146477e+00
7002 2.357745812645e-01 -4.213850596219e-01 -6.910072428441e+00
7003 2.358082583937e-01 -4.211523569593e-01 -6.909553175614e+00
7004 2.358419355229e-01 -4.209196718096e-01 -6.909032388112e+00
7005 2.358756126520e-01 -4.206870042243e-01 -6.908510066050e+00
7006 2.359092897812e-01 -4.204543542552e-01 -6.907986209545e+00
7007 2.359429669104e-01 -4.202217219539e-01 -6.907460818712e+00
7008 2.359766440395e-01 -4.199891073721e-01 -6.906933893669e+00
7009 2.360103211687e-01 -4.197565105614e-01 -6.906405434532e+00
7010 2.360439982978e-01 -4.195239315736e-01 -6.905875441419e+00
7011 2.360776754270e-01 -4.192913704602e-01 -6.905343914448e+00
7012 2.361113525562e-01 -4.190588272729e-01 -6.904810853736e+00
7013 2.361450296853e-01 -4.188263020635e-01 -6.904276259402e+00
7014 2.361787068145e-01 -4.185937948834e-01 -6.903740131565e+00
7015 2.362123839437e-01 -4.183613057845e-01 -6.903202470344e+00
7016 2.362460610728e-01 -4.181288348182e-01 -6.902663275858e+00
7017 2.362797382020e-01 -4.178963820363e-01 -6.902122548227e+00
7018 2.363134153311e-01 -4.176639474903e-01 -6.901580287572e+00
7019 2.363470924603e-01 -4.174315312319e-01 -6.901036494011e+00
7020 2.363807695895e-01 -4.171991333128e-01 -6.900491167667e+00
7021 2.364144467186e-01 -4.169667537845e-01 -6.899944308661e+00
7022 2.364481238478e-01 -4.167343926986e-01 -6.899395917114e+00
7023 2.364818009770e-01 -4.165020501068e-01 -6.898845993147e+00
7024 2.365154781061e-01 -4.162697260606e-01 -6.898294536883e+00
7025 2.365491552353e-01 -4.160374206118e-01 -6.897741548444e+00
7026 2.365828323644e-01 -4.158051338117e-01 -6.897187027954e+00
7027 2.366165094936e-01 -4.155728657122e-01 -6.896630975535e+00
7028 2.366501866228e-01 -4.153406163646e-01 -6.896073391311e+00
7029 2.366838637519e-01 -4.151083858207e-01 -6.895514275405e+00
7030 2.367175408811e-01 -4.148761741320e-01 -6.894953627942e+00
7031 2.367512180102e-01 -4.146439813501e-01 -6.894391449047e+00
7032 2.367848951394e-01 -4.144118075266e-01 -6.893827738844e+00
7033 2.368185722686e-01 -4.141796527130e-01 -6.893262497459e+00
7034 2.368522493977e-01 -4.139475169608e-01 -6.892695725016e+00
7035 2.368859265269e-01 -4.137154003217e-01 -6.892127421643e+00
7036 2.369196036561e-01 -4.134833028472e-01 -6.891557587464e+00
7037 2.369532807852e-01 -4.132512245889e-01 -6.890986222607e+00
7038 2.369869579144e-01 -4.130191655983e-01 -6.890413327199e+00
7039 2.370206350435e-01 -4.127871259269e-01 -6.889838901367e+00
7040 2.370543121727e-01 -4.125551056263e-01 -6.889262945238e+00
7041 2.370879893019e-01 -4.123231047480e-01 -6.888685458940e+00
7042 2.371216664310e-01 -4.120911233435e-01 -6.888106442602e+00
7043 2.371553435602e-01 -4.118591614645e-01 -6.887525896352e+00
7044 2.371890206894e-01 -4.116272191623e-01 -6.886943820320e+00
7045 2.372226978185e-01 -4.113952964885e-01 -6.886360214634e+00
7046 2.372563749477e-01 -4.111633934946e-01 -6.885775079423e+00
7047 2.372900520768e-01 -4.109315102322e-01 -6.885188414819e+00
7048 2.373237292060e-01 -4.106996467527e-01 -6.884600220952e+00
7049 2.373574063352e-01 -4.104678031076e-01 -6.884010497951e+00
7050 2.373910834643e-01 -4.102359793485e-01 -6.883419245948e+00
7051 2.374247605935e-01 -4.100041755267e-01 -6.882826465075e+00
7052 2.374584377227e-01 -4.097723916939e-01 -6.882232155462e+00
7053 2.374921148518e-01 -4.095406279014e-01 -6.881636317243e+00
7054 2.375257919810e-01 -4.093088842008e-01 -6.881038950548e+00
7055 2.375594691101e-01 -4.090771606436e-01 -6.880440055512e+00
7056 2.375931462393e-01 -4.088454572811e-01 -6.879839632267e+00
7057 2.376268233685e-01 -4.086137741649e-01 -6.879237680946e+00
7058 2.376605004976e-01 -4.083821113464e-01 -6.878634201683e+00
7059 2.376941776268e-01 -4.081504688771e-01 -6.878029194612e+00
7060 2.377278547560e-01 -4.079188468084e-01 -6.877422659868e+00
7061 2.377615318851e-01 -4.076872451918e-01 -6.876814597585e+00
7062 2.377952090143e-01 -4.074556640787e-01 -6.876205007898e+00
7063 2.378288861434e-01 -4.072241035206e-01 -6.875593890942e+00
7064 2.378625632726e-01 -4.069925635688e-01 -6.874981246854e+00
7065 2.378962404018e-01 -4.067610442749e-01 -6.874367075770e+00
7066 2.379299175309e-01 -4.065295456901e-01 -6.873751377825e+00
7067 2.379635946601e-01 -4.062980678660e-01 -6.873134153157e+00
7068 2.379972717892e-01 -4.060666108540e-01 -6.872515401903e+00
7069 2.380309489184e-01 -4.058351747054e-01 -6.871895124200e+00
7070 2.380646260476e-01 -4.056037594718e-01 -6.871273320186e+00
7071 2.380983031767e-01 -4.053723652044e-01 -6.870649989998e+00
7072 2.381319803059e-01 -4.051409919546e-01 -6.870025133777e+00
7073 2.381656574351e-01 -4.049096397739e-01 -6.869398751659e+00
7074 2.381993345642e-01 -4.046783087137e-01 -6.868770843785e+00
7075 2.382330116934e-01 -4.044469988253e-01 -6.868141410293e+00
7076 2.382666888225e-01 -4.042157101601e-01 -6.867510451325e+00
7077 2.383003659517e-01 -4.039844427694e-01 -6.866877967019e+00
7078 2.383340430809e-01 -4.037531967047e-01 -6.866243957516e+00
7079 2.383677202100e-01 -4.035219720173e-01 -6.865608422957e+00
7080 2.384013973392e-01 -4.032907687585e-01 -6.864971363484e+00
7081 2.384350744684e-01 -4.030595869798e-01 -6.864332779237e+00
7082 2.384687515975e-01 -4.028284267324e-01 -6.863692670359e+00
7083 2.385024287267e-01 -4.025972880677e-01 -6.863051036992e+00
7084 2.385361058558e-01 -4.023661710371e-01 -6.862407879278e+00
7085 2.385697829850e-01 -4.021350756918e-01 -6.861763197360e+00
7086 2.386034601142e-01 -4.019040020833e-01 -6.861116991381e+00
7087 2.386371372433e-01 -4.016729502627e-01 -6.860469261486e+00
7088 2.386708143725e-01 -4.014419202815e-01 -6.859820007816e+00
7089 2.387044915017e-01 -4.012109121909e-01 -6.859169230518e+00
7090 2.387381686308e-01 -4.009799260424e-01 -6.858516929735e+00
7091 2.387718457600e-01 -4.007489618870e-01 -6.857863105613e+00
7092 2.388055228891e-01 -4.005180197763e-01 -6.857207758296e+00
7093 2.388392000183e-01 -4.002870997614e-01 -6.856550887930e+00
7094 2.388728771475e-01 -4.000562018937e-01 -6.855892494661e+00
7095 2.389065542766e-01 -3.998253262244e-01 -6.855232578636e+00
7096 2.389402314058e-01 -3.995944728048e-01 -6.854571140000e+00
7097 2.389739085350e-01 -3.993636416862e-01 -6.853908178901e+00
7098 2.390075856641e-01 -3.991328329199e-01 -6.853243695486e+00
7099 2.390412627933e-01 -3.989020465570e-01 -6.852577689902e+00
7100 2.390749399224e-01 -3.986712826490e-01 -6.851910162298e+00
7101 2.391086170516e-01 -3.984405412470e-01 -6.851241112822e+00
7102 2.391422941808e-01 -3.982098224024e-01 -6.850570541622e+00
7103 2.391759713099e-01 -3.979791261662e-01 -6.849898448847e+00
7104 2.392096484391e-01 -3.977484525898e-01 -6.849224834647e+00
7105 2.392433255683e-01 -3.975178017244e-01 -6.848549699171e+00
7106 2.392770026974e-01 -3.972871736213e-01 -6.847873042569e+00
7107 2.393106798266e-01 -3.970565683316e-01 -6.847194864991e+00
7108 2.393443569557e-01 -3.968259859066e-01 -6.846515166589e+00
7109 2.393780340849e-01 -3.965954263975e-01 -6.845833947513e+00
7110 2.394117112141e-01 -3.963648898556e-01 -6.845151207914e+00
7111 2.394453883432e-01 -3.961343763319e-01 -6.844466947944e+00
7112 2.394790654724e-01 -3.959038858777e-01 -6.843781167755e+00
7113 2.395127426015e-01 -3.956734185443e-01 -6.843093867499e+00
7114 2.395464197307e-01 -3.954429743827e-01 -6.842405047329e+00
7115 2.395800968599e-01 -3.952125534442e-01 -6.841714707398e+00
7116 2.396137739890e-01 -3.949821557800e-01 -6.841022847859e+00
7117 2.396474511182e-01 -3.947517814412e-01 -6.840329468867e+00
7118 2.396811282474e-01 -3.945214304790e-01 -6.839634570574e+00
7119 2.397148053765e-01 -3.942911029445e-01 -6.838938153135e+00
7120 2.397484825057e-01 -3.940607988890e-01 -6.838240216705e+00
7121 2.397821596348e-01 -3.938305183635e-01 -6.837540761440e+00
7122 2.398158367640e-01 -3.936002614193e-01 -6.836839787493e+00
7123 2.398495138932e-01 -3.933700281074e-01 -6.836137295022e+00
7124 2.398831910223e-01 -3.931398184790e-01 -6.835433284182e+00
7125 2.399168681515e-01 -3.929096325853e-01 -6.834727755129e+00
7126 2.399505452807e-01 -3.926794704773e-01 -6.834020708020e+00
7127 2.399842224098e-01 -3.924493322061e-01 -6.833312143012e+00
7128 2.400178995390e-01 -3.922192178230e-01 -6.832602060263e+00
7129 2.400515766681e-01 -3.919891273790e-01 -6.831890459931e+00
7130 2.400852537973e-01 -3.917590609252e-01 -6.831177342172e+00
7131 2.401189309265e-01 -3.915290185126e-01 -6.830462707146e+00
7132 2.401526080556e-01 -3.912990001925e-01 -6.829746555012e+00
7133 2.401862851848e-01 -3.910690060159e-01 -6.829028885928e+00
7134 2.402199623140e-01 -3.908390360339e-01 -6.828309700054e+00
7135 2.402536394431e-01 -3.906090902975e-01 -6.827588997549e+00
7136 2.402873165723e-01 -3.903791688578e-01 -6.826866778575e+00
7137 2.403209937014e-01 -3.901492717660e-01 -6.826143043290e+00
7138 2.403546708306e-01 -3.899193990729e-01 -6.825417791856e+00
7139 2.403883479598e-01 -3.896895508298e-01 -6.824691024435e+00
7140 2.404220250889e-01 -3.894597270877e-01 -6.823962741186e+00
7141 2.404557022181e-01 -3.892299278976e-01 -6.823232942273e+00
7142 2.404893793473e-01 -3.890001533105e-01 -6.822501627857e+00
7143 2.405230564764e-01 -3.887704033775e-01 -6.821768798100e+00
7144 2.405567336056e-01 -3.885406781497e-01 -6.821034453166e+00
7145 2.405904107347e-01 -3.883109776780e-01 -6.820298593218e+00
7146 2.406240878639e-01 -3.880813020134e-01 -6.819561218418e+00
7147 2.406577649931e-01 -3.878516512070e-01 -6.818822328932e+00
7148 2.406914421222e-01 -3.876220253098e-01 -6.818081924922e+00
7149 2.407251192514e-01 -3.873924243727e-01 -6.817340006553e+00
7150 2.407587963805e-01 -3.871628484469e-01 -6.816596573991e+00
7151 2.407924735097e-01 -3.869332975832e-01 -6.815851627399e+00
7152 2.408261506389e-01 -3.867037718327e-01 -6.815105166945e+00
7153 2.408598277680e-01 -3.864742712463e-01 -6.814357192792e+00
7154 2.408935048972e-01 -3.862447958750e-01 -6.813607705109e+00
7155 2.409271820264e-01 -3.860153457698e-01 -6.812856704060e+00
7156 2.409608591555e-01 -3.857859209816e-01 -6.812104189814e+00
7157 2.409945362847e-01 -3.855565215614e-01 -6.811350162536e+00
7158 2.410282134138e-01 -3.853271475602e-01 -6.810594622395e+00
7159 2.410618905430e-01 -3.850977990289e-01 -6.809837569558e+00
7160 2.410955676722e-01 -3.848684760184e-01 -6.809079004194e+00
7161 2.411292448013e-01 -3.846391785796e-01 -6.808318926471e+00
7162 2.411629219305e-01 -3.844099067636e-01 -6.807557336557e+00
7163 2.411965990597e-01 -3.841806606212e-01 -6.806794234622e+00
7164 2.412302761888e-01 -3.839514402033e-01 -6.806029620836e+00
7165 2.412639533180e-01 -3.837222455609e-01 -6.805263495368e+00
7166 2.412976304471e-01 -3.834930767449e-01 -6.804495858388e+00
7167 2.413313075763e-01 -3.832639338061e-01 -6.803726710068e+00
7168 2.413649847055e-01 -3.830348167954e-01 -6.802956050577e+00
7169 2.413986618346e-01 -3.828057257638e-01 -6.802183880086e+00
7170 2.414323389638e-01 -3.825766607622e-01 -6.801410198769e+00
7171 2.414660160930e-01 -3.823476218413e-01 -6.800635006795e+00
7172 2.414996932221e-01 -3.821186090521e-01 -6.799858304338e+00
7173 2.415333703513e-01 -3.818896224455e-01 -6.799080091570e+00
7174 2.415670474804e-01 -3.816606620722e-01 -6.798300368664e+00
7175 2.416007246096e-01 -3.814317279832e-01 -6.797519135793e+00
7176 2.416344017388e-01 -3.812028202293e-01 -6.796736393130e+00
7177 2.416680788679e-01 -3.809739388614e-01 -6.795952140849e+00
7178 2.417017559971e-01 -3.807450839302e-01 -6.795166379125e+00
7179 2.417354331263e-01 -3.805162554867e-01 -6.794379108132e+00
7180 2.417691102554e-01 -3.802874535816e-01 -6.793590328045e+00
7181 2.418027873846e-01 -3.800586782657e-01 -6.792800039040e+00
7182 2.418364645137e-01 -3.798299295899e-01 -6.792008241290e+00
7183 2.418701416429e-01 -3.796012076050e-01 -6.791214934974e+00
7184 2.419038187721e-01 -3.793725123618e-01 -6.790420120266e+00
7185 2.419374959012e-01 -3.791438439110e-01 -6.789623797343e+00
7186 2.419711730304e-01 -3.789152023035e-01 -6.788825966382e+00
7187 2.420048501596e-01 -3.786865875901e-01 -6.788026627561e+00
7188 2.420385272887e-01 -3.784579998215e-01 -6.787225781057e+00
7189 2.420722044179e-01 -3.782294390485e-01 -6.786423427047e+00
7190 2.421058815470e-01 -3.780009053218e-01 -6.785619565710e+00
7191 2.421395586762e-01 -3.777723986923e-01 -6.784814197225e+00
7192 2.421732358054e-01 -3.775439192106e-01 -6.784007321770e+00
7193 2.422069129345e-01 -3.773154669275e-01 -6.783198939525e+00
7194 2.422405900637e-01 -3.770870418939e-01 -6.782389050669e+00
7195 2.422742671928e-01 -3.768586441603e-01 -6.781577655382e+00
7196 2.423079443220e-01 -3.766302737775e-01 -6.780764753844e+00
7197 2.423416214512e-01 -3.764019307963e-01 -6.779950346236e+00
7198 2.423752985803e-01 -3.761736152674e-01 -6.779134432738e+00
7199 2.424089757095e-01 -3.759453272414e-01 -6.778317013533e+00
7200 2.424426528387e-01 -3.757170667691e-01 -6.777498088801e+00
7201 2.424763299678e-01 -3.754888339013e-01 -6.776677658724e+00
7202 2.425100070970e-01 -3.752606286884e-01 -6.775855723485e+00
7203 2.425436842261e-01 -3.750324511814e-01 -6.775032283266e+00
7204 2.425773613553e-01 -3.748043014308e-01 -6.774207338250e+00
7205 2.426110384845e-01 -3.745761794873e-01 -6.773380888621e+00
7206 2.426447156136e-01 -3.743480854015e-01 -6.772552934561e+00
7207 2.426783927428e-01 -3.741200192243e-01 -6.771723476255e+00
7208 2.427120698720e-01 -3.738919810061e-01 -6.770892513886e+00
7209 2.427457470011e-01 -3.736639707977e-01 -6.770060047641e+00
7210 2.427794241303e-01 -3.734359886497e-01 -6.769226077703e+00
7211 2.428131012594e-01 -3.732080346127e-01 -6.768390604257e+00
7212 2.428467783886e-01 -3.729801087373e-01 -6.767553627489e+00
7213 2.428804555178e-01 -3.727522110743e-01 -6.766715147586e+00
7214 2.429141326469e-01 -3.725243416742e-01 -6.765875164733e+00
7215 2.429478097761e-01 -3.722965005875e-01 -6.765033679117e+00
7216 2.429814869053e-01 -3.720686878650e-01 -6.764190690925e+00
7217 2.430151640344e-01 -3.718409035573e-01 -6.763346200344e+00
7218 2.430488411636e-01 -3.716131477148e-01 -6.762500207561e+00
7219 2.430825182927e-01 -3.713854203882e-01 -6.761652712765e+00
7220 2.431161954219e-01 -3.711577216281e-01 -6.760803716144e+00
7221 2.431498725511e-01 -3.709300514851e-01 -6.759953217886e+00
7222 2.431835496802e-01 -3.707024100097e-01 -6.759101218180e+00
7223 2.432172268094e-01 -3.704747972525e-01 -6.758247717216e+00
7224 2.432509039386e-01 -3.702472132640e-01 -6.757392715182e+00
7225 2.432845810677e-01 -3.700196580948e-01 -6.756536212270e+00
7226 2.433182581969e-01 -3.697921317954e-01 -6.755678208669e+00
7227 2.433519353260e-01 -3.695646344164e-01 -6.754818704570e+00
7228 2.433856124552e-01 -3.693371660083e-01 -6.753957700163e+00
7229 2.434192895844e-01 -3.691097266216e-01 -6.753095195640e+00
7230 2.434529667135e-01 -3.688823163068e-01 -6.752231191193e+00
7231 2.434866438427e-01 -3.686549351145e-01 -6.751365687013e+00
7232 2.435203209718e-01 -3.684275830951e-01 -6.750498683292e+00
7233 2.435539981010e-01 -3.682002602992e-01 -6.749630180224e+00
7234 2.435876752302e-01 -3.679729667772e-01 -6.748760178001e+00
7235 2.436213523593e-01 -3.677457025796e-01 -6.747888676816e+00
7236 2.436550294885e-01 -3.675184677569e-01 -6.747015676863e+00
7237 2.436887066177e-01 -3.672912623596e-01 -6.746141178336e+00
7238 2.437223837468e-01 -3.670640864381e-01 -6.745265181428e+00
7239 2.437560608760e-01 -3.668369400429e-01 -6.744387686336e+00
7240 2.437897380051e-01 -3.666098232245e-01 -6.743508693252e+00
7241 2.438234151343e-01 -3.663827360332e-01 -6.742628202374e+00
7242 2.438570922635e-01 -3.661556785196e-01 -6.741746213896e+00
7243 2.438907693926e-01 -3.659286507340e-01 -6.740862728014e+00
7244 2.439244465218e-01 -3.657016527269e-01 -6.739977744924e+00
7245 2.439581236510e-01 -3.654746845487e-01 -6.739091264823e+00
7246 2.439918007801e-01 -3.652477462498e-01 -6.738203287909e+00
7247 2.440254779093e-01 -3.650208378806e-01 -6.737313814377e+00
7248 2.440591550384e-01 -3.647939594915e-01 -6.736422844426e+00
7249 2.440928321676e-01 -3.645671111329e-01 -6.735530378253e+00
7250 2.441265092968e-01 -3.643402928552e-01 -6.734636416058e+00
7251 2.441601864259e-01 -3.641135047088e-01 -6.733740958037e+00
7252 2.441938635551e-01 -3.638867467440e-01 -6.732844004391e+00
7253 2.442275406843e-01 -3.636600190113e-01 -6.731945555318e+00
7254 2.442612178134e-01 -3.634333215609e-01 -6.731045611018e+00
7255 2.442948949426e-01 -3.632066544432e-01 -6.730144171691e+00
7256 2.443285720717e-01 -3.629800177085e-01 -6.729241237538e+00
7257 2.443622492009e-01 -3.627534114073e-01 -6.728336808757e+00
7258 2.443959263301e-01 -3.625268355898e-01 -6.727430885552e+00
7259 2.444296034592e-01 -3.623002903064e-01 -6.726523468122e+00
7260 2.444632805884e-01 -3.620737756073e-01 -6.725614556669e+00
7261 2.444969577176e-01 -3.618472915429e-01 -6.724704151396e+00
7262 2.445306348467e-01 -3.616208381635e-01 -6.723792252504e+00
7263 2.445643119759e-01 -3.613944155194e-01 -6.722878860195e+00
7264 2.445979891050e-01 -3.611680236608e-01 -6.721963974674e+00
7265 2.446316662342e-01 -3.609416626381e-01 -6.721047596142e+00
7266 2.446653433634e-01 -3.607153325016e-01 -6.720129724805e+00
7267 2.446990204925e-01 -3.604890333014e-01 -6.719210360864e+00
7268 2.447326976217e-01 -3.602627650879e-01 -6.718289504525e+00
7269 2.447663747509e-01 -3.600365279114e-01 -6.717367155992e+00
7270 2.448000518800e-01 -3.598103218220e-01 -6.716443315470e+00
7271 2.448337290092e-01 -3.595841468700e-01 -6.715517983165e+00
7272 2.448674061383e-01 -3.593580031057e-01 -6.714591159281e+00
7273 2.449010832675e-01 -3.591318905793e-01 -6.713662844025e+00
7274 2.449347603967e-01 -3.589058093410e-01 -6.712733037602e+00
7275 2.449684375258e-01 -3.586797594410e-01 -6.711801740220e+00
7276 2.450021146550e-01 -3.584537409295e-01 -6.710868952084e+00
7277 2.450357917841e-01 -3.582277538567e-01 -6.709934673403e+00
7278 2.450694689133e-01 -3.580017982729e-01 -6.708998904384e+00
7279 2.451031460425e-01 -3.577758742281e-01 -6.708061645235e+00
7280 2.451368231716e-01 -3.575499817727e-01 -6.707122896163e+00
7281 2.451705003008e-01 -3.573241209567e-01 -6.706182657378e+00
7282 2.452041774300e-01 -3.570982918303e-01 -6.705240929087e+00
7283 2.452378545591e-01 -3.568724944438e-01 -6.704297711502e+00
7284 2.452715316883e-01 -3.566467288471e-01 -6.703353004830e+00
7285 2.453052088174e-01 -3.564209950905e-01 -6.702406809281e+00
7286 2.453388859466e-01 -3.561952932242e-01 -6.701459125067e+00
7287 2.453725630758e-01 -3.559696232982e-01 -6.700509952396e+00
7288 2.454062402049e-01 -3.557439853627e-01 -6.699559291481e+00
7289 2.454399173341e-01 -3.555183794677e-01 -6.698607142532e+00
7290 2.454735944633e-01 -3.552928056635e-01 -6.697653505761e+00
7291 2.455072715924e-01 -3.550672640000e-01 -6.696698381380e+00
7292 2.455409487216e-01 -3.548417545275e-01 -6.695741769600e+00
7293 2.455746258507e-01 -3.546162772959e-01 -6.694783670634e+00
7294 2.456083029799e-01 -3.543908323554e-01 -6.693824084696e+00
7295 2.456419801091e-01 -3.541654197560e-01 -6.692863011997e+00
7296 2.456756572382e-01 -3.539400395478e-01 -6.691900452752e+00
7297 2.457093343674e-01 -3.537146917809e-01 -6.690936407175e+00
7298 2.457430114966e-01 -3.534893765053e-01 -6.689970875478e+00
7299 2.457766886257e-01 -3.532640937711e-01 -6.689003857878e+00
7300 2.458103657549e-01 -3.530388436282e-01 -6.688035354589e+00
7301 2.458440428840e-01 -3.528136261268e-01 -6.687065365825e+00
7302 2.458777200132e-01 -3.525884413168e-01 -6.686093891803e+00
7303 2.459113971424e-01 -3.523632892483e-01 -6.685120932738e+00
7304 2.459450742715e-01 -3.521381699712e-01 -6.684146488846e+00
7305 2.459787514007e-01 -3.519130835357e-01 -6.683170560343e+00
7306 2.460124285299e-01 -3.516880299916e-01 -6.682193147447e+00
7307 2.460461056590e-01 -3.514630093889e-01 -6.681214250375e+00
7308 2.460797827882e-01 -3.512380217777e-01 -6.680233869343e+00
7309 2.461134599173e-01 -3.510130672078e-01 -6.679252004570e+00
7310 2.461471370465e-01 -3.507881457294e-01 -6.678268656273e+00
7311 2.461808141757e-01 -3.505632573923e-01 -6.677283824672e+00
7312 2.462144913048e-01 -3.503384022464e-01 -6.676297509985e+00
7313 2.462481684340e-01 -3.501135803418e-01 -6.675309712430e+00
7314 2.462818455631e-01 -3.498887917283e-01 -6.674320432228e+00
7315 2.463155226923e-01 -3.496640364559e-01 -6.673329669598e+00
7316 2.463491998215e-01 -3.494393145745e-01 -6.672337424760e+00
7317 2.463828769506e-01 -3.492146261340e-01 -6.671343697935e+00
7318 2.464165540798e-01 -3.489899711843e-01 -6.670348489342e+00
7319 2.464502312090e-01 -3.487653497754e-01 -6.669351799204e+00
7320 2.464839083381e-01 -3.485407619570e-01 -6.668353627742e+00
7321 2.465175854673e-01 -3.483162077791e-01 -6.667353975177e+00
7322 2.465512625964e-01 -3.480916872916e-01 -6.666352841731e+00
7323 2.465849397256e-01 -3.478672005444e-01 -6.665350227627e+00
7324 2.466186168548e-01 -3.476427475872e-01 -6.664346133088e+00
7325 2.466522939839e-01 -3.474183284700e-01 -6.663340558336e+00
7326 2.466859711131e-01 -3.471939432425e-01 -6.662333503594e+00
7327 2.467196482423e-01 -3.469695919547e-01 -6.661324969088e+00
7328 2.467533253714e-01 -3.467452746564e-01 -6.660314955039e+00
7329 2.467870025006e-01 -3.465209913973e-01 -6.659303461674e+00
7330 2.468206796297e-01 -3.462967422274e-01 -6.658290489216e+00
7331 2.468543567589e-01 -3.460725271963e-01 -6.657276037890e+00
7332 2.468880338881e-01 -3.458483463540e-01 -6.656260107922e+00
7333 2.469217110172e-01 -3.456241997502e-01 -6.655242699538e+00
7334 2.469553881464e-01 -3.454000874346e-01 -6.654223812963e+00
7335 2.469890652756e-01 -3.451760094571e-01 -6.653203448423e+00
7336 2.470227424047e-01 -3.449519658674e-01 -6.652181606147e+00
7337 2.470564195339e-01 -3.447279567154e-01 -6.651158286359e+00
7338 2.470900966630e-01 -3.445039820506e-01 -6.650133489288e+00
7339 2.471237737922e-01 -3.442800419230e-01 -6.649107215161e+00
7340 2.471574509214e-01 -3.440561363822e-01 -6.648079464206e+00
7341 2.471911280505e-01 -3.438322654780e-01 -6.647050236652e+00
7342 2.472248051797e-01 -3.436084292601e-01 -6.646019532726e+00
7343 2.472584823089e-01 -3.433846277781e-01 -6.644987352659e+00
7344 2.472921594380e-01 -3.431608610819e-01 -6.643953696679e+00
7345 2.473258365672e-01 -3.429371292211e-01 -6.642918565015e+00
7346 2.473595136963e-01 -3.427134322454e-01 -6.641881957899e+00
7347 2.473931908255e-01 -3.424897702045e-01 -6.640843875559e+00
7348 2.474268679547e-01 -3.422661431481e-01 -6.639804318227e+00
7349 2.474605450838e-01 -3.420425511258e-01 -6.638763286133e+00
7350 2.474942222130e-01 -3.418189941873e-01 -6.637720779509e+00
7351 2.475278993422e-01 -3.415954723823e-01 -6.636676798586e+00
7352 2.475615764713e-01 -3.413719857604e-01 -6.635631343596e+00
7353 2.475952536005e-01 -3.411485343712e-01 -6.634584414771e+00
7354 2.476289307296e-01 -3.409251182644e-01 -6.633536012344e+00
7355 2.476626078588e-01 -3.407017374895e-01 -6.632486136548e+00
7356 2.476962849880e-01 -3.404783920963e-01 -6.631434787615e+00
7357 2.477299621171e-01 -3.402550821343e-01 -6.630381965780e+00
7358 2.477636392463e-01 -3.400318076531e-01 -6.629327671276e+00
7359 2.477973163754e-01 -3.398085687024e-01 -6.628271904338e+00
7360 2.478309935046e-01 -3.395853653316e-01 -6.627214665199e+00
7361 2.478646706338e-01 -3.393621975904e-01 -6.626155954095e+00
7362 2.478983477629e-01 -3.391390655283e-01 -6.625095771261e+00
7363 2.479320248921e-01 -3.389159691949e-01 -6.624034116932e+00
7364 2.479657020213e-01 -3.386929086397e-01 -6.622970991345e+00
7365 2.479993791504e-01 -3.384698839124e-01 -6.621906394734e+00
7366 2.480330562796e-01 -3.382468950623e-01 -6.620840327337e+00
7367 2.480667334087e-01 -3.380239421391e-01 -6.619772789391e+00
7368 2.481004105379e-01 -3.378010251923e-01 -6.618703781132e+00
7369 2.481340876671e-01 -3.375781442714e-01 -6.617633302799e+00
7370 2.481677647962e-01 -3.373552994258e-01 -6.616561354628e+00
7371 2.482014419254e-01 -3.371324907052e-01 -6.615487936858e+00
7372 2.482351190546e-01 -3.369097181589e-01 -6.614413049727e+00
7373 2.482687961837e-01 -3.366869818365e-01 -6.613336693474e+00
7374 2.483024733129e-01 -3.364642817874e-01 -6.612258868339e+00
7375 2.483361504420e-01 -3.362416180610e-01 -6.611179574560e+00
7376 2.483698275712e-01 -3.360189907069e-01 -6.610098812377e+00
7377 2.484035047004e-01 -3.357963997745e-01 -6.609016582030e+00
7378 2.484371818295e-01 -3.355738453133e-01 -6.607932883760e+00
7379 2.484708589587e-01 -3.353513273726e-01 -6.606847717808e+00
7380 2.485045360879e-01 -3.351288460019e-01 -6.605761084413e+00
7381 2.485382132170e-01 -3.349064012505e-01 -6.604672983819e+00
7382 2.485718903462e-01 -3.346839931680e-01 -6.603583416266e+00
7383 2.486055674753e-01 -3.344616218037e-01 -6.602492381996e+00
7384 2.486392446045e-01 -3.342392872070e-01 -6.601399881252e+00
7385 2.486729217337e-01 -3.340169894273e-01 -6.600305914276e+00
7386 2.487065988628e-01 -3.337947285139e-01 -6.599210481312e+00
7387 2.487402759920e-01 -3.335725045162e-01 -6.598113582602e+00
7388 2.487739531212e-01 -3.333503174836e-01 -6.597015218391e+00
7389 2.488076302503e-01 -3.331281674655e-01 -6.595915388922e+00
7390 2.488413073795e-01 -3.329060545111e-01 -6.594814094440e+00
7391 2.488749845086e-01 -3.326839786698e-01 -6.593711335188e+00
7392 2.489086616378e-01 -3.324619399910e-01 -6.592607111413e+00
7393 2.489423387670e-01 -3.322399385238e-01 -6.591501423359e+00
7394 2.489760158961e-01 -3.320179743178e-01 -6.590394271272e+00
7395 2.490096930253e-01 -3.317960474221e-01 -6.589285655398e+00
7396 2.490433701544e-01 -3.315741578860e-01 -6.588175575983e+00
7397 2.490770472836e-01 -3.313523057589e-01 -6.587064033273e+00
7398 2.491107244128e-01 -3.311304910899e-01 -6.585951027516e+00
7399 2.491444015419e-01 -3.309087139285e-01 -6.584836558959e+00
7400 2.491780786711e-01 -3.306869743237e-01 -6.583720627849e+00
7401 2.492117558003e-01 -3.304652723250e-01 -6.582603234434e+00
7402 2.492454329294e-01 -3.302436079814e-01 -6.581484378963e+00
7403 2.492791100586e-01 -3.300219813424e-01 -6.580364061683e+00
7404 2.493127871877e-01 -3.298003924570e-01 -6.579242282844e+00
7405 2.493464643169e-01 -3.295788413745e-01 -6.578119042694e+00
7406 2.493801414461e-01 -3.293573281441e-01 -6.576994341484e+00
7407 2.494138185752e-01 -3.291358528150e-01 -6.575868179463e+00
7408 2.494474957044e-01 -3.289144154364e-01 -6.574740556881e+00
7409 2.494811728336e-01 -3.286930160575e-01 -6.573611473989e+00
7410 2.495148499627e-01 -3.284716547275e-01 -6.572480931037e+00
7411 2.495485270919e-01 -3.282503314954e-01 -6.571348928277e+00
7412 2.495822042210e-01 -3.280290464106e-01 -6.570215465960e+00
7413 2.496158813502e-01 -3.278077995221e-01 -6.569080544337e+00
7414 2.496495584794e-01 -3.275865908790e-01 -6.567944163662e+00
7415 2.496832356085e-01 -3.273654205306e-01 -6.566806324185e+00
7416 2.497169127377e-01 -3.271442885259e-01 -6.565667026161e+00
7417 2.497505898669e-01 -3.269231949140e-01 -6.564526269841e+00
7418 2.497842669960e-01 -3.267021397441e-01 -6.563384055480e+00
7419 2.498179441252e-01 -3.264811230652e-01 -6.562240383331e+00
7420 2.498516212543e-01 -3.262601449265e-01 -6.561095253648e+00
7421 2.498852983835e-01 -3.260392053770e-01 -6.559948666685e+00
7422 2.499189755127e-01 -3.258183044658e-01 -6.558800622697e+00
7423 2.499526526418e-01 -3.255974422419e-01 -6.557651121940e+00
7424 2.499863297710e-01 -3.253766187544e-01 -6.556500164668e+00
7425 2.500200069002e-01 -3.251558340524e-01 -6.555347751137e+00
7426 2.500536840293e-01 -3.249350881849e-01 -6.554193881602e+00
7427 2.500873611585e-01 -3.247143812010e-01 -6.553038556321e+00
7428 2.501210382876e-01 -3.244937131495e-01 -6.551881775550e+00
7429 2.501547154168e-01 -3.242730840797e-01 -6.550723539546e+00
7430 2.501883925460e-01 -3.240524940404e-01 -6.549563848566e+00
7431 2.502220696751e-01 -3.238319430806e-01 -6.548402702868e+00
7432 2.502557468043e-01 -3.236114312495e-01 -6.547240102709e+00
7433 2.502894239335e-01 -3.233909585958e-01 -6.546076048348e+00
7434 2.503231010626e-01 -3.231705251686e-01 -6.544910540043e+00
7435 2.503567781918e-01 -3.229501310169e-01 -6.543743578053e+00
7436 2.503904553209e-01 -3.227297761896e-01 -6.542575162638e+00
7437 2.504241324501e-01 -3.225094607356e-01 -6.541405294056e+00
7438 2.504578095793e-01 -3.222891847039e-01 -6.540233972569e+00
7439 2.504914867084e-01 -3.220689481434e-01 -6.539061198435e+00
7440 2.505251638376e-01 -3.218487511030e-01 -6.537886971915e+00
7441 2.505588409667e-01 -3.216285936317e-01 -6.536711293271e+00
7442 2.505925180959e-01 -3.214084757783e-01 -6.535534162763e+00
7443 2.506261952251e-01 -3.211883975917e-01 -6.534355580653e+00
7444 2.506598723542e-01 -3.209683591208e-01 -6.533175547202e+00
7445 2.506935494834e-01 -3.207483604145e-01 -6.531994062673e+00
7446 2.507272266126e-01 -3.205284015216e-01 -6.530811127329e+00
7447 2.507609037417e-01 -3.203084824911e-01 -6.529626741430e+00
7448 2.507945808709e-01 -3.200886033716e-01 -6.528440905242e+00
7449 2.508282580000e-01 -3.198687642121e-01 -6.527253619027e+00
7450 2.508619351292e-01 -3.196489650615e-01 -6.526064883049e+00
7451 2.508956122584e-01 -3.194292059684e-01 -6.524874697572e+00
7452 2.509292893875e-01 -3.192094869818e-01 -6.523683062860e+00
7453 2.509629665167e-01 -3.189898081505e-01 -6.522489979178e+00
7454 2.509966436459e-01 -3.187701695231e-01 -6.521295446792e+00
7455 2.510303207750e-01 -3.185505711486e-01 -6.520099465965e+00
7456 2.510639979042e-01 -3.183310130756e-01 -6.518902036965e+00
7457 2.510976750333e-01 -3.181114953531e-01 -6.517703160056e+00
7458 2.511313521625e-01 -3.178920180296e-01 -6.516502835506e+00
7459 2.511650292917e-01 -3.176725811539e-01 -6.515301063580e+00
7460 2.511987064208e-01 -3.174531847749e-01 -6.514097844546e+00
7461 2.512323835500e-01 -3.172338289412e-01 -6.512893178671e+00
7462 2.512660606792e-01 -3.170145137016e-01 -6.511687066223e+00
7463 2.512997378083e-01 -3.167952391047e-01 -6.510479507469e+00
7464 2.513334149375e-01 -3.165760051992e-01 -6.509270502678e+00
7465 2.513670920666e-01 -3.163568120340e-01 -6.508060052117e+00
7466 2.514007691958e-01 -3.161376596575e-01 -6.506848156057e+00
7467 2.514344463250e-01 -3.159185481186e-01 -6.505634814766e+00
7468 2.514681234541e-01 -3.156994774659e-01 -6.504420028514e+00
7469 2.515018005833e-01 -3.154804477480e-01 -6.503203797570e+00
7470 2.515354777125e-01 -3.152614590136e-01 -6.501986122205e+00
7471 2.515691548416e-01 -3.150425113113e-01 -6.500767002689e+00
7472 2.516028319708e-01 -3.148236046898e-01 -6.499546439293e+00
7473 2.516365090999e-01 -3.146047391976e-01 -6.498324432288e+00
7474 2.516701862291e-01 -3.143859148835e-01 -6.497100981945e+00
7475 2.517038633583e-01 -3.141671317959e-01 -6.495876088536e+00
7476 2.517375404874e-01 -3.139483899836e-01 -6.494649752334e+00
7477 2.517712176166e-01 -3.137296894950e-01 -6.493421973610e+00
7478 2.518048947458e-01 -3.135110303787e-01 -6.492192752637e+00
7479 2.518385718749e-01 -3.132924126834e-01 -6.490962089689e+00
7480 2.518722490041e-01 -3.130738364576e-01 -6.489729985038e+00
7481 2.519059261332e-01 -3.128553017497e-01 -6.488496438959e+00
7482 2.519396032624e-01 -3.126368086084e-01 -6.487261451724e+00
7483 2.519732803916e-01 -3.124183570823e-01 -6.486025023610e+00
7484 2.520069575207e-01 -3.121999472197e-01 -6.484787154889e+00
7485 2.520406346499e-01 -3.119815790692e-01 -6.483547845838e+00
7486 2.520743117790e-01 -3.117632526794e-01 -6.482307096731e+00
7487 2.521079889082e-01 -3.115449680987e-01 -6.481064907844e+00
7488 2.521416660374e-01 -3.113267253755e-01 -6.479821279454e+00
7489 2.521753431665e-01 -3.111085245585e-01 -6.478576211835e+00
7490 2.522090202957e-01 -3.108903656959e-01 -6.477329705264e+00
7491 2.522426974249e-01 -3.106722488364e-01 -6.476081760020e+00
7492 2.522763745540e-01 -3.104541740283e-01 -6.474832376378e+00
7493 2.523100516832e-01 -3.102361413200e-01 -6.473581554616e+00
7494 2.523437288123e-01 -3.100181507601e-01 -6.472329295012e+00
7495 2.523774059415e-01 -3.098002023969e-01 -6.471075597844e+00
7496 2.524110830707e-01 -3.095822962788e-01 -6.469820463391e+00
7497 2.524447601998e-01 -3.093644324542e-01 -6.468563891932e+00
7498 2.524784373290e-01 -3.091466109715e-01 -6.467305883744e+00
7499 2.525121144582e-01 -3.089288318792e-01 -6.466046439109e+00
7500 2.525457915873e-01 -3.087110952255e-01 -6.464785558305e+00
7501 2.525794687165e-01 -3.084934010588e-01 -6.463523241613e+00
7502 2.526131458456e-01 -3.082757494275e-01 -6.462259489313e+00
7503 2.526468229748e-01 -3.080581403799e-01 -6.460994301686e+00
7504 2.526805001040e-01 -3.078405739644e-01 -6.459727679013e+00
7505 2.527141772331e-01 -3.076230502292e-01 -6.458459621574e+00
7506 2.527478543623e-01 -3.074055692227e-01 -6.457190129653e+00
7507 2.527815314915e-01 -3.071881309933e-01 -6.455919203530e+00
7508 2.528152086206e-01 -3.069707355891e-01 -6.454646843488e+00
7509 2.528488857498e-01 -3.067533830585e-01 -6.453373049809e+00
7510 2.528825628789e-01 -3.065360734497e-01 -6.452097822777e+00
7511 2.529162400081e-01 -3.063188068111e-01 -6.450821162675e+00
7512 2.529499171373e-01 -3.061015831908e-01 -6.449543069786e+00
7513 2.529835942664e-01 -3.058844026372e-01 -6.448263544395e+00
7514 2.530172713956e-01 -3.056672651984e-01 -6.446982586784e+00
7515 2.530509485248e-01 -3.054501709227e-01 -6.445700197240e+00
7516 2.530846256539e-01 -3.052331198583e-01 -6.444416376046e+00
7517 2.531183027831e-01 -3.050161120534e-01 -6.443131123488e+00
7518 2.531519799122e-01 -3.047991475562e-01 -6.441844439852e+00
7519 2.531856570414e-01 -3.045822264150e-01 -6.440556325422e+00
7520 2.532193341706e-01 -3.043653486778e-01 -6.439266780486e+00
7521 2.532530112997e-01 -3.041485143929e-01 -6.437975805330e+00
7522 2.532866884289e-01 -3.039317236084e-01 -6.436683400239e+00
7523 2.533203655580e-01 -3.037149763724e-01 -6.435389565503e+00
7524 2.533540426872e-01 -3.034982727332e-01 -6.434094301407e+00
7525 2.533877198164e-01 -3.032816127388e-01 -6.432797608239e+00
7526 2.534213969455e-01 -3.030649964374e-01 -6.431499486288e+00
7527 2.534550740747e-01 -3.028484238770e-01 -6.430199935842e+00
7528 2.534887512039e-01 -3.026318951059e-01 -6.428898957189e+00
7529 2.535224283330e-01 -3.024154101720e-01 -6.427596550619e+00
7530 2.535561054622e-01 -3.021989691234e-01 -6.426292716421e+00
7531 2.535897825913e-01 -3.019825720083e-01 -6.424987454883e+00
7532 2.536234597205e-01 -3.017662188747e-01 -6.423680766297e+00
7533 2.536571368497e-01 -3.015499097706e-01 -6.422372650953e+00
7534 2.536908139788e-01 -3.013336447441e-01 -6.421063109140e+00
7535 2.537244911080e-01 -3.011174238432e-01 -6.419752141150e+00
7536 2.537581682372e-01 -3.009012471160e-01 -6.418439747274e+00
7537 2.537918453663e-01 -3.006851146104e-01 -6.417125927804e+00
7538 2.538255224955e-01 -3.004690263746e-01 -6.415810683031e+00
7539 2.538591996246e-01 -3.002529824563e-01 -6.414494013248e+00
7540 2.538928767538e-01 -3.000369829038e-01 -6.413175918746e+00
7541 2.539265538830e-01 -2.998210277648e-01 -6.411856399819e+00
7542 2.539602310121e-01 -2.996051170875e-01 -6.410535456760e+00
7543 2.539939081413e-01 -2.993892509196e-01 -6.409213089862e+00
7544 2.540275852705e-01 -2.991734293093e-01 -6.407889299418e+00
7545 2.540612623996e-01 -2.989576523044e-01 -6.406564085724e+00
7546 2.540949395288e-01 -2.987419199529e-01 -6.405237449073e+00
7547 2.541286166579e-01 -2.985262323026e-01 -6.403909389759e+00
7548 2.541622937871e-01 -2.983105894015e-01 -6.402579908079e+00
7549 2.541959709163e-01 -2.980949912975e-01 -6.401249004327e+00
7550 2.542296480454e-01 -2.978794380385e-01 -6.399916678798e+00
7551 2.542633251746e-01 -2.976639296722e-01 -6.398582931789e+00
7552 2.542970023038e-01 -2.974484662467e-01 -6.397247763596e+00
7553 2.543306794329e-01 -2.972330478098e-01 -6.395911174515e+00
7554 2.543643565621e-01 -2.970176744092e-01 -6.394573164844e+00
7555 2.543980336912e-01 -2.968023460929e-01 -6.393233734879e+00
7556 2.544317108204e-01 -2.965870629086e-01 -6.391892884918e+00
7557 2.544653879496e-01 -2.963718249043e-01 -6.390550615259e+00
7558 2.544990650787e-01 -2.961566321276e-01 -6.389206926200e+00
7559 2.545327422079e-01 -2.959414846264e-01 -6.387861818039e+00
7560 2.545664193371e-01 -2.957263824485e-01 -6.386515291076e+00
7561 2.546000964662e-01 -2.955113256416e-01 -6.385167345608e+00
7562 2.546337735954e-01 -2.952963142536e-01 -6.383817981937e+00
7563 2.546674507245e-01 -2.950813483321e-01 -6.382467200360e+00
7564 2.547011278537e-01 -2.948664279249e-01 -6.381115001179e+00
7565 2.547348049829e-01 -2.946515530798e-01 -6.379761384694e+00
7566 2.547684821120e-01 -2.944367238445e-01 -6.378406351205e+00
7567 2.548021592412e-01 -2.942219402666e-01 -6.377049901013e+00
7568 2.548358363703e-01 -2.940072023940e-01 -6.375692034420e+00
7569 2.548695134995e-01 -2.937925102742e-01 -6.374332751727e+00
7570 2.549031906287e-01 -2.935778639551e-01 -6.372972053236e+00
7571 2.549368677578e-01 -2.933632634842e-01 -6.371609939250e+00
7572 2.549705448870e-01 -2.931487089092e-01 -6.370246410070e+00
7573 2.550042220162e-01 -2.929342002778e-01 -6.368881466000e+00
7574 2.550378991453e-01 -2.927197376376e-01 -6.367515107343e+00
7575 2.550715762745e-01 -2.925053210362e-01 -6.366147334402e+00
7576 2.551052534036e-01 -2.922909505213e-01 -6.364778147481e+00
7577 2.551389305328e-01 -2.920766261406e-01 -6.363407546884e+00
7578 2.551726076620e-01 -2.918623479415e-01 -6.362035532917e+00
7579 2.552062847911e-01 -2.916481159717e-01 -6.360662105882e+00
7580 2.552399619203e-01 -2.914339302787e-01 -6.359287266086e+00
7581 2.552736390495e-01 -2.912197909102e-01 -6.357911013834e+00
7582 2.553073161786e-01 -2.910056979138e-01 -6.356533349432e+00
7583 2.553409933078e-01 -2.907916513368e-01 -6.355154273184e+00
7584 2.553746704369e-01 -2.905776512270e-01 -6.353773785399e+00
7585 2.554083475661e-01 -2.903636976318e-01 -6.352391886382e+00
7586 2.554420246953e-01 -2.901497905987e-01 -6.351008576441e+00
7587 2.554757018244e-01 -2.899359301754e-01 -6.349623855882e+00
7588 2.555093789536e-01 -2.897221164091e-01 -6.348237725013e+00
7589 2.555430560828e-01 -2.895083493475e-01 -6.346850184142e+00
7590 2.555767332119e-01 -2.892946290381e-01 -6.345461233577e+00
7591 2.556104103411e-01 -2.890809555283e-01 -6.344070873627e+00
7592 2.556440874702e-01 -2.888673288655e-01 -6.342679104601e+00
7593 2.556777645994e-01 -2.886537490972e-01 -6.341285926807e+00
7594 2.557114417286e-01 -2.884402162709e-01 -6.339891340556e+00
7595 2.557451188577e-01 -2.882267304339e-01 -6.338495346156e+00
7596 2.557787959869e-01 -2.880132916337e-01 -6.337097943918e+00
7597 2.558124731161e-01 -2.877998999178e-01 -6.335699134152e+00
7598 2.558461502452e-01 -2.875865553334e-01 -6.334298917170e+00
7599 2.558798273744e-01 -2.873732579280e-01 -6.332897293281e+00
7600 2.559135045035e-01 -2.871600077489e-01 -6.331494262798e+00
7601 2.559471816327e-01 -2.869468048436e-01 -6.330089826031e+00
7602 2.559808587619e-01 -2.867336492594e-01 -6.328683983293e+00
7603 2.560145358910e-01 -2.865205410435e-01 -6.327276734897e+00
7604 2.560482130202e-01 -2.863074802434e-01 -6.325868081154e+00
7605 2.560818901493e-01 -2.860944669064e-01 -6.324458022377e+00
7606 2.561155672785e-01 -2.858815010798e-01 -6.323046558881e+00
7607 2.561492444077e-01 -2.856685828109e-01 -6.321633690977e+00
7608 2.561829215368e-01 -2.854557121469e-01 -6.320219418981e+00
7609 2.562165986660e-01 -2.852428891352e-01 -6.318803743205e+00
7610 2.562502757952e-01 -2.850301138230e-01 -6.317386663966e+00
7611 2.562839529243e-01 -2.848173862577e-01 -6.315968181576e+00
7612 2.563176300535e-01 -2.846047064863e-01 -6.314548296352e+00
7613 2.563513071826e-01 -2.843920745563e-01 -6.313127008609e+00
7614 2.563849843118e-01 -2.841794905147e-01 -6.311704318662e+00
7615 2.564186614410e-01 -2.839669544088e-01 -6.310280226828e+00
7616 2.564523385701e-01 -2.837544662859e-01 -6.308854733422e+00
7617 2.564860156993e-01 -2.835420261931e-01 -6.307427838762e+00
7618 2.565196928285e-01 -2.833296341776e-01 -6.305999543164e+00
7619 2.565533699576e-01 -2.831172902866e-01 -6.304569846945e+00
7620 2.565870470868e-01 -2.829049945673e-01 -6.303138750424e+00
7621 2.566207242159e-01 -2.826927470667e-01 -6.301706253917e+00
7622 2.566544013451e-01 -2.824805478321e-01 -6.300272357744e+00
7623 2.566880784743e-01 -2.822683969105e-01 -6.298837062222e+00
7624 2.567217556034e-01 -2.820562943491e-01 -6.297400367671e+00
7625 2.567554327326e-01 -2.818442401951e-01 -6.295962274409e+00
7626 2.567891098618e-01 -2.816322344954e-01 -6.294522782755e+00
7627 2.568227869909e-01 -2.814202772972e-01 -6.293081893031e+00
7628 2.568564641201e-01 -2.812083686476e-01 -6.291639605555e+00
7629 2.568901412492e-01 -2.809965085936e-01 -6.290195920648e+00
7630 2.569238183784e-01 -2.807846971824e-01 -6.288750838631e+00
7631 2.569574955076e-01 -2.805729344608e-01 -6.287304359824e+00
7632 2.569911726367e-01 -2.803612204760e-01 -6.285856484549e+00
7633 2.570248497659e-01 -2.801495552750e-01 -6.284407213128e+00
7634 2.570585268951e-01 -2.799379389048e-01 -6.282956545882e+00
7635 2.570922040242e-01 -2.797263714125e-01 -6.281504483134e+00
7636 2.571258811534e-01 -2.795148528449e-01 -6.280051025206e+00
7637 2.571595582825e-01 -2.793033832491e-01 -6.278596172420e+00
7638 2.571932354117e-01 -2.790919626720e-01 -6.277139925101e+00
7639 2.572269125409e-01 -2.788805911607e-01 -6.275682283571e+00
7640 2.572605896700e-01 -2.786692687620e-01 -6.274223248155e+00
7641 2.572942667992e-01 -2.784579955229e-01 -6.272762819176e+00
7642 2.573279439284e-01 -2.782467714903e-01 -6.271300996958e+00
7643 2.573616210575e-01 -2.780355967111e-01 -6.269837781827e+00
7644 2.573952981867e-01 -2.778244712323e-01 -6.268373174107e+00
7645 2.574289753158e-01 -2.776133951007e-01 -6.266907174124e+00
7646 2.574626524450e-01 -2.774023683632e-01 -6.265439782203e+00
7647 2.574963295742e-01 -2.771913910667e-01 -6.263970998671e+00
7648 2.575300067033e-01 -2.769804632581e-01 -6.262500823853e+00
7649 2.575636838325e-01 -2.767695849841e-01 -6.261029258075e+00
7650 2.575973609616e-01 -2.765587562917e-01 -6.259556301666e+00
7651 2.576310380908e-01 -2.763479772276e-01 -6.258081954952e+00
7652 2.576647152200e-01 -2.761372478386e-01 -6.256606218260e+00
7653 2.576983923491e-01 -2.759265681717e-01 -6.255129091918e+00
7654 2.577320694783e-01 -2.757159382735e-01 -6.253650576255e+00
7655 2.577657466075e-01 -2.755053581909e-01 -6.252170671598e+00
7656 2.577994237366e-01 -2.752948279706e-01 -6.250689378277e+00
7657 2.578331008658e-01 -2.750843476594e-01 -6.249206696620e+00
7658 2.578667779949e-01 -2.748739173040e-01 -6.247722626957e+00
7659 2.579004551241e-01 -2.746635369512e-01 -6.246237169617e+00
7660 2.579341322533e-01 -2.744532066477e-01 -6.244750324931e+00
7661 2.579678093824e-01 -2.742429264402e-01 -6.243262093228e+00
7662 2.580014865116e-01 -2.740326963755e-01 -6.241772474839e+00
7663 2.580351636408e-01 -2.738225165001e-01 -6.240281470095e+00
7664 2.580688407699e-01 -2.736123868609e-01 -6.238789079327e+00
7665 2.581025178991e-01 -2.734023075044e-01 -6.237295302867e+00
7666 2.581361950282e-01 -2.731922784774e-01 -6.235800141046e+00
7667 2.581698721574e-01 -2.729822998264e-01 -6.234303594197e+00
7668 2.582035492866e-01 -2.727723715982e-01 -6.232805662651e+00
7669 2.582372264157e-01 -2.725624938393e-01 -6.231306346742e+00
7670 2.582709035449e-01 -2.723526665963e-01 -6.229805646802e+00
7671 2.583045806741e-01 -2.721428899159e-01 -6.228303563166e+00
7672 2.583382578032e-01 -2.719331638447e-01 -6.226800096166e+00
7673 2.583719349324e-01 -2.717234884293e-01 -6.225295246136e+00
7674 2.584056120615e-01 -2.715138637161e-01 -6.223789013411e+00
7675 2.584392891907e-01 -2.713042897518e-01 -6.222281398325e+00
7676 2.584729663199e-01 -2.710947665829e-01 -6.220772401214e+00
7677 2.585066434490e-01 -2.708852942560e-01 -6.219262022411e+00
7678 2.585403205782e-01 -2.706758728176e-01 -6.217750262253e+00
7679 2.585739977074e-01 -2.704665023142e-01 -6.216237121076e+00
7680 2.586076748365e-01 -2.702571827922e-01 -6.214722599216e+00
7681 2.586413519657e-01 -2.700479142983e-01 -6.213206697008e+00
7682 2.586750290948e-01 -2.698386968788e-01 -6.211689414790e+00
7683 2.587087062240e-01 -2.696295305803e-01 -6.210170752898e+00
7684 2.587423833532e-01 -2.694204154492e-01 -6.208650711671e+00
7685 2.587760604823e-01 -2.692113515319e-01 -6.207129291445e+00
7686 2.588097376115e-01 -2.690023388749e-01 -6.205606492559e+00
7687 2.588434147406e-01 -2.687933775246e-01 -6.204082315350e+00
7688 2.588770918698e-01 -2.685844675275e-01 -6.202556760158e+00
7689 2.589107689990e-01 -2.683756089298e-01 -6.201029827321e+00
7690 2.589444461281e-01 -2.681668017781e-01 -6.199501517178e+00
7691 2.589781232573e-01 -2.679580461186e-01 -6.197971830069e+00
7692 2.590118003865e-01 -2.677493419978e-01 -6.196440766333e+00
7693 2.590454775156e-01 -2.675406894620e-01 -6.194908326310e+00
7694 2.590791546448e-01 -2.673320885575e-01 -6.193374510342e+00
7695 2.591128317739e-01 -2.671235393307e-01 -6.191839318768e+00
7696 2.591465089031e-01 -2.669150418280e-01 -6.190302751930e+00
7697 2.591801860323e-01 -2.667065960955e-01 -6.188764810169e+00
7698 2.592138631614e-01 -2.664982021797e-01 -6.187225493826e+00
7699 2.592475402906e-01 -2.662898601267e-01 -6.185684803243e+00
7700 2.592812174198e-01 -2.660815699829e-01 -6.184142738763e+00
7701 2.593148945489e-01 -2.658733317946e-01 -6.182599300728e+00
7702 2.593485716781e-01 -2.656651456079e-01 -6.181054489481e+00
7703 2.593822488072e-01 -2.654570114692e-01 -6.179508305364e+00
7704 2.594159259364e-01 -2.652489294246e-01 -6.177960748722e+00
7705 2.594496030656e-01 -2.650408995204e-01 -6.176411819898e+00
7706 2.594832801947e-01 -2.648329218028e-01 -6.174861519237e+00
7707 2.595169573239e-01 -2.646249963179e-01 -6.173309847082e+00
7708 2.595506344531e-01 -2.644171231120e-01 -6.171756803777e+00
7709 2.595843115822e-01 -2.642093022312e-01 -6.170202389669e+00
7710 2.596179887114e-01 -2.640015337217e-01 -6.168646605103e+00
7711 2.596516658405e-01 -2.637938176297e-01 -6.167089450423e+00
7712 2.596853429697e-01 -2.635861540012e-01 -6.165530925976e+00
7713 2.597190200989e-01 -2.633785428824e-01 -6.163971032108e+00
7714 2.597526972280e-01 -2.631709843193e-01 -6.162409769165e+00
7715 2.597863743572e-01 -2.629634783582e-01 -6.160847137494e+00
7716 2.598200514864e-01 -2.627560250451e-01 -6.159283137442e+00
7717 2.598537286155e-01 -2.625486244261e-01 -6.157717769357e+00
7718 2.598874057447e-01 -2.623412765471e-01 -6.156151033587e+00
7719 2.599210828738e-01 -2.621339814544e-01 -6.154582930478e+00
7720 2.599547600030e-01 -2.619267391939e-01 -6.153013460380e+00
7721 2.599884371322e-01 -2.617195498117e-01 -6.151442623641e+00
7722 2.600221142613e-01 -2.615124133537e-01 -6.149870420610e+00
7723 2.600557913905e-01 -2.613053298660e-01 -6.148296851637e+00
7724 2.600894685197e-01 -2.610982993946e-01 -6.146721917070e+00
7725 2.601231456488e-01 -2.608913219855e-01 -6.145145617260e+00
7726 2.601568227780e-01 -2.606843976846e-01 -6.143567952556e+00
7727 2.601904999071e-01 -2.604775265379e-01 -6.141988923310e+00
7728 2.602241770363e-01 -2.602707085913e-01 -6.140408529871e+00
7729 2.602578541655e-01 -2.600639438909e-01 -6.138826772591e+00
7730 2.602915312946e-01 -2.598572324824e-01 -6.137243651821e+00
7731 2.603252084238e-01 -2.596505744119e-01 -6.135659167913e+00
7732 2.603588855529e-01 -2.594439697251e-01 -6.134073321218e+00
7733 2.603925626821e-01 -2.592374184681e-01 -6.132486112090e+00
7734 2.604262398113e-01 -2.590309206866e-01 -6.130897540880e+00
7735 2.604599169404e-01 -2.588244764266e-01 -6.129307607941e+00
7736 2.604935940696e-01 -2.586180857340e-01 -6.127716313626e+00
7737 2.605272711988e-01 -2.584117486544e-01 -6.126123658290e+00
7738 2.605609483279e-01 -2.582054652338e-01 -6.124529642285e+00
7739 2.605946254571e-01 -2.579992355180e-01 -6.122934265966e+00
7740 2.606283025862e-01 -2.577930595528e-01 -6.121337529686e+00
7741 2.606619797154e-01 -2.575869373840e-01 -6.119739433802e+00
7742 2.606956568446e-01 -2.573808690574e-01 -6.118139978667e+00
7743 2.607293339737e-01 -2.571748546187e-01 -6.116539164636e+00
7744 2.607630111029e-01 -2.569688941137e-01 -6.114936992067e+00
7745 2.607966882321e-01 -2.567629875881e-01 -6.113333461313e+00
7746 2.608303653612e-01 -2.565571350878e-01 -6.111728572732e+00
7747 2.608640424904e-01 -2.563513366583e-01 -6.110122326680e+00
7748 2.608977196195e-01 -2.561455923454e-01 -6.108514723513e+00
7749 2.609313967487e-01 -2.559399021948e-01 -6.106905763589e+00
7750 2.609650738779e-01 -2.557342662523e-01 -6.105295447265e+00
7751 2.609987510070e-01 -2.555286845634e-01 -6.103683774899e+00
7752 2.610324281362e-01 -2.553231571738e-01 -6.102070746849e+00
7753 2.610661052654e-01 -2.551176841292e-01 -6.100456363473e+00
7754 2.610997823945e-01 -2.549122654752e-01 -6.098840625129e+00
7755 2.611334595237e-01 -2.547069012574e-01 -6.097223532176e+00
7756 2.611671366528e-01 -2.545015915215e-01 -6.095605084975e+00
7757 2.612008137820e-01 -2.542963363131e-01 -6.093985283883e+00
7758 2.612344909112e-01 -2.540911356777e-01 -6.092364129261e+00
7759 2.612681680403e-01 -2.538859896609e-01 -6.090741621469e+00
7760 2.613018451695e-01 -2.536808983083e-01 -6.089117760867e+00
7761 2.613355222987e-01 -2.534758616655e-01 -6.087492547816e+00
7762 2.613691994278e-01 -2.532708797779e-01 -6.085865982677e+00
7763 2.614028765570e-01 -2.530659526911e-01 -6.084238065812e+00
7764 2.614365536861e-01 -2.528610804507e-01 -6.082608797581e+00
7765 2.614702308153e-01 -2.526562631021e-01 -6.080978178346e+00
7766 2.615039079445e-01 -2.524515006907e-01 -6.079346208471e+00
7767 2.615375850736e-01 -2.522467932622e-01 -6.077712888317e+00
7768 2.615712622028e-01 -2.520421408620e-01 -6.076078218247e+00
7769 2.616049393319e-01 -2.518375435355e-01 -6.074442198624e+00
7770 2.616386164611e-01 -2.516330013281e-01 -6.072804829812e+00
7771 2.616722935903e-01 -2.514285142854e-01 -6.071166112173e+00
7772 2.617059707194e-01 -2.512240824526e-01 -6.069526046073e+00
7773 2.617396478486e-01 -2.510197058753e-01 -6.067884631876e+00
7774 2.617733249778e-01 -2.508153845988e-01 -6.066241869945e+00
7775 2.618070021069e-01 -2.506111186684e-01 -6.064597760647e+00
7776 2.618406792361e-01 -2.504069081297e-01 -6.062952304345e+00
7777 2.618743563652e-01 -2.502027530278e-01 -6.061305501406e+00
7778 2.619080334944e-01 -2.499986534083e-01 -6.059657352196e+00
7779 2.619417106236e-01 -2.497946093163e-01 -6.058007857079e+00
7780 2.619753877527e-01 -2.495906207972e-01 -6.056357016424e+00
7781 2.620090648819e-01 -2.493866878964e-01 -6.054704830596e+00
7782 2.620427420111e-01 -2.491828106591e-01 -6.053051299962e+00
7783 2.620764191402e-01 -2.489789891306e-01 -6.051396424890e+00
7784 2.621100962694e-01 -2.487752233562e-01 -6.049740205747e+00
7785 2.621437733985e-01 -2.485715133811e-01 -6.048082642901e+00
7786 2.621774505277e-01 -2.483678592505e-01 -6.046423736720e+00
7787 2.622111276569e-01 -2.481642610098e-01 -6.044763487573e+00
7788 2.622448047860e-01 -2.479607187042e-01 -6.043101895829e+00
7789 2.622784819152e-01 -2.477572323787e-01 -6.041438961856e+00
7790 2.623121590444e-01 -2.475538020787e-01 -6.039774686024e+00
7791 2.623458361735e-01 -2.473504278494e-01 -6.038109068702e+00
7792 2.623795133027e-01 -2.471471097358e-01 -6.036442110261e+00
7793 2.624131904318e-01 -2.469438477832e-01 -6.034773811070e+00
7794 2.624468675610e-01 -2.467406420366e-01 -6.033104171501e+00
7795 2.624805446902e-01 -2.465374925413e-01 -6.031433191924e+00
7796 2.625142218193e-01 -2.463343993424e-01 -6.029760872710e+00
7797 2.625478989485e-01 -2.461313624849e-01 -6.028087214231e+00
7798 2.625815760777e-01 -2.459283820140e-01 -6.026412216858e+00
7799 2.626152532068e-01 -2.457254579747e-01 -6.024735880964e+00
7800 2.626489303360e-01 -2.455225904122e-01 -6.023058206920e+00
7801 2.626826074651e-01 -2.453197793714e-01 -6.021379195100e+00
7802 2.627162845943e-01 -2.451170248974e-01 -6.019698845876e+00
7803 2.627499617235e-01 -2.449143270353e-01 -6.018017159621e+00
7804 2.627836388526e-01 -2.447116858300e-01 -6.016334136710e+00
7805 2.628173159818e-01 -2.445091013267e-01 -6.014649777515e+00
7806 2.628509931110e-01 -2.443065735702e-01 -6.012964082412e+00
7807 2.628846702401e-01 -2.441041026056e-01 -6.011277051774e+00
7808 2.629183473693e-01 -2.439016884778e-01 -6.009588685976e+00
7809 2.629520244984e-01 -2.436993312318e-01 -6.007898985393e+00
7810 2.629857016276e-01 -2.434970309125e-01 -6.006207950400e+00
7811 2.630193787568e-01 -2.432947875649e-01 -6.004515581373e+00
7812 2.630530558859e-01 -2.430926012339e-01 -6.002821878689e+00
7813 2.630867330151e-01 -2.428904719644e-01 -6.001126842722e+00
7814 2.631204101442e-01 -2.426883998012e-01 -5.999430473850e+00
7815 2.631540872734e-01 -2.424863847894e-01 -5.997732772449e+00
7816 2.631877644026e-01 -2.422844269737e-01 -5.996033738897e+00
7817 2.632214415317e-01 -2.420825263990e-01 -5.994333373570e+00
7818 2.632551186609e-01 -2.418806831101e-01 -5.992631676847e+00
7819 2.632887957901e-01 -2.416788971519e-01 -5.990928649105e+00
7820 2.633224729192e-01 -2.414771685692e-01 -5.989224290723e+00
7821 2.633561500484e-01 -2.412754974068e-01 -5.987518602079e+00
7822 2.633898271775e-01 -2.410738837095e-01 -5.985811583552e+00
7823 2.634235043067e-01 -2.408723275220e-01 -5.984103235521e+00
7824 2.634571814359e-01 -2.406708288892e-01 -5.982393558366e+00
7825 2.634908585650e-01 -2.404693878558e-01 -5.980682552466e+00
7826 2.635245356942e-01 -2.402680044666e-01 -5.978970218202e+00
7827 2.635582128234e-01 -2.400666787662e-01 -5.977256555954e+00
7828 2.635918899525e-01 -2.398654107993e-01 -5.975541566102e+00
7829 2.636255670817e-01 -2.396642006108e-01 -5.973825249027e+00
7830 2.636592442108e-01 -2.394630482452e-01 -5.972107605110e+00
7831 2.636929213400e-01 -2.392619537473e-01 -5.970388634734e+00
7832 2.637265984692e-01 -2.390609171617e-01 -5.968668338279e+00
7833 2.637602755983e-01 -2.388599385331e-01 -5.966946716128e+00
7834 2.637939527275e-01 -2.386590179060e-01 -5.965223768664e+00
7835 2.638276298567e-01 -2.384581553253e-01 -5.963499496268e+00
7836 2.638613069858e-01 -2.382573508353e-01 -5.961773899325e+00
7837 2.638949841150e-01 -2.380566044808e-01 -5.960046978216e+00
7838 2.639286612441e-01 -2.378559163064e-01 -5.958318733327e+00
7839 2.639623383733e-01 -2.376552863566e-01 -5.956589165040e+00
7840 2.639960155025e-01 -2.374547146759e-01 -5.954858273739e+00
7841 2.640296926316e-01 -2.372542013089e-01 -5.953126059810e+00
7842 2.640633697608e-01 -2.370537463003e-01 -5.951392523637e+00
7843 2.640970468900e-01 -2.368533496944e-01 -5.949657665605e+00
7844 2.641307240191e-01 -2.366530115357e-01 -5.947921486099e+00
7845 2.641644011483e-01 -2.364527318689e-01 -5.946183985505e+00
7846 2.641980782774e-01 -2.362525107384e-01 -5.944445164209e+00
7847 2.642317554066e-01 -2.360523481886e-01 -5.942705022597e+00
7848 2.642654325358e-01 -2.358522442639e-01 -5.940963561056e+00
7849 2.642991096649e-01 -2.356521990090e-01 -5.939220779972e+00
7850 2.643327867941e-01 -2.354522124681e-01 -5.937476679733e+00
7851 2.643664639232e-01 -2.352522846857e-01 -5.935731260725e+00
7852 2.644001410524e-01 -2.350524157062e-01 -5.933984523337e+00
7853 2.644338181816e-01 -2.348526055740e-01 -5.932236467956e+00
7854 2.644674953107e-01 -2.346528543335e-01 -5.930487094971e+00
7855 2.645011724399e-01 -2.344531620290e-01 -5.928736404770e+00
7856 2.645348495691e-01 -2.342535287049e-01 -5.926984397743e+00
7857 2.645685266982e-01 -2.340539544056e-01 -5.925231074277e+00
7858 2.646022038274e-01 -2.338544391753e-01 -5.923476434764e+00
7859 2.646358809565e-01 -2.336549830584e-01 -5.921720479591e+00
7860 2.646695580857e-01 -2.334555860992e-01 -5.919963209151e+00
7861 2.647032352149e-01 -2.332562483419e-01 -5.918204623831e+00
7862 2.647369123440e-01 -2.330569698309e-01 -5.916444724025e+00
7863 2.647705894732e-01 -2.328577506103e-01 -5.914683510121e+00
7864 2.648042666024e-01 -2.326585907246e-01 -5.912920982512e+00
7865 2.648379437315e-01 -2.324594902178e-01 -5.911157141589e+00
7866 2.648716208607e-01 -2.322604491342e-01 -5.909391987743e+00
7867 2.649052979898e-01 -2.320614675180e-01 -5.907625521367e+00
7868 2.649389751190e-01 -2.318625454135e-01 -5.905857742853e+00
7869 2.649726522482e-01 -2.316636828647e-01 -5.904088652594e+00
7870 2.650063293773e-01 -2.314648799159e-01 -5.902318250983e+00
7871 2.650400065065e-01 -2.312661366112e-01 -5.900546538412e+00
7872 2.650736836357e-01 -2.310674529948e-01 -5.898773515276e+00
7873 2.651073607648e-01 -2.308688291108e-01 -5.896999181968e+00
7874 2.651410378940e-01 -2.306702650033e-01 -5.895223538882e+00
7875 2.651747150231e-01 -2.304717607164e-01 -5.893446586412e+00
7876 2.652083921523e-01 -2.302733162942e-01 -5.891668324954e+00
7877 2.652420692815e-01 -2.300749317808e-01 -5.889888754903e+00
7878 2.652757464106e-01 -2.298766072202e-01 -5.888107876653e+00
7879 2.653094235398e-01 -2.296783426565e-01 -5.886325690599e+00
7880 2.653431006690e-01 -2.294801381337e-01 -5.884542197139e+00
7881 2.653767777981e-01 -2.292819936959e-01 -5.882757396668e+00
7882 2.654104549273e-01 -2.290839093870e-01 -5.880971289583e+00
7883 2.654441320564e-01 -2.288858852511e-01 -5.879183876279e+00
7884 2.654778091856e-01 -2.286879213321e-01 -5.877395157155e+00
7885 2.655114863148e-01 -2.284900176741e-01 -5.875605132608e+00
7886 2.655451634439e-01 -2.282921743209e-01 -5.873813803034e+00
7887 2.655788405731e-01 -2.280943913165e-01 -5.872021168832e+00
7888 2.656125177023e-01 -2.278966687048e-01 -5.870227230401e+00
7889 2.656461948314e-01 -2.276990065298e-01 -5.868431988138e+00
7890 2.656798719606e-01 -2.275014048354e-01 -5.866635442442e+00
7891 2.657135490897e-01 -2.273038636654e-01 -5.864837593713e+00
7892 2.657472262189e-01 -2.271063830637e-01 -5.863038442349e+00
7893 2.657809033481e-01 -2.269089630742e-01 -5.861237988750e+00
7894 2.658145804772e-01 -2.267116037407e-01 -5.859436233317e+00
7895 2.658482576064e-01 -2.265143051071e-01 -5.857633176449e+00
7896 2.658819347355e-01 -2.263170672172e-01 -5.855828818547e+00
7897 2.659156118647e-01 -2.261198901147e-01 -5.854023160011e+00
7898 2.659492889939e-01 -2.259227738436e-01 -5.852216201243e+00
7899 2.659829661230e-01 -2.257257184475e-01 -5.850407942644e+00
7900 2.660166432522e-01 -2.255287239703e-01 -5.848598384616e+00
7901 2.660503203814e-01 -2.253317904557e-01 -5.846787527560e+00
7902 2.660839975105e-01 -2.251349179474e-01 -5.844975371878e+00
7903 2.661176746397e-01 -2.249381064892e-01 -5.843161917974e+00
7904 2.661513517688e-01 -2.247413561247e-01 -5.841347166250e+00
7905 2.661850288980e-01 -2.245446668977e-01 -5.839531117110e+00
7906 2.662187060272e-01 -2.243480388519e-01 -5.837713770955e+00
7907 2.662523831563e-01 -2.241514720309e-01 -5.835895128191e+00
7908 2.662860602855e-01 -2.239549664784e-01 -5.834075189220e+00
7909 2.663197374147e-01 -2.237585222381e-01 -5.832253954448e+00
7910 2.663534145438e-01 -2.235621393535e-01 -5.830431424279e+00
7911 2.663870916730e-01 -2.233658178683e-01 -5.828607599117e+00
7912 2.664207688021e-01 -2.231695578261e-01 -5.826782479368e+00
7913 2.664544459313e-01 -2.229733592705e-01 -5.824956065437e+00
7914 2.664881230605e-01 -2.227772222451e-01 -5.823128357730e+00
7915 2.665218001896e-01 -2.225811467934e-01 -5.821299356652e+00
7916 2.665554773188e-01 -2.223851329590e-01 -5.819469062610e+00
7917 2.665891544480e-01 -2.221891807854e-01 -5.817637476011e+00
7918 2.666228315771e-01 -2.219932903161e-01 -5.815804597260e+00
7919 2.666565087063e-01 -2.217974615947e-01 -5.813970426766e+00
7920 2.666901858354e-01 -2.216016946646e-01 -5.812134964936e+00
7921 2.667238629646e-01 -2.214059895693e-01 -5.810298212177e+00
7922 2.667575400938e-01 -2.212103463523e-01 -5.808460168898e+00
7923 2.667912172229e-01 -2.210147650571e-01 -5.806620835506e+00
7924 2.668248943521e-01 -2.208192457271e-01 -5.804780212410e+00
7925 2.668585714813e-01 -2.206237884056e-01 -5.802938300019e+00
7926 2.668922486104e-01 -2.204283931362e-01 -5.801095098743e+00
7927 2.669259257396e-01 -2.202330599622e-01 -5.799250608989e+00
7928 2.669596028687e-01 -2.200377889271e-01 -5.797404831169e+00
7929 2.669932799979e-01 -2.198425800741e-01 -5.795557765692e+00
7930 2.670269571271e-01 -2.196474334466e-01 -5.793709412968e+00
7931 2.670606342562e-01 -2.194523490881e-01 -5.791859773408e+00
7932 2.670943113854e-01 -2.192573270417e-01 -5.790008847422e+00
7933 2.671279885145e-01 -2.190623673509e-01 -5.788156635423e+00
7934 2.671616656437e-01 -2.188674700589e-01 -5.786303137821e+00
7935 2.671953427729e-01 -2.186726352090e-01 -5.784448355027e+00
7936 2.672290199020e-01 -2.184778628446e-01 -5.782592287455e+00
7937 2.672626970312e-01 -2.182831530088e-01 -5.780734935515e+00
7938 2.672963741604e-01 -2.180885057448e-01 -5.778876299621e+00
7939 2.673300512895e-01 -2.178939210961e-01 -5.777016380185e+00
7940 2.673637284187e-01 -2.176993991056e-01 -5.775155177621e+00
7941 2.673974055478e-01 -2.175049398168e-01 -5.773292692342e+00
7942 2.674310826770e-01 -2.173105432726e-01 -5.771428924762e+00
7943 2.674647598062e-01 -2.171162095164e-01 -5.769563875294e+00
7944 2.674984369353e-01 -2.169219385913e-01 -5.767697544353e+00
7945 2.675321140645e-01 -2.167277305405e-01 -5.765829932353e+00
7946 2.675657911937e-01 -2.165335854070e-01 -5.763961039710e+00
7947 2.675994683228e-01 -2.163395032340e-01 -5.762090866837e+00
7948 2.676331454520e-01 -2.161454840646e-01 -5.760219414152e+00
7949 2.676668225811e-01 -2.159515279420e-01 -5.758346682068e+00
7950 2.677004997103e-01 -2.157576349090e-01 -5.756472671003e+00
7951 2.677341768395e-01 -2.155638050090e-01 -5.754597381372e+00
7952 2.677678539686e-01 -2.153700382848e-01 -5.752720813593e+00
7953 2.678015310978e-01 -2.151763347796e-01 -5.750842968081e+00
7954 2.678352082270e-01 -2.149826945363e-01 -5.748963845254e+00
7955 2.678688853561e-01 -2.147891175980e-01 -5.747083445529e+00
7956 2.679025624853e-01 -2.145956040076e-01 -5.745201769324e+00
7957 2.679362396144e-01 -2.144021538082e-01 -5.743318817058e+00
7958 2.679699167436e-01 -2.142087670427e-01 -5.741434589147e+00
7959 2.680035938728e-01 -2.140154437541e-01 -5.739549086010e+00
7960 2.680372710019e-01 -2.138221839852e-01 -5.737662308068e+00
7961 2.680709481311e-01 -2.136289877791e-01 -5.735774255737e+00
7962 2.681046252603e-01 -2.134358551786e-01 -5.733884929438e+00
7963 2.681383023894e-01 -2.132427862266e-01 -5.731994329591e+00
7964 2.681719795186e-01 -2.130497809661e-01 -5.730102456615e+00
7965 2.682056566477e-01 -2.128568394398e-01 -5.728209310931e+00
7966 2.682393337769e-01 -2.126639616907e-01 -5.726314892959e+00
7967 2.682730109061e-01 -2.124711477616e-01 -5.724419203119e+00
7968 2.683066880352e-01 -2.122783976952e-01 -5.722522241834e+00
7969 2.683403651644e-01 -2.120857115345e-01 -5.720624009523e+00
7970 2.683740422936e-01 -2.118930893222e-01 -5.718724506610e+00
7971 2.684077194227e-01 -2.117005311011e-01 -5.716823733515e+00
7972 2.684413965519e-01 -2.115080369139e-01 -5.714921690661e+00
7973 2.684750736810e-01 -2.113156068034e-01 -5.713018378470e+00
7974 2.685087508102e-01 -2.111232408125e-01 -5.711113797365e+00
7975 2.685424279394e-01 -2.109309389837e-01 -5.709207947770e+00
7976 2.685761050685e-01 -2.107387013598e-01 -5.707300830107e+00
7977 2.686097821977e-01 -2.105465279834e-01 -5.705392444799e+00
7978 2.686434593268e-01 -2.103544188974e-01 -5.703482792272e+00
7979 2.686771364560e-01 -2.101623741443e-01 -5.701571872949e+00
7980 2.687108135852e-01 -2.099703937668e-01 -5.699659687254e+00
7981 2.687444907143e-01 -2.097784778076e-01 -5.697746235613e+00
7982 2.687781678435e-01 -2.095866263092e-01 -5.695831518449e+00
7983 2.688118449727e-01 -2.093948393143e-01 -5.693915536189e+00
7984 2.688455221018e-01 -2.092031168655e-01 -5.691998289258e+00
7985 2.688791992310e-01 -2.090114590054e-01 -5.690079778082e+00
7986 2.689128763601e-01 -2.088198657764e-01 -5.688160003087e+00
7987 2.689465534893e-01 -2.086283372213e-01 -5.686238964699e+00
7988 2.689802306185e-01 -2.084368733825e-01 -5.684316663345e+00
7989 2.690139077476e-01 -2.082454743025e-01 -5.682393099453e+00
7990 2.690475848768e-01 -2.080541400240e-01 -5.680468273448e+00
7991 2.690812620060e-01 -2.078628705892e-01 -5.678542185759e+00
7992 2.691149391351e-01 -2.076716660408e-01 -5.676614836814e+00
7993 2.691486162643e-01 -2.074805264212e-01 -5.674686227041e+00
7994 2.691822933934e-01 -2.072894517729e-01 -5.672756356867e+00
7995 2.692159705226e-01 -2.070984421383e-01 -5.670825226722e+00
7996 2.692496476518e-01 -2.069074975598e-01 -5.668892837035e+00
7997 2.692833247809e-01 -2.067166180799e-01 -5.666959188234e+00
7998 2.693170019101e-01 -2.065258037409e-01 -5.665024280750e+00
7999 2.693506790393e-01 -2.063350545852e-01 -5.663088115011e+00
8000 2.693843561684e-01 -2.061443706552e-01 -5.661150691449e+00
8001 2.694180332976e-01 -2.059537519932e-01 -5.659212010493e+00
8002 2.694517104267e-01 -2.057631986416e-01 -5.657272072574e+00
8003 2.694853875559e-01 -2.055727106427e-01 -5.655330878123e+00
8004 2.695190646851e-01 -2.053822880389e-01 -5.653388427571e+00
8005 2.695527418142e-01 -2.051919308723e-01 -5.651444721350e+00
8006 2.695864189434e-01 -2.050016391853e-01 -5.649499759890e+00
8007 2.696200960726e-01 -2.048114130201e-01 -5.647553543625e+00
8008 2.696537732017e-01 -2.046212524191e-01 -5.645606072986e+00
8009 2.696874503309e-01 -2.044311574244e-01 -5.643657348406e+00
8010 2.697211274600e-01 -2.042411280782e-01 -5.641707370318e+00
8011 2.697548045892e-01 -2.040511644228e-01 -5.639756139155e+00
8012 2.697884817184e-01 -2.038612665004e-01 -5.637803655350e+00
8013 2.698221588475e-01 -2.036714343531e-01 -5.635849919337e+00
8014 2.698558359767e-01 -2.034816680231e-01 -5.633894931550e+00
8015 2.698895131059e-01 -2.032919675526e-01 -5.631938692423e+00
8016 2.699231902350e-01 -2.031023329836e-01 -5.629981202391e+00
8017 2.699568673642e-01 -2.029127643583e-01 -5.628022461888e+00
8018 2.699905444933e-01 -2.027232617189e-01 -5.626062471350e+00
8019 2.700242216225e-01 -2.025338251073e-01 -5.624101231211e+00
8020 2.700578987517e-01 -2.023444545657e-01 -5.622138741908e+00
8021 2.700915758808e-01 -2.021551501362e-01 -5.620175003876e+00
8022 2.701252530100e-01 -2.019659118607e-01 -5.618210017552e+00
8023 2.701589301391e-01 -2.017767397813e-01 -5.616243783371e+00
8024 2.701926072683e-01 -2.015876339401e-01 -5.614276301771e+00
8025 2.702262843975e-01 -2.013985943790e-01 -5.612307573189e+00
8026 2.702599615266e-01 -2.012096211400e-01 -5.610337598061e+00
8027 2.702936386558e-01 -2.010207142651e-01 -5.608366376826e+00
8028 2.703273157850e-01 -2.008318737963e-01 -5.606393909922e+00
8029 2.703609929141e-01 -2.006430997754e-01 -5.604420197785e+00
8030 2.703946700433e-01 -2.004543922445e-01 -5.602445240856e+00
8031 2.704283471724e-01 -2.002657512454e-01 -5.600469039571e+00
8032 2.704620243016e-01 -2.000771768200e-01 -5.598491594371e+00
8033 2.704957014308e-01 -1.998886690103e-01 -5.596512905695e+00
8034 2.705293785599e-01 -1.997002278580e-01 -5.594532973981e+00
8035 2.705630556891e-01 -1.995118534051e-01 -5.592551799671e+00
8036 2.705967328183e-01 -1.993235456933e-01 -5.590569383203e+00
8037 2.706304099474e-01 -1.991353047646e-01 -5.588585725018e+00
8038 2.706640870766e-01 -1.989471306607e-01 -5.586600825557e+00
8039 2.706977642057e-01 -1.987590234234e-01 -5.584614685261e+00
8040 2.707314413349e-01 -1.985709830945e-01 -5.582627304570e+00
8041 2.707651184641e-01 -1.983830097157e-01 -5.580638683927e+00
8042 2.707987955932e-01 -1.981951033288e-01 -5.578648823772e+00
8043 2.708324727224e-01 -1.980072639756e-01 -5.576657724548e+00
8044 2.708661498516e-01 -1.978194916978e-01 -5.574665386697e+00
8045 2.708998269807e-01 -1.976317865370e-01 -5.572671810662e+00
8046 2.709335041099e-01 -1.974441485350e-01 -5.570676996885e+00
8047 2.709671812390e-01 -1.972565777334e-01 -5.568680945810e+00
8048 2.710008583682e-01 -1.970690741739e-01 -5.566683657879e+00
8049 2.710345354974e-01 -1.968816378982e-01 -5.564685133537e+00
8050 2.710682126265e-01 -1.966942689478e-01 -5.562685373226e+00
8051 2.711018897557e-01 -1.965069673644e-01 -5.560684377393e+00
8052 2.711355668849e-01 -1.963197331897e-01 -5.558682146480e+00
8053 2.711692440140e-01 -1.961325664651e-01 -5.556678680933e+00
8054 2.712029211432e-01 -1.959454672322e-01 -5.554673981196e+00
8055 2.712365982723e-01 -1.957584355327e-01 -5.552668047715e+00
8056 2.712702754015e-01 -1.955714714080e-01 -5.550660880935e+00
8057 2.713039525307e-01 -1.953845748997e-01 -5.548652481303e+00
8058 2.713376296598e-01 -1.951977460492e-01 -5.546642849264e+00
8059 2.713713067890e-01 -1.950109848982e-01 -5.544631985265e+00
8060 2.714049839181e-01 -1.948242914880e-01 -5.542619889751e+00
8061 2.714386610473e-01 -1.946376658602e-01 -5.540606563171e+00
8062 2.714723381765e-01 -1.944511080561e-01 -5.538592005972e+00
8063 2.715060153056e-01 -1.942646181173e-01 -5.536576218600e+00
8064 2.715396924348e-01 -1.940781960851e-01 -5.534559201503e+00
8065 2.715733695640e-01 -1.938918420009e-01 -5.532540955130e+00
8066 2.716070466931e-01 -1.937055559062e-01 -5.530521479929e+00
8067 2.716407238223e-01 -1.935193378422e-01 -5.528500776349e+00
8068 2.716744009514e-01 -1.933331878505e-01 -5.526478844837e+00
8069 2.717080780806e-01 -1.931471059723e-01 -5.524455685843e+00
8070 2.717417552098e-01 -1.929610922489e-01 -5.522431299818e+00
8071 2.717754323389e-01 -1.927751467217e-01 -5.520405687209e+00
8072 2.718091094681e-01 -1.925892694320e-01 -5.518378848467e+00
8073 2.718427865973e-01 -1.924034604210e-01 -5.516350784043e+00
8074 2.718764637264e-01 -1.922177197300e-01 -5.514321494387e+00
8075 2.719101408556e-01 -1.920320474003e-01 -5.512290979949e+00
8076 2.719438179847e-01 -1.918464434731e-01 -5.510259241181e+00
8077 2.719774951139e-01 -1.916609079897e-01 -5.508226278533e+00
8078 2.720111722431e-01 -1.914754409912e-01 -5.506192092457e+00
8079 2.720448493722e-01 -1.912900425188e-01 -5.504156683406e+00
8080 2.720785265014e-01 -1.911047126138e-01 -5.502120051831e+00
8081 2.721122036306e-01 -1.909194513173e-01 -5.500082198184e+00
8082 2.721458807597e-01 -1.907342586703e-01 -5.498043122919e+00
8083 2.721795578889e-01 -1.905491347142e-01 -5.496002826488e+00
8084 2.722132350180e-01 -1.903640794899e-01 -5.493961309344e+00
8085 2.722469121472e-01 -1.901790930386e-01 -5.491918571940e+00
8086 2.722805892764e-01 -1.899941754014e-01 -5.489874614731e+00
8087 2.723142664055e-01 -1.898093266193e-01 -5.487829438171e+00
8088 2.723479435347e-01 -1.896245467335e-01 -5.485783042712e+00
8089 2.723816206639e-01 -1.894398357849e-01 -5.483735428812e+00
8090 2.724152977930e-01 -1.892551938145e-01 -5.481686596923e+00
8091 2.724489749222e-01 -1.890706208634e-01 -5.479636547501e+00
8092 2.724826520513e-01 -1.888861169726e-01 -5.477585281001e+00
8093 2.725163291805e-01 -1.887016821831e-01 -5.475532797879e+00
8094 2.725500063097e-01 -1.885173165357e-01 -5.473479098591e+00
8095 2.725836834388e-01 -1.883330200716e-01 -5.471424183593e+00
8096 2.726173605680e-01 -1.881487928315e-01 -5.469368053342e+00
8097 2.726510376972e-01 -1.879646348565e-01 -5.467310708293e+00
8098 2.726847148263e-01 -1.877805461874e-01 -5.465252148905e+00
8099 2.727183919555e-01 -1.875965268651e-01 -5.463192375634e+00
8100 2.727520690846e-01 -1.874125769304e-01 -5.461131388937e+00
8101 2.727857462138e-01 -1.872286964244e-01 -5.459069189273e+00
8102 2.728194233430e-01 -1.870448853877e-01 -5.457005777100e+00
8103 2.728531004721e-01 -1.868611438612e-01 -5.454941152875e+00
8104 2.728867776013e-01 -1.866774718857e-01 -5.452875317058e+00
8105 2.729204547304e-01 -1.864938695021e-01 -5.450808270107e+00
8106 2.729541318596e-01 -1.863103367510e-01 -5.448740012481e+00
8107 2.729878089888e-01 -1.861268736733e-01 -5.446670544640e+00
8108 2.730214861179e-01 -1.859434803097e-01 -5.444599867044e+00
8109 2.730551632471e-01 -1.857601567010e-01 -5.442527980152e+00
8110 2.730888403763e-01 -1.855769028878e-01 -5.440454884424e+00
8111 2.731225175054e-01 -1.853937189108e-01 -5.438380580321e+00
8112 2.731561946346e-01 -1.852106048108e-01 -5.436305068304e+00
8113 2.731898717637e-01 -1.850275606285e-01 -5.434228348834e+00
8114 2.732235488929e-01 -1.848445864044e-01 -5.432150422371e+00
8115 2.732572260221e-01 -1.846616821792e-01 -5.430071289378e+00
8116 2.732909031512e-01 -1.844788479936e-01 -5.427990950316e+00
8117 2.733245802804e-01 -1.842960838881e-01 -5.425909405648e+00
8118 2.733582574096e-01 -1.841133899034e-01 -5.423826655835e+00
8119 2.733919345387e-01 -1.839307660799e-01 -5.421742701340e+00
8120 2.734256116679e-01 -1.837482124584e-01 -5.419657542626e+00
8121 2.734592887970e-01 -1.835657290793e-01 -5.417571180157e+00
8122 2.734929659262e-01 -1.833833159832e-01 -5.415483614395e+00
8123 2.735266430554e-01 -1.832009732105e-01 -5.413394845805e+00
8124 2.735603201845e-01 -1.830187008018e-01 -5.411304874850e+00
8125 2.735939973137e-01 -1.828364987976e-01 -5.409213701994e+00
8126 2.736276744429e-01 -1.826543672383e-01 -5.407121327702e+00
8127 2.736613515720e-01 -1.824723061644e-01 -5.405027752439e+00
8128 2.736950287012e-01 -1.822903156163e-01 -5.402932976669e+00
8129 2.737287058303e-01 -1.821083956344e-01 -5.400837000858e+00
8130 2.737623829595e-01 -1.819265462592e-01 -5.398739825472e+00
8131 2.737960600887e-01 -1.817447675310e-01 -5.396641450976e+00
8132 2.738297372178e-01 -1.815630594903e-01 -5.394541877836e+00
8133 2.738634143470e-01 -1.813814221773e-01 -5.392441106519e+00
8134 2.738970914762e-01 -1.811998556324e-01 -5.390339137491e+00
8135 2.739307686053e-01 -1.810183598960e-01 -5.388235971219e+00
8136 2.739644457345e-01 -1.808369350084e-01 -5.386131608171e+00
8137 2.739981228636e-01 -1.806555810097e-01 -5.384026048813e+00
8138 2.740317999928e-01 -1.804742979405e-01 -5.381919293613e+00
8139 2.740654771220e-01 -1.802930858408e-01 -5.379811343040e+00
8140 2.740991542511e-01 -1.801119447509e-01 -5.377702197561e+00
8141 2.741328313803e-01 -1.799308747112e-01 -5.375591857645e+00
8142 2.741665085094e-01 -1.797498757617e-01 -5.373480323760e+00
8143 2.742001856386e-01 -1.795689479428e-01 -5.371367596377e+00
8144 2.742338627678e-01 -1.793880912945e-01 -5.369253675963e+00
8145 2.742675398969e-01 -1.792073058570e-01 -5.367138562988e+00
8146 2.743012170261e-01 -1.790265916706e-01 -5.365022257923e+00
8147 2.743348941553e-01 -1.788459487753e-01 -5.362904761236e+00
8148 2.743685712844e-01 -1.786653772113e-01 -5.360786073400e+00
8149 2.744022484136e-01 -1.784848770187e-01 -5.358666194883e+00
8150 2.744359255427e-01 -1.783044482375e-01 -5.356545126158e+00
8151 2.744696026719e-01 -1.781240909079e-01 -5.354422867694e+00
8152 2.745032798011e-01 -1.779438050699e-01 -5.352299419964e+00
8153 2.745369569302e-01 -1.777635907635e-01 -5.350174783439e+00
8154 2.745706340594e-01 -1.775834480288e-01 -5.348048958591e+00
8155 2.746043111886e-01 -1.774033769057e-01 -5.345921945892e+00
8156 2.746379883177e-01 -1.772233774344e-01 -5.343793745815e+00
8157 2.746716654469e-01 -1.770434496547e-01 -5.341664358832e+00
8158 2.747053425760e-01 -1.768635936066e-01 -5.339533785417e+00
8159 2.747390197052e-01 -1.766838093301e-01 -5.337402026041e+00
8160 2.747726968344e-01 -1.765040968650e-01 -5.335269081180e+00
8161 2.748063739635e-01 -1.763244562514e-01 -5.333134951306e+00
8162 2.748400510927e-01 -1.761448875292e-01 -5.330999636894e+00
8163 2.748737282219e-01 -1.759653907381e-01 -5.328863138418e+00
8164 2.749074053510e-01 -1.757859659180e-01 -5.326725456352e+00
8165 2.749410824802e-01 -1.756066131089e-01 -5.324586591172e+00
8166 2.749747596093e-01 -1.754273323506e-01 -5.322446543352e+00
8167 2.750084367385e-01 -1.752481236828e-01 -5.320305313368e+00
8168 2.750421138677e-01 -1.750689871454e-01 -5.318162901695e+00
8169 2.750757909968e-01 -1.748899227782e-01 -5.316019308809e+00
8170 2.751094681260e-01 -1.747109306209e-01 -5.313874535187e+00
8171 2.751431452552e-01 -1.745320107133e-01 -5.311728581304e+00
8172 2.751768223843e-01 -1.743531630951e-01 -5.309581447637e+00
8173 2.752104995135e-01 -1.741743878061e-01 -5.307433134663e+00
8174 2.752441766426e-01 -1.739956848860e-01 -5.305283642860e+00
8175 2.752778537718e-01 -1.738170543744e-01 -5.303132972704e+00
8176 2.753115309010e-01 -1.736384963110e-01 -5.300981124674e+00
8177 2.753452080301e-01 -1.734600107355e-01 -5.298828099247e+00
8178 2.753788851593e-01 -1.732815976876e-01 -5.296673896902e+00
8179 2.754125622885e-01 -1.731032572068e-01 -5.294518518116e+00
8180 2.754462394176e-01 -1.729249893328e-01 -5.292361963370e+00
8181 2.754799165468e-01 -1.727467941052e-01 -5.290204233141e+00
8182 2.755135936759e-01 -1.725686715635e-01 -5.288045327909e+00
8183 2.755472708051e-01 -1.723906217473e-01 -5.285885248154e+00
8184 2.755809479343e-01 -1.722126446962e-01 -5.283723994355e+00
8185 2.756146250634e-01 -1.720347404497e-01 -5.281561566992e+00
8186 2.756483021926e-01 -1.718569090472e-01 -5.279397966546e+00
8187 2.756819793217e-01 -1.716791505284e-01 -5.277233193497e+00
8188 2.757156564509e-01 -1.715014649326e-01 -5.275067248326e+00
8189 2.757493335801e-01 -1.713238522994e-01 -5.272900131514e+00
8190 2.757830107092e-01 -1.711463126682e-01 -5.270731843543e+00
8191 2.758166878384e-01 -1.709688460784e-01 -5.268562384893e+00
8192 2.758503649676e-01 -1.707914525695e-01 -5.266391756047e+00
8193 2.758840420967e-01 -1.706141321808e-01 -5.264219957488e+00
8194 2.759177192259e-01 -1.704368849517e-01 -5.262046989696e+00
8195 2.759513963550e-01 -1.702597109216e-01 -5.259872853156e+00
8196 2.759850734842e-01 -1.700826101299e-01 -5.257697548349e+00
8197 2.760187506134e-01 -1.699055826159e-01 -5.255521075760e+00
8198 2.760524277425e-01 -1.697286284189e-01 -5.253343435871e+00
8199 2.760861048717e-01 -1.695517475781e-01 -5.251164629166e+00
8200 2.761197820009e-01 -1.693749401330e-01 -5.248984656129e+00
8201 2.761534591300e-01 -1.691982061228e-01 -5.246803517244e+00
8202 2.761871362592e-01 -1.690215455866e-01 -5.244621212996e+00
8203 2.762208133883e-01 -1.688449585638e-01 -5.242437743870e+00
8204 2.762544905175e-01 -1.686684450936e-01 -5.240253110349e+00
8205 2.762881676467e-01 -1.684920052152e-01 -5.238067312921e+00
8206 2.763218447758e-01 -1.683156389678e-01 -5.235880352069e+00
8207 2.763555219050e-01 -1.681393463905e-01 -5.233692228281e+00
8208 2.763891990342e-01 -1.679631275225e-01 -5.231502942041e+00
8209 2.764228761633e-01 -1.677869824030e-01 -5.229312493836e+00
8210 2.764565532925e-01 -1.676109110710e-01 -5.227120884153e+00
8211 2.764902304216e-01 -1.674349135657e-01 -5.224928113478e+00
8212 2.765239075508e-01 -1.672589899261e-01 -5.222734182299e+00
8213 2.765575846800e-01 -1.670831401914e-01 -5.220539091102e+00
8214 2.765912618091e-01 -1.669073644006e-01 -5.218342840376e+00
8215 2.766249389383e-01 -1.667316625927e-01 -5.216145430607e+00
8216 2.766586160675e-01 -1.665560348068e-01 -5.213946862285e+00
8217 2.766922931966e-01 -1.663804810819e-01 -5.211747135897e+00
8218 2.767259703258e-01 -1.662050014569e-01 -5.209546251933e+00
8219 2.767596474549e-01 -1.660295959709e-01 -5.207344210880e+00
8220 2.767933245841e-01 -1.658542646627e-01 -5.205141013228e+00
8221 2.768270017133e-01 -1.656790075714e-01 -5.202936659466e+00
8222 2.768606788424e-01 -1.655038247359e-01 -5.200731150085e+00
8223 2.768943559716e-01 -1.653287161950e-01 -5.198524485573e+00
8224 2.769280331007e-01 -1.651536819877e-01 -5.196316666421e+00
8225 2.769617102299e-01 -1.649787221529e-01 -5.194107693119e+00
8226 2.769953873591e-01 -1.648038367294e-01 -5.191897566159e+00
8227 2.770290644882e-01 -1.646290257560e-01 -5.189686286030e+00
8228 2.770627416174e-01 -1.644542892716e-01 -5.187473853224e+00
8229 2.770964187466e-01 -1.642796273150e-01 -5.185260268232e+00
8230 2.771300958757e-01 -1.641050399249e-01 -5.183045531547e+00
8231 2.771637730049e-01 -1.639305271402e-01 -5.180829643659e+00
8232 2.771974501340e-01 -1.637560889997e-01 -5.178612605061e+00
8233 2.772311272632e-01 -1.635817255420e-01 -5.176394416246e+00
8234 2.772648043924e-01 -1.634074368059e-01 -5.174175077706e+00
8235 2.772984815215e-01 -1.632332228301e-01 -5.171954589935e+00
8236 2.773321586507e-01 -1.630590836533e-01 -5.169732953424e+00
8237 2.773658357799e-01 -1.628850193142e-01 -5.167510168669e+00
8238 2.773995129090e-01 -1.627110298514e-01 -5.165286236162e+00
8239 2.774331900382e-01 -1.625371153036e-01 -5.163061156397e+00
8240 2.774668671673e-01 -1.623632757094e-01 -5.160834929869e+00
8241 2.775005442965e-01 -1.621895111074e-01 -5.158607557072e+00
8242 2.775342214257e-01 -1.620158215362e-01 -5.156379038501e+00
8243 2.775678985548e-01 -1.618422070345e-01 -5.154149374650e+00
8244 2.776015756840e-01 -1.616686676407e-01 -5.151918566016e+00
8245 2.776352528132e-01 -1.614952033934e-01 -5.149686613093e+00
8246 2.776689299423e-01 -1.613218143311e-01 -5.147453516378e+00
8247 2.777026070715e-01 -1.611485004923e-01 -5.145219276365e+00
8248 2.777362842006e-01 -1.609752619156e-01 -5.142983893552e+00
8249 2.777699613298e-01 -1.608020986394e-01 -5.140747368436e+00
8250 2.778036384590e-01 -1.606290107022e-01 -5.138509701512e+00
8251 2.778373155881e-01 -1.604559981424e-01 -5.136270893277e+00
8252 2.778709927173e-01 -1.602830609985e-01 -5.134030944230e+00
8253 2.779046698465e-01 -1.601101993088e-01 -5.131789854867e+00
8254 2.779383469756e-01 -1.599374131117e-01 -5.129547625686e+00
8255 2.779720241048e-01 -1.597647024457e-01 -5.127304257186e+00
8256 2.780057012339e-01 -1.595920673490e-01 -5.125059749864e+00
8257 2.780393783631e-01 -1.594195078601e-01 -5.122814104220e+00
8258 2.780730554923e-01 -1.592470240173e-01 -5.120567320751e+00
8259 2.781067326214e-01 -1.590746158588e-01 -5.118319399957e+00
8260 2.781404097506e-01 -1.589022834230e-01 -5.116070342338e+00
8261 2.781740868798e-01 -1.587300267481e-01 -5.113820148392e+00
8262 2.782077640089e-01 -1.585578458725e-01 -5.111568818620e+00
8263 2.782414411381e-01 -1.583857408342e-01 -5.109316353521e+00
8264 2.782751182672e-01 -1.582137116717e-01 -5.107062753596e+00
8265 2.783087953964e-01 -1.580417584230e-01 -5.104808019345e+00
8266 2.783424725256e-01 -1.578698811264e-01 -5.102552151270e+00
8267 2.783761496547e-01 -1.576980798200e-01 -5.100295149871e+00
8268 2.784098267839e-01 -1.575263545420e-01 -5.098037015649e+00
8269 2.784435039130e-01 -1.573547053306e-01 -5.095777749107e+00
8270 2.784771810422e-01 -1.571831322238e-01 -5.093517350745e+00
8271 2.785108581714e-01 -1.570116352599e-01 -5.091255821067e+00
8272 2.785445353005e-01 -1.568402144768e-01 -5.088993160573e+00
8273 2.785782124297e-01 -1.566688699126e-01 -5.086729369768e+00
8274 2.786118895589e-01 -1.564976016055e-01 -5.084464449153e+00
8275 2.786455666880e-01 -1.563264095933e-01 -5.082198399232e+00
8276 2.786792438172e-01 -1.561552939143e-01 -5.079931220508e+00
8277 2.787129209463e-01 -1.559842546063e-01 -5.077662913484e+00
8278 2.787465980755e-01 -1.558132917074e-01 -5.075393478665e+00
8279 2.787802752047e-01 -1.556424052555e-01 -5.073122916554e+00
8280 2.788139523338e-01 -1.554715952886e-01 -5.070851227656e+00
8281 2.788476294630e-01 -1.553008618446e-01 -5.068578412475e+00
8282 2.788813065922e-01 -1.551302049615e-01 -5.066304471517e+00
8283 2.789149837213e-01 -1.549596246771e-01 -5.064029405285e+00
8284 2.789486608505e-01 -1.547891210294e-01 -5.061753214286e+00
8285 2.789823379796e-01 -1.546186940562e-01 -5.059475899026e+00
8286 2.790160151088e-01 -1.544483437953e-01 -5.057197460009e+00
8287 2.790496922380e-01 -1.542780702847e-01 -5.054917897742e+00
8288 2.790833693671e-01 -1.541078735620e-01 -5.052637212731e+00
8289 2.791170464963e-01 -1.539377536652e-01 -5.050355405483e+00
8290 2.791507236255e-01 -1.537677106320e-01 -5.048072476505e+00
8291 2.791844007546e-01 -1.535977445002e-01 -5.045788426303e+00
8292 2.792180778838e-01 -1.534278553075e-01 -5.043503255385e+00
8293 2.792517550129e-01 -1.532580430917e-01 -5.041216964259e+00
8294 2.792854321421e-01 -1.530883078904e-01 -5.038929553432e+00
8295 2.793191092713e-01 -1.529186497414e-01 -5.036641023413e+00
8296 2.793527864004e-01 -1.527490686824e-01 -5.034351374709e+00
8297 2.793864635296e-01 -1.525795647510e-01 -5.032060607830e+00
8298 2.794201406588e-01 -1.524101379848e-01 -5.029768723284e+00
8299 2.794538177879e-01 -1.522407884216e-01 -5.027475721580e+00
8300 2.794874949171e-01 -1.520715160989e-01 -5.025181603227e+00
8301 2.795211720462e-01 -1.519023210543e-01 -5.022886368735e+00
8302 2.795548491754e-01 -1.517332033254e-01 -5.020590018614e+00
8303 2.795885263046e-01 -1.515641629498e-01 -5.018292553374e+00
8304 2.796222034337e-01 -1.513951999649e-01 -5.015993973524e+00
8305 2.796558805629e-01 -1.512263144084e-01 -5.013694279577e+00
8306 2.796895576920e-01 -1.510575063178e-01 -5.011393472042e+00
8307 2.797232348212e-01 -1.508887757304e-01 -5.009091551430e+00
8308 2.797569119504e-01 -1.507201226839e-01 -5.006788518253e+00
8309 2.797905890795e-01 -1.505515472157e-01 -5.004484373022e+00
8310 2.798242662087e-01 -1.503830493632e-01 -5.002179116249e+00
8311 2.798579433379e-01 -1.502146291638e-01 -4.999872748446e+00
8312 2.798916204670e-01 -1.500462866549e-01 -4.997565270126e+00
8313 2.799252975962e-01 -1.498780218740e-01 -4.995256681800e+00
8314 2.799589747253e-01 -1.497098348585e-01 -4.992946983982e+00
8315 2.799926518545e-01 -1.495417256455e-01 -4.990636177184e+00
8316 2.800263289837e-01 -1.493736942726e-01 -4.988324261920e+00
8317 2.800600061128e-01 -1.492057407770e-01 -4.986011238704e+00
8318 2.800936832420e-01 -1.490378651961e-01 -4.983697108048e+00
8319 2.801273603712e-01 -1.488700675670e-01 -4.981381870468e+00
8320 2.801610375003e-01 -1.487023479272e-01 -4.979065526477e+00
8321 2.801947146295e-01 -1.485347063138e-01 -4.976748076590e+00
8322 2.802283917586e-01 -1.483671427640e-01 -4.974429521321e+00
8323 2.802620688878e-01 -1.481996573152e-01 -4.972109861185e+00
8324 2.802957460170e-01 -1.480322500044e-01 -4.969789096699e+00
8325 2.803294231461e-01 -1.478649208689e-01 -4.967467228376e+00
8326 2.803631002753e-01 -1.476976699459e-01 -4.965144256733e+00
8327 2.803967774045e-01 -1.475304972724e-01 -4.962820182286e+00
8328 2.804304545336e-01 -1.473634028857e-01 -4.960495005551e+00
8329 2.804641316628e-01 -1.471963868228e-01 -4.958168727045e+00
8330 2.804978087919e-01 -1.470294491208e-01 -4.955841347284e+00
8331 2.805314859211e-01 -1.468625898168e-01 -4.953512866784e+00
8332 2.805651630503e-01 -1.466958089479e-01 -4.951183286064e+00
8333 2.805988401794e-01 -1.465291065511e-01 -4.948852605641e+00
8334 2.806325173086e-01 -1.463624826634e-01 -4.946520826032e+00
8335 2.806661944378e-01 -1.461959373219e-01 -4.944187947755e+00
8336 2.806998715669e-01 -1.460294705635e-01 -4.941853971329e+00
8337 2.807335486961e-01 -1.458630824252e-01 -4.939518897271e+00
8338 2.807672258252e-01 -1.456967729440e-01 -4.937182726101e+00
8339 2.808009029544e-01 -1.455305421568e-01 -4.934845458337e+00
8340 2.808345800836e-01 -1.453643901005e-01 -4.932507094498e+00
8341 2.808682572127e-01 -1.451983168121e-01 -4.930167635105e+00
8342 2.809019343419e-01 -1.450323223283e-01 -4.927827080676e+00
8343 2.809356114711e-01 -1.448664066862e-01 -4.925485431731e+00
8344 2.809692886002e-01 -1.447005699225e-01 -4.923142688790e+00
8345 2.810029657294e-01 -1.445348120740e-01 -4.920798852374e+00
8346 2.810366428585e-01 -1.443691331777e-01 -4.918453923004e+00
8347 2.810703199877e-01 -1.442035332702e-01 -4.916107901200e+00
8348 2.811039971169e-01 -1.440380123884e-01 -4.913760787483e+00
8349 2.811376742460e-01 -1.438725705690e-01 -4.911412582374e+00
8350 2.811713513752e-01 -1.437072078488e-01 -4.909063286396e+00
8351 2.812050285043e-01 -1.435419242646e-01 -4.906712900069e+00
8352 2.812387056335e-01 -1.433767198529e-01 -4.904361423917e+00
8353 2.812723827627e-01 -1.432115946505e-01 -4.902008858460e+00
8354 2.813060598918e-01 -1.430465486941e-01 -4.899655204223e+00
8355 2.813397370210e-01 -1.428815820204e-01 -4.897300461727e+00
8356 2.813734141502e-01 -1.427166946660e-01 -4.894944631495e+00
8357 2.814070912793e-01 -1.425518866674e-01 -4.892587714051e+00
8358 2.814407684085e-01 -1.423871580614e-01 -4.890229709919e+00
8359 2.814744455376e-01 -1.422225088845e-01 -4.887870619622e+00
8360 2.815081226668e-01 -1.420579391732e-01 -4.885510443683e+00
8361 2.815417997960e-01 -1.418934489642e-01 -4.883149182628e+00
8362 2.815754769251e-01 -1.417290382939e-01 -4.880786836980e+00
8363 2.816091540543e-01 -1.415647071989e-01 -4.878423407265e+00
8364 2.816428311835e-01 -1.414004557157e-01 -4.876058894007e+00
8365 2.816765083126e-01 -1.412362838807e-01 -4.873693297732e+00
8366 2.817101854418e-01 -1.410721917305e-01 -4.871326618964e+00
8367 2.817438625709e-01 -1.409081793014e-01 -4.868958858230e+00
8368 2.817775397001e-01 -1.407442466299e-01 -4.866590016056e+00
8369 2.818112168293e-01 -1.405803937524e-01 -4.864220092967e+00
8370 2.818448939584e-01 -1.404166207053e-01 -4.861849089490e+00
8371 2.818785710876e-01 -1.402529275250e-01 -4.859477006151e+00
8372 2.819122482168e-01 -1.400893142479e-01 -4.857103843479e+00
8373 2.819459253459e-01 -1.399257809102e-01 -4.854729601998e+00
8374 2.819796024751e-01 -1.397623275483e-01 -4.852354282238e+00
8375 2.820132796042e-01 -1.395989541985e-01 -4.849977884725e+00
8376 2.820469567334e-01 -1.394356608970e-01 -4.847600409988e+00
8377 2.820806338626e-01 -1.392724476803e-01 -4.845221858553e+00
8378 2.821143109917e-01 -1.391093145844e-01 -4.842842230951e+00
8379 2.821479881209e-01 -1.389462616457e-01 -4.840461527709e+00
8380 2.821816652501e-01 -1.387832889003e-01 -4.838079749355e+00
8381 2.822153423792e-01 -1.386203963845e-01 -4.835696896420e+00
8382 2.822490195084e-01 -1.384575841345e-01 -4.833312969432e+00
8383 2.822826966375e-01 -1.382948521863e-01 -4.830927968920e+00
8384 2.823163737667e-01 -1.381322005761e-01 -4.828541895416e+00
8385 2.823500508959e-01 -1.379696293402e-01 -4.826154749447e+00
8386 2.823837280250e-01 -1.378071385145e-01 -4.823766531545e+00
8387 2.824174051542e-01 -1.376447281351e-01 -4.821377242241e+00
8388 2.824510822833e-01 -1.374823982382e-01 -4.818986882064e+00
8389 2.824847594125e-01 -1.373201488598e-01 -4.816595451546e+00
8390 2.825184365417e-01 -1.371579800359e-01 -4.814202951217e+00
8391 2.825521136708e-01 -1.369958918026e-01 -4.811809381610e+00
8392 2.825857908000e-01 -1.368338841958e-01 -4.809414743256e+00
8393 2.826194679292e-01 -1.366719572516e-01 -4.807019036687e+00
8394 2.826531450583e-01 -1.365101110059e-01 -4.804622262434e+00
8395 2.826868221875e-01 -1.363483454946e-01 -4.802224421031e+00
8396 2.827204993166e-01 -1.361866607537e-01 -4.799825513009e+00
8397 2.827541764458e-01 -1.360250568190e-01 -4.797425538902e+00
8398 2.827878535750e-01 -1.358635337266e-01 -4.795024499243e+00
8399 2.828215307041e-01 -1.357020915122e-01 -4.792622394565e+00
8400 2.828552078333e-01 -1.355407302117e-01 -4.790219225401e+00
8401 2.828888849625e-01 -1.353794498610e-01 -4.787814992286e+00
8402 2.829225620916e-01 -1.352182504958e-01 -4.785409695752e+00
8403 2.829562392208e-01 -1.350571321521e-01 -4.783003336336e+00
8404 2.829899163499e-01 -1.348960948655e-01 -4.780595914570e+00
8405 2.830235934791e-01 -1.347351386718e-01 -4.778187430990e+00
8406 2.830572706083e-01 -1.345742636069e-01 -4.775777886130e+00
8407 2.830909477374e-01 -1.344134697063e-01 -4.773367280527e+00
8408 2.831246248666e-01 -1.342527570059e-01 -4.770955614714e+00
8409 2.831583019958e-01 -1.340921255413e-01 -4.768542889229e+00
8410 2.831919791249e-01 -1.339315753482e-01 -4.766129104606e+00
8411 2.832256562541e-01 -1.337711064622e-01 -4.763714261382e+00
8412 2.832593333832e-01 -1.336107189191e-01 -4.761298360093e+00
8413 2.832930105124e-01 -1.334504127544e-01 -4.758881401277e+00
8414 2.833266876416e-01 -1.332901880037e-01 -4.756463385469e+00
8415 2.833603647707e-01 -1.331300447027e-01 -4.754044313206e+00
8416 2.833940418999e-01 -1.329699828868e-01 -4.751624185027e+00
8417 2.834277190291e-01 -1.328100025917e-01 -4.749203001468e+00
8418 2.834613961582e-01 -1.326501038529e-01 -4.746780763068e+00
8419 2.834950732874e-01 -1.324902867058e-01 -4.744357470364e+00
8420 2.835287504165e-01 -1.323305511861e-01 -4.741933123894e+00
8421 2.835624275457e-01 -1.321708973291e-01 -4.739507724198e+00
8422 2.835961046749e-01 -1.320113251703e-01 -4.737081271813e+00
8423 2.836297818040e-01 -1.318518347452e-01 -4.734653767279e+00
8424 2.836634589332e-01 -1.316924260892e-01 -4.732225211135e+00
8425 2.836971360624e-01 -1.315330992377e-01 -4.729795603921e+00
8426 2.837308131915e-01 -1.313738542260e-01 -4.727364946175e+00
8427 2.837644903207e-01 -1.312146910897e-01 -4.724933238437e+00
8428 2.837981674498e-01 -1.310556098639e-01 -4.722500481249e+00
8429 2.838318445790e-01 -1.308966105841e-01 -4.720066675150e+00
8430 2.838655217082e-01 -1.307376932855e-01 -4.717631820681e+00
8431 2.838991988373e-01 -1.305788580035e-01 -4.715195918382e+00
8432 2.839328759665e-01 -1.304201047734e-01 -4.712758968795e+00
8433 2.839665530956e-01 -1.302614336303e-01 -4.710320972461e+00
8434 2.840002302248e-01 -1.301028446095e-01 -4.707881929921e+00
8435 2.840339073540e-01 -1.299443377463e-01 -4.705441841718e+00
8436 2.840675844831e-01 -1.297859130759e-01 -4.703000708392e+00
8437 2.841012616123e-01 -1.296275706335e-01 -4.700558530487e+00
8438 2.841349387415e-01 -1.294693104541e-01 -4.698115308544e+00
8439 2.841686158706e-01 -1.293111325730e-01 -4.695671043107e+00
8440 2.842022929998e-01 -1.291530370254e-01 -4.693225734718e+00
8441 2.842359701289e-01 -1.289950238462e-01 -4.690779383921e+00
8442 2.842696472581e-01 -1.288370930707e-01 -4.688331991258e+00
8443 2.843033243873e-01 -1.286792447339e-01 -4.685883557274e+00
8444 2.843370015164e-01 -1.285214788708e-01 -4.683434082512e+00
8445 2.843706786456e-01 -1.283637955165e-01 -4.680983567516e+00
8446 2.844043557748e-01 -1.282061947060e-01 -4.678532012830e+00
8447 2.844380329039e-01 -1.280486764744e-01 -4.676079419000e+00
8448 2.844717100331e-01 -1.278912408566e-01 -4.673625786569e+00
8449 2.845053871622e-01 -1.277338878875e-01 -4.671171116083e+00
8450 2.845390642914e-01 -1.275766176022e-01 -4.668715408088e+00
8451 2.845727414206e-01 -1.274194300355e-01 -4.666258663127e+00
8452 2.846064185497e-01 -1.272623252224e-01 -4.663800881747e+00
8453 2.846400956789e-01 -1.271053031978e-01 -4.661342064495e+00
8454 2.846737728081e-01 -1.269483639965e-01 -4.658882211915e+00
8455 2.847074499372e-01 -1.267915076534e-01 -4.656421324555e+00
8456 2.847411270664e-01 -1.266347342033e-01 -4.653959402961e+00
8457 2.847748041955e-01 -1.264780436811e-01 -4.651496447680e+00
8458 2.848084813247e-01 -1.263214361216e-01 -4.649032459258e+00
8459 2.848421584539e-01 -1.261649115595e-01 -4.646567438244e+00
8460 2.848758355830e-01 -1.260084700296e-01 -4.644101385184e+00
8461 2.849095127122e-01 -1.258521115667e-01 -4.641634300627e+00
8462 2.849431898414e-01 -1.256958362055e-01 -4.639166185120e+00
8463 2.849768669705e-01 -1.255396439806e-01 -4.636697039212e+00
8464 2.850105440997e-01 -1.253835349269e-01 -4.634226863450e+00
8465 2.850442212288e-01 -1.252275090789e-01 -4.631755658385e+00
8466 2.850778983580e-01 -1.250715664713e-01 -4.629283424563e+00
8467 2.851115754872e-01 -1.249157071388e-01 -4.626810162535e+00
8468 2.851452526163e-01 -1.247599311160e-01 -4.624335872850e+00
8469 2.851789297455e-01 -1.246042384374e-01 -4.621860556058e+00
8470 2.852126068746e-01 -1.244486291376e-01 -4.619384212708e+00
8471 2.852462840038e-01 -1.242931032513e-01 -4.616906843350e+00
8472 2.852799611330e-01 -1.241376608130e-01 -4.614428448535e+00
8473 2.853136382621e-01 -1.239823018571e-01 -4.611949028813e+00
8474 2.853473153913e-01 -1.238270264182e-01 -4.609468584734e+00
8475 2.853809925205e-01 -1.236718345308e-01 -4.606987116850e+00
8476 2.854146696496e-01 -1.235167262293e-01 -4.604504625712e+00
8477 2.854483467788e-01 -1.233617015483e-01 -4.602021111871e+00
8478 2.854820239079e-01 -1.232067605220e-01 -4.599536575879e+00
8479 2.855157010371e-01 -1.230519031850e-01 -4.597051018287e+00
8480 2.855493781663e-01 -1.228971295717e-01 -4.594564439648e+00
8481 2.855830552954e-01 -1.227424397163e-01 -4.592076840515e+00
8482 2.856167324246e-01 -1.225878336534e-01 -4.589588221438e+00
8483 2.856504095538e-01 -1.224333114171e-01 -4.587098582972e+00
8484 2.856840866829e-01 -1.222788730419e-01 -4.584607925669e+00
8485 2.857177638121e-01 -1.221245185620e-01 -4.582116250083e+00
8486 2.857514409412e-01 -1.219702480117e-01 -4.579623556766e+00
8487 2.857851180704e-01 -1.218160614253e-01 -4.577129846273e+00
8488 2.858187951996e-01 -1.216619588371e-01 -4.574635119157e+00
8489 2.858524723287e-01 -1.215079402812e-01 -4.572139375973e+00
8490 2.858861494579e-01 -1.213540057919e-01 -4.569642617275e+00
8491 2.859198265871e-01 -1.212001554033e-01 -4.567144843616e+00
8492 2.859535037162e-01 -1.210463891496e-01 -4.564646055554e+00
8493 2.859871808454e-01 -1.208927070651e-01 -4.562146253641e+00
8494 2.860208579745e-01 -1.207391091837e-01 -4.559645438433e+00
8495 2.860545351037e-01 -1.205855955397e-01 -4.557143610487e+00
8496 2.860882122329e-01 -1.204321661671e-01 -4.554640770356e+00
8497 2.861218893620e-01 -1.202788211001e-01 -4.552136918599e+00
8498 2.861555664912e-01 -1.201255603725e-01 -4.549632055769e+00
8499 2.861892436204e-01 -1.199723840186e-01 -4.547126182425e+00
8500 2.862229207495e-01 -1.198192920724e-01 -4.544619299122e+00
8501 2.862565978787e-01 -1.196662845677e-01 -4.542111406418e+00
8502 2.862902750078e-01 -1.195133615387e-01 -4.539602504868e+00
8503 2.863239521370e-01 -1.193605230192e-01 -4.537092595031e+00
8504 2.863576292662e-01 -1.192077690433e-01 -4.534581677465e+00
8505 2.863913063953e-01 -1.190550996448e-01 -4.532069752726e+00
8506 2.864249835245e-01 -1.189025148577e-01 -4.529556821372e+00
8507 2.864586606537e-01 -1.187500147159e-01 -4.527042883963e+00
8508 2.864923377828e-01 -1.185975992532e-01 -4.524527941055e+00
8509 2.865260149120e-01 -1.184452685034e-01 -4.522011993208e+00
8510 2.865596920411e-01 -1.182930225005e-01 -4.519495040981e+00
8511 2.865933691703e-01 -1.181408612782e-01 -4.516977084932e+00
8512 2.866270462995e-01 -1.179887848703e-01 -4.514458125622e+00
8513 2.866607234286e-01 -1.178367933107e-01 -4.511938163608e+00
8514 2.866944005578e-01 -1.176848866330e-01 -4.509417199452e+00
8515 2.867280776869e-01 -1.175330648710e-01 -4.506895233712e+00
8516 2.867617548161e-01 -1.173813280584e-01 -4.504372266950e+00
8517 2.867954319453e-01 -1.172296762289e-01 -4.501848299725e+00
8518 2.868291090744e-01 -1.170781094163e-01 -4.499323332599e+00
8519 2.868627862036e-01 -1.169266276541e-01 -4.496797366131e+00
8520 2.868964633328e-01 -1.167752309761e-01 -4.494270400883e+00
8521 2.869301404619e-01 -1.166239194158e-01 -4.491742437416e+00
8522 2.869638175911e-01 -1.164726930068e-01 -4.489213476293e+00
8523 2.869974947202e-01 -1.163215517828e-01 -4.486683518073e+00
8524 2.870311718494e-01 -1.161704957773e-01 -4.484152563320e+00
8525 2.870648489786e-01 -1.160195250239e-01 -4.481620612595e+00
8526 2.870985261077e-01 -1.158686395560e-01 -4.479087666461e+00
8527 2.871322032369e-01 -1.157178394073e-01 -4.476553725481e+00
8528 2.871658803661e-01 -1.155671246112e-01 -4.474018790217e+00
8529 2.871995574952e-01 -1.154164952011e-01 -4.471482861232e+00
8530 2.872332346244e-01 -1.152659512106e-01 -4.468945939090e+00
8531 2.872669117535e-01 -1.151154926730e-01 -4.466408024353e+00
8532 2.873005888827e-01 -1.149651196219e-01 -4.463869117587e+00
8533 2.873342660119e-01 -1.148148320905e-01 -4.461329219354e+00
8534 2.873679431410e-01 -1.146646301123e-01 -4.458788330218e+00
8535 2.874016202702e-01 -1.145145137206e-01 -4.456246450745e+00
8536 2.874352973994e-01 -1.143644829488e-01 -4.453703581499e+00
8537 2.874689745285e-01 -1.142145378302e-01 -4.451159723044e+00
8538 2.875026516577e-01 -1.140646783981e-01 -4.448614875946e+00
8539 2.875363287868e-01 -1.139149046857e-01 -4.446069040769e+00
8540 2.875700059160e-01 -1.137652167265e-01 -4.443522218079e+00
8541 2.876036830452e-01 -1.136156145535e-01 -4.440974408443e+00
8542 2.876373601743e-01 -1.134660982000e-01 -4.438425612425e+00
8543 2.876710373035e-01 -1.133166676993e-01 -4.435875830592e+00
8544 2.877047144327e-01 -1.131673230845e-01 -4.433325063510e+00
8545 2.877383915618e-01 -1.130180643888e-01 -4.430773311745e+00
8546 2.877720686910e-01 -1.128688916453e-01 -4.428220575866e+00
8547 2.878057458201e-01 -1.127198048872e-01 -4.425666856438e+00
8548 2.878394229493e-01 -1.125708041476e-01 -4.423112154028e+00
8549 2.878731000785e-01 -1.124218894596e-01 -4.420556469205e+00
8550 2.879067772076e-01 -1.122730608563e-01 -4.417999802535e+00
8551 2.879404543368e-01 -1.121243183707e-01 -4.415442154587e+00
8552 2.879741314660e-01 -1.119756620358e-01 -4.412883525929e+00
8553 2.880078085951e-01 -1.118270918847e-01 -4.410323917129e+00
8554 2.880414857243e-01 -1.116786079504e-01 -4.407763328755e+00
8555 2.880751628534e-01 -1.115302102658e-01 -4.405201761376e+00
8556 2.881088399826e-01 -1.113818988640e-01 -4.402639215562e+00
8557 2.881425171118e-01 -1.112336737778e-01 -4.400075691881e+00
8558 2.881761942409e-01 -1.110855350401e-01 -4.397511190903e+00
8559 2.882098713701e-01 -1.109374826840e-01 -4.394945713197e+00
8560 2.882435484992e-01 -1.107895167422e-01 -4.392379259333e+00
8561 2.882772256284e-01 -1.106416372477e-01 -4.389811829881e+00
8562 2.883109027576e-01 -1.104938442332e-01 -4.387243425412e+00
8563 2.883445798867e-01 -1.103461377316e-01 -4.384674046496e+00
8564 2.883782570159e-01 -1.101985177757e-01 -4.382103693703e+00
8565 2.884119341451e-01 -1.100509843983e-01 -4.379532367604e+00
8566 2.884456112742e-01 -1.099035376322e-01 -4.376960068772e+00
8567 2.884792884034e-01 -1.097561775101e-01 -4.374386797776e+00
8568 2.885129655325e-01 -1.096089040647e-01 -4.371812555189e+00
8569 2.885466426617e-01 -1.094617173288e-01 -4.369237341582e+00
8570 2.885803197909e-01 -1.093146173350e-01 -4.366661157527e+00
8571 2.886139969200e-01 -1.091676041161e-01 -4.364084003596e+00
8572 2.886476740492e-01 -1.090206777046e-01 -4.361505880362e+00
8573 2.886813511784e-01 -1.088738381332e-01 -4.358926788398e+00
8574 2.887150283075e-01 -1.087270854345e-01 -4.356346728276e+00
8575 2.887487054367e-01 -1.085804196412e-01 -4.353765700570e+00
8576 2.887823825658e-01 -1.084338407857e-01 -4.351183705852e+00
8577 2.888160596950e-01 -1.082873489007e-01 -4.348600744696e+00
8578 2.888497368242e-01 -1.081409440186e-01 -4.346016817676e+00
8579 2.888834139533e-01 -1.079946261721e-01 -4.343431925365e+00
8580 2.889170910825e-01 -1.078483953936e-01 -4.340846068339e+00
8581 2.889507682117e-01 -1.077022517155e-01 -4.338259247170e+00
8582 2.889844453408e-01 -1.075561951704e-01 -4.335671462434e+00
8583 2.890181224700e-01 -1.074102257906e-01 -4.333082714706e+00
8584 2.890517995991e-01 -1.072643436087e-01 -4.330493004560e+00
8585 2.890854767283e-01 -1.071185486569e-01 -4.327902332572e+00
8586 2.891191538575e-01 -1.069728409677e-01 -4.325310699317e+00
8587 2.891528309866e-01 -1.068272205735e-01 -4.322718105371e+00
8588 2.891865081158e-01 -1.066816875066e-01 -4.320124551309e+00
8589 2.892201852450e-01 -1.065362417993e-01 -4.317530037708e+00
8590 2.892538623741e-01 -1.063908834839e-01 -4.314934565144e+00
8591 2.892875395033e-01 -1.062456125927e-01 -4.312338134193e+00
8592 2.893212166324e-01 -1.061004291579e-01 -4.309740745433e+00
8593 2.893548937616e-01 -1.059553332119e-01 -4.307142399439e+00
8594 2.893885708908e-01 -1.058103247869e-01 -4.304543096789e+00
8595 2.894222480199e-01 -1.056654039150e-01 -4.301942838061e+00
8596 2.894559251491e-01 -1.055205706284e-01 -4.299341623831e+00
8597 2.894896022782e-01 -1.053758249593e-01 -4.296739454678e+00
8598 2.895232794074e-01 -1.052311669399e-01 -4.294136331180e+00
8599 2.895569565366e-01 -1.050865966023e-01 -4.291532253915e+00
8600 2.895906336657e-01 -1.049421139786e-01 -4.288927223461e+00
8601 2.896243107949e-01 -1.047977191008e-01 -4.286321240397e+00
8602 2.896579879241e-01 -1.046534120012e-01 -4.283714305301e+00
8603 2.896916650532e-01 -1.045091927116e-01 -4.281106418753e+00
8604 2.897253421824e-01 -1.043650612642e-01 -4.278497581332e+00
8605 2.897590193115e-01 -1.042210176910e-01 -4.275887793618e+00
8606 2.897926964407e-01 -1.040770620239e-01 -4.273277056189e+00
8607 2.898263735699e-01 -1.039331942949e-01 -4.270665369626e+00
8608 2.898600506990e-01 -1.037894145360e-01 -4.268052734509e+00
8609 2.898937278282e-01 -1.036457227791e-01 -4.265439151419e+00
8610 2.899274049574e-01 -1.035021190561e-01 -4.262824620935e+00
8611 2.899610820865e-01 -1.033586033990e-01 -4.260209143638e+00
8612 2.899947592157e-01 -1.032151758396e-01 -4.257592720110e+00
8613 2.900284363448e-01 -1.030718364097e-01 -4.254975350932e+00
8614 2.900621134740e-01 -1.029285851412e-01 -4.252357036684e+00
8615 2.900957906032e-01 -1.027854220660e-01 -4.249737777949e+00
8616 2.901294677323e-01 -1.026423472157e-01 -4.247117575308e+00
8617 2.901631448615e-01 -1.024993606223e-01 -4.244496429343e+00
8618 2.901968219907e-01 -1.023564623174e-01 -4.241874340636e+00
8619 2.902304991198e-01 -1.022136523327e-01 -4.239251309770e+00
8620 2.902641762490e-01 -1.020709307001e-01 -4.236627337327e+00
8621 2.902978533781e-01 -1.019282974512e-01 -4.234002423891e+00
8622 2.903315305073e-01 -1.017857526177e-01 -4.231376570043e+00
8623 2.903652076365e-01 -1.016432962312e-01 -4.228749776368e+00
8624 2.903988847656e-01 -1.015009283234e-01 -4.226122043449e+00
8625 2.904325618948e-01 -1.013586489259e-01 -4.223493371869e+00
8626 2.904662390240e-01 -1.012164580703e-01 -4.220863762212e+00
8627 2.904999161531e-01 -1.010743557882e-01 -4.218233215063e+00
8628 2.905335932823e-01 -1.009323421112e-01 -4.215601731006e+00
8629 2.905672704114e-01 -1.007904170707e-01 -4.212969310624e+00
8630 2.906009475406e-01 -1.006485806984e-01 -4.210335954503e+00
8631 2.906346246698e-01 -1.005068330257e-01 -4.207701663228e+00
8632 2.906683017989e-01 -1.003651740841e-01 -4.205066437384e+00
8633 2.907019789281e-01 -1.002236039051e-01 -4.202430277556e+00
8634 2.907356560573e-01 -1.000821225201e-01 -4.199793184329e+00
8635 2.907693331864e-01 -9.994072996055e-02 -4.197155158290e+00
8636 2.908030103156e-01 -9.979942625782e-02 -4.194516200023e+00
8637 2.908366874447e-01 -9.965821144333e-02 -4.191876310117e+00
8638 2.908703645739e-01 -9.951708554842e-02 -4.189235489156e+00
8639 2.909040417031e-01 -9.937604860445e-02 -4.186593737727e+00
8640 2.909377188322e-01 -9.923510064275e-02 -4.183951056417e+00
8641 2.909713959614e-01 -9.909424169461e-02 -4.181307445814e+00
8642 2.910050730905e-01 -9.895347179134e-02 -4.178662906503e+00
8643 2.910387502197e-01 -9.881279096418e-02 -4.176017439073e+00
8644 2.910724273489e-01 -9.867219924439e-02 -4.173371044111e+00
8645 2.911061044780e-01 -9.853169666319e-02 -4.170723722205e+00
8646 2.911397816072e-01 -9.839128325180e-02 -4.168075473943e+00
8647 2.911734587364e-01 -9.825095904140e-02 -4.165426299913e+00
8648 2.912071358655e-01 -9.811072406315e-02 -4.162776200704e+00
8649 2.912408129947e-01 -9.797057834821e-02 -4.160125176904e+00
8650 2.912744901238e-01 -9.783052192770e-02 -4.157473229101e+00
8651 2.913081672530e-01 -9.769055483273e-02 -4.154820357886e+00
8652 2.913418443822e-01 -9.755067709438e-02 -4.152166563847e+00
8653 2.913755215113e-01 -9.741088874373e-02 -4.149511847573e+00
8654 2.914091986405e-01 -9.727118981183e-02 -4.146856209655e+00
8655 2.914428757697e-01 -9.713158032969e-02 -4.144199650682e+00
8656 2.914765528988e-01 -9.699206032834e-02 -4.141542171244e+00
8657 2.915102300280e-01 -9.685262983876e-02 -4.138883771931e+00
8658 2.915439071571e-01 -9.671328889191e-02 -4.136224453334e+00
8659 2.915775842863e-01 -9.657403751875e-02 -4.133564216044e+00
8660 2.916112614155e-01 -9.643487575021e-02 -4.130903060651e+00
8661 2.916449385446e-01 -9.629580361719e-02 -4.128240987747e+00
8662 2.916786156738e-01 -9.615682115059e-02 -4.125577997922e+00
8663 2.917122928030e-01 -9.601792838127e-02 -4.122914091768e+00
8664 2.917459699321e-01 -9.587912534008e-02 -4.120249269878e+00
8665 2.917796470613e-01 -9.574041205786e-02 -4.117583532842e+00
8666 2.918133241904e-01 -9.560178856540e-02 -4.114916881253e+00
8667 2.918470013196e-01 -9.546325489351e-02 -4.112249315703e+00
8668 2.918806784488e-01 -9.532481107295e-02 -4.109580836784e+00
8669 2.919143555779e-01 -9.518645713447e-02 -4.106911445090e+00
8670 2.919480327071e-01 -9.504819310880e-02 -4.104241141213e+00
8671 2.919817098363e-01 -9.491001902666e-02 -4.101569925747e+00
8672 2.920153869654e-01 -9.477193491872e-02 -4.098897799284e+00
8673 2.920490640946e-01 -9.463394081566e-02 -4.096224762418e+00
8674 2.920827412237e-01 -9.449603674813e-02 -4.093550815743e+00
8675 2.921164183529e-01 -9.435822274676e-02 -4.090875959853e+00
8676 2.921500954821e-01 -9.422049884215e-02 -4.088200195341e+00
8677 2.921837726112e-01 -9.408286506491e-02 -4.085523522803e+00
8678 2.922174497404e-01 -9.394532144560e-02 -4.082845942832e+00
8679 2.922511268695e-01 -9.380786801476e-02 -4.080167456024e+00
8680 2.922848039987e-01 -9.367050480293e-02 -4.077488062973e+00
8681 2.923184811279e-01 -9.353323184062e-02 -4.074807764274e+00
8682 2.923521582570e-01 -9.339604915831e-02 -4.072126560523e+00
8683 2.923858353862e-01 -9.325895678648e-02 -4.069444452316e+00
8684 2.924195125154e-01 -9.312195475558e-02 -4.066761440247e+00
8685 2.924531896445e-01 -9.298504309603e-02 -4.064077524913e+00
8686 2.924868667737e-01 -9.284822183825e-02 -4.061392706910e+00
8687 2.925205439028e-01 -9.271149101262e-02 -4.058706986835e+00
8688 2.925542210320e-01 -9.257485064952e-02 -4.056020365283e+00
8689 2.925878981612e-01 -9.243830077928e-02 -4.053332842852e+00
8690 2.926215752903e-01 -9.230184143225e-02 -4.050644420139e+00
8691 2.926552524195e-01 -9.216547263873e-02 -4.047955097740e+00
8692 2.926889295487e-01 -9.202919442900e-02 -4.045264876253e+00
8693 2.927226066778e-01 -9.189300683335e-02 -4.042573756276e+00
8694 2.927562838070e-01 -9.175690988201e-02 -4.039881738405e+00
8695 2.927899609361e-01 -9.162090360521e-02 -4.037188823240e+00
8696 2.928236380653e-01 -9.148498803317e-02 -4.034495011378e+00
8697 2.928573151945e-01 -9.134916319607e-02 -4.031800303418e+00
8698 2.928909923236e-01 -9.121342912407e-02 -4.029104699958e+00
8699 2.929246694528e-01 -9.107778584734e-02 -4.026408201596e+00
8700 2.929583465820e-01 -9.094223339598e-02 -4.023710808932e+00
8701 2.929920237111e-01 -9.080677180012e-02 -4.021012522565e+00
8702 2.930257008403e-01 -9.067140108984e-02 -4.018313343095e+00
8703 2.930593779694e-01 -9.053612129520e-02 -4.015613271119e+00
8704 2.930930550986e-01 -9.040093244626e-02 -4.012912307240e+00
8705 2.931267322278e-01 -9.026583457303e-02 -4.010210452055e+00
8706 2.931604093569e-01 -9.013082770553e-02 -4.007507706166e+00
8707 2.931940864861e-01 -8.999591187374e-02 -4.004804070173e+00
8708 2.932277636153e-01 -8.986108710764e-02 -4.002099544675e+00
8709 2.932614407444e-01 -8.972635343715e-02 -3.999394130275e+00
8710 2.932951178736e-01 -8.959171089222e-02 -3.996687827572e+00
8711 2.933287950027e-01 -8.945715950274e-02 -3.993980637169e+00
8712 2.933624721319e-01 -8.932269929860e-02 -3.991272559665e+00
8713 2.933961492611e-01 -8.918833030966e-02 -3.988563595663e+00
8714 2.934298263902e-01 -8.905405256577e-02 -3.985853745765e+00
8715 2.934635035194e-01 -8.891986609676e-02 -3.983143010572e+00
8716 2.934971806486e-01 -8.878577093243e-02 -3.980431390686e+00
8717 2.935308577777e-01 -8.865176710256e-02 -3.977718886709e+00
8718 2.935645349069e-01 -8.851785463691e-02 -3.975005499245e+00
8719 2.935982120360e-01 -8.838403356523e-02 -3.972291228895e+00
8720 2.936318891652e-01 -8.825030391724e-02 -3.969576076263e+00
8721 2.936655662944e-01 -8.811666572265e-02 -3.966860041952e+00
8722 2.936992434235e-01 -8.798311901113e-02 -3.964143126565e+00
8723 2.937329205527e-01 -8.784966381235e-02 -3.961425330705e+00
8724 2.937665976818e-01 -8.771630015595e-02 -3.958706654975e+00
8725 2.938002748110e-01 -8.758302807155e-02 -3.955987099981e+00
8726 2.938339519402e-01 -8.744984758876e-02 -3.953266666326e+00
8727 2.938676290693e-01 -8.731675873714e-02 -3.950545354614e+00
8728 2.939013061985e-01 -8.718376154627e-02 -3.947823165449e+00
8729 2.939349833277e-01 -8.705085604568e-02 -3.945100099437e+00
8730 2.939686604568e-01 -8.691804226489e-02 -3.942376157181e+00
8731 2.940023375860e-01 -8.678532023341e-02 -3.939651339288e+00
8732 2.940360147151e-01 -8.665268998070e-02 -3.936925646361e+00
8733 2.940696918443e-01 -8.652015153623e-02 -3.934199079008e+00
8734 2.941033689735e-01 -8.638770492944e-02 -3.931471637832e+00
8735 2.941370461026e-01 -8.625535018975e-02 -3.928743323441e+00
8736 2.941707232318e-01 -8.612308734654e-02 -3.926014136439e+00
8737 2.942044003610e-01 -8.599091642920e-02 -3.923284077434e+00
8738 2.942380774901e-01 -8.585883746709e-02 -3.920553147031e+00
8739 2.942717546193e-01 -8.572685048954e-02 -3.917821345837e+00
8740 2.943054317484e-01 -8.559495552586e-02 -3.915088674459e+00
8741 2.943391088776e-01 -8.546315260536e-02 -3.912355133504e+00
8742 2.943727860068e-01 -8.533144175730e-02 -3.909620723579e+00
8743 2.944064631359e-01 -8.519982301094e-02 -3.906885445291e+00
8744 2.944401402651e-01 -8.506829639551e-02 -3.904149299248e+00
8745 2.944738173943e-01 -8.493686194024e-02 -3.901412286058e+00
8746 2.945074945234e-01 -8.480551967430e-02 -3.898674406328e+00
8747 2.945411716526e-01 -8.467426962687e-02 -3.895935660666e+00
8748 2.945748487817e-01 -8.454311182711e-02 -3.893196049682e+00
8749 2.946085259109e-01 -8.441204630414e-02 -3.890455573983e+00
8750 2.946422030401e-01 -8.428107308708e-02 -3.887714234177e+00
8751 2.946758801692e-01 -8.415019220501e-02 -3.884972030875e+00
8752 2.947095572984e-01 -8.401940368701e-02 -3.882228964685e+00
8753 2.947432344276e-01 -8.388870756213e-02 -3.879485036216e+00
8754 2.947769115567e-01 -8.375810385939e-02 -3.876740246078e+00
8755 2.948105886859e-01 -8.362759260781e-02 -3.873994594880e+00
8756 2.948442658150e-01 -8.349717383636e-02 -3.871248083232e+00
8757 2.948779429442e-01 -8.336684757402e-02 -3.868500711744e+00
8758 2.949116200734e-01 -8.323661384974e-02 -3.865752481027e+00
8759 2.949452972025e-01 -8.310647269244e-02 -3.863003391691e+00
8760 2.949789743317e-01 -8.297642413102e-02 -3.860253444346e+00
8761 2.950126514608e-01 -8.284646819437e-02 -3.857502639603e+00
8762 2.950463285900e-01 -8.271660491136e-02 -3.854750978073e+00
8763 2.950800057192e-01 -8.258683431083e-02 -3.851998460368e+00
8764 2.951136828483e-01 -8.245715642160e-02 -3.849245087099e+00
8765 2.951473599775e-01 -8.232757127248e-02 -3.846490858876e+00
8766 2.951810371067e-01 -8.219807889224e-02 -3.843735776313e+00
8767 2.952147142358e-01 -8.206867930965e-02 -3.840979840021e+00
8768 2.952483913650e-01 -8.193937255345e-02 -3.838223050612e+00
8769 2.952820684941e-01 -8.181015865236e-02 -3.835465408698e+00
8770 2.953157456233e-01 -8.168103763508e-02 -3.832706914892e+00
8771 2.953494227525e-01 -8.155200953029e-02 -3.829947569807e+00
8772 2.953830998816e-01 -8.142307436665e-02 -3.827187374055e+00
8773 2.954167770108e-01 -8.129423217279e-02 -3.824426328249e+00
8774 2.954504541400e-01 -8.116548297733e-02 -3.821664433004e+00
8775 2.954841312691e-01 -8.103682680887e-02 -3.818901688931e+00
8776 2.955178083983e-01 -8.090826369598e-02 -3.816138096645e+00
8777 2.955514855274e-01 -8.077979366722e-02 -3.813373656760e+00
8778 2.955851626566e-01 -8.065141675112e-02 -3.810608369890e+00
8779 2.956188397858e-01 -8.052313297620e-02 -3.807842236648e+00
8780 2.956525169149e-01 -8.039494237095e-02 -3.805075257650e+00
8781 2.956861940441e-01 -8.026684496384e-02 -3.802307433509e+00
8782 2.957198711733e-01 -8.013884078333e-02 -3.799538764841e+00
8783 2.957535483024e-01 -8.001092985783e-02 -3.796769252260e+00
8784 2.957872254316e-01 -7.988311221578e-02 -3.793998896383e+00
8785 2.958209025607e-01 -7.975538788554e-02 -3.791227697823e+00
8786 2.958545796899e-01 -7.962775689550e-02 -3.788455657196e+00
8787 2.958882568191e-01 -7.950021927400e-02 -3.785682775119e+00
8788 2.959219339482e-01 -7.937277504937e-02 -3.782909052207e+00
8789 2.959556110774e-01 -7.924542424992e-02 -3.780134489075e+00
8790 2.959892882066e-01 -7.911816690392e-02 -3.777359086342e+00
8791 2.960229653357e-01 -7.899100303965e-02 -3.774582844622e+00
8792 2.960566424649e-01 -7.886393268535e-02 -3.771805764532e+00
8793 2.960903195940e-01 -7.873695586924e-02 -3.769027846690e+00
8794 2.961239967232e-01 -7.861007261953e-02 -3.766249091712e+00
8795 2.961576738524e-01 -7.848328296439e-02 -3.763469500215e+00
8796 2.961913509815e-01 -7.835658693200e-02 -3.760689072817e+00
8797 2.962250281107e-01 -7.822998455048e-02 -3.757907810136e+00
8798 2.962587052399e-01 -7.810347584796e-02 -3.755125712789e+00
8799 2.962923823690e-01 -7.797706085255e-02 -3.752342781393e+00
8800 2.963260594982e-01 -7.785073959230e-02 -3.749559016568e+00
8801 2.963597366273e-01 -7.772451209529e-02 -3.746774418932e+00
8802 2.963934137565e-01 -7.759837838955e-02 -3.743988989102e+00
8803 2.964270908857e-01 -7.747233850309e-02 -3.741202727698e+00
8804 2.964607680148e-01 -7.734639246391e-02 -3.738415635339e+00
8805 2.964944451440e-01 -7.722054029998e-02 -3.735627712643e+00
8806 2.965281222731e-01 -7.709478203926e-02 -3.732838960229e+00
8807 2.965617994023e-01 -7.696911770968e-02 -3.730049378718e+00
8808 2.965954765315e-01 -7.684354733915e-02 -3.727258968729e+00
8809 2.966291536606e-01 -7.671807095555e-02 -3.724467730881e+00
8810 2.966628307898e-01 -7.659268858677e-02 -3.721675665794e+00
8811 2.966965079190e-01 -7.646740026064e-02 -3.718882774089e+00
8812 2.967301850481e-01 -7.634220600499e-02 -3.716089056386e+00
8813 2.967638621773e-01 -7.621710584764e-02 -3.713294513306e+00
8814 2.967975393064e-01 -7.609209981637e-02 -3.710499145469e+00
8815 2.968312164356e-01 -7.596718793894e-02 -3.707702953495e+00
8816 2.968648935648e-01 -7.584237024309e-02 -3.704905938007e+00
8817 2.968985706939e-01 -7.571764675656e-02 -3.702108099625e+00
8818 2.969322478231e-01 -7.559301750704e-02 -3.699309438971e+00
8819 2.969659249523e-01 -7.546848252221e-02 -3.696509956666e+00
8820 2.969996020814e-01 -7.534404182973e-02 -3.693709653333e+00
8821 2.970332792106e-01 -7.521969545725e-02 -3.690908529592e+00
8822 2.970669563397e-01 -7.509544343238e-02 -3.688106586067e+00
8823 2.971006334689e-01 -7.497128578272e-02 -3.685303823379e+00
8824 2.971343105981e-01 -7.484722253585e-02 -3.682500242152e+00
8825 2.971679877272e-01 -7.472325371931e-02 -3.679695843007e+00
8826 2.972016648564e-01 -7.459937936066e-02 -3.676890626568e+00
8827 2.972353419856e-01 -7.447559948739e-02 -3.674084593458e+00
8828 2.972690191147e-01 -7.435191412700e-02 -3.671277744300e+00
8829 2.973026962439e-01 -7.422832330697e-02 -3.668470079717e+00
8830 2.973363733730e-01 -7.410482705475e-02 -3.665661600333e+00
8831 2.973700505022e-01 -7.398142539775e-02 -3.662852306772e+00
8832 2.974037276314e-01 -7.385811836340e-02 -3.660042199658e+00
8833 2.974374047605e-01 -7.373490597909e-02 -3.657231279615e+00
8834 2.974710818897e-01 -7.361178827216e-02 -3.654419547268e+00
8835 2.975047590189e-01 -7.348876526999e-02 -3.651607003240e+00
8836 2.975384361480e-01 -7.336583699987e-02 -3.648793648156e+00
8837 2.975721132772e-01 -7.324300348913e-02 -3.645979482642e+00
8838 2.976057904063e-01 -7.312026476504e-02 -3.643164507323e+00
8839 2.976394675355e-01 -7.299762085487e-02 -3.640348722823e+00
8840 2.976731446647e-01 -7.287507178585e-02 -3.637532129768e+00
8841 2.977068217938e-01 -7.275261758521e-02 -3.634714728784e+00
8842 2.977404989230e-01 -7.263025828014e-02 -3.631896520496e+00
8843 2.977741760521e-01 -7.250799389782e-02 -3.629077505531e+00
8844 2.978078531813e-01 -7.238582446540e-02 -3.626257684514e+00
8845 2.978415303105e-01 -7.226375001002e-02 -3.623437058072e+00
8846 2.978752074396e-01 -7.214177055880e-02 -3.620615626831e+00
8847 2.979088845688e-01 -7.201988613883e-02 -3.617793391419e+00
8848 2.979425616980e-01 -7.189809677717e-02 -3.614970352461e+00
8849 2.979762388271e-01 -7.177640250089e-02 -3.612146510585e+00
8850 2.980099159563e-01 -7.165480333700e-02 -3.609321866418e+00
8851 2.980435930854e-01 -7.153329931252e-02 -3.606496420587e+00
8852 2.980772702146e-01 -7.141189045443e-02 -3.603670173720e+00
8853 2.981109473438e-01 -7.129057678971e-02 -3.600843126446e+00
8854 2.981446244729e-01 -7.116935834529e-02 -3.598015279390e+00
8855 2.981783016021e-01 -7.104823514810e-02 -3.595186633183e+00
8856 2.982119787313e-01 -7.092720722504e-02 -3.592357188451e+00
8857 2.982456558604e-01 -7.080627460299e-02 -3.589526945824e+00
8858 2.982793329896e-01 -7.068543730881e-02 -3.586695905930e+00
8859 2.983130101187e-01 -7.056469536935e-02 -3.583864069398e+00
8860 2.983466872479e-01 -7.044404881142e-02 -3.581031436856e+00
8861 2.983803643771e-01 -7.032349766182e-02 -3.578198008935e+00
8862 2.984140415062e-01 -7.020304194731e-02 -3.575363786263e+00
8863 2.984477186354e-01 -7.008268169467e-02 -3.572528769470e+00
8864 2.984813957646e-01 -6.996241693061e-02 -3.569692959185e+00
8865 2.985150728937e-01 -6.984224768186e-02 -3.566856356039e+00
8866 2.985487500229e-01 -6.972217397509e-02 -3.564018960661e+00
8867 2.985824271520e-01 -6.960219583699e-02 -3.561180773681e+00
8868 2.986161042812e-01 -6.948231329420e-02 -3.558341795731e+00
8869 2.986497814104e-01 -6.936252637335e-02 -3.555502027440e+00
8870 2.986834585395e-01 -6.924283510104e-02 -3.552661469440e+00
8871 2.987171356687e-01 -6.912323950385e-02 -3.549820122360e+00
8872 2.987508127979e-01 -6.900373960836e-02 -3.546977986833e+00
8873 2.987844899270e-01 -6.888433544110e-02 -3.544135063490e+00
8874 2.988181670562e-01 -6.876502702860e-02 -3.541291352962e+00
8875 2.988518441853e-01 -6.864581439734e-02 -3.538446855880e+00
8876 2.988855213145e-01 -6.852669757382e-02 -3.535601572877e+00
8877 2.989191984437e-01 -6.840767658449e-02 -3.532755504584e+00
8878 2.989528755728e-01 -6.828875145578e-02 -3.529908651633e+00
8879 2.989865527020e-01 -6.816992221410e-02 -3.527061014658e+00
8880 2.990202298312e-01 -6.805118888586e-02 -3.524212594289e+00
8881 2.990539069603e-01 -6.793255149742e-02 -3.521363391161e+00
8882 2.990875840895e-01 -6.781401007514e-02 -3.518513405906e+00
8883 2.991212612186e-01 -6.769556464534e-02 -3.515662639156e+00
8884 2.991549383478e-01 -6.757721523433e-02 -3.512811091545e+00
8885 2.991886154770e-01 -6.745896186839e-02 -3.509958763707e+00
8886 2.992222926061e-01 -6.734080457380e-02 -3.507105656274e+00
8887 2.992559697353e-01 -6.722274337679e-02 -3.504251769882e+00
8888 2.992896468644e-01 -6.710477830359e-02 -3.501397105162e+00
8889 2.993233239936e-01 -6.698690938041e-02 -3.498541662750e+00
8890 2.993570011228e-01 -6.686913663341e-02 -3.495685443280e+00
8891 2.993906782519e-01 -6.675146008875e-02 -3.492828447386e+00
8892 2.994243553811e-01 -6.663387977259e-02 -3.489970675703e+00
8893 2.994580325103e-01 -6.651639571102e-02 -3.487112128865e+00
8894 2.994917096394e-01 -6.639900793015e-02 -3.484252807507e+00
8895 2.995253867686e-01 -6.628171645604e-02 -3.481392712265e+00
8896 2.995590638977e-01 -6.616452131476e-02 -3.478531843773e+00
8897 2.995927410269e-01 -6.604742253232e-02 -3.475670202668e+00
8898 2.996264181561e-01 -6.593042013474e-02 -3.472807789584e+00
8899 2.996600952852e-01 -6.581351414801e-02 -3.469944605158e+00
8900 2.996937724144e-01 -6.569670459809e-02 -3.467080650025e+00
8901 2.997274495436e-01 -6.557999151092e-02 -3.464215924821e+00
8902 2.997611266727e-01 -6.546337491243e-02 -3.461350430184e+00
8903 2.997948038019e-01 -6.534685482853e-02 -3.458484166748e+00
8904 2.998284809310e-01 -6.523043128508e-02 -3.455617135152e+00
8905 2.998621580602e-01 -6.511410430795e-02 -3.452749336031e+00
8906 2.998958351894e-01 -6.499787392298e-02 -3.449880770023e+00
8907 2.999295123185e-01 -6.488174015598e-02 -3.447011437764e+00
8908 2.999631894477e-01 -6.476570303275e-02 -3.444141339893e+00
8909 2.999968665769e-01 -6.464976257905e-02 -3.441270477046e+00
8910 3.000305437060e-01 -6.453391882065e-02 -3.438398849861e+00
8911 3.000642208352e-01 -6.441817178327e-02 -3.435526458977e+00
8912 3.000978979643e-01 -6.430252149262e-02 -3.432653305030e+00
8913 3.001315750935e-01 -6.418696797438e-02 -3.429779388659e+00
8914 3.001652522227e-01 -6.407151125423e-02 -3.426904710503e+00
8915 3.001989293518e-01 -6.395615135780e-02 -3.424029271200e+00
8916 3.002326064810e-01 -6.384088831073e-02 -3.421153071388e+00
8917 3.002662836102e-01 -6.372572213860e-02 -3.418276111707e+00
8918 3.002999607393e-01 -6.361065286700e-02 -3.415398392796e+00
8919 3.003336378685e-01 -6.349568052148e-02 -3.412519915293e+00
8920 3.003673149976e-01 -6.338080512759e-02 -3.409640679837e+00
8921 3.004009921268e-01 -6.326602671084e-02 -3.406760687070e+00
8922 3.004346692560e-01 -6.315134529672e-02 -3.403879937629e+00
8923 3.004683463851e-01 -6.303676091070e-02 -3.400998432156e+00
8924 3.005020235143e-01 -6.292227357824e-02 -3.398116171289e+00
8925 3.005357006434e-01 -6.280788332476e-02 -3.395233155670e+00
8926 3.005693777726e-01 -6.269359017567e-02 -3.392349385938e+00
8927 3.006030549018e-01 -6.257939415635e-02 -3.389464862734e+00
8928 3.006367320309e-01 -6.246529529217e-02 -3.386579586698e+00
8929 3.006704091601e-01 -6.235129360848e-02 -3.383693558473e+00
8930 3.007040862893e-01 -6.223738913058e-02 -3.380806778697e+00
8931 3.007377634184e-01 -6.212358188379e-02 -3.377919248014e+00
8932 3.007714405476e-01 -6.200987189337e-02 -3.375030967064e+00
8933 3.008051176767e-01 -6.189625918460e-02 -3.372141936488e+00
8934 3.008387948059e-01 -6.178274378269e-02 -3.369252156928e+00
8935 3.008724719351e-01 -6.166932571286e-02 -3.366361629027e+00
8936 3.009061490642e-01 -6.155600500030e-02 -3.363470353426e+00
8937 3.009398261934e-01 -6.144278167019e-02 -3.360578330767e+00
8938 3.009735033226e-01 -6.132965574767e-02 -3.357685561692e+00
8939 3.010071804517e-01 -6.121662725787e-02 -3.354792046845e+00
8940 3.010408575809e-01 -6.110369622589e-02 -3.351897786868e+00
8941 3.010745347100e-01 -6.099086267681e-02 -3.349002782403e+00
8942 3.011082118392e-01 -6.087812663571e-02 -3.346107034094e+00
8943 3.011418889684e-01 -6.076548812760e-02 -3.343210542584e+00
8944 3.011755660975e-01 -6.065294717752e-02 -3.340313308516e+00
8945 3.012092432267e-01 -6.054050381046e-02 -3.337415332534e+00
8946 3.012429203559e-01 -6.042815805140e-02 -3.334516615281e+00
8947 3.012765974850e-01 -6.031590992529e-02 -3.331617157401e+00
8948 3.013102746142e-01 -6.020375945705e-02 -3.328716959539e+00
8949 3.013439517433e-01 -6.009170667160e-02 -3.325816022338e+00
8950 3.013776288725e-01 -5.997975159383e-02 -3.322914346442e+00
8951 3.014113060017e-01 -5.986789424861e-02 -3.320011932497e+00
8952 3.014449831308e-01 -5.975613466077e-02 -3.317108781146e+00
8953 3.014786602600e-01 -5.964447285514e-02 -3.314204893036e+00
8954 3.015123373892e-01 -5.953290885653e-02 -3.311300268809e+00
8955 3.015460145183e-01 -5.942144268971e-02 -3.308394909113e+00
8956 3.015796916475e-01 -5.931007437943e-02 -3.305488814592e+00
8957 3.016133687766e-01 -5.919880395044e-02 -3.302581985891e+00
8958 3.016470459058e-01 -5.908763142745e-02 -3.299674423656e+00
8959 3.016807230350e-01 -5.897655683515e-02 -3.296766128533e+00
8960 3.017144001641e-01 -5.886558019821e-02 -3.293857101169e+00
8961 3.017480772933e-01 -5.875470154129e-02 -3.290947342208e+00
8962 3.017817544225e-01 -5.864392088900e-02 -3.288036852298e+00
8963 3.018154315516e-01 -5.853323826596e-02 -3.285125632084e+00
8964 3.018491086808e-01 -5.842265369674e-02 -3.282213682214e+00
8965 3.018827858099e-01 -5.831216720591e-02 -3.279301003334e+00
8966 3.019164629391e-01 -5.820177881801e-02 -3.276387596091e+00
8967 3.019501400683e-01 -5.809148855756e-02 -3.273473461132e+00
8968 3.019838171974e-01 -5.798129644906e-02 -3.270558599105e+00
8969 3.020174943266e-01 -5.787120251697e-02 -3.267643010656e+00
8970 3.020511714557e-01 -5.776120678575e-02 -3.264726696434e+00
8971 3.020848485849e-01 -5.765130927984e-02 -3.261809657086e+00
8972 3.021185257141e-01 -5.754151002364e-02 -3.258891893260e+00
8973 3.021522028432e-01 -5.743180904153e-02 -3.255973405605e+00
8974 3.021858799724e-01 -5.732220635790e-02 -3.253054194768e+00
8975 3.022195571016e-01 -5.721270199707e-02 -3.250134261397e+00
8976 3.022532342307e-01 -5.710329598337e-02 -3.247213606142e+00
8977 3.022869113599e-01 -5.699398834110e-02 -3.244292229651e+00
8978 3.023205884890e-01 -5.688477909454e-02 -3.241370132572e+00
8979 3.023542656182e-01 -5.677566826795e-02 -3.238447315556e+00
8980 3.023879427474e-01 -5.666665588555e-02 -3.235523779250e+00
8981 3.024216198765e-01 -5.655774197157e-02 -3.232599524305e+00
8982 3.024552970057e-01 -5.644892655020e-02 -3.229674551370e+00
8983 3.024889741349e-01 -5.634020964559e-02 -3.226748861095e+00
8984 3.025226512640e-01 -5.623159128190e-02 -3.223822454129e+00
8985 3.025563283932e-01 -5.612307148326e-02 -3.220895331122e+00
8986 3.025900055223e-01 -5.601465027377e-02 -3.217967492725e+00
8987 3.026236826515e-01 -5.590632767750e-02 -3.215038939588e+00
8988 3.026573597807e-01 -5.579810371852e-02 -3.212109672361e+00
8989 3.026910369098e-01 -5.568997842087e-02 -3.209179691694e+00
8990 3.027247140390e-01 -5.558195180856e-02 -3.206248998240e+00
8991 3.027583911682e-01 -5.547402390558e-02 -3.203317592648e+00
8992 3.027920682973e-01 -5.536619473592e-02 -3.200385475570e+00
8993 3.028257454265e-01 -5.525846432350e-02 -3.197452647657e+00
8994 3.028594225556e-01 -5.515083269228e-02 -3.194519109560e+00
8995 3.028930996848e-01 -5.504329986614e-02 -3.191584861931e+00
8996 3.029267768140e-01 -5.493586586898e-02 -3.188649905422e+00
8997 3.029604539431e-01 -5.482853072466e-02 -3.185714240684e+00
8998 3.029941310723e-01 -5.472129445701e-02 -3.182777868370e+00
8999 3.030278082015e-01 -5.461415708986e-02 -3.179840789132e+00
9000 3.030614853306e-01 -5.450711864700e-02 -3.176903003621e+00
9001 3.030951624598e-01 -5.440017915220e-02 -3.173964512492e+00
9002 3.031288395889e-01 -5.429333862922e-02 -3.171025316395e+00
9003 3.031625167181e-01 -5.418659710179e-02 -3.168085415985e+00
9004 3.031961938473e-01 -5.407995459362e-02 -3.165144811914e+00
9005 3.032298709764e-01 -5.397341112839e-02 -3.162203504835e+00
9006 3.032635481056e-01 -5.386696672977e-02 -3.159261495402e+00
9007 3.032972252347e-01 -5.376062142139e-02 -3.156318784268e+00
9008 3.033309023639e-01 -5.365437522689e-02 -3.153375372086e+00
9009 3.033645794931e-01 -5.354822816985e-02 -3.150431259510e+00
9010 3.033982566222e-01 -5.344218027385e-02 -3.147486447195e+00
9011 3.034319337514e-01 -5.333623156246e-02 -3.144540935794e+00
9012 3.034656108806e-01 -5.323038205919e-02 -3.141594725962e+00
9013 3.034992880097e-01 -5.312463178757e-02 -3.138647818352e+00
9014 3.035329651389e-01 -5.301898077107e-02 -3.135700213620e+00
9015 3.035666422680e-01 -5.291342903317e-02 -3.132751912421e+00
9016 3.036003193972e-01 -5.280797659731e-02 -3.129802915408e+00
9017 3.036339965264e-01 -5.270262348691e-02 -3.126853223237e+00
9018 3.036676736555e-01 -5.259736972536e-02 -3.123902836563e+00
9019 3.037013507847e-01 -5.249221533606e-02 -3.120951756042e+00
9020 3.037350279139e-01 -5.238716034235e-02 -3.117999982329e+00
9021 3.037687050430e-01 -5.228220476757e-02 -3.115047516079e+00
9022 3.038023821722e-01 -5.217734863503e-02 -3.112094357948e+00
9023 3.038360593013e-01 -5.207259196801e-02 -3.109140508593e+00
9024 3.038697364305e-01 -5.196793478980e-02 -3.106185968669e+00
9025 3.039034135597e-01 -5.186337712362e-02 -3.103230738833e+00
9026 3.039370906888e-01 -5.175891899271e-02 -3.100274819740e+00
9027 3.039707678180e-01 -5.165456042027e-02 -3.097318212048e+00
9028 3.040044449472e-01 -5.155030142947e-02 -3.094360916413e+00
9029 3.040381220763e-01 -5.144614204347e-02 -3.091402933492e+00
9030 3.040717992055e-01 -5.134208228541e-02 -3.088444263942e+00
9031 3.041054763346e-01 -5.123812217839e-02 -3.085484908420e+00
9032 3.041391534638e-01 -5.113426174552e-02 -3.082524867584e+00
9033 3.041728305930e-01 -5.103050100986e-02 -3.079564142090e+00
9034 3.042065077221e-01 -5.092683999445e-02 -3.076602732597e+00
9035 3.042401848513e-01 -5.082327872232e-02 -3.073640639763e+00
9036 3.042738619805e-01 -5.071981721646e-02 -3.070677864244e+00
9037 3.043075391096e-01 -5.061645549987e-02 -3.067714406699e+00
9038 3.043412162388e-01 -5.051319359550e-02 -3.064750267787e+00
9039 3.043748933679e-01 -5.041003152628e-02 -3.061785448166e+00
9040 3.044085704971e-01 -5.030696931512e-02 -3.058819948494e+00
9041 3.044422476263e-01 -5.020400698493e-02 -3.055853769430e+00
9042 3.044759247554e-01 -5.010114455855e-02 -3.052886911633e+00
9043 3.045096018846e-01 -4.999838205886e-02 -3.049919375762e+00
9044 3.045432790138e-01 -4.989571950866e-02 -3.046951162475e+00
9045 3.045769561429e-01 -4.979315693075e-02 -3.043982272433e+00
9046 3.046106332721e-01 -4.969069434793e-02 -3.041012706294e+00
9047 3.046443104012e-01 -4.958833178295e-02 -3.038042464718e+00
9048 3.046779875304e-01 -4.948606925854e-02 -3.035071548365e+00
9049 3.047116646596e-01 -4.938390679741e-02 -3.032099957895e+00
9050 3.047453417887e-01 -4.928184442227e-02 -3.029127693967e+00
9051 3.047790189179e-01 -4.917988215577e-02 -3.026154757242e+00
9052 3.048126960470e-01 -4.907802002057e-02 -3.023181148381e+00
9053 3.048463731762e-01 -4.897625803928e-02 -3.020206868043e+00
9054 3.048800503054e-01 -4.887459623451e-02 -3.017231916890e+00
9055 3.049137274345e-01 -4.877303462885e-02 -3.014256295581e+00
9056 3.049474045637e-01 -4.867157324484e-02 -3.011280004779e+00
9057 3.049810816929e-01 -4.857021210503e-02 -3.008303045143e+00
9058 3.050147588220e-01 -4.846895123192e-02 -3.005325417336e+00
9059 3.050484359512e-01 -4.836779064801e-02 -3.002347122018e+00
9060 3.050821130803e-01 -4.826673037577e-02 -2.999368159852e+00
9061 3.051157902095e-01 -4.816577043764e-02 -2.996388531498e+00
9062 3.051494673387e-01 -4.806491085605e-02 -2.993408237619e+00
9063 3.051831444678e-01 -4.796415165340e-02 -2.990427278876e+00
9064 3.052168215970e-01 -4.786349285206e-02 -2.987445655932e+00
9065 3.052504987262e-01 -4.776293447441e-02 -2.984463369448e+00
9066 3.052841758553e-01 -4.766247654276e-02 -2.981480420088e+00
9067 3.053178529845e-01 -4.756211907944e-02 -2.978496808514e+00
9068 3.053515301136e-01 -4.746186210673e-02 -2.975512535388e+00
9069 3.053852072428e-01 -4.736170564690e-02 -2.972527601374e+00
9070 3.054188843720e-01 -4.726164972220e-02 -2.969542007133e+00
9071 3.054525615011e-01 -4.716169435485e-02 -2.966555753331e+00
9072 3.054862386303e-01 -4.706183956705e-02 -2.963568840628e+00
9073 3.055199157595e-01 -4.696208538099e-02 -2.960581269690e+00
9074 3.055535928886e-01 -4.686243181881e-02 -2.957593041180e+00
9075 3.055872700178e-01 -4.676287890265e-02 -2.954604155761e+00
9076 3.056209471469e-01 -4.666342665462e-02 -2.951614614097e+00
9077 3.056546242761e-01 -4.656407509681e-02 -2.948624416853e+00
9078 3.056883014053e-01 -4.646482425130e-02 -2.945633564692e+00
9079 3.057219785344e-01 -4.636567414011e-02 -2.942642058279e+00
9080 3.057556556636e-01 -4.626662478528e-02 -2.939649898277e+00
9081 3.057893327928e-01 -4.616767620881e-02 -2.936657085353e+00
9082 3.058230099219e-01 -4.606882843267e-02 -2.933663620170e+00
9083 3.058566870511e-01 -4.597008147881e-02 -2.930669503393e+00
9084 3.058903641802e-01 -4.587143536918e-02 -2.927674735688e+00
9085 3.059240413094e-01 -4.577289012568e-02 -2.924679317719e+00
9086 3.059577184386e-01 -4.567444577019e-02 -2.921683250152e+00
9087 3.059913955677e-01 -4.557610232459e-02 -2.918686533652e+00
9088 3.060250726969e-01 -4.547785981071e-02 -2.915689168885e+00
9089 3.060587498261e-01 -4.537971825038e-02 -2.912691156517e+00
9090 3.060924269552e-01 -4.528167766540e-02 -2.909692497213e+00
9091 3.061261040844e-01 -4.518373807754e-02 -2.906693191640e+00
9092 3.061597812135e-01 -4.508589950855e-02 -2.903693240464e+00
9093 3.061934583427e-01 -4.498816198016e-02 -2.900692644350e+00
9094 3.062271354719e-01 -4.489052551409e-02 -2.897691403966e+00
9095 3.062608126010e-01 -4.479299013202e-02 -2.894689519979e+00
9096 3.062944897302e-01 -4.469555585561e-02 -2.891686993054e+00
9097 3.063281668593e-01 -4.459822270651e-02 -2.888683823858e+00
9098 3.063618439885e-01 -4.450099070633e-02 -2.885680013060e+00
9099 3.063955211177e-01 -4.440385987666e-02 -2.882675561325e+00
9100 3.064291982468e-01 -4.430683023909e-02 -2.879670469322e+00
9101 3.064628753760e-01 -4.420990181516e-02 -2.876664737717e+00
9102 3.064965525052e-01 -4.411307462641e-02 -2.873658367179e+00
9103 3.065302296343e-01 -4.401634869433e-02 -2.870651358375e+00
9104 3.065639067635e-01 -4.391972404041e-02 -2.867643711972e+00
9105 3.065975838926e-01 -4.382320068612e-02 -2.864635428640e+00
9106 3.066312610218e-01 -4.372677865289e-02 -2.861626509046e+00
9107 3.066649381510e-01 -4.363045796214e-02 -2.858616953858e+00
9108 3.066986152801e-01 -4.353423863526e-02 -2.855606763745e+00
9109 3.067322924093e-01 -4.343812069362e-02 -2.852595939376e+00
9110 3.067659695385e-01 -4.334210415857e-02 -2.849584481419e+00
9111 3.067996466676e-01 -4.324618905144e-02 -2.846572390542e+00
9112 3.068333237968e-01 -4.315037539354e-02 -2.843559667416e+00
9113 3.068670009259e-01 -4.305466320613e-02 -2.840546312710e+00
9114 3.069006780551e-01 -4.295905251049e-02 -2.837532327091e+00
9115 3.069343551843e-01 -4.286354332785e-02 -2.834517711231e+00
9116 3.069680323134e-01 -4.276813567941e-02 -2.831502465798e+00
9117 3.070017094426e-01 -4.267282958638e-02 -2.828486591463e+00
9118 3.070353865718e-01 -4.257762506992e-02 -2.825470088895e+00
9119 3.070690637009e-01 -4.248252215117e-02 -2.822452958763e+00
9120 3.071027408301e-01 -4.238752085126e-02 -2.819435201739e+00
9121 3.071364179592e-01 -4.229262119129e-02 -2.816416818493e+00
9122 3.071700950884e-01 -4.219782319234e-02 -2.813397809694e+00
9123 3.072037722176e-01 -4.210312687546e-02 -2.810378176014e+00
9124 3.072374493467e-01 -4.200853226169e-02 -2.807357918123e+00
9125 3.072711264759e-01 -4.191403937204e-02 -2.804337036693e+00
9126 3.073048036051e-01 -4.181964822749e-02 -2.801315532393e+00
9127 3.073384807342e-01 -4.172535884900e-02 -2.798293405895e+00
9128 3.073721578634e-01 -4.163117125753e-02 -2.795270657870e+00
9129 3.074058349925e-01 -4.153708547400e-02 -2.792247288990e+00
9130 3.074395121217e-01 -4.144310151929e-02 -2.789223299927e+00
9131 3.074731892509e-01 -4.134921941428e-02 -2.786198691351e+00
9132 3.075068663800e-01 -4.125543917983e-02 -2.783173463934e+00
9133 3.075405435092e-01 -4.116176083677e-02 -2.780147618350e+00
9134 3.075742206383e-01 -4.106818440590e-02 -2.777121155269e+00
9135 3.076078977675e-01 -4.097470990801e-02 -2.774094075364e+00
9136 3.076415748967e-01 -4.088133736385e-02 -2.771066379307e+00
9137 3.076752520258e-01 -4.078806679417e-02 -2.768038067771e+00
9138 3.077089291550e-01 -4.069489821968e-02 -2.765009141428e+00
9139 3.077426062842e-01 -4.060183166108e-02 -2.761979600951e+00
9140 3.077762834133e-01 -4.050886713904e-02 -2.758949447013e+00
9141 3.078099605425e-01 -4.041600467420e-02 -2.755918680287e+00
9142 3.078436376716e-01 -4.032324428720e-02 -2.752887301446e+00
9143 3.078773148008e-01 -4.023058599863e-02 -2.749855311163e+00
9144 3.079109919300e-01 -4.013802982907e-02 -2.746822710113e+00
9145 3.079446690591e-01 -4.004557579909e-02 -2.743789498968e+00
9146 3.079783461883e-01 -3.995322392921e-02 -2.740755678401e+00
9147 3.080120233175e-01 -3.986097423995e-02 -2.737721249088e+00
9148 3.080457004466e-01 -3.976882675181e-02 -2.734686211702e+00
9149 3.080793775758e-01 -3.967678148523e-02 -2.731650566917e+00
9150 3.081130547049e-01 -3.958483846068e-02 -2.728614315407e+00
9151 3.081467318341e-01 -3.949299769857e-02 -2.725577457847e+00
9152 3.081804089633e-01 -3.940125921930e-02 -2.722539994911e+00
9153 3.082140860924e-01 -3.930962304324e-02 -2.719501927274e+00
9154 3.082477632216e-01 -3.921808919075e-02 -2.716463255610e+00
9155 3.082814403508e-01 -3.912665768217e-02 -2.713423980595e+00
9156 3.083151174799e-01 -3.903532853779e-02 -2.710384102904e+00
9157 3.083487946091e-01 -3.894410177790e-02 -2.707343623211e+00
9158 3.083824717382e-01 -3.885297742277e-02 -2.704302542192e+00
9159 3.084161488674e-01 -3.876195549263e-02 -2.701260860523e+00
9160 3.084498259966e-01 -3.867103600770e-02 -2.698218578879e+00
9161 3.084835031257e-01 -3.858021898818e-02 -2.695175697936e+00
9162 3.085171802549e-01 -3.848950445423e-02 -2.692132218370e+00
9163 3.085508573841e-01 -3.839889242601e-02 -2.689088140856e+00
9164 3.085845345132e-01 -3.830838292364e-02 -2.686043466071e+00
9165 3.086182116424e-01 -3.821797596722e-02 -2.682998194691e+00
9166 3.086518887715e-01 -3.812767157684e-02 -2.679952327393e+00
9167 3.086855659007e-01 -3.803746977255e-02 -2.676905864853e+00
9168 3.087192430299e-01 -3.794737057438e-02 -2.673858807747e+00
9169 3.087529201590e-01 -3.785737400236e-02 -2.670811156752e+00
9170 3.087865972882e-01 -3.776748007646e-02 -2.667762912546e+00
9171 3.088202744174e-01 -3.767768881665e-02 -2.664714075805e+00
9172 3.088539515465e-01 -3.758800024288e-02 -2.661664647206e+00
9173 3.088876286757e-01 -3.749841437506e-02 -2.658614627428e+00
9174 3.089213058048e-01 -3.740893123311e-02 -2.655564017146e+00
9175 3.089549829340e-01 -3.731955083688e-02 -2.652512817040e+00
9176 3.089886600632e-01 -3.723027320623e-02 -2.649461027786e+00
9177 3.090223371923e-01 -3.714109836100e-02 -2.646408650062e+00
9178 3.090560143215e-01 -3.705202632098e-02 -2.643355684547e+00
9179 3.090896914506e-01 -3.696305710597e-02 -2.640302131918e+00
9180 3.091233685798e-01 -3.687419073572e-02 -2.637247992853e+00
9181 3.091570457090e-01 -3.678542722997e-02 -2.634193268032e+00
9182 3.091907228381e-01 -3.669676660843e-02 -2.631137958132e+00
9183 3.092243999673e-01 -3.660820889081e-02 -2.628082063832e+00
9184 3.092580770965e-01 -3.651975409676e-02 -2.625025585811e+00
9185 3.092917542256e-01 -3.643140224594e-02 -2.621968524747e+00
9186 3.093254313548e-01 -3.634315335797e-02 -2.618910881321e+00
9187 3.093591084839e-01 -3.625500745244e-02 -2.615852656210e+00
9188 3.093927856131e-01 -3.616696454894e-02 -2.612793850094e+00
9189 3.094264627423e-01 -3.607902466703e-02 -2.609734463652e+00
9190 3.094601398714e-01 -3.599118782623e-02 -2.606674497565e+00
9191 3.094938170006e-01 -3.590345404605e-02 -2.603613952511e+00
9192 3.095274941298e-01 -3.581582334598e-02 -2.600552829171e+00
9193 3.095611712589e-01 -3.572829574549e-02 -2.597491128224e+00
9194 3.095948483881e-01 -3.564087126401e-02 -2.594428850350e+00
9195 3.096285255172e-01 -3.555354992097e-02 -2.591365996230e+00
9196 3.096622026464e-01 -3.546633173575e-02 -2.588302566543e+00
9197 3.096958797756e-01 -3.537921672773e-02 -2.585238561971e+00
9198 3.097295569047e-01 -3.529220491627e-02 -2.582173983193e+00
9199 3.097632340339e-01 -3.520529632067e-02 -2.579108830891e+00
9200 3.097969111631e-01 -3.511849096025e-02 -2.576043105745e+00
9201 3.098305882922e-01 -3.503178885429e-02 -2.572976808436e+00
9202 3.098642654214e-01 -3.494519002205e-02 -2.569909939646e+00
9203 3.098979425505e-01 -3.485869448276e-02 -2.566842500055e+00
9204 3.099316196797e-01 -3.477230225562e-02 -2.563774490344e+00
9205 3.099652968089e-01 -3.468601335984e-02 -2.560705911196e+00
9206 3.099989739380e-01 -3.459982781457e-02 -2.557636763291e+00
9207 3.100326510672e-01 -3.451374563896e-02 -2.554567047311e+00
9208 3.100663281964e-01 -3.442776685213e-02 -2.551496763939e+00
9209 3.101000053255e-01 -3.434189147317e-02 -2.548425913856e+00
9210 3.101336824547e-01 -3.425611952116e-02 -2.545354497744e+00
9211 3.101673595838e-01 -3.417045101515e-02 -2.542282516286e+00
9212 3.102010367130e-01 -3.408488597417e-02 -2.539209970163e+00
9213 3.102347138422e-01 -3.399942441721e-02 -2.536136860058e+00
9214 3.102683909713e-01 -3.391406636327e-02 -2.533063186654e+00
9215 3.103020681005e-01 -3.382881183130e-02 -2.529988950633e+00
9216 3.103357452296e-01 -3.374366084024e-02 -2.526914152678e+00
9217 3.103694223588e-01 -3.365861340900e-02 -2.523838793473e+00
9218 3.104030994880e-01 -3.357366955647e-02 -2.520762873700e+00
9219 3.104367766171e-01 -3.348882930151e-02 -2.517686394042e+00
9220 3.104704537463e-01 -3.340409266298e-02 -2.514609355183e+00
9221 3.105041308755e-01 -3.331945965969e-02 -2.511531757806e+00
9222 3.105378080046e-01 -3.323493031044e-02 -2.508453602594e+00
9223 3.105714851338e-01 -3.315050463400e-02 -2.505374890232e+00
9224 3.106051622629e-01 -3.306618264913e-02 -2.502295621404e+00
9225 3.106388393921e-01 -3.298196437455e-02 -2.499215796792e+00
9226 3.106725165213e-01 -3.289784982897e-02 -2.496135417082e+00
9227 3.107061936504e-01 -3.281383903108e-02 -2.493054482957e+00
9228 3.107398707796e-01 -3.272993199953e-02 -2.489972995101e+00
9229 3.107735479088e-01 -3.264612875296e-02 -2.486890954200e+00
9230 3.108072250379e-01 -3.256242930998e-02 -2.483808360937e+00
9231 3.108409021671e-01 -3.247883368918e-02 -2.480725215998e+00
9232 3.108745792962e-01 -3.239534190913e-02 -2.477641520067e+00
9233 3.109082564254e-01 -3.231195398838e-02 -2.474557273829e+00
9234 3.109419335546e-01 -3.222866994544e-02 -2.471472477969e+00
9235 3.109756106837e-01 -3.214548979882e-02 -2.468387133172e+00
9236 3.110092878129e-01 -3.206241356698e-02 -2.465301240123e+00
9237 3.110429649421e-01 -3.197944126839e-02 -2.462214799509e+00
9238 3.110766420712e-01 -3.189657292147e-02 -2.459127812014e+00
9239 3.111103192004e-01 -3.181380854462e-02 -2.456040278324e+00
9240 3.111439963295e-01 -3.173114815623e-02 -2.452952199125e+00
9241 3.111776734587e-01 -3.164859177466e-02 -2.449863575103e+00
9242 3.112113505879e-01 -3.156613941824e-02 -2.446774406944e+00
9243 3.112450277170e-01 -3.148379110529e-02 -2.443684695333e+00
9244 3.112787048462e-01 -3.140154685410e-02 -2.440594440958e+00
9245 3.113123819754e-01 -3.131940668293e-02 -2.437503644504e+00
9246 3.113460591045e-01 -3.123737061004e-02 -2.434412306658e+00
9247 3.113797362337e-01 -3.115543865363e-02 -2.431320428107e+00
9248 3.114134133628e-01 -3.107361083192e-02 -2.428228009537e+00
9249 3.114470904920e-01 -3.099188716306e-02 -2.425135051636e+00
9250 3.114807676212e-01 -3.091026766522e-02 -2.422041555089e+00
9251 3.115144447503e-01 -3.082875235653e-02 -2.418947520585e+00
9252 3.115481218795e-01 -3.074734125508e-02 -2.415852948811e+00
9253 3.115817990087e-01 -3.066603437896e-02 -2.412757840453e+00
9254 3.116154761378e-01 -3.058483174624e-02 -2.409662196200e+00
9255 3.116491532670e-01 -3.050373337493e-02 -2.406566016738e+00
9256 3.116828303961e-01 -3.042273928307e-02 -2.403469302756e+00
9257 3.117165075253e-01 -3.034184948863e-02 -2.400372054941e+00
9258 3.117501846545e-01 -3.026106400959e-02 -2.397274273982e+00
9259 3.117838617836e-01 -3.018038286389e-02 -2.394175960566e+00
9260 3.118175389128e-01 -3.009980606944e-02 -2.391077115382e+00
9261 3.118512160419e-01 -3.001933364415e-02 -2.387977739117e+00
9262 3.118848931711e-01 -2.993896560588e-02 -2.384877832460e+00
9263 3.119185703003e-01 -2.985870197249e-02 -2.381777396101e+00
9264 3.119522474294e-01 -2.977854276181e-02 -2.378676430726e+00
9265 3.119859245586e-01 -2.969848799164e-02 -2.375574937026e+00
9266 3.120196016878e-01 -2.961853767976e-02 -2.372472915688e+00
9267 3.120532788169e-01 -2.953869184392e-02 -2.369370367403e+00
9268 3.120869559461e-01 -2.945895050187e-02 -2.366267292859e+00
9269 3.121206330752e-01 -2.937931367131e-02 -2.363163692744e+00
9270 3.121543102044e-01 -2.929978136994e-02 -2.360059567750e+00
9271 3.121879873336e-01 -2.922035361541e-02 -2.356954918564e+00
9272 3.122216644627e-01 -2.914103042537e-02 -2.353849745878e+00
9273 3.122553415919e-01 -2.906181181744e-02 -2.350744050379e+00
9274 3.122890187211e-01 -2.898269780921e-02 -2.347637832759e+00
9275 3.123226958502e-01 -2.890368841825e-02 -2.344531093706e+00
9276 3.123563729794e-01 -2.882478366212e-02 -2.341423833912e+00
9277 3.123900501085e-01 -2.874598355834e-02 -2.338316054066e+00
9278 3.124237272377e-01 -2.866728812440e-02 -2.335207754859e+00
9279 3.124574043669e-01 -2.858869737780e-02 -2.332098936980e+00
9280 3.124910814960e-01 -2.851021133598e-02 -2.328989601121e+00
9281 3.125247586252e-01 -2.843183001637e-02 -2.325879747972e+00
9282 3.125584357544e-01 -2.835355343640e-02 -2.322769378223e+00
9283 3.125921128835e-01 -2.827538161344e-02 -2.319658492566e+00
9284 3.126257900127e-01 -2.819731456485e-02 -2.316547091692e+00
9285 3.126594671418e-01 -2.811935230798e-02 -2.313435176291e+00
9286 3.126931442710e-01 -2.804149486014e-02 -2.310322747055e+00
9287 3.127268214002e-01 -2.796374223862e-02 -2.307209804675e+00
9288 3.127604985293e-01 -2.788609446070e-02 -2.304096349842e+00
9289 3.127941756585e-01 -2.780855154361e-02 -2.300982383249e+00
9290 3.128278527877e-01 -2.773111350459e-02 -2.297867905586e+00
9291 3.128615299168e-01 -2.765378036084e-02 -2.294752917546e+00
9292 3.128952070460e-01 -2.757655212952e-02 -2.291637419819e+00
9293 3.129288841751e-01 -2.749942882779e-02 -2.288521413100e+00
9294 3.129625613043e-01 -2.742241047278e-02 -2.285404898078e+00
9295 3.129962384335e-01 -2.734549708161e-02 -2.282287875447e+00
9296 3.130299155626e-01 -2.726868867134e-02 -2.279170345899e+00
9297 3.130635926918e-01 -2.719198525905e-02 -2.276052310126e+00
9298 3.130972698209e-01 -2.711538686176e-02 -2.272933768821e+00
9299 3.131309469501e-01 -2.703889349649e-02 -2.269814722677e+00
9300 3.131646240793e-01 -2.696250518024e-02 -2.266695172385e+00
9301 3.131983012084e-01 -2.688622192996e-02 -2.263575118640e+00
9302 3.132319783376e-01 -2.681004376261e-02 -2.260454562135e+00
9303 3.132656554668e-01 -2.673397069509e-02 -2.257333503561e+00
9304 3.132993325959e-01 -2.665800274431e-02 -2.254211943613e+00
9305 3.133330097251e-01 -2.658213992714e-02 -2.251089882983e+00
9306 3.133666868542e-01 -2.650638226043e-02 -2.247967322366e+00
9307 3.134003639834e-01 -2.643072976101e-02 -2.244844262455e+00
9308 3.134340411126e-01 -2.635518244568e-02 -2.241720703943e+00
9309 3.134677182417e-01 -2.627974033122e-02 -2.238596647525e+00
9310 3.135013953709e-01 -2.620440343438e-02 -2.235472093893e+00
9311 3.135350725001e-01 -2.612917177190e-02 -2.232347043743e+00
9312 3.135687496292e-01 -2.605404536049e-02 -2.229221497767e+00
9313 3.136024267584e-01 -2.597902421684e-02 -2.226095456661e+00
9314 3.136361038875e-01 -2.590410835760e-02 -2.222968921119e+00
9315 3.136697810167e-01 -2.582929779942e-02 -2.219841891835e+00
9316 3.137034581459e-01 -2.575459255891e-02 -2.216714369504e+00
9317 3.137371352750e-01 -2.567999265267e-02 -2.213586354820e+00
9318 3.137708124042e-01 -2.560549809726e-02 -2.210457848478e+00
9319 3.138044895334e-01 -2.553110890924e-02 -2.207328851173e+00
9320 3.138381666625e-01 -2.545682510512e-02 -2.204199363601e+00
9321 3.138718437917e-01 -2.538264670140e-02 -2.201069386455e+00
9322 3.139055209208e-01 -2.530857371456e-02 -2.197938920431e+00
9323 3.139391980500e-01 -2.523460616105e-02 -2.194807966225e+00
9324 3.139728751792e-01 -2.516074405731e-02 -2.191676524532e+00
9325 3.140065523083e-01 -2.508698741972e-02 -2.188544596048e+00
9326 3.140402294375e-01 -2.501333626469e-02 -2.185412181467e+00
9327 3.140739065667e-01 -2.493979060856e-02 -2.182279281487e+00
9328 3.141075836958e-01 -2.486635046767e-02 -2.179145896802e+00
9329 3.141412608250e-01 -2.479301585833e-02 -2.176012028109e+00
9330 3.141749379541e-01 -2.471978679683e-02 -2.172877676103e+00
9331 3.142086150833e-01 -2.464666329944e-02 -2.169742841482e+00
9332 3.142422922125e-01 -2.457364538240e-02 -2.166607524940e+00
9333 3.142759693416e-01 -2.450073306192e-02 -2.163471727175e+00
9334 3.143096464708e-01 -2.442792635420e-02 -2.160335448884e+00
9335 3.143433236000e-01 -2.435522527542e-02 -2.157198690761e+00
9336 3.143770007291e-01 -2.428262984171e-02 -2.154061453505e+00
9337 3.144106778583e-01 -2.421014006920e-02 -2.150923737813e+00
9338 3.144443549874e-01 -2.413775597400e-02 -2.147785544380e+00
9339 3.144780321166e-01 -2.406547757218e-02 -2.144646873904e+00
9340 3.145117092458e-01 -2.399330487979e-02 -2.141507727083e+00
9341 3.145453863749e-01 -2.392123791286e-02 -2.138368104613e+00
9342 3.145790635041e-01 -2.384927668741e-02 -2.135228007192e+00
9343 3.146127406332e-01 -2.377742121941e-02 -2.132087435517e+00
9344 3.146464177624e-01 -2.370567152482e-02 -2.128946390286e+00
9345 3.146800948916e-01 -2.363402761959e-02 -2.125804872196e+00
9346 3.147137720207e-01 -2.356248951961e-02 -2.122662881946e+00
9347 3.147474491499e-01 -2.349105724079e-02 -2.119520420232e+00
9348 3.147811262791e-01 -2.341973079899e-02 -2.116377487754e+00
9349 3.148148034082e-01 -2.334851021005e-02 -2.113234085208e+00
9350 3.148484805374e-01 -2.327739548978e-02 -2.110090213294e+00
9351 3.148821576665e-01 -2.320638665399e-02 -2.106945872710e+00
9352 3.149158347957e-01 -2.313548371845e-02 -2.103801064153e+00
9353 3.149495119249e-01 -2.306468669890e-02 -2.100655788323e+00
9354 3.149831890540e-01 -2.299399561107e-02 -2.097510045918e+00
9355 3.150168661832e-01 -2.292341047066e-02 -2.094363837636e+00
9356 3.150505433124e-01 -2.285293129335e-02 -2.091217164177e+00
9357 3.150842204415e-01 -2.278255809479e-02 -2.088070026240e+00
9358 3.151178975707e-01 -2.271229089061e-02 -2.084922424523e+00
9359 3.151515746998e-01 -2.264212969642e-02 -2.081774359726e+00
9360 3.151852518290e-01 -2.257207452780e-02 -2.078625832547e+00
9361 3.152189289582e-01 -2.250212540031e-02 -2.075476843686e+00
9362 3.152526060873e-01 -2.243228232950e-02 -2.072327393843e+00
9363 3.152862832165e-01 -2.236254533086e-02 -2.069177483717e+00
9364 3.153199603457e-01 -2.229291441990e-02 -2.066027114008e+00
9365 3.153536374748e-01 -2.222338961207e-02 -2.062876285415e+00
9366 3.153873146040e-01 -2.215397092282e-02 -2.059724998638e+00
9367 3.154209917331e-01 -2.208465836757e-02 -2.056573254378e+00
9368 3.154546688623e-01 -2.201545196171e-02 -2.053421053333e+00
9369 3.154883459915e-01 -2.194635172062e-02 -2.050268396205e+00
9370 3.155220231206e-01 -2.187735765963e-02 -2.047115283693e+00
9371 3.155557002498e-01 -2.180846979408e-02 -2.043961716499e+00
9372 3.155893773790e-01 -2.173968813927e-02 -2.040807695321e+00
9373 3.156230545081e-01 -2.167101271047e-02 -2.037653220862e+00
9374 3.156567316373e-01 -2.160244352294e-02 -2.034498293820e+00
9375 3.156904087664e-01 -2.153398059190e-02 -2.031342914899e+00
9376 3.157240858956e-01 -2.146562393257e-02 -2.028187084797e+00
9377 3.157577630248e-01 -2.139737356012e-02 -2.025030804216e+00
9378 3.157914401539e-01 -2.132922948971e-02 -2.021874073857e+00
9379 3.158251172831e-01 -2.126119173649e-02 -2.018716894421e+00
9380 3.158587944122e-01 -2.119326031556e-02 -2.015559266610e+00
9381 3.158924715414e-01 -2.112543524200e-02 -2.012401191125e+00
9382 3.159261486706e-01 -2.105771653090e-02 -2.009242668666e+00
9383 3.159598257997e-01 -2.099010419727e-02 -2.006083699937e+00
9384 3.159935029289e-01 -2.092259825615e-02 -2.002924285638e+00
9385 3.160271800581e-01 -2.085519872253e-02 -1.999764426471e+00
9386 3.160608571872e-01 -2.078790561137e-02 -1.996604123137e+00
9387 3.160945343164e-01 -2.072071893762e-02 -1.993443376340e+00
9388 3.161282114455e-01 -2.065363871621e-02 -1.990282186781e+00
9389 3.161618885747e-01 -2.058666496204e-02 -1.987120555161e+00
9390 3.161955657039e-01 -2.051979768998e-02 -1.983958482184e+00
9391 3.162292428330e-01 -2.045303691487e-02 -1.980795968552e+00
9392 3.162629199622e-01 -2.038638265156e-02 -1.977633014966e+00
9393 3.162965970914e-01 -2.031983491484e-02 -1.974469622130e+00
9394 3.163302742205e-01 -2.025339371950e-02 -1.971305790746e+00
9395 3.163639513497e-01 -2.018705908029e-02 -1.968141521517e+00
9396 3.163976284788e-01 -2.012083101195e-02 -1.964976815146e+00
9397 3.164313056080e-01 -2.005470952918e-02 -1.961811672335e+00
9398 3.164649827372e-01 -1.998869464668e-02 -1.958646093788e+00
9399 3.164986598663e-01 -1.992278637910e-02 -1.955480080207e+00
9400 3.165323369955e-01 -1.985698474108e-02 -1.952313632297e+00
9401 3.165660141247e-01 -1.979128974725e-02 -1.949146750759e+00
9402 3.165996912538e-01 -1.972570141218e-02 -1.945979436299e+00
9403 3.166333683830e-01 -1.966021975045e-02 -1.942811689618e+00
9404 3.166670455121e-01 -1.959484477661e-02 -1.939643511421e+00
9405 3.167007226413e-01 -1.952957650516e-02 -1.936474902411e+00
9406 3.167343997705e-01 -1.946441495062e-02 -1.933305863292e+00
9407 3.167680768996e-01 -1.939936012745e-02 -1.930136394769e+00
9408 3.168017540288e-01 -1.933441205010e-02 -1.926966497544e+00
9409 3.168354311580e-01 -1.926957073299e-02 -1.923796172322e+00
9410 3.168691082871e-01 -1.920483619054e-02 -1.920625419808e+00
9411 3.169027854163e-01 -1.914020843711e-02 -1.917454240705e+00
9412 3.169364625454e-01 -1.907568748707e-02 -1.914282635718e+00
9413 3.169701396746e-01 -1.901127335473e-02 -1.911110605550e+00
9414 3.170038168038e-01 -1.894696605442e-02 -1.907938150908e+00
9415 3.170374939329e-01 -1.888276560041e-02 -1.904765272495e+00
9416 3.170711710621e-01 -1.881867200696e-02 -1.901591971016e+00
9417 3.171048481913e-01 -1.875468528830e-02 -1.898418247177e+00
9418 3.171385253204e-01 -1.869080545866e-02 -1.895244101681e+00
9419 3.171722024496e-01 -1.862703253222e-02 -1.892069535233e+00
9420 3.172058795787e-01 -1.856336652314e-02 -1.888894548540e+00
9421 3.172395567079e-01 -1.849980744556e-02 -1.885719142306e+00
9422 3.172732338371e-01 -1.843635531360e-02 -1.882543317237e+00
9423 3.173069109662e-01 -1.837301014136e-02 -1.879367074037e+00
9424 3.173405880954e-01 -1.830977194289e-02 -1.876190413412e+00
9425 3.173742652245e-01 -1.824664073226e-02 -1.873013336069e+00
9426 3.174079423537e-01 -1.818361652348e-02 -1.869835842712e+00
9427 3.174416194829e-01 -1.812069933055e-02 -1.866657934047e+00
9428 3.174752966120e-01 -1.805788916744e-02 -1.863479610780e+00
9429 3.175089737412e-01 -1.799518604811e-02 -1.860300873617e+00
9430 3.175426508704e-01 -1.793258998648e-02 -1.857121723265e+00
9431 3.175763279995e-01 -1.787010099645e-02 -1.853942160428e+00
9432 3.176100051287e-01 -1.780771909191e-02 -1.850762185814e+00
9433 3.176436822578e-01 -1.774544428671e-02 -1.847581800129e+00
9434 3.176773593870e-01 -1.768327659467e-02 -1.844401004079e+00
9435 3.177110365162e-01 -1.762121602962e-02 -1.841219798370e+00
9436 3.177447136453e-01 -1.755926260533e-02 -1.838038183709e+00
9437 3.177783907745e-01 -1.749741633557e-02 -1.834856160804e+00
9438 3.178120679037e-01 -1.743567723407e-02 -1.831673730360e+00
9439 3.178457450328e-01 -1.737404531454e-02 -1.828490893084e+00
9440 3.178794221620e-01 -1.731252059067e-02 -1.825307649684e+00
9441 3.179130992911e-01 -1.725110307613e-02 -1.822124000866e+00
9442 3.179467764203e-01 -1.718979278456e-02 -1.818939947337e+00
9443 3.179804535495e-01 -1.712858972957e-02 -1.815755489805e+00
9444 3.180141306786e-01 -1.706749392477e-02 -1.812570628978e+00
9445 3.180478078078e-01 -1.700650538372e-02 -1.809385365561e+00
9446 3.180814849370e-01 -1.694562411996e-02 -1.806199700264e+00
9447 3.181151620661e-01 -1.688485014702e-02 -1.803013633793e+00
9448 3.181488391953e-01 -1.682418347840e-02 -1.799827166856e+00
9449 3.181825163244e-01 -1.676362412758e-02 -1.796640300161e+00
9450 3.182161934536e-01 -1.670317210799e-02 -1.793453034415e+00
9451 3.182498705828e-01 -1.664282743308e-02 -1.790265370327e+00
9452 3.182835477119e-01 -1.658259011623e-02 -1.787077308605e+00
9453 3.183172248411e-01 -1.652246017084e-02 -1.783888849957e+00
9454 3.183509019703e-01 -1.646243761026e-02 -1.780699995090e+00
9455 3.183845790994e-01 -1.640252244781e-02 -1.777510744713e+00
9456 3.184182562286e-01 -1.634271469682e-02 -1.774321099535e+00
9457 3.184519333577e-01 -1.628301437055e-02 -1.771131060264e+00
9458 3.184856104869e-01 -1.622342148227e-02 -1.767940627609e+00
9459 3.185192876161e-01 -1.616393604522e-02 -1.764749802277e+00
9460 3.185529647452e-01 -1.610455807261e-02 -1.761558584979e+00
9461 3.185866418744e-01 -1.604528757763e-02 -1.758366976422e+00
9462 3.186203190035e-01 -1.598612457344e-02 -1.755174977316e+00
9463 3.186539961327e-01 -1.592706907318e-02 -1.751982588369e+00
9464 3.186876732619e-01 -1.586812108997e-02 -1.748789810290e+00
9465 3.187213503910e-01 -1.580928063690e-02 -1.745596643790e+00
9466 3.187550275202e-01 -1.575054772705e-02 -1.742403089576e+00
9467 3.187887046494e-01 -1.569192237345e-02 -1.739209148359e+00
9468 3.188223817785e-01 -1.563340458912e-02 -1.736014820847e+00
9469 3.188560589077e-01 -1.557499438708e-02 -1.732820107750e+00
9470 3.188897360368e-01 -1.551669178028e-02 -1.729625009778e+00
9471 3.189234131660e-01 -1.545849678168e-02 -1.726429527641e+00
9472 3.189570902952e-01 -1.540040940420e-02 -1.723233662047e+00
9473 3.189907674243e-01 -1.534242966075e-02 -1.720037413708e+00
9474 3.190244445535e-01 -1.528455756420e-02 -1.716840783332e+00
9475 3.190581216827e-01 -1.522679312740e-02 -1.713643771630e+00
9476 3.190917988118e-01 -1.516913636320e-02 -1.710446379313e+00
9477 3.191254759410e-01 -1.511158728439e-02 -1.707248607089e+00
9478 3.191591530701e-01 -1.505414590375e-02 -1.704050455670e+00
9479 3.191928301993e-01 -1.499681223405e-02 -1.700851925765e+00
9480 3.192265073285e-01 -1.493958628801e-02 -1.697653018086e+00
9481 3.192601844576e-01 -1.488246807835e-02 -1.694453733342e+00
9482 3.192938615868e-01 -1.482545761776e-02 -1.691254072245e+00
9483 3.193275387160e-01 -1.476855491890e-02 -1.688054035504e+00
9484 3.193612158451e-01 -1.471175999440e-02 -1.684853623831e+00
9485 3.193948929743e-01 -1.465507285688e-02 -1.681652837937e+00
9486 3.194285701034e-01 -1.459849351893e-02 -1.678451678532e+00
9487 3.194622472326e-01 -1.454202199312e-02 -1.675250146328e+00
9488 3.194959243618e-01 -1.448565829199e-02 -1.672048242035e+00
9489 3.195296014909e-01 -1.442940242807e-02 -1.668845966364e+00
9490 3.195632786201e-01 -1.437325441383e-02 -1.665643320028e+00
9491 3.195969557493e-01 -1.431721426177e-02 -1.662440303737e+00
9492 3.196306328784e-01 -1.426128198431e-02 -1.659236918203e+00
9493 3.196643100076e-01 -1.420545759389e-02 -1.656033164137e+00
9494 3.196979871367e-01 -1.414974110291e-02 -1.652829042251e+00
9495 3.197316642659e-01 -1.409413252374e-02 -1.649624553256e+00
9496 3.197653413951e-01 -1.403863186872e-02 -1.646419697864e+00
9497 3.197990185242e-01 -1.398323915020e-02 -1.643214476788e+00
9498 3.198326956534e-01 -1.392795438047e-02 -1.640008890738e+00
9499 3.198663727826e-01 -1.387277757181e-02 -1.636802940428e+00
9500 3.199000499117e-01 -1.381770873647e-02 -1.633596626568e+00
9501 3.199337270409e-01 -1.376274788670e-02 -1.630389949872e+00
9502 3.199674041700e-01 -1.370789503469e-02 -1.627182911051e+00
9503 3.200010812992e-01 -1.365315019262e-02 -1.623975510818e+00
9504 3.200347584284e-01 -1.359851337267e-02 -1.620767749884e+00
9505 3.200684355575e-01 -1.354398458696e-02 -1.617559628964e+00
9506 3.201021126867e-01 -1.348956384760e-02 -1.614351148768e+00
9507 3.201357898158e-01 -1.343525116668e-02 -1.611142310011e+00
9508 3.201694669450e-01 -1.338104655627e-02 -1.607933113403e+00
9509 3.202031440742e-01 -1.332695002840e-02 -1.604723559660e+00
9510 3.202368212033e-01 -1.327296159509e-02 -1.601513649492e+00
9511 3.202704983325e-01 -1.321908126834e-02 -1.598303383613e+00
9512 3.203041754617e-01 -1.316530906010e-02 -1.595092762736e+00
9513 3.203378525908e-01 -1.311164498232e-02 -1.591881787575e+00
9514 3.203715297200e-01 -1.305808904692e-02 -1.588670458842e+00
9515 3.204052068491e-01 -1.300464126580e-02 -1.585458777251e+00
9516 3.204388839783e-01 -1.295130165083e-02 -1.582246743515e+00
9517 3.204725611075e-01 -1.289807021385e-02 -1.579034358347e+00
9518 3.205062382366e-01 -1.284494696669e-02 -1.575821622461e+00
9519 3.205399153658e-01 -1.279193192115e-02 -1.572608536571e+00
9520 3.205735924950e-01 -1.273902508900e-02 -1.569395101389e+00
9521 3.206072696241e-01 -1.268622648199e-02 -1.566181317631e+00
9522 3.206409467533e-01 -1.263353611185e-02 -1.562967186010e+00
9523 3.206746238824e-01 -1.258095399029e-02 -1.559752707239e+00
9524 3.207083010116e-01 -1.252848012898e-02 -1.556537882033e+00
9525 3.207419781408e-01 -1.247611453957e-02 -1.553322711105e+00
9526 3.207756552699e-01 -1.242385723370e-02 -1.550107195170e+00
9527 3.208093323991e-01 -1.237170822298e-02 -1.546891334942e+00
9528 3.208430095283e-01 -1.231966751899e-02 -1.543675131135e+00
9529 3.208766866574e-01 -1.226773513328e-02 -1.540458584464e+00
9530 3.209103637866e-01 -1.221591107739e-02 -1.537241695643e+00
9531 3.209440409157e-01 -1.216419536284e-02 -1.534024465386e+00
9532 3.209777180449e-01 -1.211258800110e-02 -1.530806894408e+00
9533 3.210113951741e-01 -1.206108900364e-02 -1.527588983424e+00
9534 3.210450723032e-01 -1.200969838191e-02 -1.524370733149e+00
9535 3.210787494324e-01 -1.195841614730e-02 -1.521152144296e+00
9536 3.211124265616e-01 -1.190724231122e-02 -1.517933217582e+00
9537 3.211461036907e-01 -1.185617688503e-02 -1.514713953721e+00
9538 3.211797808199e-01 -1.180521988007e-02 -1.511494353428e+00
9539 3.212134579490e-01 -1.175437130766e-02 -1.508274417418e+00
9540 3.212471350782e-01 -1.170363117910e-02 -1.505054146407e+00
9541 3.212808122074e-01 -1.165299950565e-02 -1.501833541109e+00
9542 3.213144893365e-01 -1.160247629855e-02 -1.498612602240e+00
9543 3.213481664657e-01 -1.155206156904e-02 -1.495391330516e+00
9544 3.213818435948e-01 -1.150175532831e-02 -1.492169726651e+00
9545 3.214155207240e-01 -1.145155758753e-02 -1.488947791362e+00
9546 3.214491978532e-01 -1.140146835785e-02 -1.485725525364e+00
9547 3.214828749823e-01 -1.135148765040e-02 -1.482502929372e+00
9548 3.215165521115e-01 -1.130161547628e-02 -1.479280004103e+00
9549 3.215502292407e-01 -1.125185184656e-02 -1.476056750272e+00
9550 3.215839063698e-01 -1.120219677230e-02 -1.472833168596e+00
9551 3.216175834990e-01 -1.115265026452e-02 -1.469609259789e+00
9552 3.216512606281e-01 -1.110321233424e-02 -1.466385024569e+00
9553 3.216849377573e-01 -1.105388299243e-02 -1.463160463652e+00
9554 3.217186148865e-01 -1.100466225005e-02 -1.459935577753e+00
9555 3.217522920156e-01 -1.095555011803e-02 -1.456710367588e+00
9556 3.217859691448e-01 -1.090654660728e-02 -1.453484833875e+00
9557 3.218196462740e-01 -1.085765172868e-02 -1.450258977330e+00
9558 3.218533234031e-01 -1.080886549310e-02 -1.447032798669e+00
9559 3.218870005323e-01 -1.076018791137e-02 -1.443806298609e+00
9560 3.219206776614e-01 -1.071161899429e-02 -1.440579477865e+00
9561 3.219543547906e-01 -1.066315875267e-02 -1.437352337156e+00
9562 3.219880319198e-01 -1.061480719726e-02 -1.434124877198e+00
9563 3.220217090489e-01 -1.056656433880e-02 -1.430897098708e+00
9564 3.220553861781e-01 -1.051843018800e-02 -1.427669002402e+00
9565 3.220890633073e-01 -1.047040475557e-02 -1.424440588997e+00
9566 3.221227404364e-01 -1.042248805216e-02 -1.421211859212e+00
9567 3.221564175656e-01 -1.037468008841e-02 -1.417982813762e+00
9568 3.221900946947e-01 -1.032698087495e-02 -1.414753453365e+00
9569 3.222237718239e-01 -1.027939042238e-02 -1.411523778738e+00
9570 3.222574489531e-01 -1.023190874125e-02 -1.408293790599e+00
9571 3.222911260822e-01 -1.018453584212e-02 -1.405063489665e+00
9572 3.223248032114e-01 -1.013727173551e-02 -1.401832876653e+00
9573 3.223584803406e-01 -1.009011643191e-02 -1.398601952282e+00
9574 3.223921574697e-01 -1.004306994181e-02 -1.395370717268e+00
9575 3.224258345989e-01 -9.996132275642e-03 -1.392139172329e+00
9576 3.224595117280e-01 -9.949303443842e-03 -1.388907318183e+00
9577 3.224931888572e-01 -9.902583456808e-03 -1.385675155549e+00
9578 3.225268659864e-01 -9.855972324917e-03 -1.382442685143e+00
9579 3.225605431155e-01 -9.809470058521e-03 -1.379209907684e+00
9580 3.225942202447e-01 -9.763076667950e-03 -1.375976823890e+00
9581 3.226278973739e-01 -9.716792163507e-03 -1.372743434478e+00
9582 3.226615745030e-01 -9.670616555473e-03 -1.369509740168e+00
9583 3.226952516322e-01 -9.624549854105e-03 -1.366275741677e+00
9584 3.227289287613e-01 -9.578592069633e-03 -1.363041439724e+00
9585 3.227626058905e-01 -9.532743212265e-03 -1.359806835026e+00
9586 3.227962830197e-01 -9.487003292185e-03 -1.356571928303e+00
9587 3.228299601488e-01 -9.441372319553e-03 -1.353336720273e+00
9588 3.228636372780e-01 -9.395850304503e-03 -1.350101211654e+00
9589 3.228973144071e-01 -9.350437257145e-03 -1.346865403166e+00
9590 3.229309915363e-01 -9.305133187568e-03 -1.343629295526e+00
9591 3.229646686655e-01 -9.259938105832e-03 -1.340392889454e+00
9592 3.229983457946e-01 -9.214852021977e-03 -1.337156185668e+00
9593 3.230320229238e-01 -9.169874946017e-03 -1.333919184887e+00
9594 3.230657000530e-01 -9.125006887941e-03 -1.330681887831e+00
9595 3.230993771821e-01 -9.080247857714e-03 -1.327444295218e+00
9596 3.231330543113e-01 -9.035597865279e-03 -1.324206407768e+00
9597 3.231667314404e-01 -8.991056920552e-03 -1.320968226199e+00
9598 3.232004085696e-01 -8.946625033427e-03 -1.317729751231e+00
9599 3.232340856988e-01 -8.902302213772e-03 -1.314490983583e+00
9600 3.232677628279e-01 -8.858088471431e-03 -1.311251923974e+00
9601 3.233014399571e-01 -8.813983816225e-03 -1.308012573125e+00
9602 3.233351170863e-01 -8.769988257950e-03 -1.304772931754e+00
9603 3.233687942154e-01 -8.726101806378e-03 -1.301533000580e+00
9604 3.234024713446e-01 -8.682324471257e-03 -1.298292780325e+00
9605 3.234361484737e-01 -8.638656262309e-03 -1.295052271706e+00
9606 3.234698256029e-01 -8.595097189234e-03 -1.291811475445e+00
9607 3.235035027321e-01 -8.551647261706e-03 -1.288570392260e+00
9608 3.235371798612e-01 -8.508306489377e-03 -1.285329022872e+00
9609 3.235708569904e-01 -8.465074881873e-03 -1.282087368000e+00
9610 3.236045341196e-01 -8.421952448795e-03 -1.278845428365e+00
9611 3.236382112487e-01 -8.378939199722e-03 -1.275603204687e+00
9612 3.236718883779e-01 -8.336035144208e-03 -1.272360697686e+00
9613 3.237055655070e-01 -8.293240291781e-03 -1.269117908081e+00
9614 3.237392426362e-01 -8.250554651947e-03 -1.265874836594e+00
9615 3.237729197654e-01 -8.207978234187e-03 -1.262631483945e+00
9616 3.238065968945e-01 -8.165511047957e-03 -1.259387850853e+00
9617 3.238402740237e-01 -8.123153102690e-03 -1.256143938040e+00
9618 3.238739511529e-01 -8.080904407794e-03 -1.252899746225e+00
9619 3.239076282820e-01 -8.038764972652e-03 -1.249655276130e+00
9620 3.239413054112e-01 -7.996734806625e-03 -1.246410528475e+00
9621 3.239749825403e-01 -7.954813919047e-03 -1.243165503981e+00
9622 3.240086596695e-01 -7.913002319229e-03 -1.239920203369e+00
9623 3.240423367987e-01 -7.871300016459e-03 -1.236674627358e+00
9624 3.240760139278e-01 -7.829707019998e-03 -1.233428776671e+00
9625 3.241096910570e-01 -7.788223339085e-03 -1.230182652028e+00
9626 3.241433681862e-01 -7.746848982934e-03 -1.226936254151e+00
9627 3.241770453153e-01 -7.705583960735e-03 -1.223689583759e+00
9628 3.242107224445e-01 -7.664428281652e-03 -1.220442641574e+00
9629 3.242443995736e-01 -7.623381954827e-03 -1.217195428319e+00
9630 3.242780767028e-01 -7.582444989377e-03 -1.213947944712e+00
9631 3.243117538320e-01 -7.541617394394e-03 -1.210700191477e+00
9632 3.243454309611e-01 -7.500899178945e-03 -1.207452169334e+00
9633 3.243791080903e-01 -7.460290352076e-03 -1.204203879005e+00
9634 3.244127852194e-01 -7.419790922806e-03 -1.200955321211e+00
9635 3.244464623486e-01 -7.379400900130e-03 -1.197706496674e+00
9636 3.244801394778e-01 -7.339120293019e-03 -1.194457406116e+00
9637 3.245138166069e-01 -7.298949110419e-03 -1.191208050257e+00
9638 3.245474937361e-01 -7.258887361254e-03 -1.187958429820e+00
9639 3.245811708653e-01 -7.218935054420e-03 -1.184708545526e+00
9640 3.246148479944e-01 -7.179092198793e-03 -1.181458398098e+00
9641 3.246485251236e-01 -7.139358803221e-03 -1.178207988258e+00
9642 3.246822022527e-01 -7.099734876530e-03 -1.174957316726e+00
9643 3.247158793819e-01 -7.060220427520e-03 -1.171706384225e+00
9644 3.247495565111e-01 -7.020815464968e-03 -1.168455191478e+00
9645 3.247832336402e-01 -6.981519997626e-03 -1.165203739206e+00
9646 3.248169107694e-01 -6.942334034222e-03 -1.161952028132e+00
9647 3.248505878986e-01 -6.903257583460e-03 -1.158700058977e+00
9648 3.248842650277e-01 -6.864290654018e-03 -1.155447832465e+00
9649 3.249179421569e-01 -6.825433254552e-03 -1.152195349316e+00
9650 3.249516192860e-01 -6.786685393693e-03 -1.148942610255e+00
9651 3.249852964152e-01 -6.748047080046e-03 -1.145689616003e+00
9652 3.250189735444e-01 -6.709518322194e-03 -1.142436367283e+00
9653 3.250526506735e-01 -6.671099128693e-03 -1.139182864817e+00
9654 3.250863278027e-01 -6.632789508078e-03 -1.135929109328e+00
9655 3.251200049319e-01 -6.594589468858e-03 -1.132675101539e+00
9656 3.251536820610e-01 -6.556499019516e-03 -1.129420842172e+00
9657 3.251873591902e-01 -6.518518168513e-03 -1.126166331951e+00
9658 3.252210363193e-01 -6.480646924285e-03 -1.122911571597e+00
9659 3.252547134485e-01 -6.442885295244e-03 -1.119656561835e+00
9660 3.252883905777e-01 -6.405233289776e-03 -1.116401303387e+00
9661 3.253220677068e-01 -6.367690916245e-03 -1.113145796975e+00
9662 3.253557448360e-01 -6.330258182990e-03 -1.109890043324e+00
9663 3.253894219652e-01 -6.292935098323e-03 -1.106634043156e+00
9664 3.254230990943e-01 -6.255721670536e-03 -1.103377797194e+00
9665 3.254567762235e-01 -6.218617907893e-03 -1.100121306162e+00
9666 3.254904533526e-01 -6.181623818635e-03 -1.096864570783e+00
9667 3.255241304818e-01 -6.144739410980e-03 -1.093607591780e+00
9668 3.255578076110e-01 -6.107964693120e-03 -1.090350369877e+00
9669 3.255914847401e-01 -6.071299673222e-03 -1.087092905797e+00
9670 3.256251618693e-01 -6.034744359430e-03 -1.083835200264e+00
9671 3.256588389984e-01 -5.998298759864e-03 -1.080577254001e+00
9672 3.256925161276e-01 -5.961962882619e-03 -1.077319067732e+00
9673 3.257261932568e-01 -5.925736735765e-03 -1.074060642180e+00
9674 3.257598703859e-01 -5.889620327348e-03 -1.070801978070e+00
9675 3.257935475151e-01 -5.853613665389e-03 -1.067543076125e+00
9676 3.258272246443e-01 -5.817716757888e-03 -1.064283937068e+00
9677 3.258609017734e-01 -5.781929612815e-03 -1.061024561624e+00
9678 3.258945789026e-01 -5.746252238121e-03 -1.057764950517e+00
9679 3.259282560317e-01 -5.710684641729e-03 -1.054505104471e+00
9680 3.259619331609e-01 -5.675226831539e-03 -1.051245024209e+00
9681 3.259956102901e-01 -5.639878815427e-03 -1.047984710457e+00
9682 3.260292874192e-01 -5.604640601244e-03 -1.044724163937e+00
9683 3.260629645484e-01 -5.569512196817e-03 -1.041463385374e+00
9684 3.260966416776e-01 -5.534493609947e-03 -1.038202375493e+00
9685 3.261303188067e-01 -5.499584848413e-03 -1.034941135017e+00
9686 3.261639959359e-01 -5.464785919969e-03 -1.031679664671e+00
9687 3.261976730650e-01 -5.430096832343e-03 -1.028417965180e+00
9688 3.262313501942e-01 -5.395517593241e-03 -1.025156037268e+00
9689 3.262650273234e-01 -5.361048210342e-03 -1.021893881659e+00
9690 3.262987044525e-01 -5.326688691303e-03 -1.018631499079e+00
9691 3.263323815817e-01 -5.292439043756e-03 -1.015368890250e+00
9692 3.263660587109e-01 -5.258299275307e-03 -1.012106055899e+00
9693 3.263997358400e-01 -5.224269393539e-03 -1.008842996750e+00
9694 3.264334129692e-01 -5.190349406010e-03 -1.005579713528e+00
9695 3.264670900983e-01 -5.156539320255e-03 -1.002316206957e+00
9696 3.265007672275e-01 -5.122839143783e-03 -9.990524777627e-01
9697 3.265344443567e-01 -5.089248884079e-03 -9.957885266694e-01
9698 3.265681214858e-01 -5.055768548604e-03 -9.925243544024e-01
9699 3.266017986150e-01 -5.022398144794e-03 -9.892599616866e-01
9700 3.266354757442e-01 -4.989137680061e-03 -9.859953492470e-01
9701 3.266691528733e-01 -4.955987161793e-03 -9.827305178088e-01
9702 3.267028300025e-01 -4.922946597352e-03 -9.794654680972e-01
9703 3.267365071316e-01 -4.890015994077e-03 -9.762002008372e-01
9704 3.267701842608e-01 -4.857195359282e-03 -9.729347167542e-01
9705 3.268038613900e-01 -4.824484700258e-03 -9.696690165735e-01
9706 3.268375385191e-01 -4.791884024269e-03 -9.664031010203e-01
9707 3.268712156483e-01 -4.759393338556e-03 -9.631369708201e-01
9708 3.269048927775e-01 -4.727012650336e-03 -9.598706266984e-01
9709 3.269385699066e-01 -4.694741966800e-03 -9.566040693806e-01
9710 3.269722470358e-01 -4.662581295118e-03 -9.533372995922e-01
9711 3.270059241649e-01 -4.630530642430e-03 -9.500703180588e-01
9712 3.270396012941e-01 -4.598590015857e-03 -9.468031255061e-01
9713 3.270732784233e-01 -4.566759422493e-03 -9.435357226597e-01
9714 3.271069555524e-01 -4.535038869408e-03 -9.402681102453e-01
9715 3.271406326816e-01 -4.503428363646e-03 -9.370002889887e-01
9716 3.271743098107e-01 -4.471927912229e-03 -9.337322596158e-01
9717 3.272079869399e-01 -4.440537522154e-03 -9.304640228523e-01
9718 3.272416640691e-01 -4.409257200393e-03 -9.271955794242e-01
9719 3.272753411982e-01 -4.378086953892e-03 -9.239269300575e-01
9720 3.273090183274e-01 -4.347026789576e-03 -9.206580754781e-01
9721 3.273426954566e-01 -4.316076714344e-03 -9.173890164120e-01
9722 3.273763725857e-01 -4.285236735068e-03 -9.141197535854e-01
9723 3.274100497149e-01 -4.254506858600e-03 -9.108502877245e-01
9724 3.274437268440e-01 -4.223887091765e-03 -9.075806195553e-01
9725 3.274774039732e-01 -4.193377441363e-03 -9.043107498041e-01
9726 3.275110811024e-01 -4.162977914172e-03 -9.010406791971e-01
9727 3.275447582315e-01 -4.132688516943e-03 -8.977704084608e-01
9728 3.275784353607e-01 -4.102509256403e-03 -8.944999383213e-01
9729 3.276121124899e-01 -4.072440139256e-03 -8.912292695053e-01
9730 3.276457896190e-01 -4.042481172181e-03 -8.879584027390e-01
9731 3.276794667482e-01 -4.012632361831e-03 -8.846873387489e-01
9732 3.277131438773e-01 -3.982893714836e-03 -8.814160782617e-01
9733 3.277468210065e-01 -3.953265237802e-03 -8.781446220039e-01
9734 3.277804981357e-01 -3.923746937309e-03 -8.748729707020e-01
9735 3.278141752648e-01 -3.894338819913e-03 -8.716011250829e-01
9736 3.278478523940e-01 -3.865040892147e-03 -8.683290858731e-01
9737 3.278815295232e-01 -3.835853160518e-03 -8.650568537994e-01
9738 3.279152066523e-01 -3.806775631508e-03 -8.617844295887e-01
9739 3.279488837815e-01 -3.777808311576e-03 -8.585118139677e-01
9740 3.279825609106e-01 -3.748951207156e-03 -8.552390076633e-01
9741 3.280162380398e-01 -3.720204324657e-03 -8.519660114025e-01
9742 3.280499151690e-01 -3.691567670465e-03 -8.486928259122e-01
9743 3.280835922981e-01 -3.663041250939e-03 -8.454194519195e-01
9744 3.281172694273e-01 -3.634625072416e-03 -8.421458901513e-01
9745 3.281509465565e-01 -3.606319141207e-03 -8.388721413347e-01
9746 3.281846236856e-01 -3.578123463599e-03 -8.355982061969e-01
9747 3.282183008148e-01 -3.550038045854e-03 -8.323240854651e-01
9748 3.282519779439e-01 -3.522062894212e-03 -8.290497798665e-01
9749 3.282856550731e-01 -3.494198014885e-03 -8.257752901282e-01
9750 3.283193322023e-01 -3.466443414062e-03 -8.225006169777e-01
9751 3.283530093314e-01 -3.438799097908e-03 -8.192257611423e-01
9752 3.283866864606e-01 -3.411265072562e-03 -8.159507233492e-01
9753 3.284203635897e-01 -3.383841344142e-03 -8.126755043260e-01
9754 3.284540407189e-01 -3.356527918736e-03 -8.094001048001e-01
9755 3.284877178481e-01 -3.329324802413e-03 -8.061245254990e-01
9756 3.285213949772e-01 -3.302232001214e-03 -8.028487671502e-01
9757 3.285550721064e-01 -3.275249521157e-03 -7.995728304814e-01
9758 3.285887492356e-01 -3.248377368234e-03 -7.962967162200e-01
9759 3.286224263647e-01 -3.221615548415e-03 -7.930204250938e-01
9760 3.286561034939e-01 -3.194964067643e-03 -7.897439578305e-01
9761 3.286897806230e-01 -3.168422931838e-03 -7.864673151578e-01
9762 3.287234577522e-01 -3.141992146895e-03 -7.831904978035e-01
9763 3.287571348814e-01 -3.115671718685e-03 -7.799135064954e-01
9764 3.287908120105e-01 -3.089461653053e-03 -7.766363419613e-01
9765 3.288244891397e-01 -3.063361955821e-03 -7.733590049291e-01
9766 3.288581662689e-01 -3.037372632786e-03 -7.700814961268e-01
9767 3.288918433980e-01 -3.011493689720e-03 -7.668038162823e-01
9768 3.289255205272e-01 -2.985725132371e-03 -7.635259661237e-01
9769 3.289591976563e-01 -2.960066966464e-03 -7.602479463788e-01
9770 3.289928747855e-01 -2.934519197696e-03 -7.569697577760e-01
9771 3.290265519147e-01 -2.909081831742e-03 -7.536914010432e-01
9772 3.290602290438e-01 -2.883754874252e-03 -7.504128769086e-01
9773 3.290939061730e-01 -2.858538330852e-03 -7.471341861003e-01
9774 3.291275833022e-01 -2.833432207142e-03 -7.438553293468e-01
9775 3.291612604313e-01 -2.808436508698e-03 -7.405763073761e-01
9776 3.291949375605e-01 -2.783551241072e-03 -7.372971209166e-01
9777 3.292286146896e-01 -2.758776409792e-03 -7.340177706966e-01
9778 3.292622918188e-01 -2.734112020360e-03 -7.307382574446e-01
9779 3.292959689480e-01 -2.709558078255e-03 -7.274585818888e-01
9780 3.293296460771e-01 -2.685114588929e-03 -7.241787447578e-01
9781 3.293633232063e-01 -2.660781557813e-03 -7.208987467801e-01
9782 3.293970003355e-01 -2.636558990310e-03 -7.176185886841e-01
9783 3.294306774646e-01 -2.612446891801e-03 -7.143382711984e-01
9784 3.294643545938e-01 -2.588445267642e-03 -7.110577950516e-01
9785 3.294980317229e-01 -2.564554123163e-03 -7.077771609724e-01
9786 3.295317088521e-01 -2.540773463671e-03 -7.044963696893e-01
9787 3.295653859813e-01 -2.517103294447e-03 -7.012154219311e-01
9788 3.295990631104e-01 -2.493543620749e-03 -6.979343184265e-01
9789 3.296327402396e-01 -2.470094447810e-03 -6.946530599043e-01
9790 3.296664173688e-01 -2.446755780838e-03 -6.913716470933e-01
9791 3.297000944979e-01 -2.423527625018e-03 -6.880900807222e-01
9792 3.297337716271e-01 -2.400409985507e-03 -6.848083615201e-01
9793 3.297674487562e-01 -2.377402867440e-03 -6.815264902157e-01
9794 3.298011258854e-01 -2.354506275929e-03 -6.782444675379e-01
9795 3.298348030146e-01 -2.331720216058e-03 -6.749622942159e-01
9796 3.298684801437e-01 -2.309044692888e-03 -6.716799709785e-01
9797 3.299021572729e-01 -2.286479711456e-03 -6.683974985548e-01
9798 3.299358344020e-01 -2.264025276774e-03 -6.651148776739e-01
9799 3.299695115312e-01 -2.241681393828e-03 -6.618321090649e-01
9800 3.300031886604e-01 -2.219448067582e-03 -6.585491934569e-01
9801 3.300368657895e-01 -2.197325302975e-03 -6.552661315790e-01
9802 3.300705429187e-01 -2.175313104919e-03 -6.519829241605e-01
9803 3.301042200479e-01 -2.153411478303e-03 -6.486995719306e-01
9804 3.301378971770e-01 -2.131620427993e-03 -6.454160756185e-01
9805 3.301715743062e-01 -2.109939958829e-03 -6.421324359537e-01
9806 3.302052514353e-01 -2.088370075625e-03 -6.388486536652e-01
9807 3.302389285645e-01 -2.066910783172e-03 -6.355647294827e-01
9808 3.302726056937e-01 -2.045562086238e-03 -6.322806641353e-01
9809 3.303062828228e-01 -2.024323989563e-03 -6.289964583527e-01
9810 3.303399599520e-01 -2.003196497865e-03 -6.257121128641e-01
9811 3.303736370812e-01 -1.982179615837e-03 -6.224276283991e-01
9812 3.304073142103e-01 -1.961273348146e-03 -6.191430056872e-01
9813 3.304409913395e-01 -1.940477699436e-03 -6.158582454579e-01
9814 3.304746684686e-01 -1.919792674325e-03 -6.125733484409e-01
9815 3.305083455978e-01 -1.899218277409e-03 -6.092883153657e-01
9816 3.305420227270e-01 -1.878754513257e-03 -6.060031469619e-01
9817 3.305756998561e-01 -1.858401386415e-03 -6.027178439593e-01
9818 3.306093769853e-01 -1.838158901401e-03 -5.994324070875e-01
9819 3.306430541145e-01 -1.818027062714e-03 -5.961468370763e-01
9820 3.306767312436e-01 -1.798005874824e-03 -5.928611346553e-01
9821 3.307104083728e-01 -1.778095342178e-03 -5.895753005545e-01
9822 3.307440855019e-01 -1.758295469199e-03 -5.862893355035e-01
9823 3.307777626311e-01 -1.738606260284e-03 -5.830032402323e-01
9824 3.308114397603e-01 -1.719027719806e-03 -5.797170154708e-01
9825 3.308451168894e-01 -1.699559852114e-03 -5.764306619487e-01
9826 3.308787940186e-01 -1.680202661532e-03 -5.731441803961e-01
9827 3.309124711478e-01 -1.660956152360e-03 -5.698575715429e-01
9828 3.309461482769e-01 -1.641820328871e-03 -5.665708361191e-01
9829 3.309798254061e-01 -1.622795195317e-03 -5.632839748547e-01
9830 3.310135025352e-01 -1.603880755923e-03 -5.599969884798e-01
9831 3.310471796644e-01 -1.585077014891e-03 -5.567098777243e-01
9832 3.310808567936e-01 -1.566383976395e-03 -5.534226433185e-01
9833 3.311145339227e-01 -1.547801644590e-03 -5.501352859924e-01
9834 3.311482110519e-01 -1.529330023601e-03 -5.468478064763e-01
9835 3.311818881810e-01 -1.510969117532e-03 -5.435602055002e-01
9836 3.312155653102e-01 -1.492718930460e-03 -5.402724837943e-01
9837 3.312492424394e-01 -1.474579466440e-03 -5.369846420890e-01
9838 3.312829195685e-01 -1.456550729499e-03 -5.336966811145e-01
9839 3.313165966977e-01 -1.438632723644e-03 -5.304086016010e-01
9840 3.313502738269e-01 -1.420825452852e-03 -5.271204042789e-01
9841 3.313839509560e-01 -1.403128921080e-03 -5.238320898785e-01
9842 3.314176280852e-01 -1.385543132258e-03 -5.205436591302e-01
9843 3.314513052143e-01 -1.368068090292e-03 -5.172551127643e-01
9844 3.314849823435e-01 -1.350703799063e-03 -5.139664515114e-01
9845 3.315186594727e-01 -1.333450262428e-03 -5.106776761017e-01
9846 3.315523366018e-01 -1.316307484220e-03 -5.073887872659e-01
9847 3.315860137310e-01 -1.299275468245e-03 -5.040997857343e-01
9848 3.316196908602e-01 -1.282354218287e-03 -5.008106722375e-01
9849 3.316533679893e-01 -1.265543738104e-03 -4.975214475061e-01
9850 3.316870451185e-01 -1.248844031430e-03 -4.942321122706e-01
9851 3.317207222476e-01 -1.232255101974e-03 -4.909426672616e-01
9852 3.317543993768e-01 -1.215776953421e-03 -4.876531132097e-01
9853 3.317880765060e-01 -1.199409589430e-03 -4.843634508456e-01
9854 3.318217536351e-01 -1.183153013638e-03 -4.810736808999e-01
9855 3.318554307643e-01 -1.167007229653e-03 -4.777838041033e-01
9856 3.318891078935e-01 -1.150972241064e-03 -4.744938211865e-01
9857 3.319227850226e-01 -1.135048051431e-03 -4.712037328803e-01
9858 3.319564621518e-01 -1.119234664291e-03 -4.679135399154e-01
9859 3.319901392809e-01 -1.103532083157e-03 -4.646232430226e-01
9860 3.320238164101e-01 -1.087940311515e-03 -4.613328429327e-01
9861 3.320574935393e-01 -1.072459352831e-03 -4.580423403766e-01
9862 3.320911706684e-01 -1.057089210540e-03 -4.547517360850e-01
9863 3.321248477976e-01 -1.041829888059e-03 -4.514610307889e-01
9864 3.321585249268e-01 -1.026681388775e-03 -4.481702252191e-01
9865 3.321922020559e-01 -1.011643716053e-03 -4.448793201067e-01
9866 3.322258791851e-01 -9.967168732344e-04 -4.415883161824e-01
9867 3.322595563142e-01 -9.819008636332e-04 -4.382972141773e-01
9868 3.322932334434e-01 -9.671956905406e-04 -4.350060148223e-01
9869 3.323269105726e-01 -9.526013572228e-04 -4.317147188486e-01
9870 3.323605877017e-01 -9.381178669213e-04 -4.284233269870e-01
9871 3.323942648309e-01 -9.237452228529e-04 -4.251318399686e-01
9872 3.324279419601e-01 -9.094834282101e-04 -4.218402585246e-01
9873 3.324616190892e-01 -8.953324861604e-04 -4.185485833860e-01
9874 3.324952962184e-01 -8.812923998470e-04 -4.152568152838e-01
9875 3.325289733475e-01 -8.673631723882e-04 -4.119649549493e-01
9876 3.325626504767e-01 -8.535448068779e-04 -4.086730031136e-01
9877 3.325963276059e-01 -8.398373063853e-04 -4.053809605079e-01
9878 3.326300047350e-01 -8.262406739548e-04 -4.020888278634e-01
9879 3.326636818642e-01 -8.127549126065e-04 -3.987966059112e-01
9880 3.326973589933e-01 -7.993800253357e-04 -3.955042953826e-01
9881 3.327310361225e-01 -7.861160151131e-04 -3.922118970089e-01
9882 3.327647132517e-01 -7.729628848846e-04 -3.889194115213e-01
9883 3.327983903808e-01 -7.599206375718e-04 -3.856268396511e-01
9884 3.328320675100e-01 -7.469892760714e-04 -3.823341821297e-01
9885 3.328657446392e-01 -7.341688032557e-04 -3.790414396883e-01
9886 3.328994217683e-01 -7.214592219721e-04 -3.757486130584e-01
9887 3.329330988975e-01 -7.088605350436e-04 -3.724557029712e-01
9888 3.329667760266e-01 -6.963727452684e-04 -3.691627101581e-01
9889 3.330004531558e-01 -6.839958554203e-04 -3.658696353507e-01
9890 3.330341302850e-01 -6.717298682482e-04 -3.625764792802e-01
9891 3.330678074141e-01 -6.595747864765e-04 -3.592832426782e-01
9892 3.331014845433e-01 -6.475306128050e-04 -3.559899262760e-01
9893 3.331351616725e-01 -6.355973499088e-04 -3.526965308053e-01
9894 3.331688388016e-01 -6.237750004385e-04 -3.494030569973e-01
9895 3.332025159308e-01 -6.120635670197e-04 -3.461095055838e-01
9896 3.332361930599e-01 -6.004630522538e-04 -3.428158772961e-01
9897 3.332698701891e-01 -5.889734587173e-04 -3.395221728659e-01
9898 3.333035473183e-01 -5.775947889623e-04 -3.362283930247e-01
9899 3.333372244474e-01 -5.663270455159e-04 -3.329345385041e-01
9900 3.333709015766e-01 -5.551702308809e-04 -3.296406100356e-01
9901 3.334045787058e-01 -5.441243475352e-04 -3.263466083509e-01
9902 3.334382558349e-01 -5.331893979324e-04 -3.230525341817e-01
9903 3.334719329641e-01 -5.223653845011e-04 -3.197583882595e-01
9904 3.335056100932e-01 -5.116523096454e-04 -3.164641713160e-01
9905 3.335392872224e-01 -5.010501757449e-04 -3.131698840830e-01
9906 3.335729643516e-01 -4.905589851543e-04 -3.098755272920e-01
9907 3.336066414807e-01 -4.801787402039e-04 -3.065811016748e-01
9908 3.336403186099e-01 -4.699094431992e-04 -3.032866079631e-01
9909 3.336739957391e-01 -4.597510964210e-04 -2.999920468887e-01
9910 3.337076728682e-01 -4.497037021257e-04 -2.966974191833e-01
9911 3.337413499974e-01 -4.397672625449e-04 -2.934027255787e-01
9912 3.337750271265e-01 -4.299417798856e-04 -2.901079668066e-01
9913 3.338087042557e-01 -4.202272563300e-04 -2.868131435989e-01
9914 3.338423813849e-01 -4.106236940359e-04 -2.835182566873e-01
9915 3.338760585140e-01 -4.011310951363e-04 -2.802233068038e-01
9916 3.339097356432e-01 -3.917494617396e-04 -2.769282946800e-01
9917 3.339434127723e-01 -3.824787959296e-04 -2.736332210480e-01
9918 3.339770899015e-01 -3.733190997653e-04 -2.703380866394e-01
9919 3.340107670307e-01 -3.642703752812e-04 -2.670428921864e-01
9920 3.340444441598e-01 -3.553326244871e-04 -2.637476384206e-01
9921 3.340781212890e-01 -3.465058493682e-04 -2.604523260740e-01
9922 3.341117984182e-01 -3.377900518849e-04 -2.571569558786e-01
9923 3.341454755473e-01 -3.291852339732e-04 -2.538615285663e-01
9924 3.341791526765e-01 -3.206913975442e-04 -2.505660448690e-01
9925 3.342128298056e-01 -3.123085444845e-04 -2.472705055186e-01
9926 3.342465069348e-01 -3.040366766560e-04 -2.439749112473e-01
9927 3.342801840640e-01 -2.958757958960e-04 -2.406792627868e-01
9928 3.343138611931e-01 -2.878259040170e-04 -2.373835608693e-01
9929 3.343475383223e-01 -2.798870028071e-04 -2.340878062267e-01
9930 3.343812154515e-01 -2.720590940295e-04 -2.307919995910e-01
9931 3.344148925806e-01 -2.643421794229e-04 -2.274961416943e-01
9932 3.344485697098e-01 -2.567362607013e-04 -2.242002332686e-01
9933 3.344822468389e-01 -2.492413395539e-04 -2.209042750460e-01
9934 3.345159239681e-01 -2.418574176456e-04 -2.176082677586e-01
9935 3.345496010973e-01 -2.345844966164e-04 -2.143122121383e-01
9936 3.345832782264e-01 -2.274225780816e-04 -2.110161089173e-01
9937 3.346169553556e-01 -2.203716636319e-04 -2.077199588277e-01
9938 3.346506324848e-01 -2.134317548334e-04 -2.044237626016e-01
9939 3.346843096139e-01 -2.066028532277e-04 -2.011275209711e-01
9940 3.347179867431e-01 -1.998849603313e-04 -1.978312346683e-01
9941 3.347516638722e-01 -1.932780776364e-04 -1.945349044254e-01
9942 3.347853410014e-01 -1.867822066106e-04 -1.912385309745e-01
9943 3.348190181306e-01 -1.803973486964e-04 -1.879421150477e-01
9944 3.348526952597e-01 -1.741235053122e-04 -1.846456573773e-01
9945 3.348863723889e-01 -1.679606778513e-04 -1.813491586954e-01
9946 3.349200495181e-01 -1.619088676827e-04 -1.780526197341e-01
9947 3.349537266472e-01 -1.559680761504e-04 -1.747560412258e-01
9948 3.349874037764e-01 -1.501383045739e-04 -1.714594239025e-01
9949 3.350210809055e-01 -1.444195542482e-04 -1.681627684965e-01
9950 3.350547580347e-01 -1.388118264434e-04 -1.648660757400e-01
9951 3.350884351639e-01 -1.333151224050e-04 -1.615693463652e-01
9952 3.351221122930e-01 -1.279294433538e-04 -1.582725811044e-01
9953 3.351557894222e-01 -1.226547904862e-04 -1.549757806898e-01
9954 3.351894665514e-01 -1.174911649736e-04 -1.516789458537e-01
9955 3.352231436805e-01 -1.124385679630e-04 -1.483820773282e-01
9956 3.352568208097e-01 -1.074970005765e-04 -1.450851758458e-01
9957 3.352904979388e-01 -1.026664639118e-04 -1.417882421386e-01
9958 3.353241750680e-01 -9.794695904169e-05 -1.384912769389e-01
9959 3.353578521972e-01 -9.333848701448e-05 -1.351942809790e-01
9960 3.353915293263e-01 -8.884104885374e-05 -1.318972549912e-01
9961 3.354252064555e-01 -8.445464555838e-05 -1.286001997079e-01
9962 3.354588835846e-01 -8.017927810268e-05 -1.253031158612e-01
9963 3.354925607138e-01 -7.601494743623e-05 -1.220060041836e-01
9964 3.355262378430e-01 -7.196165448397e-05 -1.187088654073e-01
9965 3.355599149721e-01 -6.801940014617e-05 -1.154117002647e-01
9966 3.355935921013e-01 -6.418818529845e-05 -1.121145094881e-01
9967 3.356272692305e-01 -6.046801079174e-05 -1.088172938099e-01
9968 3.356609463596e-01 -5.685887745234e-05 -1.055200539623e-01
9969 3.356946234888e-01 -5.336078608185e-05 -1.022227906777e-01
9970 3.357283006179e-01 -4.997373745726e-05 -9.892550468854e-02
9971 3.357619777471e-01 -4.669773233084e-05 -9.562819672709e-02
9972 3.357956548763e-01 -4.353277143024e-05 -9.233086752574e-02
9973 3.358293320054e-01 -4.047885545841e-05 -8.903351781686e-02
9974 3.358630091346e-01 -3.753598509367e-05 -8.573614833281e-02
9975 3.358966862638e-01 -3.470416098963e-05 -8.243875980597e-02
9976 3.359303633929e-01 -3.198338377530e-05 -7.914135296874e-02
9977 3.359640405221e-01 -2.937365405496e-05 -7.584392855347e-02
9978 3.359977176512e-01 -2.687497240827e-05 -7.254648729257e-02
9979 3.360313947804e-01 -2.448733939021e-05 -6.924902991843e-02
9980 3.360650719096e-01 -2.221075553109e-05 -6.595155716344e-02
9981 3.360987490387e-01 -2.004522133657e-05 -6.265406976001e-02
9982 3.361324261679e-01 -1.799073728762e-05 -5.935656844054e-02
9983 3.361661032971e-01 -1.604730384057e-05 -5.605905393741e-02
9984 3.361997804262e-01 -1.421492142708e-05 -5.276152698307e-02
9985 3.362334575554e-01 -1.249359045412e-05 -4.946398830990e-02
9986 3.362671346845e-01 -1.088331130402e-05 -4.616643865031e-02
9987 3.363008118137e-01 -9.384084334454e-06 -4.286887873675e-02
9988 3.363344889429e-01 -7.995909878397e-06 -3.957130930161e-02
9989 3.363681660720e-01 -6.718788244184e-06 -3.627373107732e-02
9990 3.364018432012e-01 -5.552719715470e-06 -3.297614479630e-02
9991 3.364355203304e-01 -4.497704551252e-06 -2.967855119098e-02
9992 3.364691974595e-01 -3.553742985858e-06 -2.638095099377e-02
9993 3.365028745887e-01 -2.720835228951e-06 -2.308334493712e-02
9994 3.365365517178e-01 -1.998981465526e-06 -1.978573375343e-02
9995 3.365702288470e-01 -1.388181855916e-06 -1.648811817516e-02
9996 3.366039059762e-01 -8.884365357834e-07 -1.319049893472e-02
9997 3.366375831053e-01 -4.997456161273e-07 -9.892876764561e-03
9998 3.366712602345e-01 -2.221091832785e-07 -6.595252397096e-03
9999 3.367049373636e-01 -5.552729890291e-08 -3.297626564765e-03
10000 3.367386144928e-01 -3.749399456655e-33 -8.568978775804e-16
