# DATE: 2026-07-06 Created by python script

SALR_LMP23
N 10000 R 1.000000000000e-06 3.367386144928e-01

1 1.000000000000e-06 0.000000000000e+00 0.000000000000e+00
2 3.467712916220e-05 0.000000000000e+00 0.000000000000e+00
3 6.835425832439e-05 0.000000000000e+00 0.000000000000e+00
4 1.020313874866e-04 0.000000000000e+00 0.000000000000e+00
5 1.357085166488e-04 0.000000000000e+00 0.000000000000e+00
6 1.693856458110e-04 0.000000000000e+00 0.000000000000e+00
7 2.030627749732e-04 0.000000000000e+00 0.000000000000e+00
8 2.367399041354e-04 0.000000000000e+00 0.000000000000e+00
9 2.704170332976e-04 0.000000000000e+00 0.000000000000e+00
10 3.040941624598e-04 0.000000000000e+00 0.000000000000e+00
11 3.377712916220e-04 0.000000000000e+00 0.000000000000e+00
12 3.714484207842e-04 0.000000000000e+00 0.000000000000e+00
13 4.051255499464e-04 0.000000000000e+00 0.000000000000e+00
14 4.388026791086e-04 0.000000000000e+00 0.000000000000e+00
15 4.724798082708e-04 0.000000000000e+00 0.000000000000e+00
16 5.061569374330e-04 0.000000000000e+00 0.000000000000e+00
17 5.398340665952e-04 0.000000000000e+00 0.000000000000e+00
18 5.735111957574e-04 0.000000000000e+00 0.000000000000e+00
19 6.071883249196e-04 0.000000000000e+00 0.000000000000e+00
20 6.408654540818e-04 0.000000000000e+00 0.000000000000e+00
21 6.745425832439e-04 0.000000000000e+00 0.000000000000e+00
22 7.082197124061e-04 0.000000000000e+00 0.000000000000e+00
23 7.418968415683e-04 0.000000000000e+00 0.000000000000e+00
24 7.755739707305e-04 0.000000000000e+00 0.000000000000e+00
25 8.092510998927e-04 0.000000000000e+00 0.000000000000e+00
26 8.429282290549e-04 0.000000000000e+00 0.000000000000e+00
27 8.766053582171e-04 0.000000000000e+00 0.000000000000e+00
28 9.102824873793e-04 0.000000000000e+00 0.000000000000e+00
29 9.439596165415e-04 0.000000000000e+00 0.000000000000e+00
30 9.776367457037e-04 0.000000000000e+00 0.000000000000e+00
31 1.011313874866e-03 0.000000000000e+00 0.000000000000e+00
32 1.044991004028e-03 0.000000000000e+00 0.000000000000e+00
33 1.078668133190e-03 0.000000000000e+00 0.000000000000e+00
34 1.112345262353e-03 0.000000000000e+00 0.000000000000e+00
35 1.146022391515e-03 0.000000000000e+00 0.000000000000e+00
36 1.179699520677e-03 0.000000000000e+00 0.000000000000e+00
37 1.213376649839e-03 0.000000000000e+00 0.000000000000e+00
38 1.247053779001e-03 0.000000000000e+00 0.000000000000e+00
39 1.280730908164e-03 0.000000000000e+00 0.000000000000e+00
40 1.314408037326e-03 0.000000000000e+00 0.000000000000e+00
41 1.348085166488e-03 0.000000000000e+00 0.000000000000e+00
42 1.381762295650e-03 0.000000000000e+00 0.000000000000e+00
43 1.415439424812e-03 0.000000000000e+00 0.000000000000e+00
44 1.449116553974e-03 0.000000000000e+00 0.000000000000e+00
45 1.482793683137e-03 0.000000000000e+00 0.000000000000e+00
46 1.516470812299e-03 0.000000000000e+00 0.000000000000e+00
47 1.550147941461e-03 0.000000000000e+00 0.000000000000e+00
48 1.583825070623e-03 0.000000000000e+00 0.000000000000e+00
49 1.617502199785e-03 0.000000000000e+00 0.000000000000e+00
50 1.651179328948e-03 0.000000000000e+00 0.000000000000e+00
51 1.684856458110e-03 0.000000000000e+00 0.000000000000e+00
52 1.718533587272e-03 0.000000000000e+00 0.000000000000e+00
53 1.752210716434e-03 0.000000000000e+00 0.000000000000e+00
54 1.785887845596e-03 0.000000000000e+00 0.000000000000e+00
55 1.819564974759e-03 0.000000000000e+00 0.000000000000e+00
56 1.853242103921e-03 0.000000000000e+00 0.000000000000e+00
57 1.886919233083e-03 0.000000000000e+00 0.000000000000e+00
58 1.920596362245e-03 0.000000000000e+00 0.000000000000e+00
59 1.954273491407e-03 0.000000000000e+00 0.000000000000e+00
60 1.987950620570e-03 0.000000000000e+00 0.000000000000e+00
61 2.021627749732e-03 0.000000000000e+00 0.000000000000e+00
62 2.055304878894e-03 0.000000000000e+00 0.000000000000e+00
63 2.088982008056e-03 0.000000000000e+00 0.000000000000e+00
64 2.122659137218e-03 0.000000000000e+00 0.000000000000e+00
65 2.156336266381e-03 0.000000000000e+00 0.000000000000e+00
66 2.190013395543e-03 0.000000000000e+00 0.000000000000e+00
67 2.223690524705e-03 0.000000000000e+00 0.000000000000e+00
68 2.257367653867e-03 0.000000000000e+00 0.000000000000e+00
69 2.291044783029e-03 0.000000000000e+00 0.000000000000e+00
70 2.324721912192e-03 0.000000000000e+00 0.000000000000e+00
71 2.358399041354e-03 0.000000000000e+00 0.000000000000e+00
72 2.392076170516e-03 0.000000000000e+00 0.000000000000e+00
73 2.425753299678e-03 0.000000000000e+00 0.000000000000e+00
74 2.459430428840e-03 0.000000000000e+00 0.000000000000e+00
75 2.493107558003e-03 0.000000000000e+00 0.000000000000e+00
76 2.526784687165e-03 0.000000000000e+00 0.000000000000e+00
77 2.560461816327e-03 0.000000000000e+00 0.000000000000e+00
78 2.594138945489e-03 0.000000000000e+00 0.000000000000e+00
79 2.627816074651e-03 0.000000000000e+00 0.000000000000e+00
80 2.661493203814e-03 0.000000000000e+00 0.000000000000e+00
81 2.695170332976e-03 0.000000000000e+00 0.000000000000e+00
82 2.728847462138e-03 0.000000000000e+00 0.000000000000e+00
83 2.762524591300e-03 0.000000000000e+00 0.000000000000e+00
84 2.796201720462e-03 0.000000000000e+00 0.000000000000e+00
85 2.829878849625e-03 0.000000000000e+00 0.000000000000e+00
86 2.863555978787e-03 0.000000000000e+00 0.000000000000e+00
87 2.897233107949e-03 0.000000000000e+00 0.000000000000e+00
88 2.930910237111e-03 0.000000000000e+00 0.000000000000e+00
89 2.964587366273e-03 0.000000000000e+00 0.000000000000e+00
90 2.998264495436e-03 0.000000000000e+00 0.000000000000e+00
91 3.031941624598e-03 0.000000000000e+00 0.000000000000e+00
92 3.065618753760e-03 0.000000000000e+00 0.000000000000e+00
93 3.099295882922e-03 0.000000000000e+00 0.000000000000e+00
94 3.132973012084e-03 0.000000000000e+00 0.000000000000e+00
95 3.166650141247e-03 0.000000000000e+00 0.000000000000e+00
96 3.200327270409e-03 0.000000000000e+00 0.000000000000e+00
97 3.234004399571e-03 0.000000000000e+00 0.000000000000e+00
98 3.267681528733e-03 0.000000000000e+00 0.000000000000e+00
99 3.301358657895e-03 0.000000000000e+00 0.000000000000e+00
100 3.335035787058e-03 0.000000000000e+00 0.000000000000e+00
101 3.368712916220e-03 0.000000000000e+00 0.000000000000e+00
102 3.402390045382e-03 0.000000000000e+00 0.000000000000e+00
103 3.436067174544e-03 0.000000000000e+00 0.000000000000e+00
104 3.469744303706e-03 0.000000000000e+00 0.000000000000e+00
105 3.503421432869e-03 0.000000000000e+00 0.000000000000e+00
106 3.537098562031e-03 0.000000000000e+00 0.000000000000e+00
107 3.570775691193e-03 0.000000000000e+00 0.000000000000e+00
108 3.604452820355e-03 0.000000000000e+00 0.000000000000e+00
109 3.638129949517e-03 0.000000000000e+00 0.000000000000e+00
110 3.671807078680e-03 0.000000000000e+00 0.000000000000e+00
111 3.705484207842e-03 0.000000000000e+00 0.000000000000e+00
112 3.739161337004e-03 0.000000000000e+00 0.000000000000e+00
113 3.772838466166e-03 0.000000000000e+00 0.000000000000e+00
114 3.806515595328e-03 0.000000000000e+00 0.000000000000e+00
115 3.840192724491e-03 0.000000000000e+00 0.000000000000e+00
116 3.873869853653e-03 0.000000000000e+00 0.000000000000e+00
117 3.907546982815e-03 0.000000000000e+00 0.000000000000e+00
118 3.941224111977e-03 0.000000000000e+00 0.000000000000e+00
119 3.974901241139e-03 0.000000000000e+00 0.000000000000e+00
120 4.008578370301e-03 0.000000000000e+00 0.000000000000e+00
121 4.042255499464e-03 0.000000000000e+00 0.000000000000e+00
122 4.075932628626e-03 0.000000000000e+00 0.000000000000e+00
123 4.109609757788e-03 0.000000000000e+00 0.000000000000e+00
124 4.143286886950e-03 0.000000000000e+00 0.000000000000e+00
125 4.176964016112e-03 0.000000000000e+00 0.000000000000e+00
126 4.210641145275e-03 0.000000000000e+00 0.000000000000e+00
127 4.244318274437e-03 0.000000000000e+00 0.000000000000e+00
128 4.277995403599e-03 0.000000000000e+00 0.000000000000e+00
129 4.311672532761e-03 0.000000000000e+00 0.000000000000e+00
130 4.345349661923e-03 0.000000000000e+00 0.000000000000e+00
131 4.379026791086e-03 0.000000000000e+00 0.000000000000e+00
132 4.412703920248e-03 0.000000000000e+00 0.000000000000e+00
133 4.446381049410e-03 0.000000000000e+00 0.000000000000e+00
134 4.480058178572e-03 0.000000000000e+00 0.000000000000e+00
135 4.513735307734e-03 0.000000000000e+00 0.000000000000e+00
136 4.547412436897e-03 0.000000000000e+00 0.000000000000e+00
137 4.581089566059e-03 0.000000000000e+00 0.000000000000e+00
138 4.614766695221e-03 0.000000000000e+00 0.000000000000e+00
139 4.648443824383e-03 0.000000000000e+00 0.000000000000e+00
140 4.682120953545e-03 0.000000000000e+00 0.000000000000e+00
141 4.715798082708e-03 0.000000000000e+00 0.000000000000e+00
142 4.749475211870e-03 0.000000000000e+00 0.000000000000e+00
143 4.783152341032e-03 0.000000000000e+00 0.000000000000e+00
144 4.816829470194e-03 0.000000000000e+00 0.000000000000e+00
145 4.850506599356e-03 0.000000000000e+00 0.000000000000e+00
146 4.884183728519e-03 0.000000000000e+00 0.000000000000e+00
147 4.917860857681e-03 0.000000000000e+00 0.000000000000e+00
148 4.951537986843e-03 0.000000000000e+00 0.000000000000e+00
149 4.985215116005e-03 0.000000000000e+00 0.000000000000e+00
150 5.018892245167e-03 0.000000000000e+00 0.000000000000e+00
151 5.052569374330e-03 0.000000000000e+00 0.000000000000e+00
152 5.086246503492e-03 0.000000000000e+00 0.000000000000e+00
153 5.119923632654e-03 0.000000000000e+00 0.000000000000e+00
154 5.153600761816e-03 0.000000000000e+00 0.000000000000e+00
155 5.187277890978e-03 0.000000000000e+00 0.000000000000e+00
156 5.220955020141e-03 0.000000000000e+00 0.000000000000e+00
157 5.254632149303e-03 0.000000000000e+00 0.000000000000e+00
158 5.288309278465e-03 0.000000000000e+00 0.000000000000e+00
159 5.321986407627e-03 0.000000000000e+00 0.000000000000e+00
160 5.355663536789e-03 0.000000000000e+00 0.000000000000e+00
161 5.389340665952e-03 0.000000000000e+00 0.000000000000e+00
162 5.423017795114e-03 0.000000000000e+00 0.000000000000e+00
163 5.456694924276e-03 0.000000000000e+00 0.000000000000e+00
164 5.490372053438e-03 0.000000000000e+00 0.000000000000e+00
165 5.524049182600e-03 0.000000000000e+00 0.000000000000e+00
166 5.557726311763e-03 0.000000000000e+00 0.000000000000e+00
167 5.591403440925e-03 0.000000000000e+00 0.000000000000e+00
168 5.625080570087e-03 0.000000000000e+00 0.000000000000e+00
169 5.658757699249e-03 0.000000000000e+00 0.000000000000e+00
170 5.692434828411e-03 0.000000000000e+00 0.000000000000e+00
171 5.726111957574e-03 0.000000000000e+00 0.000000000000e+00
172 5.759789086736e-03 0.000000000000e+00 0.000000000000e+00
173 5.793466215898e-03 0.000000000000e+00 0.000000000000e+00
174 5.827143345060e-03 0.000000000000e+00 0.000000000000e+00
175 5.860820474222e-03 0.000000000000e+00 0.000000000000e+00
176 5.894497603385e-03 0.000000000000e+00 0.000000000000e+00
177 5.928174732547e-03 0.000000000000e+00 0.000000000000e+00
178 5.961851861709e-03 0.000000000000e+00 0.000000000000e+00
179 5.995528990871e-03 0.000000000000e+00 0.000000000000e+00
180 6.029206120033e-03 0.000000000000e+00 0.000000000000e+00
181 6.062883249196e-03 0.000000000000e+00 0.000000000000e+00
182 6.096560378358e-03 0.000000000000e+00 0.000000000000e+00
183 6.130237507520e-03 0.000000000000e+00 0.000000000000e+00
184 6.163914636682e-03 0.000000000000e+00 0.000000000000e+00
185 6.197591765844e-03 0.000000000000e+00 0.000000000000e+00
186 6.231268895007e-03 0.000000000000e+00 0.000000000000e+00
187 6.264946024169e-03 0.000000000000e+00 0.000000000000e+00
188 6.298623153331e-03 0.000000000000e+00 0.000000000000e+00
189 6.332300282493e-03 0.000000000000e+00 0.000000000000e+00
190 6.365977411655e-03 0.000000000000e+00 0.000000000000e+00
191 6.399654540818e-03 0.000000000000e+00 0.000000000000e+00
192 6.433331669980e-03 0.000000000000e+00 0.000000000000e+00
193 6.467008799142e-03 0.000000000000e+00 0.000000000000e+00
194 6.500685928304e-03 0.000000000000e+00 0.000000000000e+00
195 6.534363057466e-03 0.000000000000e+00 0.000000000000e+00
196 6.568040186628e-03 0.000000000000e+00 0.000000000000e+00
197 6.601717315791e-03 0.000000000000e+00 0.000000000000e+00
198 6.635394444953e-03 0.000000000000e+00 0.000000000000e+00
199 6.669071574115e-03 0.000000000000e+00 0.000000000000e+00
200 6.702748703277e-03 0.000000000000e+00 0.000000000000e+00
201 6.736425832439e-03 0.000000000000e+00 0.000000000000e+00
202 6.770102961602e-03 0.000000000000e+00 0.000000000000e+00
203 6.803780090764e-03 0.000000000000e+00 0.000000000000e+00
204 6.837457219926e-03 0.000000000000e+00 0.000000000000e+00
205 6.871134349088e-03 0.000000000000e+00 0.000000000000e+00
206 6.904811478250e-03 0.000000000000e+00 0.000000000000e+00
207 6.938488607413e-03 0.000000000000e+00 0.000000000000e+00
208 6.972165736575e-03 0.000000000000e+00 0.000000000000e+00
209 7.005842865737e-03 0.000000000000e+00 0.000000000000e+00
210 7.039519994899e-03 0.000000000000e+00 0.000000000000e+00
211 7.073197124061e-03 0.000000000000e+00 0.000000000000e+00
212 7.106874253224e-03 0.000000000000e+00 0.000000000000e+00
213 7.140551382386e-03 0.000000000000e+00 0.000000000000e+00
214 7.174228511548e-03 0.000000000000e+00 0.000000000000e+00
215 7.207905640710e-03 0.000000000000e+00 0.000000000000e+00
216 7.241582769872e-03 0.000000000000e+00 0.000000000000e+00
217 7.275259899035e-03 0.000000000000e+00 0.000000000000e+00
218 7.308937028197e-03 0.000000000000e+00 0.000000000000e+00
219 7.342614157359e-03 0.000000000000e+00 0.000000000000e+00
220 7.376291286521e-03 0.000000000000e+00 0.000000000000e+00
221 7.409968415683e-03 0.000000000000e+00 0.000000000000e+00
222 7.443645544846e-03 0.000000000000e+00 0.000000000000e+00
223 7.477322674008e-03 0.000000000000e+00 0.000000000000e+00
224 7.510999803170e-03 0.000000000000e+00 0.000000000000e+00
225 7.544676932332e-03 0.000000000000e+00 0.000000000000e+00
226 7.578354061494e-03 0.000000000000e+00 0.000000000000e+00
227 7.612031190657e-03 0.000000000000e+00 0.000000000000e+00
228 7.645708319819e-03 0.000000000000e+00 0.000000000000e+00
229 7.679385448981e-03 0.000000000000e+00 0.000000000000e+00
230 7.713062578143e-03 0.000000000000e+00 0.000000000000e+00
231 7.746739707305e-03 0.000000000000e+00 0.000000000000e+00
232 7.780416836468e-03 0.000000000000e+00 0.000000000000e+00
233 7.814093965630e-03 0.000000000000e+00 0.000000000000e+00
234 7.847771094792e-03 0.000000000000e+00 0.000000000000e+00
235 7.881448223954e-03 0.000000000000e+00 0.000000000000e+00
236 7.915125353116e-03 0.000000000000e+00 0.000000000000e+00
237 7.948802482279e-03 0.000000000000e+00 0.000000000000e+00
238 7.982479611441e-03 0.000000000000e+00 0.000000000000e+00
239 8.016156740603e-03 0.000000000000e+00 0.000000000000e+00
240 8.049833869765e-03 0.000000000000e+00 0.000000000000e+00
241 8.083510998927e-03 0.000000000000e+00 0.000000000000e+00
242 8.117188128090e-03 0.000000000000e+00 0.000000000000e+00
243 8.150865257252e-03 0.000000000000e+00 0.000000000000e+00
244 8.184542386414e-03 0.000000000000e+00 0.000000000000e+00
245 8.218219515576e-03 0.000000000000e+00 0.000000000000e+00
246 8.251896644738e-03 0.000000000000e+00 0.000000000000e+00
247 8.285573773901e-03 0.000000000000e+00 0.000000000000e+00
248 8.319250903063e-03 0.000000000000e+00 0.000000000000e+00
249 8.352928032225e-03 0.000000000000e+00 0.000000000000e+00
250 8.386605161387e-03 0.000000000000e+00 0.000000000000e+00
251 8.420282290549e-03 0.000000000000e+00 0.000000000000e+00
252 8.453959419712e-03 0.000000000000e+00 0.000000000000e+00
253 8.487636548874e-03 0.000000000000e+00 0.000000000000e+00
254 8.521313678036e-03 0.000000000000e+00 0.000000000000e+00
255 8.554990807198e-03 0.000000000000e+00 0.000000000000e+00
256 8.588667936360e-03 0.000000000000e+00 0.000000000000e+00
257 8.622345065523e-03 0.000000000000e+00 0.000000000000e+00
258 8.656022194685e-03 0.000000000000e+00 0.000000000000e+00
259 8.689699323847e-03 0.000000000000e+00 0.000000000000e+00
260 8.723376453009e-03 0.000000000000e+00 0.000000000000e+00
261 8.757053582171e-03 0.000000000000e+00 0.000000000000e+00
262 8.790730711334e-03 0.000000000000e+00 0.000000000000e+00
263 8.824407840496e-03 0.000000000000e+00 0.000000000000e+00
264 8.858084969658e-03 0.000000000000e+00 0.000000000000e+00
265 8.891762098820e-03 0.000000000000e+00 0.000000000000e+00
266 8.925439227982e-03 0.000000000000e+00 0.000000000000e+00
267 8.959116357145e-03 0.000000000000e+00 0.000000000000e+00
268 8.992793486307e-03 0.000000000000e+00 0.000000000000e+00
269 9.026470615469e-03 0.000000000000e+00 0.000000000000e+00
270 9.060147744631e-03 0.000000000000e+00 0.000000000000e+00
271 9.093824873793e-03 0.000000000000e+00 0.000000000000e+00
272 9.127502002955e-03 0.000000000000e+00 0.000000000000e+00
273 9.161179132118e-03 0.000000000000e+00 0.000000000000e+00
274 9.194856261280e-03 0.000000000000e+00 0.000000000000e+00
275 9.228533390442e-03 0.000000000000e+00 0.000000000000e+00
276 9.262210519604e-03 0.000000000000e+00 0.000000000000e+00
277 9.295887648766e-03 0.000000000000e+00 0.000000000000e+00
278 9.329564777929e-03 0.000000000000e+00 0.000000000000e+00
279 9.363241907091e-03 0.000000000000e+00 0.000000000000e+00
280 9.396919036253e-03 0.000000000000e+00 0.000000000000e+00
281 9.430596165415e-03 0.000000000000e+00 0.000000000000e+00
282 9.464273294577e-03 0.000000000000e+00 0.000000000000e+00
283 9.497950423740e-03 0.000000000000e+00 0.000000000000e+00
284 9.531627552902e-03 0.000000000000e+00 0.000000000000e+00
285 9.565304682064e-03 0.000000000000e+00 0.000000000000e+00
286 9.598981811226e-03 0.000000000000e+00 0.000000000000e+00
287 9.632658940388e-03 0.000000000000e+00 0.000000000000e+00
288 9.666336069551e-03 0.000000000000e+00 0.000000000000e+00
289 9.700013198713e-03 0.000000000000e+00 0.000000000000e+00
290 9.733690327875e-03 0.000000000000e+00 0.000000000000e+00
291 9.767367457037e-03 0.000000000000e+00 0.000000000000e+00
292 9.801044586199e-03 0.000000000000e+00 0.000000000000e+00
293 9.834721715362e-03 0.000000000000e+00 0.000000000000e+00
294 9.868398844524e-03 0.000000000000e+00 0.000000000000e+00
295 9.902075973686e-03 0.000000000000e+00 0.000000000000e+00
296 9.935753102848e-03 0.000000000000e+00 0.000000000000e+00
297 9.969430232010e-03 0.000000000000e+00 0.000000000000e+00
298 1.000310736117e-02 0.000000000000e+00 0.000000000000e+00
299 1.003678449033e-02 0.000000000000e+00 0.000000000000e+00
300 1.007046161950e-02 0.000000000000e+00 0.000000000000e+00
301 1.010413874866e-02 0.000000000000e+00 0.000000000000e+00
302 1.013781587782e-02 0.000000000000e+00 0.000000000000e+00
303 1.017149300698e-02 0.000000000000e+00 0.000000000000e+00
304 1.020517013615e-02 0.000000000000e+00 0.000000000000e+00
305 1.023884726531e-02 0.000000000000e+00 0.000000000000e+00
306 1.027252439447e-02 0.000000000000e+00 0.000000000000e+00
307 1.030620152363e-02 0.000000000000e+00 0.000000000000e+00
308 1.033987865279e-02 0.000000000000e+00 0.000000000000e+00
309 1.037355578196e-02 0.000000000000e+00 0.000000000000e+00
310 1.040723291112e-02 0.000000000000e+00 0.000000000000e+00
311 1.044091004028e-02 0.000000000000e+00 0.000000000000e+00
312 1.047458716944e-02 0.000000000000e+00 0.000000000000e+00
313 1.050826429861e-02 0.000000000000e+00 0.000000000000e+00
314 1.054194142777e-02 0.000000000000e+00 0.000000000000e+00
315 1.057561855693e-02 0.000000000000e+00 0.000000000000e+00
316 1.060929568609e-02 0.000000000000e+00 0.000000000000e+00
317 1.064297281525e-02 0.000000000000e+00 0.000000000000e+00
318 1.067664994442e-02 0.000000000000e+00 0.000000000000e+00
319 1.071032707358e-02 0.000000000000e+00 0.000000000000e+00
320 1.074400420274e-02 0.000000000000e+00 0.000000000000e+00
321 1.077768133190e-02 0.000000000000e+00 0.000000000000e+00
322 1.081135846107e-02 0.000000000000e+00 0.000000000000e+00
323 1.084503559023e-02 0.000000000000e+00 0.000000000000e+00
324 1.087871271939e-02 0.000000000000e+00 0.000000000000e+00
325 1.091238984855e-02 0.000000000000e+00 0.000000000000e+00
326 1.094606697771e-02 0.000000000000e+00 0.000000000000e+00
327 1.097974410688e-02 0.000000000000e+00 0.000000000000e+00
328 1.101342123604e-02 0.000000000000e+00 0.000000000000e+00
329 1.104709836520e-02 0.000000000000e+00 0.000000000000e+00
330 1.108077549436e-02 0.000000000000e+00 0.000000000000e+00
331 1.111445262353e-02 0.000000000000e+00 0.000000000000e+00
332 1.114812975269e-02 0.000000000000e+00 0.000000000000e+00
333 1.118180688185e-02 0.000000000000e+00 0.000000000000e+00
334 1.121548401101e-02 0.000000000000e+00 0.000000000000e+00
335 1.124916114017e-02 0.000000000000e+00 0.000000000000e+00
336 1.128283826934e-02 0.000000000000e+00 0.000000000000e+00
337 1.131651539850e-02 0.000000000000e+00 0.000000000000e+00
338 1.135019252766e-02 0.000000000000e+00 0.000000000000e+00
339 1.138386965682e-02 0.000000000000e+00 0.000000000000e+00
340 1.141754678598e-02 0.000000000000e+00 0.000000000000e+00
341 1.145122391515e-02 0.000000000000e+00 0.000000000000e+00
342 1.148490104431e-02 0.000000000000e+00 0.000000000000e+00
343 1.151857817347e-02 0.000000000000e+00 0.000000000000e+00
344 1.155225530263e-02 0.000000000000e+00 0.000000000000e+00
345 1.158593243180e-02 0.000000000000e+00 0.000000000000e+00
346 1.161960956096e-02 0.000000000000e+00 0.000000000000e+00
347 1.165328669012e-02 0.000000000000e+00 0.000000000000e+00
348 1.168696381928e-02 0.000000000000e+00 0.000000000000e+00
349 1.172064094844e-02 0.000000000000e+00 0.000000000000e+00
350 1.175431807761e-02 0.000000000000e+00 0.000000000000e+00
351 1.178799520677e-02 0.000000000000e+00 0.000000000000e+00
352 1.182167233593e-02 0.000000000000e+00 0.000000000000e+00
353 1.185534946509e-02 0.000000000000e+00 0.000000000000e+00
354 1.188902659426e-02 0.000000000000e+00 0.000000000000e+00
355 1.192270372342e-02 0.000000000000e+00 0.000000000000e+00
356 1.195638085258e-02 0.000000000000e+00 0.000000000000e+00
357 1.199005798174e-02 0.000000000000e+00 0.000000000000e+00
358 1.202373511090e-02 0.000000000000e+00 0.000000000000e+00
359 1.205741224007e-02 0.000000000000e+00 0.000000000000e+00
360 1.209108936923e-02 0.000000000000e+00 0.000000000000e+00
361 1.212476649839e-02 0.000000000000e+00 0.000000000000e+00
362 1.215844362755e-02 0.000000000000e+00 0.000000000000e+00
363 1.219212075672e-02 0.000000000000e+00 0.000000000000e+00
364 1.222579788588e-02 0.000000000000e+00 0.000000000000e+00
365 1.225947501504e-02 0.000000000000e+00 0.000000000000e+00
366 1.229315214420e-02 0.000000000000e+00 0.000000000000e+00
367 1.232682927336e-02 0.000000000000e+00 0.000000000000e+00
368 1.236050640253e-02 0.000000000000e+00 0.000000000000e+00
369 1.239418353169e-02 0.000000000000e+00 0.000000000000e+00
370 1.242786066085e-02 0.000000000000e+00 0.000000000000e+00
371 1.246153779001e-02 0.000000000000e+00 0.000000000000e+00
372 1.249521491918e-02 0.000000000000e+00 0.000000000000e+00
373 1.252889204834e-02 0.000000000000e+00 0.000000000000e+00
374 1.256256917750e-02 0.000000000000e+00 0.000000000000e+00
375 1.259624630666e-02 0.000000000000e+00 0.000000000000e+00
376 1.262992343582e-02 0.000000000000e+00 0.000000000000e+00
377 1.266360056499e-02 0.000000000000e+00 0.000000000000e+00
378 1.269727769415e-02 0.000000000000e+00 0.000000000000e+00
379 1.273095482331e-02 0.000000000000e+00 0.000000000000e+00
380 1.276463195247e-02 0.000000000000e+00 0.000000000000e+00
381 1.279830908164e-02 0.000000000000e+00 0.000000000000e+00
382 1.283198621080e-02 0.000000000000e+00 0.000000000000e+00
383 1.286566333996e-02 0.000000000000e+00 0.000000000000e+00
384 1.289934046912e-02 0.000000000000e+00 0.000000000000e+00
385 1.293301759828e-02 0.000000000000e+00 0.000000000000e+00
386 1.296669472745e-02 0.000000000000e+00 0.000000000000e+00
387 1.300037185661e-02 0.000000000000e+00 0.000000000000e+00
388 1.303404898577e-02 0.000000000000e+00 0.000000000000e+00
389 1.306772611493e-02 0.000000000000e+00 0.000000000000e+00
390 1.310140324409e-02 0.000000000000e+00 0.000000000000e+00
391 1.313508037326e-02 0.000000000000e+00 0.000000000000e+00
392 1.316875750242e-02 0.000000000000e+00 0.000000000000e+00
393 1.320243463158e-02 0.000000000000e+00 0.000000000000e+00
394 1.323611176074e-02 0.000000000000e+00 0.000000000000e+00
395 1.326978888991e-02 0.000000000000e+00 0.000000000000e+00
396 1.330346601907e-02 0.000000000000e+00 0.000000000000e+00
397 1.333714314823e-02 0.000000000000e+00 0.000000000000e+00
398 1.337082027739e-02 0.000000000000e+00 0.000000000000e+00
399 1.340449740655e-02 0.000000000000e+00 0.000000000000e+00
400 1.343817453572e-02 0.000000000000e+00 0.000000000000e+00
401 1.347185166488e-02 0.000000000000e+00 0.000000000000e+00
402 1.350552879404e-02 0.000000000000e+00 0.000000000000e+00
403 1.353920592320e-02 0.000000000000e+00 0.000000000000e+00
404 1.357288305237e-02 0.000000000000e+00 0.000000000000e+00
405 1.360656018153e-02 0.000000000000e+00 0.000000000000e+00
406 1.364023731069e-02 0.000000000000e+00 0.000000000000e+00
407 1.367391443985e-02 0.000000000000e+00 0.000000000000e+00
408 1.370759156901e-02 0.000000000000e+00 0.000000000000e+00
409 1.374126869818e-02 0.000000000000e+00 0.000000000000e+00
410 1.377494582734e-02 0.000000000000e+00 0.000000000000e+00
411 1.380862295650e-02 0.000000000000e+00 0.000000000000e+00
412 1.384230008566e-02 0.000000000000e+00 0.000000000000e+00
413 1.387597721483e-02 0.000000000000e+00 0.000000000000e+00
414 1.390965434399e-02 0.000000000000e+00 0.000000000000e+00
415 1.394333147315e-02 0.000000000000e+00 0.000000000000e+00
416 1.397700860231e-02 0.000000000000e+00 0.000000000000e+00
417 1.401068573147e-02 0.000000000000e+00 0.000000000000e+00
418 1.404436286064e-02 0.000000000000e+00 0.000000000000e+00
419 1.407803998980e-02 0.000000000000e+00 0.000000000000e+00
420 1.411171711896e-02 0.000000000000e+00 0.000000000000e+00
421 1.414539424812e-02 0.000000000000e+00 0.000000000000e+00
422 1.417907137729e-02 0.000000000000e+00 0.000000000000e+00
423 1.421274850645e-02 0.000000000000e+00 0.000000000000e+00
424 1.424642563561e-02 0.000000000000e+00 0.000000000000e+00
425 1.428010276477e-02 0.000000000000e+00 0.000000000000e+00
426 1.431377989393e-02 0.000000000000e+00 0.000000000000e+00
427 1.434745702310e-02 0.000000000000e+00 0.000000000000e+00
428 1.438113415226e-02 0.000000000000e+00 0.000000000000e+00
429 1.441481128142e-02 0.000000000000e+00 0.000000000000e+00
430 1.444848841058e-02 0.000000000000e+00 0.000000000000e+00
431 1.448216553974e-02 0.000000000000e+00 0.000000000000e+00
432 1.451584266891e-02 0.000000000000e+00 0.000000000000e+00
433 1.454951979807e-02 0.000000000000e+00 0.000000000000e+00
434 1.458319692723e-02 0.000000000000e+00 0.000000000000e+00
435 1.461687405639e-02 0.000000000000e+00 0.000000000000e+00
436 1.465055118556e-02 0.000000000000e+00 0.000000000000e+00
437 1.468422831472e-02 0.000000000000e+00 0.000000000000e+00
438 1.471790544388e-02 0.000000000000e+00 0.000000000000e+00
439 1.475158257304e-02 0.000000000000e+00 0.000000000000e+00
440 1.478525970220e-02 0.000000000000e+00 0.000000000000e+00
441 1.481893683137e-02 0.000000000000e+00 0.000000000000e+00
442 1.485261396053e-02 0.000000000000e+00 0.000000000000e+00
443 1.488629108969e-02 0.000000000000e+00 0.000000000000e+00
444 1.491996821885e-02 0.000000000000e+00 0.000000000000e+00
445 1.495364534802e-02 0.000000000000e+00 0.000000000000e+00
446 1.498732247718e-02 0.000000000000e+00 0.000000000000e+00
447 1.502099960634e-02 0.000000000000e+00 0.000000000000e+00
448 1.505467673550e-02 0.000000000000e+00 0.000000000000e+00
449 1.508835386466e-02 0.000000000000e+00 0.000000000000e+00
450 1.512203099383e-02 0.000000000000e+00 0.000000000000e+00
451 1.515570812299e-02 0.000000000000e+00 0.000000000000e+00
452 1.518938525215e-02 0.000000000000e+00 0.000000000000e+00
453 1.522306238131e-02 0.000000000000e+00 0.000000000000e+00
454 1.525673951048e-02 0.000000000000e+00 0.000000000000e+00
455 1.529041663964e-02 0.000000000000e+00 0.000000000000e+00
456 1.532409376880e-02 0.000000000000e+00 0.000000000000e+00
457 1.535777089796e-02 0.000000000000e+00 0.000000000000e+00
458 1.539144802712e-02 0.000000000000e+00 0.000000000000e+00
459 1.542512515629e-02 0.000000000000e+00 0.000000000000e+00
460 1.545880228545e-02 0.000000000000e+00 0.000000000000e+00
461 1.549247941461e-02 0.000000000000e+00 0.000000000000e+00
462 1.552615654377e-02 0.000000000000e+00 0.000000000000e+00
463 1.555983367294e-02 0.000000000000e+00 0.000000000000e+00
464 1.559351080210e-02 0.000000000000e+00 0.000000000000e+00
465 1.562718793126e-02 0.000000000000e+00 0.000000000000e+00
466 1.566086506042e-02 0.000000000000e+00 0.000000000000e+00
467 1.569454218958e-02 0.000000000000e+00 0.000000000000e+00
468 1.572821931875e-02 0.000000000000e+00 0.000000000000e+00
469 1.576189644791e-02 0.000000000000e+00 0.000000000000e+00
470 1.579557357707e-02 0.000000000000e+00 0.000000000000e+00
471 1.582925070623e-02 0.000000000000e+00 0.000000000000e+00
472 1.586292783539e-02 0.000000000000e+00 0.000000000000e+00
473 1.589660496456e-02 0.000000000000e+00 0.000000000000e+00
474 1.593028209372e-02 0.000000000000e+00 0.000000000000e+00
475 1.596395922288e-02 0.000000000000e+00 0.000000000000e+00
476 1.599763635204e-02 0.000000000000e+00 0.000000000000e+00
477 1.603131348121e-02 0.000000000000e+00 0.000000000000e+00
478 1.606499061037e-02 0.000000000000e+00 0.000000000000e+00
479 1.609866773953e-02 0.000000000000e+00 0.000000000000e+00
480 1.613234486869e-02 0.000000000000e+00 0.000000000000e+00
481 1.616602199785e-02 0.000000000000e+00 0.000000000000e+00
482 1.619969912702e-02 0.000000000000e+00 0.000000000000e+00
483 1.623337625618e-02 0.000000000000e+00 0.000000000000e+00
484 1.626705338534e-02 0.000000000000e+00 0.000000000000e+00
485 1.630073051450e-02 0.000000000000e+00 0.000000000000e+00
486 1.633440764367e-02 0.000000000000e+00 0.000000000000e+00
487 1.636808477283e-02 0.000000000000e+00 0.000000000000e+00
488 1.640176190199e-02 0.000000000000e+00 0.000000000000e+00
489 1.643543903115e-02 0.000000000000e+00 0.000000000000e+00
490 1.646911616031e-02 0.000000000000e+00 0.000000000000e+00
491 1.650279328948e-02 0.000000000000e+00 0.000000000000e+00
492 1.653647041864e-02 0.000000000000e+00 0.000000000000e+00
493 1.657014754780e-02 0.000000000000e+00 0.000000000000e+00
494 1.660382467696e-02 0.000000000000e+00 0.000000000000e+00
495 1.663750180613e-02 0.000000000000e+00 0.000000000000e+00
496 1.667117893529e-02 0.000000000000e+00 0.000000000000e+00
497 1.670485606445e-02 0.000000000000e+00 0.000000000000e+00
498 1.673853319361e-02 0.000000000000e+00 0.000000000000e+00
499 1.677221032277e-02 0.000000000000e+00 0.000000000000e+00
500 1.680588745194e-02 0.000000000000e+00 0.000000000000e+00
501 1.683956458110e-02 0.000000000000e+00 0.000000000000e+00
502 1.687324171026e-02 0.000000000000e+00 0.000000000000e+00
503 1.690691883942e-02 0.000000000000e+00 0.000000000000e+00
504 1.694059596859e-02 0.000000000000e+00 0.000000000000e+00
505 1.697427309775e-02 0.000000000000e+00 0.000000000000e+00
506 1.700795022691e-02 0.000000000000e+00 0.000000000000e+00
507 1.704162735607e-02 0.000000000000e+00 0.000000000000e+00
508 1.707530448523e-02 0.000000000000e+00 0.000000000000e+00
509 1.710898161440e-02 0.000000000000e+00 0.000000000000e+00
510 1.714265874356e-02 0.000000000000e+00 0.000000000000e+00
511 1.717633587272e-02 0.000000000000e+00 0.000000000000e+00
512 1.721001300188e-02 0.000000000000e+00 0.000000000000e+00
513 1.724369013105e-02 0.000000000000e+00 0.000000000000e+00
514 1.727736726021e-02 0.000000000000e+00 0.000000000000e+00
515 1.731104438937e-02 0.000000000000e+00 0.000000000000e+00
516 1.734472151853e-02 0.000000000000e+00 0.000000000000e+00
517 1.737839864769e-02 0.000000000000e+00 0.000000000000e+00
518 1.741207577686e-02 0.000000000000e+00 0.000000000000e+00
519 1.744575290602e-02 0.000000000000e+00 0.000000000000e+00
520 1.747943003518e-02 0.000000000000e+00 0.000000000000e+00
521 1.751310716434e-02 0.000000000000e+00 0.000000000000e+00
522 1.754678429350e-02 0.000000000000e+00 0.000000000000e+00
523 1.758046142267e-02 0.000000000000e+00 0.000000000000e+00
524 1.761413855183e-02 0.000000000000e+00 0.000000000000e+00
525 1.764781568099e-02 0.000000000000e+00 0.000000000000e+00
526 1.768149281015e-02 0.000000000000e+00 0.000000000000e+00
527 1.771516993932e-02 0.000000000000e+00 0.000000000000e+00
528 1.774884706848e-02 0.000000000000e+00 0.000000000000e+00
529 1.778252419764e-02 0.000000000000e+00 0.000000000000e+00
530 1.781620132680e-02 0.000000000000e+00 0.000000000000e+00
531 1.784987845596e-02 0.000000000000e+00 0.000000000000e+00
532 1.788355558513e-02 0.000000000000e+00 0.000000000000e+00
533 1.791723271429e-02 0.000000000000e+00 0.000000000000e+00
534 1.795090984345e-02 0.000000000000e+00 0.000000000000e+00
535 1.798458697261e-02 0.000000000000e+00 0.000000000000e+00
536 1.801826410178e-02 0.000000000000e+00 0.000000000000e+00
537 1.805194123094e-02 0.000000000000e+00 0.000000000000e+00
538 1.808561836010e-02 0.000000000000e+00 0.000000000000e+00
539 1.811929548926e-02 0.000000000000e+00 0.000000000000e+00
540 1.815297261842e-02 0.000000000000e+00 0.000000000000e+00
541 1.818664974759e-02 0.000000000000e+00 0.000000000000e+00
542 1.822032687675e-02 0.000000000000e+00 0.000000000000e+00
543 1.825400400591e-02 0.000000000000e+00 0.000000000000e+00
544 1.828768113507e-02 0.000000000000e+00 0.000000000000e+00
545 1.832135826424e-02 0.000000000000e+00 0.000000000000e+00
546 1.835503539340e-02 0.000000000000e+00 0.000000000000e+00
547 1.838871252256e-02 0.000000000000e+00 0.000000000000e+00
548 1.842238965172e-02 0.000000000000e+00 0.000000000000e+00
549 1.845606678088e-02 0.000000000000e+00 0.000000000000e+00
550 1.848974391005e-02 0.000000000000e+00 0.000000000000e+00
551 1.852342103921e-02 0.000000000000e+00 0.000000000000e+00
552 1.855709816837e-02 0.000000000000e+00 0.000000000000e+00
553 1.859077529753e-02 0.000000000000e+00 0.000000000000e+00
554 1.862445242670e-02 0.000000000000e+00 0.000000000000e+00
555 1.865812955586e-02 0.000000000000e+00 0.000000000000e+00
556 1.869180668502e-02 0.000000000000e+00 0.000000000000e+00
557 1.872548381418e-02 0.000000000000e+00 0.000000000000e+00
558 1.875916094334e-02 0.000000000000e+00 0.000000000000e+00
559 1.879283807251e-02 0.000000000000e+00 0.000000000000e+00
560 1.882651520167e-02 0.000000000000e+00 0.000000000000e+00
561 1.886019233083e-02 0.000000000000e+00 0.000000000000e+00
562 1.889386945999e-02 0.000000000000e+00 0.000000000000e+00
563 1.892754658915e-02 0.000000000000e+00 0.000000000000e+00
564 1.896122371832e-02 0.000000000000e+00 0.000000000000e+00
565 1.899490084748e-02 0.000000000000e+00 0.000000000000e+00
566 1.902857797664e-02 0.000000000000e+00 0.000000000000e+00
567 1.906225510580e-02 0.000000000000e+00 0.000000000000e+00
568 1.909593223497e-02 0.000000000000e+00 0.000000000000e+00
569 1.912960936413e-02 0.000000000000e+00 0.000000000000e+00
570 1.916328649329e-02 0.000000000000e+00 0.000000000000e+00
571 1.919696362245e-02 0.000000000000e+00 0.000000000000e+00
572 1.923064075161e-02 0.000000000000e+00 0.000000000000e+00
573 1.926431788078e-02 0.000000000000e+00 0.000000000000e+00
574 1.929799500994e-02 0.000000000000e+00 0.000000000000e+00
575 1.933167213910e-02 0.000000000000e+00 0.000000000000e+00
576 1.936534926826e-02 0.000000000000e+00 0.000000000000e+00
577 1.939902639743e-02 0.000000000000e+00 0.000000000000e+00
578 1.943270352659e-02 0.000000000000e+00 0.000000000000e+00
579 1.946638065575e-02 0.000000000000e+00 0.000000000000e+00
580 1.950005778491e-02 0.000000000000e+00 0.000000000000e+00
581 1.953373491407e-02 0.000000000000e+00 0.000000000000e+00
582 1.956741204324e-02 0.000000000000e+00 0.000000000000e+00
583 1.960108917240e-02 0.000000000000e+00 0.000000000000e+00
584 1.963476630156e-02 0.000000000000e+00 0.000000000000e+00
585 1.966844343072e-02 0.000000000000e+00 0.000000000000e+00
586 1.970212055989e-02 0.000000000000e+00 0.000000000000e+00
587 1.973579768905e-02 0.000000000000e+00 0.000000000000e+00
588 1.976947481821e-02 0.000000000000e+00 0.000000000000e+00
589 1.980315194737e-02 0.000000000000e+00 0.000000000000e+00
590 1.983682907653e-02 0.000000000000e+00 0.000000000000e+00
591 1.987050620570e-02 0.000000000000e+00 0.000000000000e+00
592 1.990418333486e-02 0.000000000000e+00 0.000000000000e+00
593 1.993786046402e-02 0.000000000000e+00 0.000000000000e+00
594 1.997153759318e-02 0.000000000000e+00 0.000000000000e+00
595 2.000521472235e-02 0.000000000000e+00 0.000000000000e+00
596 2.003889185151e-02 0.000000000000e+00 0.000000000000e+00
597 2.007256898067e-02 0.000000000000e+00 0.000000000000e+00
598 2.010624610983e-02 0.000000000000e+00 0.000000000000e+00
599 2.013992323899e-02 0.000000000000e+00 0.000000000000e+00
600 2.017360036816e-02 0.000000000000e+00 0.000000000000e+00
601 2.020727749732e-02 0.000000000000e+00 0.000000000000e+00
602 2.024095462648e-02 0.000000000000e+00 0.000000000000e+00
603 2.027463175564e-02 0.000000000000e+00 0.000000000000e+00
604 2.030830888481e-02 0.000000000000e+00 0.000000000000e+00
605 2.034198601397e-02 0.000000000000e+00 0.000000000000e+00
606 2.037566314313e-02 0.000000000000e+00 0.000000000000e+00
607 2.040934027229e-02 0.000000000000e+00 0.000000000000e+00
608 2.044301740145e-02 0.000000000000e+00 0.000000000000e+00
609 2.047669453062e-02 0.000000000000e+00 0.000000000000e+00
610 2.051037165978e-02 0.000000000000e+00 0.000000000000e+00
611 2.054404878894e-02 0.000000000000e+00 0.000000000000e+00
612 2.057772591810e-02 0.000000000000e+00 0.000000000000e+00
613 2.061140304726e-02 0.000000000000e+00 0.000000000000e+00
614 2.064508017643e-02 0.000000000000e+00 0.000000000000e+00
615 2.067875730559e-02 0.000000000000e+00 0.000000000000e+00
616 2.071243443475e-02 0.000000000000e+00 0.000000000000e+00
617 2.074611156391e-02 0.000000000000e+00 0.000000000000e+00
618 2.077978869308e-02 0.000000000000e+00 0.000000000000e+00
619 2.081346582224e-02 0.000000000000e+00 0.000000000000e+00
620 2.084714295140e-02 0.000000000000e+00 0.000000000000e+00
621 2.088082008056e-02 0.000000000000e+00 0.000000000000e+00
622 2.091449720972e-02 0.000000000000e+00 0.000000000000e+00
623 2.094817433889e-02 0.000000000000e+00 0.000000000000e+00
624 2.098185146805e-02 0.000000000000e+00 0.000000000000e+00
625 2.101552859721e-02 0.000000000000e+00 0.000000000000e+00
626 2.104920572637e-02 0.000000000000e+00 0.000000000000e+00
627 2.108288285554e-02 0.000000000000e+00 0.000000000000e+00
628 2.111655998470e-02 0.000000000000e+00 0.000000000000e+00
629 2.115023711386e-02 0.000000000000e+00 0.000000000000e+00
630 2.118391424302e-02 0.000000000000e+00 0.000000000000e+00
631 2.121759137218e-02 0.000000000000e+00 0.000000000000e+00
632 2.125126850135e-02 0.000000000000e+00 0.000000000000e+00
633 2.128494563051e-02 0.000000000000e+00 0.000000000000e+00
634 2.131862275967e-02 0.000000000000e+00 0.000000000000e+00
635 2.135229988883e-02 0.000000000000e+00 0.000000000000e+00
636 2.138597701800e-02 0.000000000000e+00 0.000000000000e+00
637 2.141965414716e-02 0.000000000000e+00 0.000000000000e+00
638 2.145333127632e-02 0.000000000000e+00 0.000000000000e+00
639 2.148700840548e-02 0.000000000000e+00 0.000000000000e+00
640 2.152068553464e-02 0.000000000000e+00 0.000000000000e+00
641 2.155436266381e-02 0.000000000000e+00 0.000000000000e+00
642 2.158803979297e-02 0.000000000000e+00 0.000000000000e+00
643 2.162171692213e-02 0.000000000000e+00 0.000000000000e+00
644 2.165539405129e-02 0.000000000000e+00 0.000000000000e+00
645 2.168907118046e-02 0.000000000000e+00 0.000000000000e+00
646 2.172274830962e-02 0.000000000000e+00 0.000000000000e+00
647 2.175642543878e-02 0.000000000000e+00 0.000000000000e+00
648 2.179010256794e-02 0.000000000000e+00 0.000000000000e+00
649 2.182377969710e-02 0.000000000000e+00 0.000000000000e+00
650 2.185745682627e-02 0.000000000000e+00 0.000000000000e+00
651 2.189113395543e-02 0.000000000000e+00 0.000000000000e+00
652 2.192481108459e-02 0.000000000000e+00 0.000000000000e+00
653 2.195848821375e-02 0.000000000000e+00 0.000000000000e+00
654 2.199216534291e-02 0.000000000000e+00 0.000000000000e+00
655 2.202584247208e-02 0.000000000000e+00 0.000000000000e+00
656 2.205951960124e-02 0.000000000000e+00 0.000000000000e+00
657 2.209319673040e-02 0.000000000000e+00 0.000000000000e+00
658 2.212687385956e-02 0.000000000000e+00 0.000000000000e+00
659 2.216055098873e-02 0.000000000000e+00 0.000000000000e+00
660 2.219422811789e-02 0.000000000000e+00 0.000000000000e+00
661 2.222790524705e-02 0.000000000000e+00 0.000000000000e+00
662 2.226158237621e-02 0.000000000000e+00 0.000000000000e+00
663 2.229525950537e-02 0.000000000000e+00 0.000000000000e+00
664 2.232893663454e-02 0.000000000000e+00 0.000000000000e+00
665 2.236261376370e-02 0.000000000000e+00 0.000000000000e+00
666 2.239629089286e-02 0.000000000000e+00 0.000000000000e+00
667 2.242996802202e-02 0.000000000000e+00 0.000000000000e+00
668 2.246364515119e-02 0.000000000000e+00 0.000000000000e+00
669 2.249732228035e-02 0.000000000000e+00 0.000000000000e+00
670 2.253099940951e-02 0.000000000000e+00 0.000000000000e+00
671 2.256467653867e-02 0.000000000000e+00 0.000000000000e+00
672 2.259835366783e-02 0.000000000000e+00 0.000000000000e+00
673 2.263203079700e-02 0.000000000000e+00 0.000000000000e+00
674 2.266570792616e-02 0.000000000000e+00 0.000000000000e+00
675 2.269938505532e-02 0.000000000000e+00 0.000000000000e+00
676 2.273306218448e-02 0.000000000000e+00 0.000000000000e+00
677 2.276673931365e-02 0.000000000000e+00 0.000000000000e+00
678 2.280041644281e-02 0.000000000000e+00 0.000000000000e+00
679 2.283409357197e-02 0.000000000000e+00 0.000000000000e+00
680 2.286777070113e-02 0.000000000000e+00 0.000000000000e+00
681 2.290144783029e-02 0.000000000000e+00 0.000000000000e+00
682 2.293512495946e-02 0.000000000000e+00 0.000000000000e+00
683 2.296880208862e-02 0.000000000000e+00 0.000000000000e+00
684 2.300247921778e-02 0.000000000000e+00 0.000000000000e+00
685 2.303615634694e-02 0.000000000000e+00 0.000000000000e+00
686 2.306983347611e-02 0.000000000000e+00 0.000000000000e+00
687 2.310351060527e-02 0.000000000000e+00 0.000000000000e+00
688 2.313718773443e-02 0.000000000000e+00 0.000000000000e+00
689 2.317086486359e-02 0.000000000000e+00 0.000000000000e+00
690 2.320454199275e-02 0.000000000000e+00 0.000000000000e+00
691 2.323821912192e-02 0.000000000000e+00 0.000000000000e+00
692 2.327189625108e-02 0.000000000000e+00 0.000000000000e+00
693 2.330557338024e-02 0.000000000000e+00 0.000000000000e+00
694 2.333925050940e-02 0.000000000000e+00 0.000000000000e+00
695 2.337292763857e-02 0.000000000000e+00 0.000000000000e+00
696 2.340660476773e-02 0.000000000000e+00 0.000000000000e+00
697 2.344028189689e-02 0.000000000000e+00 0.000000000000e+00
698 2.347395902605e-02 0.000000000000e+00 0.000000000000e+00
699 2.350763615521e-02 0.000000000000e+00 0.000000000000e+00
700 2.354131328438e-02 0.000000000000e+00 0.000000000000e+00
701 2.357499041354e-02 0.000000000000e+00 0.000000000000e+00
702 2.360866754270e-02 0.000000000000e+00 0.000000000000e+00
703 2.364234467186e-02 0.000000000000e+00 0.000000000000e+00
704 2.367602180102e-02 0.000000000000e+00 0.000000000000e+00
705 2.370969893019e-02 0.000000000000e+00 0.000000000000e+00
706 2.374337605935e-02 0.000000000000e+00 0.000000000000e+00
707 2.377705318851e-02 0.000000000000e+00 0.000000000000e+00
708 2.381073031767e-02 0.000000000000e+00 0.000000000000e+00
709 2.384440744684e-02 0.000000000000e+00 0.000000000000e+00
710 2.387808457600e-02 0.000000000000e+00 0.000000000000e+00
711 2.391176170516e-02 0.000000000000e+00 0.000000000000e+00
712 2.394543883432e-02 0.000000000000e+00 0.000000000000e+00
713 2.397911596348e-02 0.000000000000e+00 0.000000000000e+00
714 2.401279309265e-02 0.000000000000e+00 0.000000000000e+00
715 2.404647022181e-02 0.000000000000e+00 0.000000000000e+00
716 2.408014735097e-02 0.000000000000e+00 0.000000000000e+00
717 2.411382448013e-02 0.000000000000e+00 0.000000000000e+00
718 2.414750160930e-02 0.000000000000e+00 0.000000000000e+00
719 2.418117873846e-02 0.000000000000e+00 0.000000000000e+00
720 2.421485586762e-02 0.000000000000e+00 0.000000000000e+00
721 2.424853299678e-02 0.000000000000e+00 0.000000000000e+00
722 2.428221012594e-02 0.000000000000e+00 0.000000000000e+00
723 2.431588725511e-02 0.000000000000e+00 0.000000000000e+00
724 2.434956438427e-02 0.000000000000e+00 0.000000000000e+00
725 2.438324151343e-02 0.000000000000e+00 0.000000000000e+00
726 2.441691864259e-02 0.000000000000e+00 0.000000000000e+00
727 2.445059577176e-02 0.000000000000e+00 0.000000000000e+00
728 2.448427290092e-02 0.000000000000e+00 0.000000000000e+00
729 2.451795003008e-02 0.000000000000e+00 0.000000000000e+00
730 2.455162715924e-02 0.000000000000e+00 0.000000000000e+00
731 2.458530428840e-02 0.000000000000e+00 0.000000000000e+00
732 2.461898141757e-02 0.000000000000e+00 0.000000000000e+00
733 2.465265854673e-02 0.000000000000e+00 0.000000000000e+00
734 2.468633567589e-02 0.000000000000e+00 0.000000000000e+00
735 2.472001280505e-02 0.000000000000e+00 0.000000000000e+00
736 2.475368993422e-02 0.000000000000e+00 0.000000000000e+00
737 2.478736706338e-02 0.000000000000e+00 0.000000000000e+00
738 2.482104419254e-02 0.000000000000e+00 0.000000000000e+00
739 2.485472132170e-02 0.000000000000e+00 0.000000000000e+00
740 2.488839845086e-02 0.000000000000e+00 0.000000000000e+00
741 2.492207558003e-02 0.000000000000e+00 0.000000000000e+00
742 2.495575270919e-02 0.000000000000e+00 0.000000000000e+00
743 2.498942983835e-02 0.000000000000e+00 0.000000000000e+00
744 2.502310696751e-02 0.000000000000e+00 0.000000000000e+00
745 2.505678409667e-02 0.000000000000e+00 0.000000000000e+00
746 2.509046122584e-02 0.000000000000e+00 0.000000000000e+00
747 2.512413835500e-02 0.000000000000e+00 0.000000000000e+00
748 2.515781548416e-02 0.000000000000e+00 0.000000000000e+00
749 2.519149261332e-02 0.000000000000e+00 0.000000000000e+00
750 2.522516974249e-02 0.000000000000e+00 0.000000000000e+00
751 2.525884687165e-02 0.000000000000e+00 0.000000000000e+00
752 2.529252400081e-02 0.000000000000e+00 0.000000000000e+00
753 2.532620112997e-02 0.000000000000e+00 0.000000000000e+00
754 2.535987825913e-02 0.000000000000e+00 0.000000000000e+00
755 2.539355538830e-02 0.000000000000e+00 0.000000000000e+00
756 2.542723251746e-02 0.000000000000e+00 0.000000000000e+00
757 2.546090964662e-02 0.000000000000e+00 0.000000000000e+00
758 2.549458677578e-02 0.000000000000e+00 0.000000000000e+00
759 2.552826390495e-02 0.000000000000e+00 0.000000000000e+00
760 2.556194103411e-02 0.000000000000e+00 0.000000000000e+00
761 2.559561816327e-02 0.000000000000e+00 0.000000000000e+00
762 2.562929529243e-02 0.000000000000e+00 0.000000000000e+00
763 2.566297242159e-02 0.000000000000e+00 0.000000000000e+00
764 2.569664955076e-02 0.000000000000e+00 0.000000000000e+00
765 2.573032667992e-02 0.000000000000e+00 0.000000000000e+00
766 2.576400380908e-02 0.000000000000e+00 0.000000000000e+00
767 2.579768093824e-02 0.000000000000e+00 0.000000000000e+00
768 2.583135806741e-02 0.000000000000e+00 0.000000000000e+00
769 2.586503519657e-02 0.000000000000e+00 0.000000000000e+00
770 2.589871232573e-02 0.000000000000e+00 0.000000000000e+00
771 2.593238945489e-02 0.000000000000e+00 0.000000000000e+00
772 2.596606658405e-02 0.000000000000e+00 0.000000000000e+00
773 2.599974371322e-02 0.000000000000e+00 0.000000000000e+00
774 2.603342084238e-02 0.000000000000e+00 0.000000000000e+00
775 2.606709797154e-02 0.000000000000e+00 0.000000000000e+00
776 2.610077510070e-02 0.000000000000e+00 0.000000000000e+00
777 2.613445222987e-02 0.000000000000e+00 0.000000000000e+00
778 2.616812935903e-02 0.000000000000e+00 0.000000000000e+00
779 2.620180648819e-02 0.000000000000e+00 0.000000000000e+00
780 2.623548361735e-02 0.000000000000e+00 0.000000000000e+00
781 2.626916074651e-02 0.000000000000e+00 0.000000000000e+00
782 2.630283787568e-02 0.000000000000e+00 0.000000000000e+00
783 2.633651500484e-02 0.000000000000e+00 0.000000000000e+00
784 2.637019213400e-02 0.000000000000e+00 0.000000000000e+00
785 2.640386926316e-02 0.000000000000e+00 0.000000000000e+00
786 2.643754639232e-02 0.000000000000e+00 0.000000000000e+00
787 2.647122352149e-02 0.000000000000e+00 0.000000000000e+00
788 2.650490065065e-02 0.000000000000e+00 0.000000000000e+00
789 2.653857777981e-02 0.000000000000e+00 0.000000000000e+00
790 2.657225490897e-02 0.000000000000e+00 0.000000000000e+00
791 2.660593203814e-02 0.000000000000e+00 0.000000000000e+00
792 2.663960916730e-02 0.000000000000e+00 0.000000000000e+00
793 2.667328629646e-02 0.000000000000e+00 0.000000000000e+00
794 2.670696342562e-02 0.000000000000e+00 0.000000000000e+00
795 2.674064055478e-02 0.000000000000e+00 0.000000000000e+00
796 2.677431768395e-02 0.000000000000e+00 0.000000000000e+00
797 2.680799481311e-02 0.000000000000e+00 0.000000000000e+00
798 2.684167194227e-02 0.000000000000e+00 0.000000000000e+00
799 2.687534907143e-02 0.000000000000e+00 0.000000000000e+00
800 2.690902620060e-02 0.000000000000e+00 0.000000000000e+00
801 2.694270332976e-02 0.000000000000e+00 0.000000000000e+00
802 2.697638045892e-02 0.000000000000e+00 0.000000000000e+00
803 2.701005758808e-02 0.000000000000e+00 0.000000000000e+00
804 2.704373471724e-02 0.000000000000e+00 0.000000000000e+00
805 2.707741184641e-02 0.000000000000e+00 0.000000000000e+00
806 2.711108897557e-02 0.000000000000e+00 0.000000000000e+00
807 2.714476610473e-02 0.000000000000e+00 0.000000000000e+00
808 2.717844323389e-02 0.000000000000e+00 0.000000000000e+00
809 2.721212036306e-02 0.000000000000e+00 0.000000000000e+00
810 2.724579749222e-02 0.000000000000e+00 0.000000000000e+00
811 2.727947462138e-02 0.000000000000e+00 0.000000000000e+00
812 2.731315175054e-02 0.000000000000e+00 0.000000000000e+00
813 2.734682887970e-02 0.000000000000e+00 0.000000000000e+00
814 2.738050600887e-02 0.000000000000e+00 0.000000000000e+00
815 2.741418313803e-02 0.000000000000e+00 0.000000000000e+00
816 2.744786026719e-02 0.000000000000e+00 0.000000000000e+00
817 2.748153739635e-02 0.000000000000e+00 0.000000000000e+00
818 2.751521452552e-02 0.000000000000e+00 0.000000000000e+00
819 2.754889165468e-02 0.000000000000e+00 0.000000000000e+00
820 2.758256878384e-02 0.000000000000e+00 0.000000000000e+00
821 2.761624591300e-02 0.000000000000e+00 0.000000000000e+00
822 2.764992304216e-02 0.000000000000e+00 0.000000000000e+00
823 2.768360017133e-02 0.000000000000e+00 0.000000000000e+00
824 2.771727730049e-02 0.000000000000e+00 0.000000000000e+00
825 2.775095442965e-02 0.000000000000e+00 0.000000000000e+00
826 2.778463155881e-02 0.000000000000e+00 0.000000000000e+00
827 2.781830868798e-02 0.000000000000e+00 0.000000000000e+00
828 2.785198581714e-02 0.000000000000e+00 0.000000000000e+00
829 2.788566294630e-02 0.000000000000e+00 0.000000000000e+00
830 2.791934007546e-02 0.000000000000e+00 0.000000000000e+00
831 2.795301720462e-02 0.000000000000e+00 0.000000000000e+00
832 2.798669433379e-02 0.000000000000e+00 0.000000000000e+00
833 2.802037146295e-02 0.000000000000e+00 0.000000000000e+00
834 2.805404859211e-02 0.000000000000e+00 0.000000000000e+00
835 2.808772572127e-02 0.000000000000e+00 0.000000000000e+00
836 2.812140285043e-02 0.000000000000e+00 0.000000000000e+00
837 2.815507997960e-02 0.000000000000e+00 0.000000000000e+00
838 2.818875710876e-02 0.000000000000e+00 0.000000000000e+00
839 2.822243423792e-02 0.000000000000e+00 0.000000000000e+00
840 2.825611136708e-02 0.000000000000e+00 0.000000000000e+00
841 2.828978849625e-02 0.000000000000e+00 0.000000000000e+00
842 2.832346562541e-02 0.000000000000e+00 0.000000000000e+00
843 2.835714275457e-02 0.000000000000e+00 0.000000000000e+00
844 2.839081988373e-02 0.000000000000e+00 0.000000000000e+00
845 2.842449701289e-02 0.000000000000e+00 0.000000000000e+00
846 2.845817414206e-02 0.000000000000e+00 0.000000000000e+00
847 2.849185127122e-02 0.000000000000e+00 0.000000000000e+00
848 2.852552840038e-02 0.000000000000e+00 0.000000000000e+00
849 2.855920552954e-02 0.000000000000e+00 0.000000000000e+00
850 2.859288265871e-02 0.000000000000e+00 0.000000000000e+00
851 2.862655978787e-02 0.000000000000e+00 0.000000000000e+00
852 2.866023691703e-02 0.000000000000e+00 0.000000000000e+00
853 2.869391404619e-02 0.000000000000e+00 0.000000000000e+00
854 2.872759117535e-02 0.000000000000e+00 0.000000000000e+00
855 2.876126830452e-02 0.000000000000e+00 0.000000000000e+00
856 2.879494543368e-02 0.000000000000e+00 0.000000000000e+00
857 2.882862256284e-02 0.000000000000e+00 0.000000000000e+00
858 2.886229969200e-02 0.000000000000e+00 0.000000000000e+00
859 2.889597682117e-02 0.000000000000e+00 0.000000000000e+00
860 2.892965395033e-02 0.000000000000e+00 0.000000000000e+00
861 2.896333107949e-02 0.000000000000e+00 0.000000000000e+00
862 2.899700820865e-02 0.000000000000e+00 0.000000000000e+00
863 2.903068533781e-02 0.000000000000e+00 0.000000000000e+00
864 2.906436246698e-02 0.000000000000e+00 0.000000000000e+00
865 2.909803959614e-02 0.000000000000e+00 0.000000000000e+00
866 2.913171672530e-02 0.000000000000e+00 0.000000000000e+00
867 2.916539385446e-02 0.000000000000e+00 0.000000000000e+00
868 2.919907098363e-02 0.000000000000e+00 0.000000000000e+00
869 2.923274811279e-02 0.000000000000e+00 0.000000000000e+00
870 2.926642524195e-02 0.000000000000e+00 0.000000000000e+00
871 2.930010237111e-02 0.000000000000e+00 0.000000000000e+00
872 2.933377950027e-02 0.000000000000e+00 0.000000000000e+00
873 2.936745662944e-02 0.000000000000e+00 0.000000000000e+00
874 2.940113375860e-02 0.000000000000e+00 0.000000000000e+00
875 2.943481088776e-02 0.000000000000e+00 0.000000000000e+00
876 2.946848801692e-02 0.000000000000e+00 0.000000000000e+00
877 2.950216514608e-02 0.000000000000e+00 0.000000000000e+00
878 2.953584227525e-02 0.000000000000e+00 0.000000000000e+00
879 2.956951940441e-02 0.000000000000e+00 0.000000000000e+00
880 2.960319653357e-02 0.000000000000e+00 0.000000000000e+00
881 2.963687366273e-02 0.000000000000e+00 0.000000000000e+00
882 2.967055079190e-02 0.000000000000e+00 0.000000000000e+00
883 2.970422792106e-02 0.000000000000e+00 0.000000000000e+00
884 2.973790505022e-02 0.000000000000e+00 0.000000000000e+00
885 2.977158217938e-02 0.000000000000e+00 0.000000000000e+00
886 2.980525930854e-02 0.000000000000e+00 0.000000000000e+00
887 2.983893643771e-02 0.000000000000e+00 0.000000000000e+00
888 2.987261356687e-02 0.000000000000e+00 0.000000000000e+00
889 2.990629069603e-02 0.000000000000e+00 0.000000000000e+00
890 2.993996782519e-02 0.000000000000e+00 0.000000000000e+00
891 2.997364495436e-02 0.000000000000e+00 0.000000000000e+00
892 3.000732208352e-02 0.000000000000e+00 0.000000000000e+00
893 3.004099921268e-02 0.000000000000e+00 0.000000000000e+00
894 3.007467634184e-02 0.000000000000e+00 0.000000000000e+00
895 3.010835347100e-02 0.000000000000e+00 0.000000000000e+00
896 3.014203060017e-02 0.000000000000e+00 0.000000000000e+00
897 3.017570772933e-02 0.000000000000e+00 0.000000000000e+00
898 3.020938485849e-02 0.000000000000e+00 0.000000000000e+00
899 3.024306198765e-02 0.000000000000e+00 0.000000000000e+00
900 3.027673911682e-02 0.000000000000e+00 0.000000000000e+00
901 3.031041624598e-02 0.000000000000e+00 0.000000000000e+00
902 3.034409337514e-02 0.000000000000e+00 0.000000000000e+00
903 3.037777050430e-02 0.000000000000e+00 0.000000000000e+00
904 3.041144763346e-02 0.000000000000e+00 0.000000000000e+00
905 3.044512476263e-02 0.000000000000e+00 0.000000000000e+00
906 3.047880189179e-02 0.000000000000e+00 0.000000000000e+00
907 3.051247902095e-02 0.000000000000e+00 0.000000000000e+00
908 3.054615615011e-02 0.000000000000e+00 0.000000000000e+00
909 3.057983327928e-02 0.000000000000e+00 0.000000000000e+00
910 3.061351040844e-02 0.000000000000e+00 0.000000000000e+00
911 3.064718753760e-02 0.000000000000e+00 0.000000000000e+00
912 3.068086466676e-02 0.000000000000e+00 0.000000000000e+00
913 3.071454179592e-02 0.000000000000e+00 0.000000000000e+00
914 3.074821892509e-02 0.000000000000e+00 0.000000000000e+00
915 3.078189605425e-02 0.000000000000e+00 0.000000000000e+00
916 3.081557318341e-02 0.000000000000e+00 0.000000000000e+00
917 3.084925031257e-02 0.000000000000e+00 0.000000000000e+00
918 3.088292744174e-02 0.000000000000e+00 0.000000000000e+00
919 3.091660457090e-02 0.000000000000e+00 0.000000000000e+00
920 3.095028170006e-02 0.000000000000e+00 0.000000000000e+00
921 3.098395882922e-02 0.000000000000e+00 0.000000000000e+00
922 3.101763595838e-02 0.000000000000e+00 0.000000000000e+00
923 3.105131308755e-02 0.000000000000e+00 0.000000000000e+00
924 3.108499021671e-02 0.000000000000e+00 0.000000000000e+00
925 3.111866734587e-02 0.000000000000e+00 0.000000000000e+00
926 3.115234447503e-02 0.000000000000e+00 0.000000000000e+00
927 3.118602160419e-02 0.000000000000e+00 0.000000000000e+00
928 3.121969873336e-02 0.000000000000e+00 0.000000000000e+00
929 3.125337586252e-02 0.000000000000e+00 0.000000000000e+00
930 3.128705299168e-02 0.000000000000e+00 0.000000000000e+00
931 3.132073012084e-02 0.000000000000e+00 0.000000000000e+00
932 3.135440725001e-02 0.000000000000e+00 0.000000000000e+00
933 3.138808437917e-02 0.000000000000e+00 0.000000000000e+00
934 3.142176150833e-02 0.000000000000e+00 0.000000000000e+00
935 3.145543863749e-02 0.000000000000e+00 0.000000000000e+00
936 3.148911576665e-02 0.000000000000e+00 0.000000000000e+00
937 3.152279289582e-02 0.000000000000e+00 0.000000000000e+00
938 3.155647002498e-02 0.000000000000e+00 0.000000000000e+00
939 3.159014715414e-02 0.000000000000e+00 0.000000000000e+00
940 3.162382428330e-02 0.000000000000e+00 0.000000000000e+00
941 3.165750141247e-02 0.000000000000e+00 0.000000000000e+00
942 3.169117854163e-02 0.000000000000e+00 0.000000000000e+00
943 3.172485567079e-02 0.000000000000e+00 0.000000000000e+00
944 3.175853279995e-02 0.000000000000e+00 0.000000000000e+00
945 3.179220992911e-02 0.000000000000e+00 0.000000000000e+00
946 3.182588705828e-02 0.000000000000e+00 0.000000000000e+00
947 3.185956418744e-02 0.000000000000e+00 0.000000000000e+00
948 3.189324131660e-02 0.000000000000e+00 0.000000000000e+00
949 3.192691844576e-02 0.000000000000e+00 0.000000000000e+00
950 3.196059557493e-02 0.000000000000e+00 0.000000000000e+00
951 3.199427270409e-02 0.000000000000e+00 0.000000000000e+00
952 3.202794983325e-02 0.000000000000e+00 0.000000000000e+00
953 3.206162696241e-02 0.000000000000e+00 0.000000000000e+00
954 3.209530409157e-02 0.000000000000e+00 0.000000000000e+00
955 3.212898122074e-02 0.000000000000e+00 0.000000000000e+00
956 3.216265834990e-02 0.000000000000e+00 0.000000000000e+00
957 3.219633547906e-02 0.000000000000e+00 0.000000000000e+00
958 3.223001260822e-02 0.000000000000e+00 0.000000000000e+00
959 3.226368973739e-02 0.000000000000e+00 0.000000000000e+00
960 3.229736686655e-02 0.000000000000e+00 0.000000000000e+00
961 3.233104399571e-02 0.000000000000e+00 0.000000000000e+00
962 3.236472112487e-02 0.000000000000e+00 0.000000000000e+00
963 3.239839825403e-02 0.000000000000e+00 0.000000000000e+00
964 3.243207538320e-02 0.000000000000e+00 0.000000000000e+00
965 3.246575251236e-02 0.000000000000e+00 0.000000000000e+00
966 3.249942964152e-02 0.000000000000e+00 0.000000000000e+00
967 3.253310677068e-02 0.000000000000e+00 0.000000000000e+00
968 3.256678389984e-02 0.000000000000e+00 0.000000000000e+00
969 3.260046102901e-02 0.000000000000e+00 0.000000000000e+00
970 3.263413815817e-02 0.000000000000e+00 0.000000000000e+00
971 3.266781528733e-02 0.000000000000e+00 0.000000000000e+00
972 3.270149241649e-02 0.000000000000e+00 0.000000000000e+00
973 3.273516954566e-02 0.000000000000e+00 0.000000000000e+00
974 3.276884667482e-02 0.000000000000e+00 0.000000000000e+00
975 3.280252380398e-02 0.000000000000e+00 0.000000000000e+00
976 3.283620093314e-02 0.000000000000e+00 0.000000000000e+00
977 3.286987806230e-02 0.000000000000e+00 0.000000000000e+00
978 3.290355519147e-02 0.000000000000e+00 0.000000000000e+00
979 3.293723232063e-02 0.000000000000e+00 0.000000000000e+00
980 3.297090944979e-02 0.000000000000e+00 0.000000000000e+00
981 3.300458657895e-02 0.000000000000e+00 0.000000000000e+00
982 3.303826370812e-02 0.000000000000e+00 0.000000000000e+00
983 3.307194083728e-02 0.000000000000e+00 0.000000000000e+00
984 3.310561796644e-02 0.000000000000e+00 0.000000000000e+00
985 3.313929509560e-02 0.000000000000e+00 0.000000000000e+00
986 3.317297222476e-02 0.000000000000e+00 0.000000000000e+00
987 3.320664935393e-02 0.000000000000e+00 0.000000000000e+00
988 3.324032648309e-02 0.000000000000e+00 0.000000000000e+00
989 3.327400361225e-02 0.000000000000e+00 0.000000000000e+00
990 3.330768074141e-02 0.000000000000e+00 0.000000000000e+00
991 3.334135787058e-02 0.000000000000e+00 0.000000000000e+00
992 3.337503499974e-02 0.000000000000e+00 0.000000000000e+00
993 3.340871212890e-02 0.000000000000e+00 0.000000000000e+00
994 3.344238925806e-02 0.000000000000e+00 0.000000000000e+00
995 3.347606638722e-02 0.000000000000e+00 0.000000000000e+00
996 3.350974351639e-02 0.000000000000e+00 0.000000000000e+00
997 3.354342064555e-02 0.000000000000e+00 0.000000000000e+00
998 3.357709777471e-02 0.000000000000e+00 0.000000000000e+00
999 3.361077490387e-02 0.000000000000e+00 0.000000000000e+00
1000 3.364445203304e-02 0.000000000000e+00 0.000000000000e+00
1001 3.367812916220e-02 0.000000000000e+00 0.000000000000e+00
1002 3.371180629136e-02 0.000000000000e+00 0.000000000000e+00
1003 3.374548342052e-02 0.000000000000e+00 0.000000000000e+00
1004 3.377916054968e-02 0.000000000000e+00 0.000000000000e+00
1005 3.381283767885e-02 0.000000000000e+00 0.000000000000e+00
1006 3.384651480801e-02 0.000000000000e+00 0.000000000000e+00
1007 3.388019193717e-02 0.000000000000e+00 0.000000000000e+00
1008 3.391386906633e-02 0.000000000000e+00 0.000000000000e+00
1009 3.394754619549e-02 0.000000000000e+00 0.000000000000e+00
1010 3.398122332466e-02 0.000000000000e+00 0.000000000000e+00
1011 3.401490045382e-02 0.000000000000e+00 0.000000000000e+00
1012 3.404857758298e-02 0.000000000000e+00 0.000000000000e+00
1013 3.408225471214e-02 0.000000000000e+00 0.000000000000e+00
1014 3.411593184131e-02 0.000000000000e+00 0.000000000000e+00
1015 3.414960897047e-02 0.000000000000e+00 0.000000000000e+00
1016 3.418328609963e-02 0.000000000000e+00 0.000000000000e+00
1017 3.421696322879e-02 0.000000000000e+00 0.000000000000e+00
1018 3.425064035795e-02 0.000000000000e+00 0.000000000000e+00
1019 3.428431748712e-02 0.000000000000e+00 0.000000000000e+00
1020 3.431799461628e-02 0.000000000000e+00 0.000000000000e+00
1021 3.435167174544e-02 0.000000000000e+00 0.000000000000e+00
1022 3.438534887460e-02 0.000000000000e+00 0.000000000000e+00
1023 3.441902600377e-02 0.000000000000e+00 0.000000000000e+00
1024 3.445270313293e-02 0.000000000000e+00 0.000000000000e+00
1025 3.448638026209e-02 0.000000000000e+00 0.000000000000e+00
1026 3.452005739125e-02 0.000000000000e+00 0.000000000000e+00
1027 3.455373452041e-02 0.000000000000e+00 0.000000000000e+00
1028 3.458741164958e-02 0.000000000000e+00 0.000000000000e+00
1029 3.462108877874e-02 0.000000000000e+00 0.000000000000e+00
1030 3.465476590790e-02 0.000000000000e+00 0.000000000000e+00
1031 3.468844303706e-02 0.000000000000e+00 0.000000000000e+00
1032 3.472212016623e-02 0.000000000000e+00 0.000000000000e+00
1033 3.475579729539e-02 0.000000000000e+00 0.000000000000e+00
1034 3.478947442455e-02 0.000000000000e+00 0.000000000000e+00
1035 3.482315155371e-02 0.000000000000e+00 0.000000000000e+00
1036 3.485682868287e-02 0.000000000000e+00 0.000000000000e+00
1037 3.489050581204e-02 0.000000000000e+00 0.000000000000e+00
1038 3.492418294120e-02 0.000000000000e+00 0.000000000000e+00
1039 3.495786007036e-02 0.000000000000e+00 0.000000000000e+00
1040 3.499153719952e-02 0.000000000000e+00 0.000000000000e+00
1041 3.502521432869e-02 0.000000000000e+00 0.000000000000e+00
1042 3.505889145785e-02 0.000000000000e+00 0.000000000000e+00
1043 3.509256858701e-02 0.000000000000e+00 0.000000000000e+00
1044 3.512624571617e-02 0.000000000000e+00 0.000000000000e+00
1045 3.515992284533e-02 0.000000000000e+00 0.000000000000e+00
1046 3.519359997450e-02 0.000000000000e+00 0.000000000000e+00
1047 3.522727710366e-02 0.000000000000e+00 0.000000000000e+00
1048 3.526095423282e-02 0.000000000000e+00 0.000000000000e+00
1049 3.529463136198e-02 0.000000000000e+00 0.000000000000e+00
1050 3.532830849115e-02 0.000000000000e+00 0.000000000000e+00
1051 3.536198562031e-02 0.000000000000e+00 0.000000000000e+00
1052 3.539566274947e-02 0.000000000000e+00 0.000000000000e+00
1053 3.542933987863e-02 0.000000000000e+00 0.000000000000e+00
1054 3.546301700779e-02 0.000000000000e+00 0.000000000000e+00
1055 3.549669413696e-02 0.000000000000e+00 0.000000000000e+00
1056 3.553037126612e-02 0.000000000000e+00 0.000000000000e+00
1057 3.556404839528e-02 0.000000000000e+00 0.000000000000e+00
1058 3.559772552444e-02 0.000000000000e+00 0.000000000000e+00
1059 3.563140265360e-02 0.000000000000e+00 0.000000000000e+00
1060 3.566507978277e-02 0.000000000000e+00 0.000000000000e+00
1061 3.569875691193e-02 0.000000000000e+00 0.000000000000e+00
1062 3.573243404109e-02 0.000000000000e+00 0.000000000000e+00
1063 3.576611117025e-02 0.000000000000e+00 0.000000000000e+00
1064 3.579978829942e-02 0.000000000000e+00 0.000000000000e+00
1065 3.583346542858e-02 0.000000000000e+00 0.000000000000e+00
1066 3.586714255774e-02 0.000000000000e+00 0.000000000000e+00
1067 3.590081968690e-02 0.000000000000e+00 0.000000000000e+00
1068 3.593449681606e-02 0.000000000000e+00 0.000000000000e+00
1069 3.596817394523e-02 0.000000000000e+00 0.000000000000e+00
1070 3.600185107439e-02 0.000000000000e+00 0.000000000000e+00
1071 3.603552820355e-02 0.000000000000e+00 0.000000000000e+00
1072 3.606920533271e-02 0.000000000000e+00 0.000000000000e+00
1073 3.610288246188e-02 0.000000000000e+00 0.000000000000e+00
1074 3.613655959104e-02 0.000000000000e+00 0.000000000000e+00
1075 3.617023672020e-02 0.000000000000e+00 0.000000000000e+00
1076 3.620391384936e-02 0.000000000000e+00 0.000000000000e+00
1077 3.623759097852e-02 0.000000000000e+00 0.000000000000e+00
1078 3.627126810769e-02 0.000000000000e+00 0.000000000000e+00
1079 3.630494523685e-02 0.000000000000e+00 0.000000000000e+00
1080 3.633862236601e-02 0.000000000000e+00 0.000000000000e+00
1081 3.637229949517e-02 0.000000000000e+00 0.000000000000e+00
1082 3.640597662434e-02 0.000000000000e+00 0.000000000000e+00
1083 3.643965375350e-02 0.000000000000e+00 0.000000000000e+00
1084 3.647333088266e-02 0.000000000000e+00 0.000000000000e+00
1085 3.650700801182e-02 0.000000000000e+00 0.000000000000e+00
1086 3.654068514098e-02 0.000000000000e+00 0.000000000000e+00
1087 3.657436227015e-02 0.000000000000e+00 0.000000000000e+00
1088 3.660803939931e-02 0.000000000000e+00 0.000000000000e+00
1089 3.664171652847e-02 0.000000000000e+00 0.000000000000e+00
1090 3.667539365763e-02 0.000000000000e+00 0.000000000000e+00
1091 3.670907078680e-02 0.000000000000e+00 0.000000000000e+00
1092 3.674274791596e-02 0.000000000000e+00 0.000000000000e+00
1093 3.677642504512e-02 0.000000000000e+00 0.000000000000e+00
1094 3.681010217428e-02 0.000000000000e+00 0.000000000000e+00
1095 3.684377930344e-02 0.000000000000e+00 0.000000000000e+00
1096 3.687745643261e-02 0.000000000000e+00 0.000000000000e+00
1097 3.691113356177e-02 0.000000000000e+00 0.000000000000e+00
1098 3.694481069093e-02 0.000000000000e+00 0.000000000000e+00
1099 3.697848782009e-02 0.000000000000e+00 0.000000000000e+00
1100 3.701216494925e-02 0.000000000000e+00 0.000000000000e+00
1101 3.704584207842e-02 0.000000000000e+00 0.000000000000e+00
1102 3.707951920758e-02 0.000000000000e+00 0.000000000000e+00
1103 3.711319633674e-02 0.000000000000e+00 0.000000000000e+00
1104 3.714687346590e-02 0.000000000000e+00 0.000000000000e+00
1105 3.718055059507e-02 0.000000000000e+00 0.000000000000e+00
1106 3.721422772423e-02 0.000000000000e+00 0.000000000000e+00
1107 3.724790485339e-02 0.000000000000e+00 0.000000000000e+00
1108 3.728158198255e-02 0.000000000000e+00 0.000000000000e+00
1109 3.731525911171e-02 0.000000000000e+00 0.000000000000e+00
1110 3.734893624088e-02 0.000000000000e+00 0.000000000000e+00
1111 3.738261337004e-02 0.000000000000e+00 0.000000000000e+00
1112 3.741629049920e-02 0.000000000000e+00 0.000000000000e+00
1113 3.744996762836e-02 0.000000000000e+00 0.000000000000e+00
1114 3.748364475753e-02 0.000000000000e+00 0.000000000000e+00
1115 3.751732188669e-02 0.000000000000e+00 0.000000000000e+00
1116 3.755099901585e-02 0.000000000000e+00 0.000000000000e+00
1117 3.758467614501e-02 0.000000000000e+00 0.000000000000e+00
1118 3.761835327417e-02 0.000000000000e+00 0.000000000000e+00
1119 3.765203040334e-02 0.000000000000e+00 0.000000000000e+00
1120 3.768570753250e-02 0.000000000000e+00 0.000000000000e+00
1121 3.771938466166e-02 0.000000000000e+00 0.000000000000e+00
1122 3.775306179082e-02 0.000000000000e+00 0.000000000000e+00
1123 3.778673891999e-02 0.000000000000e+00 0.000000000000e+00
1124 3.782041604915e-02 0.000000000000e+00 0.000000000000e+00
1125 3.785409317831e-02 0.000000000000e+00 0.000000000000e+00
1126 3.788777030747e-02 0.000000000000e+00 0.000000000000e+00
1127 3.792144743663e-02 0.000000000000e+00 0.000000000000e+00
1128 3.795512456580e-02 0.000000000000e+00 0.000000000000e+00
1129 3.798880169496e-02 0.000000000000e+00 0.000000000000e+00
1130 3.802247882412e-02 0.000000000000e+00 0.000000000000e+00
1131 3.805615595328e-02 0.000000000000e+00 0.000000000000e+00
1132 3.808983308245e-02 0.000000000000e+00 0.000000000000e+00
1133 3.812351021161e-02 0.000000000000e+00 0.000000000000e+00
1134 3.815718734077e-02 0.000000000000e+00 0.000000000000e+00
1135 3.819086446993e-02 0.000000000000e+00 0.000000000000e+00
1136 3.822454159909e-02 0.000000000000e+00 0.000000000000e+00
1137 3.825821872826e-02 0.000000000000e+00 0.000000000000e+00
1138 3.829189585742e-02 0.000000000000e+00 0.000000000000e+00
1139 3.832557298658e-02 0.000000000000e+00 0.000000000000e+00
1140 3.835925011574e-02 0.000000000000e+00 0.000000000000e+00
1141 3.839292724491e-02 0.000000000000e+00 0.000000000000e+00
1142 3.842660437407e-02 0.000000000000e+00 0.000000000000e+00
1143 3.846028150323e-02 0.000000000000e+00 0.000000000000e+00
1144 3.849395863239e-02 0.000000000000e+00 0.000000000000e+00
1145 3.852763576155e-02 0.000000000000e+00 0.000000000000e+00
1146 3.856131289072e-02 0.000000000000e+00 0.000000000000e+00
1147 3.859499001988e-02 0.000000000000e+00 0.000000000000e+00
1148 3.862866714904e-02 0.000000000000e+00 0.000000000000e+00
1149 3.866234427820e-02 0.000000000000e+00 0.000000000000e+00
1150 3.869602140736e-02 0.000000000000e+00 0.000000000000e+00
1151 3.872969853653e-02 0.000000000000e+00 0.000000000000e+00
1152 3.876337566569e-02 0.000000000000e+00 0.000000000000e+00
1153 3.879705279485e-02 0.000000000000e+00 0.000000000000e+00
1154 3.883072992401e-02 0.000000000000e+00 0.000000000000e+00
1155 3.886440705318e-02 0.000000000000e+00 0.000000000000e+00
1156 3.889808418234e-02 0.000000000000e+00 0.000000000000e+00
1157 3.893176131150e-02 0.000000000000e+00 0.000000000000e+00
1158 3.896543844066e-02 0.000000000000e+00 0.000000000000e+00
1159 3.899911556982e-02 0.000000000000e+00 0.000000000000e+00
1160 3.903279269899e-02 0.000000000000e+00 0.000000000000e+00
1161 3.906646982815e-02 0.000000000000e+00 0.000000000000e+00
1162 3.910014695731e-02 0.000000000000e+00 0.000000000000e+00
1163 3.913382408647e-02 0.000000000000e+00 0.000000000000e+00
1164 3.916750121564e-02 0.000000000000e+00 0.000000000000e+00
1165 3.920117834480e-02 0.000000000000e+00 0.000000000000e+00
1166 3.923485547396e-02 0.000000000000e+00 0.000000000000e+00
1167 3.926853260312e-02 0.000000000000e+00 0.000000000000e+00
1168 3.930220973228e-02 0.000000000000e+00 0.000000000000e+00
1169 3.933588686145e-02 0.000000000000e+00 0.000000000000e+00
1170 3.936956399061e-02 0.000000000000e+00 0.000000000000e+00
1171 3.940324111977e-02 0.000000000000e+00 0.000000000000e+00
1172 3.943691824893e-02 0.000000000000e+00 0.000000000000e+00
1173 3.947059537810e-02 0.000000000000e+00 0.000000000000e+00
1174 3.950427250726e-02 0.000000000000e+00 0.000000000000e+00
1175 3.953794963642e-02 0.000000000000e+00 0.000000000000e+00
1176 3.957162676558e-02 0.000000000000e+00 0.000000000000e+00
1177 3.960530389474e-02 0.000000000000e+00 0.000000000000e+00
1178 3.963898102391e-02 0.000000000000e+00 0.000000000000e+00
1179 3.967265815307e-02 0.000000000000e+00 0.000000000000e+00
1180 3.970633528223e-02 0.000000000000e+00 0.000000000000e+00
1181 3.974001241139e-02 0.000000000000e+00 0.000000000000e+00
1182 3.977368954056e-02 0.000000000000e+00 0.000000000000e+00
1183 3.980736666972e-02 0.000000000000e+00 0.000000000000e+00
1184 3.984104379888e-02 0.000000000000e+00 0.000000000000e+00
1185 3.987472092804e-02 0.000000000000e+00 0.000000000000e+00
1186 3.990839805720e-02 0.000000000000e+00 0.000000000000e+00
1187 3.994207518637e-02 0.000000000000e+00 0.000000000000e+00
1188 3.997575231553e-02 0.000000000000e+00 0.000000000000e+00
1189 4.000942944469e-02 0.000000000000e+00 0.000000000000e+00
1190 4.004310657385e-02 0.000000000000e+00 0.000000000000e+00
1191 4.007678370301e-02 0.000000000000e+00 0.000000000000e+00
1192 4.011046083218e-02 0.000000000000e+00 0.000000000000e+00
1193 4.014413796134e-02 0.000000000000e+00 0.000000000000e+00
1194 4.017781509050e-02 0.000000000000e+00 0.000000000000e+00
1195 4.021149221966e-02 0.000000000000e+00 0.000000000000e+00
1196 4.024516934883e-02 0.000000000000e+00 0.000000000000e+00
1197 4.027884647799e-02 0.000000000000e+00 0.000000000000e+00
1198 4.031252360715e-02 0.000000000000e+00 0.000000000000e+00
1199 4.034620073631e-02 0.000000000000e+00 0.000000000000e+00
1200 4.037987786547e-02 0.000000000000e+00 0.000000000000e+00
1201 4.041355499464e-02 0.000000000000e+00 0.000000000000e+00
1202 4.044723212380e-02 0.000000000000e+00 0.000000000000e+00
1203 4.048090925296e-02 0.000000000000e+00 0.000000000000e+00
1204 4.051458638212e-02 0.000000000000e+00 0.000000000000e+00
1205 4.054826351129e-02 0.000000000000e+00 0.000000000000e+00
1206 4.058194064045e-02 0.000000000000e+00 0.000000000000e+00
1207 4.061561776961e-02 0.000000000000e+00 0.000000000000e+00
1208 4.064929489877e-02 0.000000000000e+00 0.000000000000e+00
1209 4.068297202793e-02 0.000000000000e+00 0.000000000000e+00
1210 4.071664915710e-02 0.000000000000e+00 0.000000000000e+00
1211 4.075032628626e-02 0.000000000000e+00 0.000000000000e+00
1212 4.078400341542e-02 0.000000000000e+00 0.000000000000e+00
1213 4.081768054458e-02 0.000000000000e+00 0.000000000000e+00
1214 4.085135767375e-02 0.000000000000e+00 0.000000000000e+00
1215 4.088503480291e-02 0.000000000000e+00 0.000000000000e+00
1216 4.091871193207e-02 0.000000000000e+00 0.000000000000e+00
1217 4.095238906123e-02 0.000000000000e+00 0.000000000000e+00
1218 4.098606619039e-02 0.000000000000e+00 0.000000000000e+00
1219 4.101974331956e-02 0.000000000000e+00 0.000000000000e+00
1220 4.105342044872e-02 0.000000000000e+00 0.000000000000e+00
1221 4.108709757788e-02 0.000000000000e+00 0.000000000000e+00
1222 4.112077470704e-02 0.000000000000e+00 0.000000000000e+00
1223 4.115445183621e-02 0.000000000000e+00 0.000000000000e+00
1224 4.118812896537e-02 0.000000000000e+00 0.000000000000e+00
1225 4.122180609453e-02 0.000000000000e+00 0.000000000000e+00
1226 4.125548322369e-02 0.000000000000e+00 0.000000000000e+00
1227 4.128916035285e-02 0.000000000000e+00 0.000000000000e+00
1228 4.132283748202e-02 0.000000000000e+00 0.000000000000e+00
1229 4.135651461118e-02 0.000000000000e+00 0.000000000000e+00
1230 4.139019174034e-02 0.000000000000e+00 0.000000000000e+00
1231 4.142386886950e-02 0.000000000000e+00 0.000000000000e+00
1232 4.145754599867e-02 0.000000000000e+00 0.000000000000e+00
1233 4.149122312783e-02 0.000000000000e+00 0.000000000000e+00
1234 4.152490025699e-02 0.000000000000e+00 0.000000000000e+00
1235 4.155857738615e-02 0.000000000000e+00 0.000000000000e+00
1236 4.159225451531e-02 0.000000000000e+00 0.000000000000e+00
1237 4.162593164448e-02 0.000000000000e+00 0.000000000000e+00
1238 4.165960877364e-02 0.000000000000e+00 0.000000000000e+00
1239 4.169328590280e-02 0.000000000000e+00 0.000000000000e+00
1240 4.172696303196e-02 0.000000000000e+00 0.000000000000e+00
1241 4.176064016112e-02 0.000000000000e+00 0.000000000000e+00
1242 4.179431729029e-02 0.000000000000e+00 0.000000000000e+00
1243 4.182799441945e-02 0.000000000000e+00 0.000000000000e+00
1244 4.186167154861e-02 0.000000000000e+00 0.000000000000e+00
1245 4.189534867777e-02 0.000000000000e+00 0.000000000000e+00
1246 4.192902580694e-02 0.000000000000e+00 0.000000000000e+00
1247 4.196270293610e-02 0.000000000000e+00 0.000000000000e+00
1248 4.199638006526e-02 0.000000000000e+00 0.000000000000e+00
1249 4.203005719442e-02 0.000000000000e+00 0.000000000000e+00
1250 4.206373432358e-02 0.000000000000e+00 0.000000000000e+00
1251 4.209741145275e-02 0.000000000000e+00 0.000000000000e+00
1252 4.213108858191e-02 0.000000000000e+00 0.000000000000e+00
1253 4.216476571107e-02 0.000000000000e+00 0.000000000000e+00
1254 4.219844284023e-02 0.000000000000e+00 0.000000000000e+00
1255 4.223211996940e-02 0.000000000000e+00 0.000000000000e+00
1256 4.226579709856e-02 0.000000000000e+00 0.000000000000e+00
1257 4.229947422772e-02 0.000000000000e+00 0.000000000000e+00
1258 4.233315135688e-02 0.000000000000e+00 0.000000000000e+00
1259 4.236682848604e-02 0.000000000000e+00 0.000000000000e+00
1260 4.240050561521e-02 0.000000000000e+00 0.000000000000e+00
1261 4.243418274437e-02 0.000000000000e+00 0.000000000000e+00
1262 4.246785987353e-02 0.000000000000e+00 0.000000000000e+00
1263 4.250153700269e-02 0.000000000000e+00 0.000000000000e+00
1264 4.253521413186e-02 0.000000000000e+00 0.000000000000e+00
1265 4.256889126102e-02 0.000000000000e+00 0.000000000000e+00
1266 4.260256839018e-02 0.000000000000e+00 0.000000000000e+00
1267 4.263624551934e-02 0.000000000000e+00 0.000000000000e+00
1268 4.266992264850e-02 0.000000000000e+00 0.000000000000e+00
1269 4.270359977767e-02 0.000000000000e+00 0.000000000000e+00
1270 4.273727690683e-02 0.000000000000e+00 0.000000000000e+00
1271 4.277095403599e-02 0.000000000000e+00 0.000000000000e+00
1272 4.280463116515e-02 0.000000000000e+00 0.000000000000e+00
1273 4.283830829432e-02 0.000000000000e+00 0.000000000000e+00
1274 4.287198542348e-02 0.000000000000e+00 0.000000000000e+00
1275 4.290566255264e-02 0.000000000000e+00 0.000000000000e+00
1276 4.293933968180e-02 0.000000000000e+00 0.000000000000e+00
1277 4.297301681096e-02 0.000000000000e+00 0.000000000000e+00
1278 4.300669394013e-02 0.000000000000e+00 0.000000000000e+00
1279 4.304037106929e-02 0.000000000000e+00 0.000000000000e+00
1280 4.307404819845e-02 0.000000000000e+00 0.000000000000e+00
1281 4.310772532761e-02 0.000000000000e+00 0.000000000000e+00
1282 4.314140245677e-02 0.000000000000e+00 0.000000000000e+00
1283 4.317507958594e-02 0.000000000000e+00 0.000000000000e+00
1284 4.320875671510e-02 0.000000000000e+00 0.000000000000e+00
1285 4.324243384426e-02 0.000000000000e+00 0.000000000000e+00
1286 4.327611097342e-02 0.000000000000e+00 0.000000000000e+00
1287 4.330978810259e-02 0.000000000000e+00 0.000000000000e+00
1288 4.334346523175e-02 0.000000000000e+00 0.000000000000e+00
1289 4.337714236091e-02 0.000000000000e+00 0.000000000000e+00
1290 4.341081949007e-02 0.000000000000e+00 0.000000000000e+00
1291 4.344449661923e-02 0.000000000000e+00 0.000000000000e+00
1292 4.347817374840e-02 0.000000000000e+00 0.000000000000e+00
1293 4.351185087756e-02 0.000000000000e+00 0.000000000000e+00
1294 4.354552800672e-02 0.000000000000e+00 0.000000000000e+00
1295 4.357920513588e-02 0.000000000000e+00 0.000000000000e+00
1296 4.361288226505e-02 0.000000000000e+00 0.000000000000e+00
1297 4.364655939421e-02 0.000000000000e+00 0.000000000000e+00
1298 4.368023652337e-02 0.000000000000e+00 0.000000000000e+00
1299 4.371391365253e-02 0.000000000000e+00 0.000000000000e+00
1300 4.374759078169e-02 0.000000000000e+00 0.000000000000e+00
1301 4.378126791086e-02 0.000000000000e+00 0.000000000000e+00
1302 4.381494504002e-02 0.000000000000e+00 0.000000000000e+00
1303 4.384862216918e-02 0.000000000000e+00 0.000000000000e+00
1304 4.388229929834e-02 0.000000000000e+00 0.000000000000e+00
1305 4.391597642751e-02 0.000000000000e+00 0.000000000000e+00
1306 4.394965355667e-02 0.000000000000e+00 0.000000000000e+00
1307 4.398333068583e-02 0.000000000000e+00 0.000000000000e+00
1308 4.401700781499e-02 0.000000000000e+00 0.000000000000e+00
1309 4.405068494415e-02 0.000000000000e+00 0.000000000000e+00
1310 4.408436207332e-02 0.000000000000e+00 0.000000000000e+00
1311 4.411803920248e-02 0.000000000000e+00 0.000000000000e+00
1312 4.415171633164e-02 0.000000000000e+00 0.000000000000e+00
1313 4.418539346080e-02 0.000000000000e+00 0.000000000000e+00
1314 4.421907058997e-02 0.000000000000e+00 0.000000000000e+00
1315 4.425274771913e-02 0.000000000000e+00 0.000000000000e+00
1316 4.428642484829e-02 0.000000000000e+00 0.000000000000e+00
1317 4.432010197745e-02 0.000000000000e+00 0.000000000000e+00
1318 4.435377910661e-02 0.000000000000e+00 0.000000000000e+00
1319 4.438745623578e-02 0.000000000000e+00 0.000000000000e+00
1320 4.442113336494e-02 0.000000000000e+00 0.000000000000e+00
1321 4.445481049410e-02 0.000000000000e+00 0.000000000000e+00
1322 4.448848762326e-02 0.000000000000e+00 0.000000000000e+00
1323 4.452216475242e-02 0.000000000000e+00 0.000000000000e+00
1324 4.455584188159e-02 0.000000000000e+00 0.000000000000e+00
1325 4.458951901075e-02 0.000000000000e+00 0.000000000000e+00
1326 4.462319613991e-02 0.000000000000e+00 0.000000000000e+00
1327 4.465687326907e-02 0.000000000000e+00 0.000000000000e+00
1328 4.469055039824e-02 0.000000000000e+00 0.000000000000e+00
1329 4.472422752740e-02 0.000000000000e+00 0.000000000000e+00
1330 4.475790465656e-02 0.000000000000e+00 0.000000000000e+00
1331 4.479158178572e-02 0.000000000000e+00 0.000000000000e+00
1332 4.482525891488e-02 0.000000000000e+00 0.000000000000e+00
1333 4.485893604405e-02 0.000000000000e+00 0.000000000000e+00
1334 4.489261317321e-02 0.000000000000e+00 0.000000000000e+00
1335 4.492629030237e-02 0.000000000000e+00 0.000000000000e+00
1336 4.495996743153e-02 0.000000000000e+00 0.000000000000e+00
1337 4.499364456070e-02 0.000000000000e+00 0.000000000000e+00
1338 4.502732168986e-02 0.000000000000e+00 0.000000000000e+00
1339 4.506099881902e-02 0.000000000000e+00 0.000000000000e+00
1340 4.509467594818e-02 0.000000000000e+00 0.000000000000e+00
1341 4.512835307734e-02 0.000000000000e+00 0.000000000000e+00
1342 4.516203020651e-02 0.000000000000e+00 0.000000000000e+00
1343 4.519570733567e-02 0.000000000000e+00 0.000000000000e+00
1344 4.522938446483e-02 0.000000000000e+00 0.000000000000e+00
1345 4.526306159399e-02 0.000000000000e+00 0.000000000000e+00
1346 4.529673872316e-02 0.000000000000e+00 0.000000000000e+00
1347 4.533041585232e-02 0.000000000000e+00 0.000000000000e+00
1348 4.536409298148e-02 0.000000000000e+00 0.000000000000e+00
1349 4.539777011064e-02 0.000000000000e+00 0.000000000000e+00
1350 4.543144723980e-02 0.000000000000e+00 0.000000000000e+00
1351 4.546512436897e-02 0.000000000000e+00 0.000000000000e+00
1352 4.549880149813e-02 0.000000000000e+00 0.000000000000e+00
1353 4.553247862729e-02 0.000000000000e+00 0.000000000000e+00
1354 4.556615575645e-02 0.000000000000e+00 0.000000000000e+00
1355 4.559983288562e-02 0.000000000000e+00 0.000000000000e+00
1356 4.563351001478e-02 0.000000000000e+00 0.000000000000e+00
1357 4.566718714394e-02 0.000000000000e+00 0.000000000000e+00
1358 4.570086427310e-02 0.000000000000e+00 0.000000000000e+00
1359 4.573454140226e-02 0.000000000000e+00 0.000000000000e+00
1360 4.576821853143e-02 0.000000000000e+00 0.000000000000e+00
1361 4.580189566059e-02 0.000000000000e+00 0.000000000000e+00
1362 4.583557278975e-02 0.000000000000e+00 0.000000000000e+00
1363 4.586924991891e-02 0.000000000000e+00 0.000000000000e+00
1364 4.590292704808e-02 0.000000000000e+00 0.000000000000e+00
1365 4.593660417724e-02 0.000000000000e+00 0.000000000000e+00
1366 4.597028130640e-02 0.000000000000e+00 0.000000000000e+00
1367 4.600395843556e-02 0.000000000000e+00 0.000000000000e+00
1368 4.603763556472e-02 0.000000000000e+00 0.000000000000e+00
1369 4.607131269389e-02 0.000000000000e+00 0.000000000000e+00
1370 4.610498982305e-02 0.000000000000e+00 0.000000000000e+00
1371 4.613866695221e-02 0.000000000000e+00 0.000000000000e+00
1372 4.617234408137e-02 0.000000000000e+00 0.000000000000e+00
1373 4.620602121053e-02 0.000000000000e+00 0.000000000000e+00
1374 4.623969833970e-02 0.000000000000e+00 0.000000000000e+00
1375 4.627337546886e-02 0.000000000000e+00 0.000000000000e+00
1376 4.630705259802e-02 0.000000000000e+00 0.000000000000e+00
1377 4.634072972718e-02 0.000000000000e+00 0.000000000000e+00
1378 4.637440685635e-02 0.000000000000e+00 0.000000000000e+00
1379 4.640808398551e-02 0.000000000000e+00 0.000000000000e+00
1380 4.644176111467e-02 0.000000000000e+00 0.000000000000e+00
1381 4.647543824383e-02 0.000000000000e+00 0.000000000000e+00
1382 4.650911537299e-02 0.000000000000e+00 0.000000000000e+00
1383 4.654279250216e-02 0.000000000000e+00 0.000000000000e+00
1384 4.657646963132e-02 0.000000000000e+00 0.000000000000e+00
1385 4.661014676048e-02 0.000000000000e+00 0.000000000000e+00
1386 4.664382388964e-02 0.000000000000e+00 0.000000000000e+00
1387 4.667750101881e-02 0.000000000000e+00 0.000000000000e+00
1388 4.671117814797e-02 0.000000000000e+00 0.000000000000e+00
1389 4.674485527713e-02 0.000000000000e+00 0.000000000000e+00
1390 4.677853240629e-02 0.000000000000e+00 0.000000000000e+00
1391 4.681220953545e-02 0.000000000000e+00 0.000000000000e+00
1392 4.684588666462e-02 0.000000000000e+00 0.000000000000e+00
1393 4.687956379378e-02 0.000000000000e+00 0.000000000000e+00
1394 4.691324092294e-02 0.000000000000e+00 0.000000000000e+00
1395 4.694691805210e-02 0.000000000000e+00 0.000000000000e+00
1396 4.698059518127e-02 0.000000000000e+00 0.000000000000e+00
1397 4.701427231043e-02 0.000000000000e+00 0.000000000000e+00
1398 4.704794943959e-02 0.000000000000e+00 0.000000000000e+00
1399 4.708162656875e-02 0.000000000000e+00 0.000000000000e+00
1400 4.711530369791e-02 0.000000000000e+00 0.000000000000e+00
1401 4.714898082708e-02 0.000000000000e+00 0.000000000000e+00
1402 4.718265795624e-02 0.000000000000e+00 0.000000000000e+00
1403 4.721633508540e-02 0.000000000000e+00 0.000000000000e+00
1404 4.725001221456e-02 0.000000000000e+00 0.000000000000e+00
1405 4.728368934373e-02 0.000000000000e+00 0.000000000000e+00
1406 4.731736647289e-02 0.000000000000e+00 0.000000000000e+00
1407 4.735104360205e-02 0.000000000000e+00 0.000000000000e+00
1408 4.738472073121e-02 0.000000000000e+00 0.000000000000e+00
1409 4.741839786037e-02 0.000000000000e+00 0.000000000000e+00
1410 4.745207498954e-02 0.000000000000e+00 0.000000000000e+00
1411 4.748575211870e-02 0.000000000000e+00 0.000000000000e+00
1412 4.751942924786e-02 0.000000000000e+00 0.000000000000e+00
1413 4.755310637702e-02 0.000000000000e+00 0.000000000000e+00
1414 4.758678350618e-02 0.000000000000e+00 0.000000000000e+00
1415 4.762046063535e-02 0.000000000000e+00 0.000000000000e+00
1416 4.765413776451e-02 0.000000000000e+00 0.000000000000e+00
1417 4.768781489367e-02 0.000000000000e+00 0.000000000000e+00
1418 4.772149202283e-02 0.000000000000e+00 0.000000000000e+00
1419 4.775516915200e-02 0.000000000000e+00 0.000000000000e+00
1420 4.778884628116e-02 0.000000000000e+00 0.000000000000e+00
1421 4.782252341032e-02 0.000000000000e+00 0.000000000000e+00
1422 4.785620053948e-02 0.000000000000e+00 0.000000000000e+00
1423 4.788987766864e-02 0.000000000000e+00 0.000000000000e+00
1424 4.792355479781e-02 0.000000000000e+00 0.000000000000e+00
1425 4.795723192697e-02 0.000000000000e+00 0.000000000000e+00
1426 4.799090905613e-02 0.000000000000e+00 0.000000000000e+00
1427 4.802458618529e-02 0.000000000000e+00 0.000000000000e+00
1428 4.805826331446e-02 0.000000000000e+00 0.000000000000e+00
1429 4.809194044362e-02 0.000000000000e+00 0.000000000000e+00
1430 4.812561757278e-02 0.000000000000e+00 0.000000000000e+00
1431 4.815929470194e-02 0.000000000000e+00 0.000000000000e+00
1432 4.819297183110e-02 0.000000000000e+00 0.000000000000e+00
1433 4.822664896027e-02 0.000000000000e+00 0.000000000000e+00
1434 4.826032608943e-02 0.000000000000e+00 0.000000000000e+00
1435 4.829400321859e-02 0.000000000000e+00 0.000000000000e+00
1436 4.832768034775e-02 0.000000000000e+00 0.000000000000e+00
1437 4.836135747692e-02 0.000000000000e+00 0.000000000000e+00
1438 4.839503460608e-02 0.000000000000e+00 0.000000000000e+00
1439 4.842871173524e-02 0.000000000000e+00 0.000000000000e+00
1440 4.846238886440e-02 0.000000000000e+00 0.000000000000e+00
1441 4.849606599356e-02 0.000000000000e+00 0.000000000000e+00
1442 4.852974312273e-02 0.000000000000e+00 0.000000000000e+00
1443 4.856342025189e-02 0.000000000000e+00 0.000000000000e+00
1444 4.859709738105e-02 0.000000000000e+00 0.000000000000e+00
1445 4.863077451021e-02 0.000000000000e+00 0.000000000000e+00
1446 4.866445163938e-02 0.000000000000e+00 0.000000000000e+00
1447 4.869812876854e-02 0.000000000000e+00 0.000000000000e+00
1448 4.873180589770e-02 0.000000000000e+00 0.000000000000e+00
1449 4.876548302686e-02 0.000000000000e+00 0.000000000000e+00
1450 4.879916015602e-02 0.000000000000e+00 0.000000000000e+00
1451 4.883283728519e-02 0.000000000000e+00 0.000000000000e+00
1452 4.886651441435e-02 0.000000000000e+00 0.000000000000e+00
1453 4.890019154351e-02 0.000000000000e+00 0.000000000000e+00
1454 4.893386867267e-02 0.000000000000e+00 0.000000000000e+00
1455 4.896754580184e-02 0.000000000000e+00 0.000000000000e+00
1456 4.900122293100e-02 0.000000000000e+00 0.000000000000e+00
1457 4.903490006016e-02 0.000000000000e+00 0.000000000000e+00
1458 4.906857718932e-02 0.000000000000e+00 0.000000000000e+00
1459 4.910225431848e-02 0.000000000000e+00 0.000000000000e+00
1460 4.913593144765e-02 0.000000000000e+00 0.000000000000e+00
1461 4.916960857681e-02 0.000000000000e+00 0.000000000000e+00
1462 4.920328570597e-02 0.000000000000e+00 0.000000000000e+00
1463 4.923696283513e-02 0.000000000000e+00 0.000000000000e+00
1464 4.927063996429e-02 0.000000000000e+00 0.000000000000e+00
1465 4.930431709346e-02 0.000000000000e+00 0.000000000000e+00
1466 4.933799422262e-02 0.000000000000e+00 0.000000000000e+00
1467 4.937167135178e-02 0.000000000000e+00 0.000000000000e+00
1468 4.940534848094e-02 0.000000000000e+00 0.000000000000e+00
1469 4.943902561011e-02 0.000000000000e+00 0.000000000000e+00
1470 4.947270273927e-02 0.000000000000e+00 0.000000000000e+00
1471 4.950637986843e-02 0.000000000000e+00 0.000000000000e+00
1472 4.954005699759e-02 0.000000000000e+00 0.000000000000e+00
1473 4.957373412675e-02 0.000000000000e+00 0.000000000000e+00
1474 4.960741125592e-02 0.000000000000e+00 0.000000000000e+00
1475 4.964108838508e-02 0.000000000000e+00 0.000000000000e+00
1476 4.967476551424e-02 0.000000000000e+00 0.000000000000e+00
1477 4.970844264340e-02 0.000000000000e+00 0.000000000000e+00
1478 4.974211977257e-02 0.000000000000e+00 0.000000000000e+00
1479 4.977579690173e-02 0.000000000000e+00 0.000000000000e+00
1480 4.980947403089e-02 0.000000000000e+00 0.000000000000e+00
1481 4.984315116005e-02 0.000000000000e+00 0.000000000000e+00
1482 4.987682828921e-02 0.000000000000e+00 0.000000000000e+00
1483 4.991050541838e-02 0.000000000000e+00 0.000000000000e+00
1484 4.994418254754e-02 0.000000000000e+00 0.000000000000e+00
1485 4.997785967670e-02 0.000000000000e+00 0.000000000000e+00
1486 5.001153680586e-02 0.000000000000e+00 0.000000000000e+00
1487 5.004521393503e-02 0.000000000000e+00 0.000000000000e+00
1488 5.007889106419e-02 0.000000000000e+00 0.000000000000e+00
1489 5.011256819335e-02 0.000000000000e+00 0.000000000000e+00
1490 5.014624532251e-02 0.000000000000e+00 0.000000000000e+00
1491 5.017992245167e-02 0.000000000000e+00 0.000000000000e+00
1492 5.021359958084e-02 0.000000000000e+00 0.000000000000e+00
1493 5.024727671000e-02 0.000000000000e+00 0.000000000000e+00
1494 5.028095383916e-02 0.000000000000e+00 0.000000000000e+00
1495 5.031463096832e-02 0.000000000000e+00 0.000000000000e+00
1496 5.034830809749e-02 0.000000000000e+00 0.000000000000e+00
1497 5.038198522665e-02 0.000000000000e+00 0.000000000000e+00
1498 5.041566235581e-02 0.000000000000e+00 0.000000000000e+00
1499 5.044933948497e-02 0.000000000000e+00 0.000000000000e+00
1500 5.048301661413e-02 0.000000000000e+00 0.000000000000e+00
1501 5.051669374330e-02 0.000000000000e+00 0.000000000000e+00
1502 5.055037087246e-02 0.000000000000e+00 0.000000000000e+00
1503 5.058404800162e-02 0.000000000000e+00 0.000000000000e+00
1504 5.061772513078e-02 0.000000000000e+00 0.000000000000e+00
1505 5.065140225994e-02 0.000000000000e+00 0.000000000000e+00
1506 5.068507938911e-02 0.000000000000e+00 0.000000000000e+00
1507 5.071875651827e-02 0.000000000000e+00 0.000000000000e+00
1508 5.075243364743e-02 0.000000000000e+00 0.000000000000e+00
1509 5.078611077659e-02 0.000000000000e+00 0.000000000000e+00
1510 5.081978790576e-02 0.000000000000e+00 0.000000000000e+00
1511 5.085346503492e-02 0.000000000000e+00 0.000000000000e+00
1512 5.088714216408e-02 0.000000000000e+00 0.000000000000e+00
1513 5.092081929324e-02 0.000000000000e+00 0.000000000000e+00
1514 5.095449642240e-02 0.000000000000e+00 0.000000000000e+00
1515 5.098817355157e-02 0.000000000000e+00 0.000000000000e+00
1516 5.102185068073e-02 0.000000000000e+00 0.000000000000e+00
1517 5.105552780989e-02 0.000000000000e+00 0.000000000000e+00
1518 5.108920493905e-02 0.000000000000e+00 0.000000000000e+00
1519 5.112288206822e-02 0.000000000000e+00 0.000000000000e+00
1520 5.115655919738e-02 0.000000000000e+00 0.000000000000e+00
1521 5.119023632654e-02 0.000000000000e+00 0.000000000000e+00
1522 5.122391345570e-02 0.000000000000e+00 0.000000000000e+00
1523 5.125759058486e-02 0.000000000000e+00 0.000000000000e+00
1524 5.129126771403e-02 0.000000000000e+00 0.000000000000e+00
1525 5.132494484319e-02 0.000000000000e+00 0.000000000000e+00
1526 5.135862197235e-02 0.000000000000e+00 0.000000000000e+00
1527 5.139229910151e-02 0.000000000000e+00 0.000000000000e+00
1528 5.142597623068e-02 0.000000000000e+00 0.000000000000e+00
1529 5.145965335984e-02 0.000000000000e+00 0.000000000000e+00
1530 5.149333048900e-02 0.000000000000e+00 0.000000000000e+00
1531 5.152700761816e-02 0.000000000000e+00 0.000000000000e+00
1532 5.156068474732e-02 0.000000000000e+00 0.000000000000e+00
1533 5.159436187649e-02 0.000000000000e+00 0.000000000000e+00
1534 5.162803900565e-02 0.000000000000e+00 0.000000000000e+00
1535 5.166171613481e-02 0.000000000000e+00 0.000000000000e+00
1536 5.169539326397e-02 0.000000000000e+00 0.000000000000e+00
1537 5.172907039314e-02 0.000000000000e+00 0.000000000000e+00
1538 5.176274752230e-02 0.000000000000e+00 0.000000000000e+00
1539 5.179642465146e-02 0.000000000000e+00 0.000000000000e+00
1540 5.183010178062e-02 0.000000000000e+00 0.000000000000e+00
1541 5.186377890978e-02 0.000000000000e+00 0.000000000000e+00
1542 5.189745603895e-02 0.000000000000e+00 0.000000000000e+00
1543 5.193113316811e-02 0.000000000000e+00 0.000000000000e+00
1544 5.196481029727e-02 0.000000000000e+00 0.000000000000e+00
1545 5.199848742643e-02 0.000000000000e+00 0.000000000000e+00
1546 5.203216455560e-02 0.000000000000e+00 0.000000000000e+00
1547 5.206584168476e-02 0.000000000000e+00 0.000000000000e+00
1548 5.209951881392e-02 0.000000000000e+00 0.000000000000e+00
1549 5.213319594308e-02 0.000000000000e+00 0.000000000000e+00
1550 5.216687307224e-02 0.000000000000e+00 0.000000000000e+00
1551 5.220055020141e-02 0.000000000000e+00 0.000000000000e+00
1552 5.223422733057e-02 0.000000000000e+00 0.000000000000e+00
1553 5.226790445973e-02 0.000000000000e+00 0.000000000000e+00
1554 5.230158158889e-02 0.000000000000e+00 0.000000000000e+00
1555 5.233525871805e-02 0.000000000000e+00 0.000000000000e+00
1556 5.236893584722e-02 0.000000000000e+00 0.000000000000e+00
1557 5.240261297638e-02 0.000000000000e+00 0.000000000000e+00
1558 5.243629010554e-02 0.000000000000e+00 0.000000000000e+00
1559 5.246996723470e-02 0.000000000000e+00 0.000000000000e+00
1560 5.250364436387e-02 0.000000000000e+00 0.000000000000e+00
1561 5.253732149303e-02 0.000000000000e+00 0.000000000000e+00
1562 5.257099862219e-02 0.000000000000e+00 0.000000000000e+00
1563 5.260467575135e-02 0.000000000000e+00 0.000000000000e+00
1564 5.263835288051e-02 0.000000000000e+00 0.000000000000e+00
1565 5.267203000968e-02 0.000000000000e+00 0.000000000000e+00
1566 5.270570713884e-02 0.000000000000e+00 0.000000000000e+00
1567 5.273938426800e-02 0.000000000000e+00 0.000000000000e+00
1568 5.277306139716e-02 0.000000000000e+00 0.000000000000e+00
1569 5.280673852633e-02 0.000000000000e+00 0.000000000000e+00
1570 5.284041565549e-02 0.000000000000e+00 0.000000000000e+00
1571 5.287409278465e-02 0.000000000000e+00 0.000000000000e+00
1572 5.290776991381e-02 0.000000000000e+00 0.000000000000e+00
1573 5.294144704297e-02 0.000000000000e+00 0.000000000000e+00
1574 5.297512417214e-02 0.000000000000e+00 0.000000000000e+00
1575 5.300880130130e-02 0.000000000000e+00 0.000000000000e+00
1576 5.304247843046e-02 0.000000000000e+00 0.000000000000e+00
1577 5.307615555962e-02 0.000000000000e+00 0.000000000000e+00
1578 5.310983268879e-02 0.000000000000e+00 0.000000000000e+00
1579 5.314350981795e-02 0.000000000000e+00 0.000000000000e+00
1580 5.317718694711e-02 0.000000000000e+00 0.000000000000e+00
1581 5.321086407627e-02 0.000000000000e+00 0.000000000000e+00
1582 5.324454120543e-02 0.000000000000e+00 0.000000000000e+00
1583 5.327821833460e-02 0.000000000000e+00 0.000000000000e+00
1584 5.331189546376e-02 0.000000000000e+00 0.000000000000e+00
1585 5.334557259292e-02 0.000000000000e+00 0.000000000000e+00
1586 5.337924972208e-02 0.000000000000e+00 0.000000000000e+00
1587 5.341292685125e-02 0.000000000000e+00 0.000000000000e+00
1588 5.344660398041e-02 0.000000000000e+00 0.000000000000e+00
1589 5.348028110957e-02 0.000000000000e+00 0.000000000000e+00
1590 5.351395823873e-02 0.000000000000e+00 0.000000000000e+00
1591 5.354763536789e-02 0.000000000000e+00 0.000000000000e+00
1592 5.358131249706e-02 0.000000000000e+00 0.000000000000e+00
1593 5.361498962622e-02 0.000000000000e+00 0.000000000000e+00
1594 5.364866675538e-02 0.000000000000e+00 0.000000000000e+00
1595 5.368234388454e-02 0.000000000000e+00 0.000000000000e+00
1596 5.371602101370e-02 0.000000000000e+00 0.000000000000e+00
1597 5.374969814287e-02 0.000000000000e+00 0.000000000000e+00
1598 5.378337527203e-02 0.000000000000e+00 0.000000000000e+00
1599 5.381705240119e-02 0.000000000000e+00 0.000000000000e+00
1600 5.385072953035e-02 0.000000000000e+00 0.000000000000e+00
1601 5.388440665952e-02 0.000000000000e+00 0.000000000000e+00
1602 5.391808378868e-02 0.000000000000e+00 0.000000000000e+00
1603 5.395176091784e-02 0.000000000000e+00 0.000000000000e+00
1604 5.398543804700e-02 0.000000000000e+00 0.000000000000e+00
1605 5.401911517616e-02 0.000000000000e+00 0.000000000000e+00
1606 5.405279230533e-02 0.000000000000e+00 0.000000000000e+00
1607 5.408646943449e-02 0.000000000000e+00 0.000000000000e+00
1608 5.412014656365e-02 0.000000000000e+00 0.000000000000e+00
1609 5.415382369281e-02 0.000000000000e+00 0.000000000000e+00
1610 5.418750082198e-02 0.000000000000e+00 0.000000000000e+00
1611 5.422117795114e-02 0.000000000000e+00 0.000000000000e+00
1612 5.425485508030e-02 0.000000000000e+00 0.000000000000e+00
1613 5.428853220946e-02 0.000000000000e+00 0.000000000000e+00
1614 5.432220933862e-02 0.000000000000e+00 0.000000000000e+00
1615 5.435588646779e-02 0.000000000000e+00 0.000000000000e+00
1616 5.438956359695e-02 0.000000000000e+00 0.000000000000e+00
1617 5.442324072611e-02 0.000000000000e+00 0.000000000000e+00
1618 5.445691785527e-02 0.000000000000e+00 0.000000000000e+00
1619 5.449059498444e-02 0.000000000000e+00 0.000000000000e+00
1620 5.452427211360e-02 0.000000000000e+00 0.000000000000e+00
1621 5.455794924276e-02 0.000000000000e+00 0.000000000000e+00
1622 5.459162637192e-02 0.000000000000e+00 0.000000000000e+00
1623 5.462530350108e-02 0.000000000000e+00 0.000000000000e+00
1624 5.465898063025e-02 0.000000000000e+00 0.000000000000e+00
1625 5.469265775941e-02 0.000000000000e+00 0.000000000000e+00
1626 5.472633488857e-02 0.000000000000e+00 0.000000000000e+00
1627 5.476001201773e-02 0.000000000000e+00 0.000000000000e+00
1628 5.479368914690e-02 0.000000000000e+00 0.000000000000e+00
1629 5.482736627606e-02 0.000000000000e+00 0.000000000000e+00
1630 5.486104340522e-02 0.000000000000e+00 0.000000000000e+00
1631 5.489472053438e-02 0.000000000000e+00 0.000000000000e+00
1632 5.492839766354e-02 0.000000000000e+00 0.000000000000e+00
1633 5.496207479271e-02 0.000000000000e+00 0.000000000000e+00
1634 5.499575192187e-02 0.000000000000e+00 0.000000000000e+00
1635 5.502942905103e-02 0.000000000000e+00 0.000000000000e+00
1636 5.506310618019e-02 0.000000000000e+00 0.000000000000e+00
1637 5.509678330935e-02 0.000000000000e+00 0.000000000000e+00
1638 5.513046043852e-02 0.000000000000e+00 0.000000000000e+00
1639 5.516413756768e-02 0.000000000000e+00 0.000000000000e+00
1640 5.519781469684e-02 0.000000000000e+00 0.000000000000e+00
1641 5.523149182600e-02 0.000000000000e+00 0.000000000000e+00
1642 5.526516895517e-02 0.000000000000e+00 0.000000000000e+00
1643 5.529884608433e-02 0.000000000000e+00 0.000000000000e+00
1644 5.533252321349e-02 0.000000000000e+00 0.000000000000e+00
1645 5.536620034265e-02 0.000000000000e+00 0.000000000000e+00
1646 5.539987747181e-02 0.000000000000e+00 0.000000000000e+00
1647 5.543355460098e-02 0.000000000000e+00 0.000000000000e+00
1648 5.546723173014e-02 0.000000000000e+00 0.000000000000e+00
1649 5.550090885930e-02 0.000000000000e+00 0.000000000000e+00
1650 5.553458598846e-02 0.000000000000e+00 0.000000000000e+00
1651 5.556826311763e-02 0.000000000000e+00 0.000000000000e+00
1652 5.560194024679e-02 0.000000000000e+00 0.000000000000e+00
1653 5.563561737595e-02 0.000000000000e+00 0.000000000000e+00
1654 5.566929450511e-02 0.000000000000e+00 0.000000000000e+00
1655 5.570297163427e-02 0.000000000000e+00 0.000000000000e+00
1656 5.573664876344e-02 0.000000000000e+00 0.000000000000e+00
1657 5.577032589260e-02 0.000000000000e+00 0.000000000000e+00
1658 5.580400302176e-02 0.000000000000e+00 0.000000000000e+00
1659 5.583768015092e-02 0.000000000000e+00 0.000000000000e+00
1660 5.587135728009e-02 0.000000000000e+00 0.000000000000e+00
1661 5.590503440925e-02 0.000000000000e+00 0.000000000000e+00
1662 5.593871153841e-02 0.000000000000e+00 0.000000000000e+00
1663 5.597238866757e-02 0.000000000000e+00 0.000000000000e+00
1664 5.600606579673e-02 0.000000000000e+00 0.000000000000e+00
1665 5.603974292590e-02 0.000000000000e+00 0.000000000000e+00
1666 5.607342005506e-02 0.000000000000e+00 0.000000000000e+00
1667 5.610709718422e-02 0.000000000000e+00 0.000000000000e+00
1668 5.614077431338e-02 0.000000000000e+00 0.000000000000e+00
1669 5.617445144255e-02 0.000000000000e+00 0.000000000000e+00
1670 5.620812857171e-02 0.000000000000e+00 0.000000000000e+00
1671 5.624180570087e-02 0.000000000000e+00 0.000000000000e+00
1672 5.627548283003e-02 0.000000000000e+00 0.000000000000e+00
1673 5.630915995919e-02 0.000000000000e+00 0.000000000000e+00
1674 5.634283708836e-02 0.000000000000e+00 0.000000000000e+00
1675 5.637651421752e-02 0.000000000000e+00 0.000000000000e+00
1676 5.641019134668e-02 0.000000000000e+00 0.000000000000e+00
1677 5.644386847584e-02 0.000000000000e+00 0.000000000000e+00
1678 5.647754560501e-02 0.000000000000e+00 0.000000000000e+00
1679 5.651122273417e-02 0.000000000000e+00 0.000000000000e+00
1680 5.654489986333e-02 0.000000000000e+00 0.000000000000e+00
1681 5.657857699249e-02 0.000000000000e+00 0.000000000000e+00
1682 5.661225412165e-02 0.000000000000e+00 0.000000000000e+00
1683 5.664593125082e-02 0.000000000000e+00 0.000000000000e+00
1684 5.667960837998e-02 0.000000000000e+00 0.000000000000e+00
1685 5.671328550914e-02 0.000000000000e+00 0.000000000000e+00
1686 5.674696263830e-02 0.000000000000e+00 0.000000000000e+00
1687 5.678063976746e-02 0.000000000000e+00 0.000000000000e+00
1688 5.681431689663e-02 0.000000000000e+00 0.000000000000e+00
1689 5.684799402579e-02 0.000000000000e+00 0.000000000000e+00
1690 5.688167115495e-02 0.000000000000e+00 0.000000000000e+00
1691 5.691534828411e-02 0.000000000000e+00 0.000000000000e+00
1692 5.694902541328e-02 0.000000000000e+00 0.000000000000e+00
1693 5.698270254244e-02 0.000000000000e+00 0.000000000000e+00
1694 5.701637967160e-02 0.000000000000e+00 0.000000000000e+00
1695 5.705005680076e-02 0.000000000000e+00 0.000000000000e+00
1696 5.708373392992e-02 0.000000000000e+00 0.000000000000e+00
1697 5.711741105909e-02 0.000000000000e+00 0.000000000000e+00
1698 5.715108818825e-02 0.000000000000e+00 0.000000000000e+00
1699 5.718476531741e-02 0.000000000000e+00 0.000000000000e+00
1700 5.721844244657e-02 0.000000000000e+00 0.000000000000e+00
1701 5.725211957574e-02 0.000000000000e+00 0.000000000000e+00
1702 5.728579670490e-02 0.000000000000e+00 0.000000000000e+00
1703 5.731947383406e-02 0.000000000000e+00 0.000000000000e+00
1704 5.735315096322e-02 0.000000000000e+00 0.000000000000e+00
1705 5.738682809238e-02 0.000000000000e+00 0.000000000000e+00
1706 5.742050522155e-02 0.000000000000e+00 0.000000000000e+00
1707 5.745418235071e-02 0.000000000000e+00 0.000000000000e+00
1708 5.748785947987e-02 0.000000000000e+00 0.000000000000e+00
1709 5.752153660903e-02 0.000000000000e+00 0.000000000000e+00
1710 5.755521373820e-02 0.000000000000e+00 0.000000000000e+00
1711 5.758889086736e-02 0.000000000000e+00 0.000000000000e+00
1712 5.762256799652e-02 0.000000000000e+00 0.000000000000e+00
1713 5.765624512568e-02 0.000000000000e+00 0.000000000000e+00
1714 5.768992225484e-02 0.000000000000e+00 0.000000000000e+00
1715 5.772359938401e-02 0.000000000000e+00 0.000000000000e+00
1716 5.775727651317e-02 0.000000000000e+00 0.000000000000e+00
1717 5.779095364233e-02 0.000000000000e+00 0.000000000000e+00
1718 5.782463077149e-02 0.000000000000e+00 0.000000000000e+00
1719 5.785830790066e-02 0.000000000000e+00 0.000000000000e+00
1720 5.789198502982e-02 0.000000000000e+00 0.000000000000e+00
1721 5.792566215898e-02 0.000000000000e+00 0.000000000000e+00
1722 5.795933928814e-02 0.000000000000e+00 0.000000000000e+00
1723 5.799301641730e-02 0.000000000000e+00 0.000000000000e+00
1724 5.802669354647e-02 0.000000000000e+00 0.000000000000e+00
1725 5.806037067563e-02 0.000000000000e+00 0.000000000000e+00
1726 5.809404780479e-02 0.000000000000e+00 0.000000000000e+00
1727 5.812772493395e-02 0.000000000000e+00 0.000000000000e+00
1728 5.816140206311e-02 0.000000000000e+00 0.000000000000e+00
1729 5.819507919228e-02 0.000000000000e+00 0.000000000000e+00
1730 5.822875632144e-02 0.000000000000e+00 0.000000000000e+00
1731 5.826243345060e-02 0.000000000000e+00 0.000000000000e+00
1732 5.829611057976e-02 0.000000000000e+00 0.000000000000e+00
1733 5.832978770893e-02 0.000000000000e+00 0.000000000000e+00
1734 5.836346483809e-02 0.000000000000e+00 0.000000000000e+00
1735 5.839714196725e-02 0.000000000000e+00 0.000000000000e+00
1736 5.843081909641e-02 0.000000000000e+00 0.000000000000e+00
1737 5.846449622557e-02 0.000000000000e+00 0.000000000000e+00
1738 5.849817335474e-02 0.000000000000e+00 0.000000000000e+00
1739 5.853185048390e-02 0.000000000000e+00 0.000000000000e+00
1740 5.856552761306e-02 0.000000000000e+00 0.000000000000e+00
1741 5.859920474222e-02 0.000000000000e+00 0.000000000000e+00
1742 5.863288187139e-02 0.000000000000e+00 0.000000000000e+00
1743 5.866655900055e-02 0.000000000000e+00 0.000000000000e+00
1744 5.870023612971e-02 0.000000000000e+00 0.000000000000e+00
1745 5.873391325887e-02 0.000000000000e+00 0.000000000000e+00
1746 5.876759038803e-02 0.000000000000e+00 0.000000000000e+00
1747 5.880126751720e-02 0.000000000000e+00 0.000000000000e+00
1748 5.883494464636e-02 0.000000000000e+00 0.000000000000e+00
1749 5.886862177552e-02 0.000000000000e+00 0.000000000000e+00
1750 5.890229890468e-02 0.000000000000e+00 0.000000000000e+00
1751 5.893597603385e-02 0.000000000000e+00 0.000000000000e+00
1752 5.896965316301e-02 0.000000000000e+00 0.000000000000e+00
1753 5.900333029217e-02 0.000000000000e+00 0.000000000000e+00
1754 5.903700742133e-02 0.000000000000e+00 0.000000000000e+00
1755 5.907068455049e-02 0.000000000000e+00 0.000000000000e+00
1756 5.910436167966e-02 0.000000000000e+00 0.000000000000e+00
1757 5.913803880882e-02 0.000000000000e+00 0.000000000000e+00
1758 5.917171593798e-02 0.000000000000e+00 0.000000000000e+00
1759 5.920539306714e-02 0.000000000000e+00 0.000000000000e+00
1760 5.923907019631e-02 0.000000000000e+00 0.000000000000e+00
1761 5.927274732547e-02 0.000000000000e+00 0.000000000000e+00
1762 5.930642445463e-02 0.000000000000e+00 0.000000000000e+00
1763 5.934010158379e-02 0.000000000000e+00 0.000000000000e+00
1764 5.937377871295e-02 0.000000000000e+00 0.000000000000e+00
1765 5.940745584212e-02 0.000000000000e+00 0.000000000000e+00
1766 5.944113297128e-02 0.000000000000e+00 0.000000000000e+00
1767 5.947481010044e-02 0.000000000000e+00 0.000000000000e+00
1768 5.950848722960e-02 0.000000000000e+00 0.000000000000e+00
1769 5.954216435877e-02 0.000000000000e+00 0.000000000000e+00
1770 5.957584148793e-02 0.000000000000e+00 0.000000000000e+00
1771 5.960951861709e-02 0.000000000000e+00 0.000000000000e+00
1772 5.964319574625e-02 0.000000000000e+00 0.000000000000e+00
1773 5.967687287541e-02 0.000000000000e+00 0.000000000000e+00
1774 5.971055000458e-02 0.000000000000e+00 0.000000000000e+00
1775 5.974422713374e-02 0.000000000000e+00 0.000000000000e+00
1776 5.977790426290e-02 0.000000000000e+00 0.000000000000e+00
1777 5.981158139206e-02 0.000000000000e+00 0.000000000000e+00
1778 5.984525852122e-02 0.000000000000e+00 0.000000000000e+00
1779 5.987893565039e-02 0.000000000000e+00 0.000000000000e+00
1780 5.991261277955e-02 0.000000000000e+00 0.000000000000e+00
1781 5.994628990871e-02 0.000000000000e+00 0.000000000000e+00
1782 5.997996703787e-02 0.000000000000e+00 0.000000000000e+00
1783 6.001364416704e-02 0.000000000000e+00 0.000000000000e+00
1784 6.004732129620e-02 0.000000000000e+00 0.000000000000e+00
1785 6.008099842536e-02 0.000000000000e+00 0.000000000000e+00
1786 6.011467555452e-02 0.000000000000e+00 0.000000000000e+00
1787 6.014835268368e-02 0.000000000000e+00 0.000000000000e+00
1788 6.018202981285e-02 0.000000000000e+00 0.000000000000e+00
1789 6.021570694201e-02 0.000000000000e+00 0.000000000000e+00
1790 6.024938407117e-02 0.000000000000e+00 0.000000000000e+00
1791 6.028306120033e-02 0.000000000000e+00 0.000000000000e+00
1792 6.031673832950e-02 0.000000000000e+00 0.000000000000e+00
1793 6.035041545866e-02 0.000000000000e+00 0.000000000000e+00
1794 6.038409258782e-02 0.000000000000e+00 0.000000000000e+00
1795 6.041776971698e-02 0.000000000000e+00 0.000000000000e+00
1796 6.045144684614e-02 0.000000000000e+00 0.000000000000e+00
1797 6.048512397531e-02 0.000000000000e+00 0.000000000000e+00
1798 6.051880110447e-02 0.000000000000e+00 0.000000000000e+00
1799 6.055247823363e-02 0.000000000000e+00 0.000000000000e+00
1800 6.058615536279e-02 0.000000000000e+00 0.000000000000e+00
1801 6.061983249196e-02 0.000000000000e+00 0.000000000000e+00
1802 6.065350962112e-02 0.000000000000e+00 0.000000000000e+00
1803 6.068718675028e-02 0.000000000000e+00 0.000000000000e+00
1804 6.072086387944e-02 0.000000000000e+00 0.000000000000e+00
1805 6.075454100860e-02 0.000000000000e+00 0.000000000000e+00
1806 6.078821813777e-02 0.000000000000e+00 0.000000000000e+00
1807 6.082189526693e-02 0.000000000000e+00 0.000000000000e+00
1808 6.085557239609e-02 0.000000000000e+00 0.000000000000e+00
1809 6.088924952525e-02 0.000000000000e+00 0.000000000000e+00
1810 6.092292665442e-02 0.000000000000e+00 0.000000000000e+00
1811 6.095660378358e-02 0.000000000000e+00 0.000000000000e+00
1812 6.099028091274e-02 0.000000000000e+00 0.000000000000e+00
1813 6.102395804190e-02 0.000000000000e+00 0.000000000000e+00
1814 6.105763517106e-02 0.000000000000e+00 0.000000000000e+00
1815 6.109131230023e-02 0.000000000000e+00 0.000000000000e+00
1816 6.112498942939e-02 0.000000000000e+00 0.000000000000e+00
1817 6.115866655855e-02 0.000000000000e+00 0.000000000000e+00
1818 6.119234368771e-02 0.000000000000e+00 0.000000000000e+00
1819 6.122602081687e-02 0.000000000000e+00 0.000000000000e+00
1820 6.125969794604e-02 0.000000000000e+00 0.000000000000e+00
1821 6.129337507520e-02 0.000000000000e+00 0.000000000000e+00
1822 6.132705220436e-02 0.000000000000e+00 0.000000000000e+00
1823 6.136072933352e-02 0.000000000000e+00 0.000000000000e+00
1824 6.139440646269e-02 0.000000000000e+00 0.000000000000e+00
1825 6.142808359185e-02 0.000000000000e+00 0.000000000000e+00
1826 6.146176072101e-02 0.000000000000e+00 0.000000000000e+00
1827 6.149543785017e-02 0.000000000000e+00 0.000000000000e+00
1828 6.152911497933e-02 0.000000000000e+00 0.000000000000e+00
1829 6.156279210850e-02 0.000000000000e+00 0.000000000000e+00
1830 6.159646923766e-02 0.000000000000e+00 0.000000000000e+00
1831 6.163014636682e-02 0.000000000000e+00 0.000000000000e+00
1832 6.166382349598e-02 0.000000000000e+00 0.000000000000e+00
1833 6.169750062515e-02 0.000000000000e+00 0.000000000000e+00
1834 6.173117775431e-02 0.000000000000e+00 0.000000000000e+00
1835 6.176485488347e-02 0.000000000000e+00 0.000000000000e+00
1836 6.179853201263e-02 0.000000000000e+00 0.000000000000e+00
1837 6.183220914179e-02 0.000000000000e+00 0.000000000000e+00
1838 6.186588627096e-02 0.000000000000e+00 0.000000000000e+00
1839 6.189956340012e-02 0.000000000000e+00 0.000000000000e+00
1840 6.193324052928e-02 0.000000000000e+00 0.000000000000e+00
1841 6.196691765844e-02 0.000000000000e+00 0.000000000000e+00
1842 6.200059478761e-02 0.000000000000e+00 0.000000000000e+00
1843 6.203427191677e-02 0.000000000000e+00 0.000000000000e+00
1844 6.206794904593e-02 0.000000000000e+00 0.000000000000e+00
1845 6.210162617509e-02 0.000000000000e+00 0.000000000000e+00
1846 6.213530330425e-02 0.000000000000e+00 0.000000000000e+00
1847 6.216898043342e-02 0.000000000000e+00 0.000000000000e+00
1848 6.220265756258e-02 0.000000000000e+00 0.000000000000e+00
1849 6.223633469174e-02 0.000000000000e+00 0.000000000000e+00
1850 6.227001182090e-02 0.000000000000e+00 0.000000000000e+00
1851 6.230368895007e-02 0.000000000000e+00 0.000000000000e+00
1852 6.233736607923e-02 0.000000000000e+00 0.000000000000e+00
1853 6.237104320839e-02 0.000000000000e+00 0.000000000000e+00
1854 6.240472033755e-02 0.000000000000e+00 0.000000000000e+00
1855 6.243839746671e-02 0.000000000000e+00 0.000000000000e+00
1856 6.247207459588e-02 0.000000000000e+00 0.000000000000e+00
1857 6.250575172504e-02 0.000000000000e+00 0.000000000000e+00
1858 6.253942885420e-02 0.000000000000e+00 0.000000000000e+00
1859 6.257310598336e-02 0.000000000000e+00 0.000000000000e+00
1860 6.260678311252e-02 0.000000000000e+00 0.000000000000e+00
1861 6.264046024169e-02 0.000000000000e+00 0.000000000000e+00
1862 6.267413737085e-02 0.000000000000e+00 0.000000000000e+00
1863 6.270781450001e-02 0.000000000000e+00 0.000000000000e+00
1864 6.274149162917e-02 0.000000000000e+00 0.000000000000e+00
1865 6.277516875834e-02 0.000000000000e+00 0.000000000000e+00
1866 6.280884588750e-02 0.000000000000e+00 0.000000000000e+00
1867 6.284252301666e-02 0.000000000000e+00 0.000000000000e+00
1868 6.287620014582e-02 0.000000000000e+00 0.000000000000e+00
1869 6.290987727498e-02 0.000000000000e+00 0.000000000000e+00
1870 6.294355440415e-02 0.000000000000e+00 0.000000000000e+00
1871 6.297723153331e-02 0.000000000000e+00 0.000000000000e+00
1872 6.301090866247e-02 0.000000000000e+00 0.000000000000e+00
1873 6.304458579163e-02 0.000000000000e+00 0.000000000000e+00
1874 6.307826292080e-02 0.000000000000e+00 0.000000000000e+00
1875 6.311194004996e-02 0.000000000000e+00 0.000000000000e+00
1876 6.314561717912e-02 0.000000000000e+00 0.000000000000e+00
1877 6.317929430828e-02 0.000000000000e+00 0.000000000000e+00
1878 6.321297143744e-02 0.000000000000e+00 0.000000000000e+00
1879 6.324664856661e-02 0.000000000000e+00 0.000000000000e+00
1880 6.328032569577e-02 0.000000000000e+00 0.000000000000e+00
1881 6.331400282493e-02 0.000000000000e+00 0.000000000000e+00
1882 6.334767995409e-02 0.000000000000e+00 0.000000000000e+00
1883 6.338135708326e-02 0.000000000000e+00 0.000000000000e+00
1884 6.341503421242e-02 0.000000000000e+00 0.000000000000e+00
1885 6.344871134158e-02 0.000000000000e+00 0.000000000000e+00
1886 6.348238847074e-02 0.000000000000e+00 0.000000000000e+00
1887 6.351606559990e-02 0.000000000000e+00 0.000000000000e+00
1888 6.354974272907e-02 0.000000000000e+00 0.000000000000e+00
1889 6.358341985823e-02 0.000000000000e+00 0.000000000000e+00
1890 6.361709698739e-02 0.000000000000e+00 0.000000000000e+00
1891 6.365077411655e-02 0.000000000000e+00 0.000000000000e+00
1892 6.368445124572e-02 0.000000000000e+00 0.000000000000e+00
1893 6.371812837488e-02 0.000000000000e+00 0.000000000000e+00
1894 6.375180550404e-02 0.000000000000e+00 0.000000000000e+00
1895 6.378548263320e-02 0.000000000000e+00 0.000000000000e+00
1896 6.381915976236e-02 0.000000000000e+00 0.000000000000e+00
1897 6.385283689153e-02 0.000000000000e+00 0.000000000000e+00
1898 6.388651402069e-02 0.000000000000e+00 0.000000000000e+00
1899 6.392019114985e-02 0.000000000000e+00 0.000000000000e+00
1900 6.395386827901e-02 0.000000000000e+00 0.000000000000e+00
1901 6.398754540818e-02 0.000000000000e+00 0.000000000000e+00
1902 6.402122253734e-02 0.000000000000e+00 0.000000000000e+00
1903 6.405489966650e-02 0.000000000000e+00 0.000000000000e+00
1904 6.408857679566e-02 0.000000000000e+00 0.000000000000e+00
1905 6.412225392482e-02 0.000000000000e+00 0.000000000000e+00
1906 6.415593105399e-02 0.000000000000e+00 0.000000000000e+00
1907 6.418960818315e-02 0.000000000000e+00 0.000000000000e+00
1908 6.422328531231e-02 0.000000000000e+00 0.000000000000e+00
1909 6.425696244147e-02 0.000000000000e+00 0.000000000000e+00
1910 6.429063957063e-02 0.000000000000e+00 0.000000000000e+00
1911 6.432431669980e-02 0.000000000000e+00 0.000000000000e+00
1912 6.435799382896e-02 0.000000000000e+00 0.000000000000e+00
1913 6.439167095812e-02 0.000000000000e+00 0.000000000000e+00
1914 6.442534808728e-02 0.000000000000e+00 0.000000000000e+00
1915 6.445902521645e-02 0.000000000000e+00 0.000000000000e+00
1916 6.449270234561e-02 0.000000000000e+00 0.000000000000e+00
1917 6.452637947477e-02 0.000000000000e+00 0.000000000000e+00
1918 6.456005660393e-02 0.000000000000e+00 0.000000000000e+00
1919 6.459373373309e-02 0.000000000000e+00 0.000000000000e+00
1920 6.462741086226e-02 0.000000000000e+00 0.000000000000e+00
1921 6.466108799142e-02 0.000000000000e+00 0.000000000000e+00
1922 6.469476512058e-02 0.000000000000e+00 0.000000000000e+00
1923 6.472844224974e-02 0.000000000000e+00 0.000000000000e+00
1924 6.476211937891e-02 0.000000000000e+00 0.000000000000e+00
1925 6.479579650807e-02 0.000000000000e+00 0.000000000000e+00
1926 6.482947363723e-02 0.000000000000e+00 0.000000000000e+00
1927 6.486315076639e-02 0.000000000000e+00 0.000000000000e+00
1928 6.489682789555e-02 0.000000000000e+00 0.000000000000e+00
1929 6.493050502472e-02 0.000000000000e+00 0.000000000000e+00
1930 6.496418215388e-02 0.000000000000e+00 0.000000000000e+00
1931 6.499785928304e-02 0.000000000000e+00 0.000000000000e+00
1932 6.503153641220e-02 0.000000000000e+00 0.000000000000e+00
1933 6.506521354137e-02 0.000000000000e+00 0.000000000000e+00
1934 6.509889067053e-02 0.000000000000e+00 0.000000000000e+00
1935 6.513256779969e-02 0.000000000000e+00 0.000000000000e+00
1936 6.516624492885e-02 0.000000000000e+00 0.000000000000e+00
1937 6.519992205801e-02 0.000000000000e+00 0.000000000000e+00
1938 6.523359918718e-02 0.000000000000e+00 0.000000000000e+00
1939 6.526727631634e-02 0.000000000000e+00 0.000000000000e+00
1940 6.530095344550e-02 0.000000000000e+00 0.000000000000e+00
1941 6.533463057466e-02 0.000000000000e+00 0.000000000000e+00
1942 6.536830770383e-02 0.000000000000e+00 0.000000000000e+00
1943 6.540198483299e-02 0.000000000000e+00 0.000000000000e+00
1944 6.543566196215e-02 0.000000000000e+00 0.000000000000e+00
1945 6.546933909131e-02 0.000000000000e+00 0.000000000000e+00
1946 6.550301622047e-02 0.000000000000e+00 0.000000000000e+00
1947 6.553669334964e-02 0.000000000000e+00 0.000000000000e+00
1948 6.557037047880e-02 0.000000000000e+00 0.000000000000e+00
1949 6.560404760796e-02 0.000000000000e+00 0.000000000000e+00
1950 6.563772473712e-02 0.000000000000e+00 0.000000000000e+00
1951 6.567140186628e-02 0.000000000000e+00 0.000000000000e+00
1952 6.570507899545e-02 0.000000000000e+00 0.000000000000e+00
1953 6.573875612461e-02 0.000000000000e+00 0.000000000000e+00
1954 6.577243325377e-02 0.000000000000e+00 0.000000000000e+00
1955 6.580611038293e-02 0.000000000000e+00 0.000000000000e+00
1956 6.583978751210e-02 0.000000000000e+00 0.000000000000e+00
1957 6.587346464126e-02 0.000000000000e+00 0.000000000000e+00
1958 6.590714177042e-02 0.000000000000e+00 0.000000000000e+00
1959 6.594081889958e-02 0.000000000000e+00 0.000000000000e+00
1960 6.597449602874e-02 0.000000000000e+00 0.000000000000e+00
1961 6.600817315791e-02 0.000000000000e+00 0.000000000000e+00
1962 6.604185028707e-02 0.000000000000e+00 0.000000000000e+00
1963 6.607552741623e-02 0.000000000000e+00 0.000000000000e+00
1964 6.610920454539e-02 0.000000000000e+00 0.000000000000e+00
1965 6.614288167456e-02 0.000000000000e+00 0.000000000000e+00
1966 6.617655880372e-02 0.000000000000e+00 0.000000000000e+00
1967 6.621023593288e-02 0.000000000000e+00 0.000000000000e+00
1968 6.624391306204e-02 0.000000000000e+00 0.000000000000e+00
1969 6.627759019120e-02 0.000000000000e+00 0.000000000000e+00
1970 6.631126732037e-02 0.000000000000e+00 0.000000000000e+00
1971 6.634494444953e-02 0.000000000000e+00 0.000000000000e+00
1972 6.637862157869e-02 0.000000000000e+00 0.000000000000e+00
1973 6.641229870785e-02 0.000000000000e+00 0.000000000000e+00
1974 6.644597583702e-02 0.000000000000e+00 0.000000000000e+00
1975 6.647965296618e-02 0.000000000000e+00 0.000000000000e+00
1976 6.651333009534e-02 0.000000000000e+00 0.000000000000e+00
1977 6.654700722450e-02 0.000000000000e+00 0.000000000000e+00
1978 6.658068435366e-02 0.000000000000e+00 0.000000000000e+00
1979 6.661436148283e-02 0.000000000000e+00 0.000000000000e+00
1980 6.664803861199e-02 0.000000000000e+00 0.000000000000e+00
1981 6.668171574115e-02 0.000000000000e+00 0.000000000000e+00
1982 6.671539287031e-02 0.000000000000e+00 0.000000000000e+00
1983 6.674906999948e-02 0.000000000000e+00 0.000000000000e+00
1984 6.678274712864e-02 0.000000000000e+00 0.000000000000e+00
1985 6.681642425780e-02 0.000000000000e+00 0.000000000000e+00
1986 6.685010138696e-02 0.000000000000e+00 0.000000000000e+00
1987 6.688377851612e-02 0.000000000000e+00 0.000000000000e+00
1988 6.691745564529e-02 0.000000000000e+00 0.000000000000e+00
1989 6.695113277445e-02 0.000000000000e+00 0.000000000000e+00
1990 6.698480990361e-02 0.000000000000e+00 0.000000000000e+00
1991 6.701848703277e-02 0.000000000000e+00 0.000000000000e+00
1992 6.705216416194e-02 0.000000000000e+00 0.000000000000e+00
1993 6.708584129110e-02 0.000000000000e+00 0.000000000000e+00
1994 6.711951842026e-02 0.000000000000e+00 0.000000000000e+00
1995 6.715319554942e-02 0.000000000000e+00 0.000000000000e+00
1996 6.718687267858e-02 0.000000000000e+00 0.000000000000e+00
1997 6.722054980775e-02 0.000000000000e+00 0.000000000000e+00
1998 6.725422693691e-02 0.000000000000e+00 0.000000000000e+00
1999 6.728790406607e-02 0.000000000000e+00 0.000000000000e+00
2000 6.732158119523e-02 0.000000000000e+00 0.000000000000e+00
2001 6.735525832439e-02 0.000000000000e+00 0.000000000000e+00
2002 6.738893545356e-02 0.000000000000e+00 0.000000000000e+00
2003 6.742261258272e-02 0.000000000000e+00 0.000000000000e+00
2004 6.745628971188e-02 0.000000000000e+00 0.000000000000e+00
2005 6.748996684104e-02 0.000000000000e+00 0.000000000000e+00
2006 6.752364397021e-02 0.000000000000e+00 0.000000000000e+00
2007 6.755732109937e-02 0.000000000000e+00 0.000000000000e+00
2008 6.759099822853e-02 0.000000000000e+00 0.000000000000e+00
2009 6.762467535769e-02 0.000000000000e+00 0.000000000000e+00
2010 6.765835248685e-02 0.000000000000e+00 0.000000000000e+00
2011 6.769202961602e-02 0.000000000000e+00 0.000000000000e+00
2012 6.772570674518e-02 0.000000000000e+00 0.000000000000e+00
2013 6.775938387434e-02 0.000000000000e+00 0.000000000000e+00
2014 6.779306100350e-02 0.000000000000e+00 0.000000000000e+00
2015 6.782673813267e-02 0.000000000000e+00 0.000000000000e+00
2016 6.786041526183e-02 0.000000000000e+00 0.000000000000e+00
2017 6.789409239099e-02 0.000000000000e+00 0.000000000000e+00
2018 6.792776952015e-02 0.000000000000e+00 0.000000000000e+00
2019 6.796144664931e-02 0.000000000000e+00 0.000000000000e+00
2020 6.799512377848e-02 0.000000000000e+00 0.000000000000e+00
2021 6.802880090764e-02 0.000000000000e+00 0.000000000000e+00
2022 6.806247803680e-02 0.000000000000e+00 0.000000000000e+00
2023 6.809615516596e-02 0.000000000000e+00 0.000000000000e+00
2024 6.812983229513e-02 0.000000000000e+00 0.000000000000e+00
2025 6.816350942429e-02 0.000000000000e+00 0.000000000000e+00
2026 6.819718655345e-02 0.000000000000e+00 0.000000000000e+00
2027 6.823086368261e-02 0.000000000000e+00 0.000000000000e+00
2028 6.826454081177e-02 0.000000000000e+00 0.000000000000e+00
2029 6.829821794094e-02 0.000000000000e+00 0.000000000000e+00
2030 6.833189507010e-02 0.000000000000e+00 0.000000000000e+00
2031 6.836557219926e-02 0.000000000000e+00 0.000000000000e+00
2032 6.839924932842e-02 0.000000000000e+00 0.000000000000e+00
2033 6.843292645759e-02 0.000000000000e+00 0.000000000000e+00
2034 6.846660358675e-02 0.000000000000e+00 0.000000000000e+00
2035 6.850028071591e-02 0.000000000000e+00 0.000000000000e+00
2036 6.853395784507e-02 0.000000000000e+00 0.000000000000e+00
2037 6.856763497423e-02 0.000000000000e+00 0.000000000000e+00
2038 6.860131210340e-02 0.000000000000e+00 0.000000000000e+00
2039 6.863498923256e-02 0.000000000000e+00 0.000000000000e+00
2040 6.866866636172e-02 0.000000000000e+00 0.000000000000e+00
2041 6.870234349088e-02 0.000000000000e+00 0.000000000000e+00
2042 6.873602062004e-02 0.000000000000e+00 0.000000000000e+00
2043 6.876969774921e-02 0.000000000000e+00 0.000000000000e+00
2044 6.880337487837e-02 0.000000000000e+00 0.000000000000e+00
2045 6.883705200753e-02 0.000000000000e+00 0.000000000000e+00
2046 6.887072913669e-02 0.000000000000e+00 0.000000000000e+00
2047 6.890440626586e-02 0.000000000000e+00 0.000000000000e+00
2048 6.893808339502e-02 0.000000000000e+00 0.000000000000e+00
2049 6.897176052418e-02 0.000000000000e+00 0.000000000000e+00
2050 6.900543765334e-02 0.000000000000e+00 0.000000000000e+00
2051 6.903911478250e-02 0.000000000000e+00 0.000000000000e+00
2052 6.907279191167e-02 0.000000000000e+00 0.000000000000e+00
2053 6.910646904083e-02 0.000000000000e+00 0.000000000000e+00
2054 6.914014616999e-02 0.000000000000e+00 0.000000000000e+00
2055 6.917382329915e-02 0.000000000000e+00 0.000000000000e+00
2056 6.920750042832e-02 0.000000000000e+00 0.000000000000e+00
2057 6.924117755748e-02 0.000000000000e+00 0.000000000000e+00
2058 6.927485468664e-02 0.000000000000e+00 0.000000000000e+00
2059 6.930853181580e-02 0.000000000000e+00 0.000000000000e+00
2060 6.934220894496e-02 0.000000000000e+00 0.000000000000e+00
2061 6.937588607413e-02 0.000000000000e+00 0.000000000000e+00
2062 6.940956320329e-02 0.000000000000e+00 0.000000000000e+00
2063 6.944324033245e-02 0.000000000000e+00 0.000000000000e+00
2064 6.947691746161e-02 0.000000000000e+00 0.000000000000e+00
2065 6.951059459078e-02 0.000000000000e+00 0.000000000000e+00
2066 6.954427171994e-02 0.000000000000e+00 0.000000000000e+00
2067 6.957794884910e-02 0.000000000000e+00 0.000000000000e+00
2068 6.961162597826e-02 0.000000000000e+00 0.000000000000e+00
2069 6.964530310742e-02 0.000000000000e+00 0.000000000000e+00
2070 6.967898023659e-02 0.000000000000e+00 0.000000000000e+00
2071 6.971265736575e-02 0.000000000000e+00 0.000000000000e+00
2072 6.974633449491e-02 0.000000000000e+00 0.000000000000e+00
2073 6.978001162407e-02 0.000000000000e+00 0.000000000000e+00
2074 6.981368875324e-02 0.000000000000e+00 0.000000000000e+00
2075 6.984736588240e-02 0.000000000000e+00 0.000000000000e+00
2076 6.988104301156e-02 0.000000000000e+00 0.000000000000e+00
2077 6.991472014072e-02 0.000000000000e+00 0.000000000000e+00
2078 6.994839726988e-02 0.000000000000e+00 0.000000000000e+00
2079 6.998207439905e-02 0.000000000000e+00 0.000000000000e+00
2080 7.001575152821e-02 0.000000000000e+00 0.000000000000e+00
2081 7.004942865737e-02 0.000000000000e+00 0.000000000000e+00
2082 7.008310578653e-02 0.000000000000e+00 0.000000000000e+00
2083 7.011678291570e-02 0.000000000000e+00 0.000000000000e+00
2084 7.015046004486e-02 0.000000000000e+00 0.000000000000e+00
2085 7.018413717402e-02 0.000000000000e+00 0.000000000000e+00
2086 7.021781430318e-02 0.000000000000e+00 0.000000000000e+00
2087 7.025149143234e-02 0.000000000000e+00 0.000000000000e+00
2088 7.028516856151e-02 0.000000000000e+00 0.000000000000e+00
2089 7.031884569067e-02 0.000000000000e+00 0.000000000000e+00
2090 7.035252281983e-02 0.000000000000e+00 0.000000000000e+00
2091 7.038619994899e-02 0.000000000000e+00 0.000000000000e+00
2092 7.041987707815e-02 0.000000000000e+00 0.000000000000e+00
2093 7.045355420732e-02 0.000000000000e+00 0.000000000000e+00
2094 7.048723133648e-02 0.000000000000e+00 0.000000000000e+00
2095 7.052090846564e-02 0.000000000000e+00 0.000000000000e+00
2096 7.055458559480e-02 0.000000000000e+00 0.000000000000e+00
2097 7.058826272397e-02 0.000000000000e+00 0.000000000000e+00
2098 7.062193985313e-02 0.000000000000e+00 0.000000000000e+00
2099 7.065561698229e-02 0.000000000000e+00 0.000000000000e+00
2100 7.068929411145e-02 0.000000000000e+00 0.000000000000e+00
2101 7.072297124061e-02 0.000000000000e+00 0.000000000000e+00
2102 7.075664836978e-02 0.000000000000e+00 0.000000000000e+00
2103 7.079032549894e-02 0.000000000000e+00 0.000000000000e+00
2104 7.082400262810e-02 0.000000000000e+00 0.000000000000e+00
2105 7.085767975726e-02 0.000000000000e+00 0.000000000000e+00
2106 7.089135688643e-02 0.000000000000e+00 0.000000000000e+00
2107 7.092503401559e-02 0.000000000000e+00 0.000000000000e+00
2108 7.095871114475e-02 0.000000000000e+00 0.000000000000e+00
2109 7.099238827391e-02 0.000000000000e+00 0.000000000000e+00
2110 7.102606540307e-02 0.000000000000e+00 0.000000000000e+00
2111 7.105974253224e-02 0.000000000000e+00 0.000000000000e+00
2112 7.109341966140e-02 0.000000000000e+00 0.000000000000e+00
2113 7.112709679056e-02 0.000000000000e+00 0.000000000000e+00
2114 7.116077391972e-02 0.000000000000e+00 0.000000000000e+00
2115 7.119445104889e-02 0.000000000000e+00 0.000000000000e+00
2116 7.122812817805e-02 0.000000000000e+00 0.000000000000e+00
2117 7.126180530721e-02 0.000000000000e+00 0.000000000000e+00
2118 7.129548243637e-02 0.000000000000e+00 0.000000000000e+00
2119 7.132915956553e-02 0.000000000000e+00 0.000000000000e+00
2120 7.136283669470e-02 0.000000000000e+00 0.000000000000e+00
2121 7.139651382386e-02 0.000000000000e+00 0.000000000000e+00
2122 7.143019095302e-02 0.000000000000e+00 0.000000000000e+00
2123 7.146386808218e-02 0.000000000000e+00 0.000000000000e+00
2124 7.149754521135e-02 0.000000000000e+00 0.000000000000e+00
2125 7.153122234051e-02 0.000000000000e+00 0.000000000000e+00
2126 7.156489946967e-02 0.000000000000e+00 0.000000000000e+00
2127 7.159857659883e-02 0.000000000000e+00 0.000000000000e+00
2128 7.163225372799e-02 0.000000000000e+00 0.000000000000e+00
2129 7.166593085716e-02 0.000000000000e+00 0.000000000000e+00
2130 7.169960798632e-02 0.000000000000e+00 0.000000000000e+00
2131 7.173328511548e-02 0.000000000000e+00 0.000000000000e+00
2132 7.176696224464e-02 0.000000000000e+00 0.000000000000e+00
2133 7.180063937380e-02 0.000000000000e+00 0.000000000000e+00
2134 7.183431650297e-02 0.000000000000e+00 0.000000000000e+00
2135 7.186799363213e-02 0.000000000000e+00 0.000000000000e+00
2136 7.190167076129e-02 0.000000000000e+00 0.000000000000e+00
2137 7.193534789045e-02 0.000000000000e+00 0.000000000000e+00
2138 7.196902501962e-02 0.000000000000e+00 0.000000000000e+00
2139 7.200270214878e-02 0.000000000000e+00 0.000000000000e+00
2140 7.203637927794e-02 0.000000000000e+00 0.000000000000e+00
2141 7.207005640710e-02 0.000000000000e+00 0.000000000000e+00
2142 7.210373353626e-02 0.000000000000e+00 0.000000000000e+00
2143 7.213741066543e-02 0.000000000000e+00 0.000000000000e+00
2144 7.217108779459e-02 0.000000000000e+00 0.000000000000e+00
2145 7.220476492375e-02 0.000000000000e+00 0.000000000000e+00
2146 7.223844205291e-02 0.000000000000e+00 0.000000000000e+00
2147 7.227211918208e-02 0.000000000000e+00 0.000000000000e+00
2148 7.230579631124e-02 0.000000000000e+00 0.000000000000e+00
2149 7.233947344040e-02 0.000000000000e+00 0.000000000000e+00
2150 7.237315056956e-02 0.000000000000e+00 0.000000000000e+00
2151 7.240682769872e-02 0.000000000000e+00 0.000000000000e+00
2152 7.244050482789e-02 0.000000000000e+00 0.000000000000e+00
2153 7.247418195705e-02 0.000000000000e+00 0.000000000000e+00
2154 7.250785908621e-02 0.000000000000e+00 0.000000000000e+00
2155 7.254153621537e-02 0.000000000000e+00 0.000000000000e+00
2156 7.257521334454e-02 0.000000000000e+00 0.000000000000e+00
2157 7.260889047370e-02 0.000000000000e+00 0.000000000000e+00
2158 7.264256760286e-02 0.000000000000e+00 0.000000000000e+00
2159 7.267624473202e-02 0.000000000000e+00 0.000000000000e+00
2160 7.270992186118e-02 0.000000000000e+00 0.000000000000e+00
2161 7.274359899035e-02 0.000000000000e+00 0.000000000000e+00
2162 7.277727611951e-02 0.000000000000e+00 0.000000000000e+00
2163 7.281095324867e-02 0.000000000000e+00 0.000000000000e+00
2164 7.284463037783e-02 0.000000000000e+00 0.000000000000e+00
2165 7.287830750700e-02 0.000000000000e+00 0.000000000000e+00
2166 7.291198463616e-02 0.000000000000e+00 0.000000000000e+00
2167 7.294566176532e-02 0.000000000000e+00 0.000000000000e+00
2168 7.297933889448e-02 0.000000000000e+00 0.000000000000e+00
2169 7.301301602364e-02 0.000000000000e+00 0.000000000000e+00
2170 7.304669315281e-02 0.000000000000e+00 0.000000000000e+00
2171 7.308037028197e-02 0.000000000000e+00 0.000000000000e+00
2172 7.311404741113e-02 0.000000000000e+00 0.000000000000e+00
2173 7.314772454029e-02 0.000000000000e+00 0.000000000000e+00
2174 7.318140166945e-02 0.000000000000e+00 0.000000000000e+00
2175 7.321507879862e-02 0.000000000000e+00 0.000000000000e+00
2176 7.324875592778e-02 0.000000000000e+00 0.000000000000e+00
2177 7.328243305694e-02 0.000000000000e+00 0.000000000000e+00
2178 7.331611018610e-02 0.000000000000e+00 0.000000000000e+00
2179 7.334978731527e-02 0.000000000000e+00 0.000000000000e+00
2180 7.338346444443e-02 0.000000000000e+00 0.000000000000e+00
2181 7.341714157359e-02 0.000000000000e+00 0.000000000000e+00
2182 7.345081870275e-02 0.000000000000e+00 0.000000000000e+00
2183 7.348449583191e-02 0.000000000000e+00 0.000000000000e+00
2184 7.351817296108e-02 0.000000000000e+00 0.000000000000e+00
2185 7.355185009024e-02 0.000000000000e+00 0.000000000000e+00
2186 7.358552721940e-02 0.000000000000e+00 0.000000000000e+00
2187 7.361920434856e-02 0.000000000000e+00 0.000000000000e+00
2188 7.365288147773e-02 0.000000000000e+00 0.000000000000e+00
2189 7.368655860689e-02 0.000000000000e+00 0.000000000000e+00
2190 7.372023573605e-02 0.000000000000e+00 0.000000000000e+00
2191 7.375391286521e-02 0.000000000000e+00 0.000000000000e+00
2192 7.378758999437e-02 0.000000000000e+00 0.000000000000e+00
2193 7.382126712354e-02 0.000000000000e+00 0.000000000000e+00
2194 7.385494425270e-02 0.000000000000e+00 0.000000000000e+00
2195 7.388862138186e-02 0.000000000000e+00 0.000000000000e+00
2196 7.392229851102e-02 0.000000000000e+00 0.000000000000e+00
2197 7.395597564019e-02 0.000000000000e+00 0.000000000000e+00
2198 7.398965276935e-02 0.000000000000e+00 0.000000000000e+00
2199 7.402332989851e-02 0.000000000000e+00 0.000000000000e+00
2200 7.405700702767e-02 0.000000000000e+00 0.000000000000e+00
2201 7.409068415683e-02 0.000000000000e+00 0.000000000000e+00
2202 7.412436128600e-02 0.000000000000e+00 0.000000000000e+00
2203 7.415803841516e-02 0.000000000000e+00 0.000000000000e+00
2204 7.419171554432e-02 0.000000000000e+00 0.000000000000e+00
2205 7.422539267348e-02 0.000000000000e+00 0.000000000000e+00
2206 7.425906980265e-02 0.000000000000e+00 0.000000000000e+00
2207 7.429274693181e-02 0.000000000000e+00 0.000000000000e+00
2208 7.432642406097e-02 0.000000000000e+00 0.000000000000e+00
2209 7.436010119013e-02 0.000000000000e+00 0.000000000000e+00
2210 7.439377831929e-02 0.000000000000e+00 0.000000000000e+00
2211 7.442745544846e-02 0.000000000000e+00 0.000000000000e+00
2212 7.446113257762e-02 0.000000000000e+00 0.000000000000e+00
2213 7.449480970678e-02 0.000000000000e+00 0.000000000000e+00
2214 7.452848683594e-02 0.000000000000e+00 0.000000000000e+00
2215 7.456216396511e-02 0.000000000000e+00 0.000000000000e+00
2216 7.459584109427e-02 0.000000000000e+00 0.000000000000e+00
2217 7.462951822343e-02 0.000000000000e+00 0.000000000000e+00
2218 7.466319535259e-02 0.000000000000e+00 0.000000000000e+00
2219 7.469687248175e-02 0.000000000000e+00 0.000000000000e+00
2220 7.473054961092e-02 0.000000000000e+00 0.000000000000e+00
2221 7.476422674008e-02 0.000000000000e+00 0.000000000000e+00
2222 7.479790386924e-02 0.000000000000e+00 0.000000000000e+00
2223 7.483158099840e-02 0.000000000000e+00 0.000000000000e+00
2224 7.486525812756e-02 0.000000000000e+00 0.000000000000e+00
2225 7.489893525673e-02 0.000000000000e+00 0.000000000000e+00
2226 7.493261238589e-02 0.000000000000e+00 0.000000000000e+00
2227 7.496628951505e-02 0.000000000000e+00 0.000000000000e+00
2228 7.499996664421e-02 0.000000000000e+00 0.000000000000e+00
2229 7.503364377338e-02 0.000000000000e+00 0.000000000000e+00
2230 7.506732090254e-02 0.000000000000e+00 0.000000000000e+00
2231 7.510099803170e-02 0.000000000000e+00 0.000000000000e+00
2232 7.513467516086e-02 0.000000000000e+00 0.000000000000e+00
2233 7.516835229002e-02 0.000000000000e+00 0.000000000000e+00
2234 7.520202941919e-02 0.000000000000e+00 0.000000000000e+00
2235 7.523570654835e-02 0.000000000000e+00 0.000000000000e+00
2236 7.526938367751e-02 0.000000000000e+00 0.000000000000e+00
2237 7.530306080667e-02 0.000000000000e+00 0.000000000000e+00
2238 7.533673793584e-02 0.000000000000e+00 0.000000000000e+00
2239 7.537041506500e-02 0.000000000000e+00 0.000000000000e+00
2240 7.540409219416e-02 0.000000000000e+00 0.000000000000e+00
2241 7.543776932332e-02 0.000000000000e+00 0.000000000000e+00
2242 7.547144645248e-02 0.000000000000e+00 0.000000000000e+00
2243 7.550512358165e-02 0.000000000000e+00 0.000000000000e+00
2244 7.553880071081e-02 0.000000000000e+00 0.000000000000e+00
2245 7.557247783997e-02 0.000000000000e+00 0.000000000000e+00
2246 7.560615496913e-02 0.000000000000e+00 0.000000000000e+00
2247 7.563983209830e-02 0.000000000000e+00 0.000000000000e+00
2248 7.567350922746e-02 0.000000000000e+00 0.000000000000e+00
2249 7.570718635662e-02 0.000000000000e+00 0.000000000000e+00
2250 7.574086348578e-02 0.000000000000e+00 0.000000000000e+00
2251 7.577454061494e-02 0.000000000000e+00 0.000000000000e+00
2252 7.580821774411e-02 0.000000000000e+00 0.000000000000e+00
2253 7.584189487327e-02 0.000000000000e+00 0.000000000000e+00
2254 7.587557200243e-02 0.000000000000e+00 0.000000000000e+00
2255 7.590924913159e-02 0.000000000000e+00 0.000000000000e+00
2256 7.594292626076e-02 0.000000000000e+00 0.000000000000e+00
2257 7.597660338992e-02 0.000000000000e+00 0.000000000000e+00
2258 7.601028051908e-02 0.000000000000e+00 0.000000000000e+00
2259 7.604395764824e-02 0.000000000000e+00 0.000000000000e+00
2260 7.607763477740e-02 0.000000000000e+00 0.000000000000e+00
2261 7.611131190657e-02 0.000000000000e+00 0.000000000000e+00
2262 7.614498903573e-02 0.000000000000e+00 0.000000000000e+00
2263 7.617866616489e-02 0.000000000000e+00 0.000000000000e+00
2264 7.621234329405e-02 0.000000000000e+00 0.000000000000e+00
2265 7.624602042321e-02 0.000000000000e+00 0.000000000000e+00
2266 7.627969755238e-02 0.000000000000e+00 0.000000000000e+00
2267 7.631337468154e-02 0.000000000000e+00 0.000000000000e+00
2268 7.634705181070e-02 0.000000000000e+00 0.000000000000e+00
2269 7.638072893986e-02 0.000000000000e+00 0.000000000000e+00
2270 7.641440606903e-02 0.000000000000e+00 0.000000000000e+00
2271 7.644808319819e-02 0.000000000000e+00 0.000000000000e+00
2272 7.648176032735e-02 0.000000000000e+00 0.000000000000e+00
2273 7.651543745651e-02 0.000000000000e+00 0.000000000000e+00
2274 7.654911458567e-02 0.000000000000e+00 0.000000000000e+00
2275 7.658279171484e-02 0.000000000000e+00 0.000000000000e+00
2276 7.661646884400e-02 0.000000000000e+00 0.000000000000e+00
2277 7.665014597316e-02 0.000000000000e+00 0.000000000000e+00
2278 7.668382310232e-02 0.000000000000e+00 0.000000000000e+00
2279 7.671750023149e-02 0.000000000000e+00 0.000000000000e+00
2280 7.675117736065e-02 0.000000000000e+00 0.000000000000e+00
2281 7.678485448981e-02 0.000000000000e+00 0.000000000000e+00
2282 7.681853161897e-02 0.000000000000e+00 0.000000000000e+00
2283 7.685220874813e-02 0.000000000000e+00 0.000000000000e+00
2284 7.688588587730e-02 0.000000000000e+00 0.000000000000e+00
2285 7.691956300646e-02 0.000000000000e+00 0.000000000000e+00
2286 7.695324013562e-02 0.000000000000e+00 0.000000000000e+00
2287 7.698691726478e-02 0.000000000000e+00 0.000000000000e+00
2288 7.702059439395e-02 0.000000000000e+00 0.000000000000e+00
2289 7.705427152311e-02 0.000000000000e+00 0.000000000000e+00
2290 7.708794865227e-02 0.000000000000e+00 0.000000000000e+00
2291 7.712162578143e-02 0.000000000000e+00 0.000000000000e+00
2292 7.715530291059e-02 0.000000000000e+00 0.000000000000e+00
2293 7.718898003976e-02 0.000000000000e+00 0.000000000000e+00
2294 7.722265716892e-02 0.000000000000e+00 0.000000000000e+00
2295 7.725633429808e-02 0.000000000000e+00 0.000000000000e+00
2296 7.729001142724e-02 0.000000000000e+00 0.000000000000e+00
2297 7.732368855641e-02 0.000000000000e+00 0.000000000000e+00
2298 7.735736568557e-02 0.000000000000e+00 0.000000000000e+00
2299 7.739104281473e-02 0.000000000000e+00 0.000000000000e+00
2300 7.742471994389e-02 0.000000000000e+00 0.000000000000e+00
2301 7.745839707305e-02 0.000000000000e+00 0.000000000000e+00
2302 7.749207420222e-02 0.000000000000e+00 0.000000000000e+00
2303 7.752575133138e-02 0.000000000000e+00 0.000000000000e+00
2304 7.755942846054e-02 0.000000000000e+00 0.000000000000e+00
2305 7.759310558970e-02 0.000000000000e+00 0.000000000000e+00
2306 7.762678271887e-02 0.000000000000e+00 0.000000000000e+00
2307 7.766045984803e-02 0.000000000000e+00 0.000000000000e+00
2308 7.769413697719e-02 0.000000000000e+00 0.000000000000e+00
2309 7.772781410635e-02 0.000000000000e+00 0.000000000000e+00
2310 7.776149123551e-02 0.000000000000e+00 0.000000000000e+00
2311 7.779516836468e-02 0.000000000000e+00 0.000000000000e+00
2312 7.782884549384e-02 0.000000000000e+00 0.000000000000e+00
2313 7.786252262300e-02 0.000000000000e+00 0.000000000000e+00
2314 7.789619975216e-02 0.000000000000e+00 0.000000000000e+00
2315 7.792987688132e-02 0.000000000000e+00 0.000000000000e+00
2316 7.796355401049e-02 0.000000000000e+00 0.000000000000e+00
2317 7.799723113965e-02 0.000000000000e+00 0.000000000000e+00
2318 7.803090826881e-02 0.000000000000e+00 0.000000000000e+00
2319 7.806458539797e-02 0.000000000000e+00 0.000000000000e+00
2320 7.809826252714e-02 0.000000000000e+00 0.000000000000e+00
2321 7.813193965630e-02 0.000000000000e+00 0.000000000000e+00
2322 7.816561678546e-02 0.000000000000e+00 0.000000000000e+00
2323 7.819929391462e-02 0.000000000000e+00 0.000000000000e+00
2324 7.823297104378e-02 0.000000000000e+00 0.000000000000e+00
2325 7.826664817295e-02 0.000000000000e+00 0.000000000000e+00
2326 7.830032530211e-02 0.000000000000e+00 0.000000000000e+00
2327 7.833400243127e-02 0.000000000000e+00 0.000000000000e+00
2328 7.836767956043e-02 0.000000000000e+00 0.000000000000e+00
2329 7.840135668960e-02 0.000000000000e+00 0.000000000000e+00
2330 7.843503381876e-02 0.000000000000e+00 0.000000000000e+00
2331 7.846871094792e-02 0.000000000000e+00 0.000000000000e+00
2332 7.850238807708e-02 0.000000000000e+00 0.000000000000e+00
2333 7.853606520624e-02 0.000000000000e+00 0.000000000000e+00
2334 7.856974233541e-02 0.000000000000e+00 0.000000000000e+00
2335 7.860341946457e-02 0.000000000000e+00 0.000000000000e+00
2336 7.863709659373e-02 0.000000000000e+00 0.000000000000e+00
2337 7.867077372289e-02 0.000000000000e+00 0.000000000000e+00
2338 7.870445085206e-02 0.000000000000e+00 0.000000000000e+00
2339 7.873812798122e-02 0.000000000000e+00 0.000000000000e+00
2340 7.877180511038e-02 0.000000000000e+00 0.000000000000e+00
2341 7.880548223954e-02 0.000000000000e+00 0.000000000000e+00
2342 7.883915936870e-02 0.000000000000e+00 0.000000000000e+00
2343 7.887283649787e-02 0.000000000000e+00 0.000000000000e+00
2344 7.890651362703e-02 0.000000000000e+00 0.000000000000e+00
2345 7.894019075619e-02 0.000000000000e+00 0.000000000000e+00
2346 7.897386788535e-02 0.000000000000e+00 0.000000000000e+00
2347 7.900754501452e-02 0.000000000000e+00 0.000000000000e+00
2348 7.904122214368e-02 0.000000000000e+00 0.000000000000e+00
2349 7.907489927284e-02 0.000000000000e+00 0.000000000000e+00
2350 7.910857640200e-02 0.000000000000e+00 0.000000000000e+00
2351 7.914225353116e-02 0.000000000000e+00 0.000000000000e+00
2352 7.917593066033e-02 0.000000000000e+00 0.000000000000e+00
2353 7.920960778949e-02 0.000000000000e+00 0.000000000000e+00
2354 7.924328491865e-02 0.000000000000e+00 0.000000000000e+00
2355 7.927696204781e-02 0.000000000000e+00 0.000000000000e+00
2356 7.931063917697e-02 0.000000000000e+00 0.000000000000e+00
2357 7.934431630614e-02 0.000000000000e+00 0.000000000000e+00
2358 7.937799343530e-02 0.000000000000e+00 0.000000000000e+00
2359 7.941167056446e-02 0.000000000000e+00 0.000000000000e+00
2360 7.944534769362e-02 0.000000000000e+00 0.000000000000e+00
2361 7.947902482279e-02 0.000000000000e+00 0.000000000000e+00
2362 7.951270195195e-02 0.000000000000e+00 0.000000000000e+00
2363 7.954637908111e-02 0.000000000000e+00 0.000000000000e+00
2364 7.958005621027e-02 0.000000000000e+00 0.000000000000e+00
2365 7.961373333943e-02 0.000000000000e+00 0.000000000000e+00
2366 7.964741046860e-02 0.000000000000e+00 0.000000000000e+00
2367 7.968108759776e-02 0.000000000000e+00 0.000000000000e+00
2368 7.971476472692e-02 0.000000000000e+00 0.000000000000e+00
2369 7.974844185608e-02 0.000000000000e+00 0.000000000000e+00
2370 7.978211898525e-02 0.000000000000e+00 0.000000000000e+00
2371 7.981579611441e-02 0.000000000000e+00 0.000000000000e+00
2372 7.984947324357e-02 0.000000000000e+00 0.000000000000e+00
2373 7.988315037273e-02 0.000000000000e+00 0.000000000000e+00
2374 7.991682750189e-02 0.000000000000e+00 0.000000000000e+00
2375 7.995050463106e-02 0.000000000000e+00 0.000000000000e+00
2376 7.998418176022e-02 0.000000000000e+00 0.000000000000e+00
2377 8.001785888938e-02 0.000000000000e+00 0.000000000000e+00
2378 8.005153601854e-02 0.000000000000e+00 0.000000000000e+00
2379 8.008521314771e-02 0.000000000000e+00 0.000000000000e+00
2380 8.011889027687e-02 0.000000000000e+00 0.000000000000e+00
2381 8.015256740603e-02 0.000000000000e+00 0.000000000000e+00
2382 8.018624453519e-02 0.000000000000e+00 0.000000000000e+00
2383 8.021992166435e-02 0.000000000000e+00 0.000000000000e+00
2384 8.025359879352e-02 0.000000000000e+00 0.000000000000e+00
2385 8.028727592268e-02 0.000000000000e+00 0.000000000000e+00
2386 8.032095305184e-02 0.000000000000e+00 0.000000000000e+00
2387 8.035463018100e-02 0.000000000000e+00 0.000000000000e+00
2388 8.038830731017e-02 0.000000000000e+00 0.000000000000e+00
2389 8.042198443933e-02 0.000000000000e+00 0.000000000000e+00
2390 8.045566156849e-02 0.000000000000e+00 0.000000000000e+00
2391 8.048933869765e-02 0.000000000000e+00 0.000000000000e+00
2392 8.052301582681e-02 0.000000000000e+00 0.000000000000e+00
2393 8.055669295598e-02 0.000000000000e+00 0.000000000000e+00
2394 8.059037008514e-02 0.000000000000e+00 0.000000000000e+00
2395 8.062404721430e-02 0.000000000000e+00 0.000000000000e+00
2396 8.065772434346e-02 0.000000000000e+00 0.000000000000e+00
2397 8.069140147263e-02 0.000000000000e+00 0.000000000000e+00
2398 8.072507860179e-02 0.000000000000e+00 0.000000000000e+00
2399 8.075875573095e-02 0.000000000000e+00 0.000000000000e+00
2400 8.079243286011e-02 0.000000000000e+00 0.000000000000e+00
2401 8.082610998927e-02 0.000000000000e+00 0.000000000000e+00
2402 8.085978711844e-02 0.000000000000e+00 0.000000000000e+00
2403 8.089346424760e-02 0.000000000000e+00 0.000000000000e+00
2404 8.092714137676e-02 0.000000000000e+00 0.000000000000e+00
2405 8.096081850592e-02 0.000000000000e+00 0.000000000000e+00
2406 8.099449563508e-02 0.000000000000e+00 0.000000000000e+00
2407 8.102817276425e-02 0.000000000000e+00 0.000000000000e+00
2408 8.106184989341e-02 0.000000000000e+00 0.000000000000e+00
2409 8.109552702257e-02 0.000000000000e+00 0.000000000000e+00
2410 8.112920415173e-02 0.000000000000e+00 0.000000000000e+00
2411 8.116288128090e-02 0.000000000000e+00 0.000000000000e+00
2412 8.119655841006e-02 0.000000000000e+00 0.000000000000e+00
2413 8.123023553922e-02 0.000000000000e+00 0.000000000000e+00
2414 8.126391266838e-02 0.000000000000e+00 0.000000000000e+00
2415 8.129758979754e-02 0.000000000000e+00 0.000000000000e+00
2416 8.133126692671e-02 0.000000000000e+00 0.000000000000e+00
2417 8.136494405587e-02 0.000000000000e+00 0.000000000000e+00
2418 8.139862118503e-02 0.000000000000e+00 0.000000000000e+00
2419 8.143229831419e-02 0.000000000000e+00 0.000000000000e+00
2420 8.146597544336e-02 0.000000000000e+00 0.000000000000e+00
2421 8.149965257252e-02 0.000000000000e+00 0.000000000000e+00
2422 8.153332970168e-02 0.000000000000e+00 0.000000000000e+00
2423 8.156700683084e-02 0.000000000000e+00 0.000000000000e+00
2424 8.160068396000e-02 0.000000000000e+00 0.000000000000e+00
2425 8.163436108917e-02 0.000000000000e+00 0.000000000000e+00
2426 8.166803821833e-02 0.000000000000e+00 0.000000000000e+00
2427 8.170171534749e-02 0.000000000000e+00 0.000000000000e+00
2428 8.173539247665e-02 0.000000000000e+00 0.000000000000e+00
2429 8.176906960582e-02 0.000000000000e+00 0.000000000000e+00
2430 8.180274673498e-02 0.000000000000e+00 0.000000000000e+00
2431 8.183642386414e-02 0.000000000000e+00 0.000000000000e+00
2432 8.187010099330e-02 0.000000000000e+00 0.000000000000e+00
2433 8.190377812246e-02 0.000000000000e+00 0.000000000000e+00
2434 8.193745525163e-02 0.000000000000e+00 0.000000000000e+00
2435 8.197113238079e-02 0.000000000000e+00 0.000000000000e+00
2436 8.200480950995e-02 0.000000000000e+00 0.000000000000e+00
2437 8.203848663911e-02 0.000000000000e+00 0.000000000000e+00
2438 8.207216376828e-02 0.000000000000e+00 0.000000000000e+00
2439 8.210584089744e-02 0.000000000000e+00 0.000000000000e+00
2440 8.213951802660e-02 0.000000000000e+00 0.000000000000e+00
2441 8.217319515576e-02 0.000000000000e+00 0.000000000000e+00
2442 8.220687228492e-02 0.000000000000e+00 0.000000000000e+00
2443 8.224054941409e-02 0.000000000000e+00 0.000000000000e+00
2444 8.227422654325e-02 0.000000000000e+00 0.000000000000e+00
2445 8.230790367241e-02 0.000000000000e+00 0.000000000000e+00
2446 8.234158080157e-02 0.000000000000e+00 0.000000000000e+00
2447 8.237525793073e-02 0.000000000000e+00 0.000000000000e+00
2448 8.240893505990e-02 0.000000000000e+00 0.000000000000e+00
2449 8.244261218906e-02 0.000000000000e+00 0.000000000000e+00
2450 8.247628931822e-02 0.000000000000e+00 0.000000000000e+00
2451 8.250996644738e-02 0.000000000000e+00 0.000000000000e+00
2452 8.254364357655e-02 0.000000000000e+00 0.000000000000e+00
2453 8.257732070571e-02 0.000000000000e+00 0.000000000000e+00
2454 8.261099783487e-02 0.000000000000e+00 0.000000000000e+00
2455 8.264467496403e-02 0.000000000000e+00 0.000000000000e+00
2456 8.267835209319e-02 0.000000000000e+00 0.000000000000e+00
2457 8.271202922236e-02 0.000000000000e+00 0.000000000000e+00
2458 8.274570635152e-02 0.000000000000e+00 0.000000000000e+00
2459 8.277938348068e-02 0.000000000000e+00 0.000000000000e+00
2460 8.281306060984e-02 0.000000000000e+00 0.000000000000e+00
2461 8.284673773901e-02 0.000000000000e+00 0.000000000000e+00
2462 8.288041486817e-02 0.000000000000e+00 0.000000000000e+00
2463 8.291409199733e-02 0.000000000000e+00 0.000000000000e+00
2464 8.294776912649e-02 0.000000000000e+00 0.000000000000e+00
2465 8.298144625565e-02 0.000000000000e+00 0.000000000000e+00
2466 8.301512338482e-02 0.000000000000e+00 0.000000000000e+00
2467 8.304880051398e-02 0.000000000000e+00 0.000000000000e+00
2468 8.308247764314e-02 0.000000000000e+00 0.000000000000e+00
2469 8.311615477230e-02 0.000000000000e+00 0.000000000000e+00
2470 8.314983190147e-02 0.000000000000e+00 0.000000000000e+00
2471 8.318350903063e-02 0.000000000000e+00 0.000000000000e+00
2472 8.321718615979e-02 0.000000000000e+00 0.000000000000e+00
2473 8.325086328895e-02 0.000000000000e+00 0.000000000000e+00
2474 8.328454041811e-02 0.000000000000e+00 0.000000000000e+00
2475 8.331821754728e-02 0.000000000000e+00 0.000000000000e+00
2476 8.335189467644e-02 0.000000000000e+00 0.000000000000e+00
2477 8.338557180560e-02 0.000000000000e+00 0.000000000000e+00
2478 8.341924893476e-02 0.000000000000e+00 0.000000000000e+00
2479 8.345292606393e-02 0.000000000000e+00 0.000000000000e+00
2480 8.348660319309e-02 0.000000000000e+00 0.000000000000e+00
2481 8.352028032225e-02 0.000000000000e+00 0.000000000000e+00
2482 8.355395745141e-02 0.000000000000e+00 0.000000000000e+00
2483 8.358763458057e-02 0.000000000000e+00 0.000000000000e+00
2484 8.362131170974e-02 0.000000000000e+00 0.000000000000e+00
2485 8.365498883890e-02 0.000000000000e+00 0.000000000000e+00
2486 8.368866596806e-02 0.000000000000e+00 0.000000000000e+00
2487 8.372234309722e-02 0.000000000000e+00 0.000000000000e+00
2488 8.375602022638e-02 0.000000000000e+00 0.000000000000e+00
2489 8.378969735555e-02 0.000000000000e+00 0.000000000000e+00
2490 8.382337448471e-02 0.000000000000e+00 0.000000000000e+00
2491 8.385705161387e-02 0.000000000000e+00 0.000000000000e+00
2492 8.389072874303e-02 0.000000000000e+00 0.000000000000e+00
2493 8.392440587220e-02 0.000000000000e+00 0.000000000000e+00
2494 8.395808300136e-02 0.000000000000e+00 0.000000000000e+00
2495 8.399176013052e-02 0.000000000000e+00 0.000000000000e+00
2496 8.402543725968e-02 0.000000000000e+00 0.000000000000e+00
2497 8.405911438884e-02 0.000000000000e+00 0.000000000000e+00
2498 8.409279151801e-02 0.000000000000e+00 0.000000000000e+00
2499 8.412646864717e-02 0.000000000000e+00 0.000000000000e+00
2500 8.416014577633e-02 0.000000000000e+00 0.000000000000e+00
2501 8.419382290549e-02 0.000000000000e+00 0.000000000000e+00
2502 8.422750003466e-02 0.000000000000e+00 0.000000000000e+00
2503 8.426117716382e-02 0.000000000000e+00 0.000000000000e+00
2504 8.429485429298e-02 0.000000000000e+00 0.000000000000e+00
2505 8.432853142214e-02 0.000000000000e+00 0.000000000000e+00
2506 8.436220855130e-02 0.000000000000e+00 0.000000000000e+00
2507 8.439588568047e-02 0.000000000000e+00 0.000000000000e+00
2508 8.442956280963e-02 0.000000000000e+00 0.000000000000e+00
2509 8.446323993879e-02 0.000000000000e+00 0.000000000000e+00
2510 8.449691706795e-02 0.000000000000e+00 0.000000000000e+00
2511 8.453059419712e-02 0.000000000000e+00 0.000000000000e+00
2512 8.456427132628e-02 0.000000000000e+00 0.000000000000e+00
2513 8.459794845544e-02 0.000000000000e+00 0.000000000000e+00
2514 8.463162558460e-02 0.000000000000e+00 0.000000000000e+00
2515 8.466530271376e-02 0.000000000000e+00 0.000000000000e+00
2516 8.469897984293e-02 0.000000000000e+00 0.000000000000e+00
2517 8.473265697209e-02 0.000000000000e+00 0.000000000000e+00
2518 8.476633410125e-02 0.000000000000e+00 0.000000000000e+00
2519 8.480001123041e-02 0.000000000000e+00 0.000000000000e+00
2520 8.483368835958e-02 0.000000000000e+00 0.000000000000e+00
2521 8.486736548874e-02 0.000000000000e+00 0.000000000000e+00
2522 8.490104261790e-02 0.000000000000e+00 0.000000000000e+00
2523 8.493471974706e-02 0.000000000000e+00 0.000000000000e+00
2524 8.496839687622e-02 0.000000000000e+00 0.000000000000e+00
2525 8.500207400539e-02 0.000000000000e+00 0.000000000000e+00
2526 8.503575113455e-02 0.000000000000e+00 0.000000000000e+00
2527 8.506942826371e-02 0.000000000000e+00 0.000000000000e+00
2528 8.510310539287e-02 0.000000000000e+00 0.000000000000e+00
2529 8.513678252204e-02 0.000000000000e+00 0.000000000000e+00
2530 8.517045965120e-02 0.000000000000e+00 0.000000000000e+00
2531 8.520413678036e-02 0.000000000000e+00 0.000000000000e+00
2532 8.523781390952e-02 0.000000000000e+00 0.000000000000e+00
2533 8.527149103868e-02 0.000000000000e+00 0.000000000000e+00
2534 8.530516816785e-02 0.000000000000e+00 0.000000000000e+00
2535 8.533884529701e-02 0.000000000000e+00 0.000000000000e+00
2536 8.537252242617e-02 0.000000000000e+00 0.000000000000e+00
2537 8.540619955533e-02 0.000000000000e+00 0.000000000000e+00
2538 8.543987668449e-02 0.000000000000e+00 0.000000000000e+00
2539 8.547355381366e-02 0.000000000000e+00 0.000000000000e+00
2540 8.550723094282e-02 0.000000000000e+00 0.000000000000e+00
2541 8.554090807198e-02 0.000000000000e+00 0.000000000000e+00
2542 8.557458520114e-02 0.000000000000e+00 0.000000000000e+00
2543 8.560826233031e-02 0.000000000000e+00 0.000000000000e+00
2544 8.564193945947e-02 0.000000000000e+00 0.000000000000e+00
2545 8.567561658863e-02 0.000000000000e+00 0.000000000000e+00
2546 8.570929371779e-02 0.000000000000e+00 0.000000000000e+00
2547 8.574297084695e-02 0.000000000000e+00 0.000000000000e+00
2548 8.577664797612e-02 0.000000000000e+00 0.000000000000e+00
2549 8.581032510528e-02 0.000000000000e+00 0.000000000000e+00
2550 8.584400223444e-02 0.000000000000e+00 0.000000000000e+00
2551 8.587767936360e-02 0.000000000000e+00 0.000000000000e+00
2552 8.591135649277e-02 0.000000000000e+00 0.000000000000e+00
2553 8.594503362193e-02 0.000000000000e+00 0.000000000000e+00
2554 8.597871075109e-02 0.000000000000e+00 0.000000000000e+00
2555 8.601238788025e-02 0.000000000000e+00 0.000000000000e+00
2556 8.604606500941e-02 0.000000000000e+00 0.000000000000e+00
2557 8.607974213858e-02 0.000000000000e+00 0.000000000000e+00
2558 8.611341926774e-02 0.000000000000e+00 0.000000000000e+00
2559 8.614709639690e-02 0.000000000000e+00 0.000000000000e+00
2560 8.618077352606e-02 0.000000000000e+00 0.000000000000e+00
2561 8.621445065523e-02 0.000000000000e+00 0.000000000000e+00
2562 8.624812778439e-02 0.000000000000e+00 0.000000000000e+00
2563 8.628180491355e-02 0.000000000000e+00 0.000000000000e+00
2564 8.631548204271e-02 0.000000000000e+00 0.000000000000e+00
2565 8.634915917187e-02 0.000000000000e+00 0.000000000000e+00
2566 8.638283630104e-02 0.000000000000e+00 0.000000000000e+00
2567 8.641651343020e-02 0.000000000000e+00 0.000000000000e+00
2568 8.645019055936e-02 0.000000000000e+00 0.000000000000e+00
2569 8.648386768852e-02 0.000000000000e+00 0.000000000000e+00
2570 8.651754481769e-02 0.000000000000e+00 0.000000000000e+00
2571 8.655122194685e-02 0.000000000000e+00 0.000000000000e+00
2572 8.658489907601e-02 0.000000000000e+00 0.000000000000e+00
2573 8.661857620517e-02 0.000000000000e+00 0.000000000000e+00
2574 8.665225333433e-02 0.000000000000e+00 0.000000000000e+00
2575 8.668593046350e-02 0.000000000000e+00 0.000000000000e+00
2576 8.671960759266e-02 0.000000000000e+00 0.000000000000e+00
2577 8.675328472182e-02 0.000000000000e+00 0.000000000000e+00
2578 8.678696185098e-02 0.000000000000e+00 0.000000000000e+00
2579 8.682063898014e-02 0.000000000000e+00 0.000000000000e+00
2580 8.685431610931e-02 0.000000000000e+00 0.000000000000e+00
2581 8.688799323847e-02 0.000000000000e+00 0.000000000000e+00
2582 8.692167036763e-02 0.000000000000e+00 0.000000000000e+00
2583 8.695534749679e-02 0.000000000000e+00 0.000000000000e+00
2584 8.698902462596e-02 0.000000000000e+00 0.000000000000e+00
2585 8.702270175512e-02 0.000000000000e+00 0.000000000000e+00
2586 8.705637888428e-02 0.000000000000e+00 0.000000000000e+00
2587 8.709005601344e-02 0.000000000000e+00 0.000000000000e+00
2588 8.712373314260e-02 0.000000000000e+00 0.000000000000e+00
2589 8.715741027177e-02 0.000000000000e+00 0.000000000000e+00
2590 8.719108740093e-02 0.000000000000e+00 0.000000000000e+00
2591 8.722476453009e-02 0.000000000000e+00 0.000000000000e+00
2592 8.725844165925e-02 0.000000000000e+00 0.000000000000e+00
2593 8.729211878842e-02 0.000000000000e+00 0.000000000000e+00
2594 8.732579591758e-02 0.000000000000e+00 0.000000000000e+00
2595 8.735947304674e-02 0.000000000000e+00 0.000000000000e+00
2596 8.739315017590e-02 0.000000000000e+00 0.000000000000e+00
2597 8.742682730506e-02 0.000000000000e+00 0.000000000000e+00
2598 8.746050443423e-02 0.000000000000e+00 0.000000000000e+00
2599 8.749418156339e-02 0.000000000000e+00 0.000000000000e+00
2600 8.752785869255e-02 0.000000000000e+00 0.000000000000e+00
2601 8.756153582171e-02 0.000000000000e+00 0.000000000000e+00
2602 8.759521295088e-02 0.000000000000e+00 0.000000000000e+00
2603 8.762889008004e-02 0.000000000000e+00 0.000000000000e+00
2604 8.766256720920e-02 0.000000000000e+00 0.000000000000e+00
2605 8.769624433836e-02 0.000000000000e+00 0.000000000000e+00
2606 8.772992146752e-02 0.000000000000e+00 0.000000000000e+00
2607 8.776359859669e-02 0.000000000000e+00 0.000000000000e+00
2608 8.779727572585e-02 0.000000000000e+00 0.000000000000e+00
2609 8.783095285501e-02 0.000000000000e+00 0.000000000000e+00
2610 8.786462998417e-02 0.000000000000e+00 0.000000000000e+00
2611 8.789830711334e-02 0.000000000000e+00 0.000000000000e+00
2612 8.793198424250e-02 0.000000000000e+00 0.000000000000e+00
2613 8.796566137166e-02 0.000000000000e+00 0.000000000000e+00
2614 8.799933850082e-02 0.000000000000e+00 0.000000000000e+00
2615 8.803301562998e-02 0.000000000000e+00 0.000000000000e+00
2616 8.806669275915e-02 0.000000000000e+00 0.000000000000e+00
2617 8.810036988831e-02 0.000000000000e+00 0.000000000000e+00
2618 8.813404701747e-02 0.000000000000e+00 0.000000000000e+00
2619 8.816772414663e-02 0.000000000000e+00 0.000000000000e+00
2620 8.820140127580e-02 0.000000000000e+00 0.000000000000e+00
2621 8.823507840496e-02 0.000000000000e+00 0.000000000000e+00
2622 8.826875553412e-02 0.000000000000e+00 0.000000000000e+00
2623 8.830243266328e-02 0.000000000000e+00 0.000000000000e+00
2624 8.833610979244e-02 0.000000000000e+00 0.000000000000e+00
2625 8.836978692161e-02 0.000000000000e+00 0.000000000000e+00
2626 8.840346405077e-02 0.000000000000e+00 0.000000000000e+00
2627 8.843714117993e-02 0.000000000000e+00 0.000000000000e+00
2628 8.847081830909e-02 0.000000000000e+00 0.000000000000e+00
2629 8.850449543825e-02 0.000000000000e+00 0.000000000000e+00
2630 8.853817256742e-02 0.000000000000e+00 0.000000000000e+00
2631 8.857184969658e-02 0.000000000000e+00 0.000000000000e+00
2632 8.860552682574e-02 0.000000000000e+00 0.000000000000e+00
2633 8.863920395490e-02 0.000000000000e+00 0.000000000000e+00
2634 8.867288108407e-02 0.000000000000e+00 0.000000000000e+00
2635 8.870655821323e-02 0.000000000000e+00 0.000000000000e+00
2636 8.874023534239e-02 0.000000000000e+00 0.000000000000e+00
2637 8.877391247155e-02 0.000000000000e+00 0.000000000000e+00
2638 8.880758960071e-02 0.000000000000e+00 0.000000000000e+00
2639 8.884126672988e-02 0.000000000000e+00 0.000000000000e+00
2640 8.887494385904e-02 0.000000000000e+00 0.000000000000e+00
2641 8.890862098820e-02 0.000000000000e+00 0.000000000000e+00
2642 8.894229811736e-02 0.000000000000e+00 0.000000000000e+00
2643 8.897597524653e-02 0.000000000000e+00 0.000000000000e+00
2644 8.900965237569e-02 0.000000000000e+00 0.000000000000e+00
2645 8.904332950485e-02 0.000000000000e+00 0.000000000000e+00
2646 8.907700663401e-02 0.000000000000e+00 0.000000000000e+00
2647 8.911068376317e-02 0.000000000000e+00 0.000000000000e+00
2648 8.914436089234e-02 0.000000000000e+00 0.000000000000e+00
2649 8.917803802150e-02 0.000000000000e+00 0.000000000000e+00
2650 8.921171515066e-02 0.000000000000e+00 0.000000000000e+00
2651 8.924539227982e-02 0.000000000000e+00 0.000000000000e+00
2652 8.927906940899e-02 0.000000000000e+00 0.000000000000e+00
2653 8.931274653815e-02 0.000000000000e+00 0.000000000000e+00
2654 8.934642366731e-02 0.000000000000e+00 0.000000000000e+00
2655 8.938010079647e-02 0.000000000000e+00 0.000000000000e+00
2656 8.941377792563e-02 0.000000000000e+00 0.000000000000e+00
2657 8.944745505480e-02 0.000000000000e+00 0.000000000000e+00
2658 8.948113218396e-02 0.000000000000e+00 0.000000000000e+00
2659 8.951480931312e-02 0.000000000000e+00 0.000000000000e+00
2660 8.954848644228e-02 0.000000000000e+00 0.000000000000e+00
2661 8.958216357145e-02 0.000000000000e+00 0.000000000000e+00
2662 8.961584070061e-02 0.000000000000e+00 0.000000000000e+00
2663 8.964951782977e-02 0.000000000000e+00 0.000000000000e+00
2664 8.968319495893e-02 0.000000000000e+00 0.000000000000e+00
2665 8.971687208809e-02 0.000000000000e+00 0.000000000000e+00
2666 8.975054921726e-02 0.000000000000e+00 0.000000000000e+00
2667 8.978422634642e-02 0.000000000000e+00 0.000000000000e+00
2668 8.981790347558e-02 0.000000000000e+00 0.000000000000e+00
2669 8.985158060474e-02 0.000000000000e+00 0.000000000000e+00
2670 8.988525773390e-02 0.000000000000e+00 0.000000000000e+00
2671 8.991893486307e-02 0.000000000000e+00 0.000000000000e+00
2672 8.995261199223e-02 0.000000000000e+00 0.000000000000e+00
2673 8.998628912139e-02 0.000000000000e+00 0.000000000000e+00
2674 9.001996625055e-02 0.000000000000e+00 0.000000000000e+00
2675 9.005364337972e-02 0.000000000000e+00 0.000000000000e+00
2676 9.008732050888e-02 0.000000000000e+00 0.000000000000e+00
2677 9.012099763804e-02 0.000000000000e+00 0.000000000000e+00
2678 9.015467476720e-02 0.000000000000e+00 0.000000000000e+00
2679 9.018835189636e-02 0.000000000000e+00 0.000000000000e+00
2680 9.022202902553e-02 0.000000000000e+00 0.000000000000e+00
2681 9.025570615469e-02 0.000000000000e+00 0.000000000000e+00
2682 9.028938328385e-02 0.000000000000e+00 0.000000000000e+00
2683 9.032306041301e-02 0.000000000000e+00 0.000000000000e+00
2684 9.035673754218e-02 0.000000000000e+00 0.000000000000e+00
2685 9.039041467134e-02 0.000000000000e+00 0.000000000000e+00
2686 9.042409180050e-02 0.000000000000e+00 0.000000000000e+00
2687 9.045776892966e-02 0.000000000000e+00 0.000000000000e+00
2688 9.049144605882e-02 0.000000000000e+00 0.000000000000e+00
2689 9.052512318799e-02 0.000000000000e+00 0.000000000000e+00
2690 9.055880031715e-02 0.000000000000e+00 0.000000000000e+00
2691 9.059247744631e-02 0.000000000000e+00 0.000000000000e+00
2692 9.062615457547e-02 0.000000000000e+00 0.000000000000e+00
2693 9.065983170464e-02 0.000000000000e+00 0.000000000000e+00
2694 9.069350883380e-02 0.000000000000e+00 0.000000000000e+00
2695 9.072718596296e-02 0.000000000000e+00 0.000000000000e+00
2696 9.076086309212e-02 0.000000000000e+00 0.000000000000e+00
2697 9.079454022128e-02 0.000000000000e+00 0.000000000000e+00
2698 9.082821735045e-02 0.000000000000e+00 0.000000000000e+00
2699 9.086189447961e-02 0.000000000000e+00 0.000000000000e+00
2700 9.089557160877e-02 0.000000000000e+00 0.000000000000e+00
2701 9.092924873793e-02 0.000000000000e+00 0.000000000000e+00
2702 9.096292586710e-02 0.000000000000e+00 0.000000000000e+00
2703 9.099660299626e-02 0.000000000000e+00 0.000000000000e+00
2704 9.103028012542e-02 0.000000000000e+00 0.000000000000e+00
2705 9.106395725458e-02 0.000000000000e+00 0.000000000000e+00
2706 9.109763438374e-02 0.000000000000e+00 0.000000000000e+00
2707 9.113131151291e-02 0.000000000000e+00 0.000000000000e+00
2708 9.116498864207e-02 0.000000000000e+00 0.000000000000e+00
2709 9.119866577123e-02 0.000000000000e+00 0.000000000000e+00
2710 9.123234290039e-02 0.000000000000e+00 0.000000000000e+00
2711 9.126602002955e-02 0.000000000000e+00 0.000000000000e+00
2712 9.129969715872e-02 0.000000000000e+00 0.000000000000e+00
2713 9.133337428788e-02 0.000000000000e+00 0.000000000000e+00
2714 9.136705141704e-02 0.000000000000e+00 0.000000000000e+00
2715 9.140072854620e-02 0.000000000000e+00 0.000000000000e+00
2716 9.143440567537e-02 0.000000000000e+00 0.000000000000e+00
2717 9.146808280453e-02 0.000000000000e+00 0.000000000000e+00
2718 9.150175993369e-02 0.000000000000e+00 0.000000000000e+00
2719 9.153543706285e-02 0.000000000000e+00 0.000000000000e+00
2720 9.156911419201e-02 0.000000000000e+00 0.000000000000e+00
2721 9.160279132118e-02 0.000000000000e+00 0.000000000000e+00
2722 9.163646845034e-02 0.000000000000e+00 0.000000000000e+00
2723 9.167014557950e-02 0.000000000000e+00 0.000000000000e+00
2724 9.170382270866e-02 0.000000000000e+00 0.000000000000e+00
2725 9.173749983783e-02 0.000000000000e+00 0.000000000000e+00
2726 9.177117696699e-02 0.000000000000e+00 0.000000000000e+00
2727 9.180485409615e-02 0.000000000000e+00 0.000000000000e+00
2728 9.183853122531e-02 0.000000000000e+00 0.000000000000e+00
2729 9.187220835447e-02 0.000000000000e+00 0.000000000000e+00
2730 9.190588548364e-02 0.000000000000e+00 0.000000000000e+00
2731 9.193956261280e-02 0.000000000000e+00 0.000000000000e+00
2732 9.197323974196e-02 0.000000000000e+00 0.000000000000e+00
2733 9.200691687112e-02 0.000000000000e+00 0.000000000000e+00
2734 9.204059400029e-02 0.000000000000e+00 0.000000000000e+00
2735 9.207427112945e-02 0.000000000000e+00 0.000000000000e+00
2736 9.210794825861e-02 0.000000000000e+00 0.000000000000e+00
2737 9.214162538777e-02 0.000000000000e+00 0.000000000000e+00
2738 9.217530251693e-02 0.000000000000e+00 0.000000000000e+00
2739 9.220897964610e-02 0.000000000000e+00 0.000000000000e+00
2740 9.224265677526e-02 0.000000000000e+00 0.000000000000e+00
2741 9.227633390442e-02 0.000000000000e+00 0.000000000000e+00
2742 9.231001103358e-02 0.000000000000e+00 0.000000000000e+00
2743 9.234368816275e-02 0.000000000000e+00 0.000000000000e+00
2744 9.237736529191e-02 0.000000000000e+00 0.000000000000e+00
2745 9.241104242107e-02 0.000000000000e+00 0.000000000000e+00
2746 9.244471955023e-02 0.000000000000e+00 0.000000000000e+00
2747 9.247839667939e-02 0.000000000000e+00 0.000000000000e+00
2748 9.251207380856e-02 0.000000000000e+00 0.000000000000e+00
2749 9.254575093772e-02 0.000000000000e+00 0.000000000000e+00
2750 9.257942806688e-02 0.000000000000e+00 0.000000000000e+00
2751 9.261310519604e-02 0.000000000000e+00 0.000000000000e+00
2752 9.264678232521e-02 0.000000000000e+00 0.000000000000e+00
2753 9.268045945437e-02 0.000000000000e+00 0.000000000000e+00
2754 9.271413658353e-02 0.000000000000e+00 0.000000000000e+00
2755 9.274781371269e-02 0.000000000000e+00 0.000000000000e+00
2756 9.278149084185e-02 0.000000000000e+00 0.000000000000e+00
2757 9.281516797102e-02 0.000000000000e+00 0.000000000000e+00
2758 9.284884510018e-02 0.000000000000e+00 0.000000000000e+00
2759 9.288252222934e-02 0.000000000000e+00 0.000000000000e+00
2760 9.291619935850e-02 0.000000000000e+00 0.000000000000e+00
2761 9.294987648766e-02 0.000000000000e+00 0.000000000000e+00
2762 9.298355361683e-02 0.000000000000e+00 0.000000000000e+00
2763 9.301723074599e-02 0.000000000000e+00 0.000000000000e+00
2764 9.305090787515e-02 0.000000000000e+00 0.000000000000e+00
2765 9.308458500431e-02 0.000000000000e+00 0.000000000000e+00
2766 9.311826213348e-02 0.000000000000e+00 0.000000000000e+00
2767 9.315193926264e-02 0.000000000000e+00 0.000000000000e+00
2768 9.318561639180e-02 0.000000000000e+00 0.000000000000e+00
2769 9.321929352096e-02 0.000000000000e+00 0.000000000000e+00
2770 9.325297065012e-02 0.000000000000e+00 0.000000000000e+00
2771 9.328664777929e-02 0.000000000000e+00 0.000000000000e+00
2772 9.332032490845e-02 0.000000000000e+00 0.000000000000e+00
2773 9.335400203761e-02 0.000000000000e+00 0.000000000000e+00
2774 9.338767916677e-02 0.000000000000e+00 0.000000000000e+00
2775 9.342135629594e-02 0.000000000000e+00 0.000000000000e+00
2776 9.345503342510e-02 0.000000000000e+00 0.000000000000e+00
2777 9.348871055426e-02 0.000000000000e+00 0.000000000000e+00
2778 9.352238768342e-02 0.000000000000e+00 0.000000000000e+00
2779 9.355606481258e-02 0.000000000000e+00 0.000000000000e+00
2780 9.358974194175e-02 0.000000000000e+00 0.000000000000e+00
2781 9.362341907091e-02 0.000000000000e+00 0.000000000000e+00
2782 9.365709620007e-02 0.000000000000e+00 0.000000000000e+00
2783 9.369077332923e-02 0.000000000000e+00 0.000000000000e+00
2784 9.372445045840e-02 0.000000000000e+00 0.000000000000e+00
2785 9.375812758756e-02 0.000000000000e+00 0.000000000000e+00
2786 9.379180471672e-02 0.000000000000e+00 0.000000000000e+00
2787 9.382548184588e-02 0.000000000000e+00 0.000000000000e+00
2788 9.385915897504e-02 0.000000000000e+00 0.000000000000e+00
2789 9.389283610421e-02 0.000000000000e+00 0.000000000000e+00
2790 9.392651323337e-02 0.000000000000e+00 0.000000000000e+00
2791 9.396019036253e-02 0.000000000000e+00 0.000000000000e+00
2792 9.399386749169e-02 0.000000000000e+00 0.000000000000e+00
2793 9.402754462086e-02 0.000000000000e+00 0.000000000000e+00
2794 9.406122175002e-02 0.000000000000e+00 0.000000000000e+00
2795 9.409489887918e-02 0.000000000000e+00 0.000000000000e+00
2796 9.412857600834e-02 0.000000000000e+00 0.000000000000e+00
2797 9.416225313750e-02 0.000000000000e+00 0.000000000000e+00
2798 9.419593026667e-02 0.000000000000e+00 0.000000000000e+00
2799 9.422960739583e-02 0.000000000000e+00 0.000000000000e+00
2800 9.426328452499e-02 0.000000000000e+00 0.000000000000e+00
2801 9.429696165415e-02 0.000000000000e+00 0.000000000000e+00
2802 9.433063878331e-02 0.000000000000e+00 0.000000000000e+00
2803 9.436431591248e-02 0.000000000000e+00 0.000000000000e+00
2804 9.439799304164e-02 0.000000000000e+00 0.000000000000e+00
2805 9.443167017080e-02 0.000000000000e+00 0.000000000000e+00
2806 9.446534729996e-02 0.000000000000e+00 0.000000000000e+00
2807 9.449902442913e-02 0.000000000000e+00 0.000000000000e+00
2808 9.453270155829e-02 0.000000000000e+00 0.000000000000e+00
2809 9.456637868745e-02 0.000000000000e+00 0.000000000000e+00
2810 9.460005581661e-02 0.000000000000e+00 0.000000000000e+00
2811 9.463373294577e-02 0.000000000000e+00 0.000000000000e+00
2812 9.466741007494e-02 0.000000000000e+00 0.000000000000e+00
2813 9.470108720410e-02 0.000000000000e+00 0.000000000000e+00
2814 9.473476433326e-02 0.000000000000e+00 0.000000000000e+00
2815 9.476844146242e-02 0.000000000000e+00 0.000000000000e+00
2816 9.480211859159e-02 0.000000000000e+00 0.000000000000e+00
2817 9.483579572075e-02 0.000000000000e+00 0.000000000000e+00
2818 9.486947284991e-02 0.000000000000e+00 0.000000000000e+00
2819 9.490314997907e-02 0.000000000000e+00 0.000000000000e+00
2820 9.493682710823e-02 0.000000000000e+00 0.000000000000e+00
2821 9.497050423740e-02 0.000000000000e+00 0.000000000000e+00
2822 9.500418136656e-02 0.000000000000e+00 0.000000000000e+00
2823 9.503785849572e-02 0.000000000000e+00 0.000000000000e+00
2824 9.507153562488e-02 0.000000000000e+00 0.000000000000e+00
2825 9.510521275405e-02 0.000000000000e+00 0.000000000000e+00
2826 9.513888988321e-02 0.000000000000e+00 0.000000000000e+00
2827 9.517256701237e-02 0.000000000000e+00 0.000000000000e+00
2828 9.520624414153e-02 0.000000000000e+00 0.000000000000e+00
2829 9.523992127069e-02 0.000000000000e+00 0.000000000000e+00
2830 9.527359839986e-02 0.000000000000e+00 0.000000000000e+00
2831 9.530727552902e-02 0.000000000000e+00 0.000000000000e+00
2832 9.534095265818e-02 0.000000000000e+00 0.000000000000e+00
2833 9.537462978734e-02 0.000000000000e+00 0.000000000000e+00
2834 9.540830691651e-02 0.000000000000e+00 0.000000000000e+00
2835 9.544198404567e-02 0.000000000000e+00 0.000000000000e+00
2836 9.547566117483e-02 0.000000000000e+00 0.000000000000e+00
2837 9.550933830399e-02 0.000000000000e+00 0.000000000000e+00
2838 9.554301543315e-02 0.000000000000e+00 0.000000000000e+00
2839 9.557669256232e-02 0.000000000000e+00 0.000000000000e+00
2840 9.561036969148e-02 0.000000000000e+00 0.000000000000e+00
2841 9.564404682064e-02 0.000000000000e+00 0.000000000000e+00
2842 9.567772394980e-02 0.000000000000e+00 0.000000000000e+00
2843 9.571140107897e-02 0.000000000000e+00 0.000000000000e+00
2844 9.574507820813e-02 0.000000000000e+00 0.000000000000e+00
2845 9.577875533729e-02 0.000000000000e+00 0.000000000000e+00
2846 9.581243246645e-02 0.000000000000e+00 0.000000000000e+00
2847 9.584610959561e-02 0.000000000000e+00 0.000000000000e+00
2848 9.587978672478e-02 0.000000000000e+00 0.000000000000e+00
2849 9.591346385394e-02 0.000000000000e+00 0.000000000000e+00
2850 9.594714098310e-02 0.000000000000e+00 0.000000000000e+00
2851 9.598081811226e-02 0.000000000000e+00 0.000000000000e+00
2852 9.601449524142e-02 0.000000000000e+00 0.000000000000e+00
2853 9.604817237059e-02 0.000000000000e+00 0.000000000000e+00
2854 9.608184949975e-02 0.000000000000e+00 0.000000000000e+00
2855 9.611552662891e-02 0.000000000000e+00 0.000000000000e+00
2856 9.614920375807e-02 0.000000000000e+00 0.000000000000e+00
2857 9.618288088724e-02 0.000000000000e+00 0.000000000000e+00
2858 9.621655801640e-02 0.000000000000e+00 0.000000000000e+00
2859 9.625023514556e-02 0.000000000000e+00 0.000000000000e+00
2860 9.628391227472e-02 0.000000000000e+00 0.000000000000e+00
2861 9.631758940388e-02 0.000000000000e+00 0.000000000000e+00
2862 9.635126653305e-02 0.000000000000e+00 0.000000000000e+00
2863 9.638494366221e-02 0.000000000000e+00 0.000000000000e+00
2864 9.641862079137e-02 0.000000000000e+00 0.000000000000e+00
2865 9.645229792053e-02 0.000000000000e+00 0.000000000000e+00
2866 9.648597504970e-02 0.000000000000e+00 0.000000000000e+00
2867 9.651965217886e-02 0.000000000000e+00 0.000000000000e+00
2868 9.655332930802e-02 0.000000000000e+00 0.000000000000e+00
2869 9.658700643718e-02 0.000000000000e+00 0.000000000000e+00
2870 9.662068356634e-02 0.000000000000e+00 0.000000000000e+00
2871 9.665436069551e-02 0.000000000000e+00 0.000000000000e+00
2872 9.668803782467e-02 0.000000000000e+00 0.000000000000e+00
2873 9.672171495383e-02 0.000000000000e+00 0.000000000000e+00
2874 9.675539208299e-02 0.000000000000e+00 0.000000000000e+00
2875 9.678906921216e-02 0.000000000000e+00 0.000000000000e+00
2876 9.682274634132e-02 0.000000000000e+00 0.000000000000e+00
2877 9.685642347048e-02 0.000000000000e+00 0.000000000000e+00
2878 9.689010059964e-02 0.000000000000e+00 0.000000000000e+00
2879 9.692377772880e-02 0.000000000000e+00 0.000000000000e+00
2880 9.695745485797e-02 0.000000000000e+00 0.000000000000e+00
2881 9.699113198713e-02 0.000000000000e+00 0.000000000000e+00
2882 9.702480911629e-02 0.000000000000e+00 0.000000000000e+00
2883 9.705848624545e-02 0.000000000000e+00 0.000000000000e+00
2884 9.709216337462e-02 0.000000000000e+00 0.000000000000e+00
2885 9.712584050378e-02 0.000000000000e+00 0.000000000000e+00
2886 9.715951763294e-02 0.000000000000e+00 0.000000000000e+00
2887 9.719319476210e-02 0.000000000000e+00 0.000000000000e+00
2888 9.722687189126e-02 0.000000000000e+00 0.000000000000e+00
2889 9.726054902043e-02 0.000000000000e+00 0.000000000000e+00
2890 9.729422614959e-02 0.000000000000e+00 0.000000000000e+00
2891 9.732790327875e-02 0.000000000000e+00 0.000000000000e+00
2892 9.736158040791e-02 0.000000000000e+00 0.000000000000e+00
2893 9.739525753707e-02 0.000000000000e+00 0.000000000000e+00
2894 9.742893466624e-02 0.000000000000e+00 0.000000000000e+00
2895 9.746261179540e-02 0.000000000000e+00 0.000000000000e+00
2896 9.749628892456e-02 0.000000000000e+00 0.000000000000e+00
2897 9.752996605372e-02 0.000000000000e+00 0.000000000000e+00
2898 9.756364318289e-02 0.000000000000e+00 0.000000000000e+00
2899 9.759732031205e-02 0.000000000000e+00 0.000000000000e+00
2900 9.763099744121e-02 0.000000000000e+00 0.000000000000e+00
2901 9.766467457037e-02 0.000000000000e+00 0.000000000000e+00
2902 9.769835169953e-02 0.000000000000e+00 0.000000000000e+00
2903 9.773202882870e-02 0.000000000000e+00 0.000000000000e+00
2904 9.776570595786e-02 0.000000000000e+00 0.000000000000e+00
2905 9.779938308702e-02 0.000000000000e+00 0.000000000000e+00
2906 9.783306021618e-02 0.000000000000e+00 0.000000000000e+00
2907 9.786673734535e-02 0.000000000000e+00 0.000000000000e+00
2908 9.790041447451e-02 0.000000000000e+00 0.000000000000e+00
2909 9.793409160367e-02 0.000000000000e+00 0.000000000000e+00
2910 9.796776873283e-02 0.000000000000e+00 0.000000000000e+00
2911 9.800144586199e-02 0.000000000000e+00 0.000000000000e+00
2912 9.803512299116e-02 0.000000000000e+00 0.000000000000e+00
2913 9.806880012032e-02 0.000000000000e+00 0.000000000000e+00
2914 9.810247724948e-02 0.000000000000e+00 0.000000000000e+00
2915 9.813615437864e-02 0.000000000000e+00 0.000000000000e+00
2916 9.816983150781e-02 0.000000000000e+00 0.000000000000e+00
2917 9.820350863697e-02 0.000000000000e+00 0.000000000000e+00
2918 9.823718576613e-02 0.000000000000e+00 0.000000000000e+00
2919 9.827086289529e-02 0.000000000000e+00 0.000000000000e+00
2920 9.830454002445e-02 0.000000000000e+00 0.000000000000e+00
2921 9.833821715362e-02 0.000000000000e+00 0.000000000000e+00
2922 9.837189428278e-02 0.000000000000e+00 0.000000000000e+00
2923 9.840557141194e-02 0.000000000000e+00 0.000000000000e+00
2924 9.843924854110e-02 0.000000000000e+00 0.000000000000e+00
2925 9.847292567027e-02 0.000000000000e+00 0.000000000000e+00
2926 9.850660279943e-02 0.000000000000e+00 0.000000000000e+00
2927 9.854027992859e-02 0.000000000000e+00 0.000000000000e+00
2928 9.857395705775e-02 0.000000000000e+00 0.000000000000e+00
2929 9.860763418691e-02 0.000000000000e+00 0.000000000000e+00
2930 9.864131131608e-02 0.000000000000e+00 0.000000000000e+00
2931 9.867498844524e-02 0.000000000000e+00 0.000000000000e+00
2932 9.870866557440e-02 0.000000000000e+00 0.000000000000e+00
2933 9.874234270356e-02 0.000000000000e+00 0.000000000000e+00
2934 9.877601983273e-02 0.000000000000e+00 0.000000000000e+00
2935 9.880969696189e-02 0.000000000000e+00 0.000000000000e+00
2936 9.884337409105e-02 0.000000000000e+00 0.000000000000e+00
2937 9.887705122021e-02 0.000000000000e+00 0.000000000000e+00
2938 9.891072834937e-02 0.000000000000e+00 0.000000000000e+00
2939 9.894440547854e-02 0.000000000000e+00 0.000000000000e+00
2940 9.897808260770e-02 0.000000000000e+00 0.000000000000e+00
2941 9.901175973686e-02 0.000000000000e+00 0.000000000000e+00
2942 9.904543686602e-02 0.000000000000e+00 0.000000000000e+00
2943 9.907911399518e-02 0.000000000000e+00 0.000000000000e+00
2944 9.911279112435e-02 0.000000000000e+00 0.000000000000e+00
2945 9.914646825351e-02 0.000000000000e+00 0.000000000000e+00
2946 9.918014538267e-02 0.000000000000e+00 0.000000000000e+00
2947 9.921382251183e-02 0.000000000000e+00 0.000000000000e+00
2948 9.924749964100e-02 0.000000000000e+00 0.000000000000e+00
2949 9.928117677016e-02 0.000000000000e+00 0.000000000000e+00
2950 9.931485389932e-02 0.000000000000e+00 0.000000000000e+00
2951 9.934853102848e-02 0.000000000000e+00 0.000000000000e+00
2952 9.938220815764e-02 0.000000000000e+00 0.000000000000e+00
2953 9.941588528681e-02 0.000000000000e+00 0.000000000000e+00
2954 9.944956241597e-02 0.000000000000e+00 0.000000000000e+00
2955 9.948323954513e-02 0.000000000000e+00 0.000000000000e+00
2956 9.951691667429e-02 0.000000000000e+00 0.000000000000e+00
2957 9.955059380346e-02 0.000000000000e+00 0.000000000000e+00
2958 9.958427093262e-02 0.000000000000e+00 0.000000000000e+00
2959 9.961794806178e-02 0.000000000000e+00 0.000000000000e+00
2960 9.965162519094e-02 0.000000000000e+00 0.000000000000e+00
2961 9.968530232010e-02 0.000000000000e+00 0.000000000000e+00
2962 9.971897944927e-02 0.000000000000e+00 0.000000000000e+00
2963 9.975265657843e-02 0.000000000000e+00 0.000000000000e+00
2964 9.978633370759e-02 0.000000000000e+00 0.000000000000e+00
2965 9.982001083675e-02 0.000000000000e+00 0.000000000000e+00
2966 9.985368796592e-02 0.000000000000e+00 0.000000000000e+00
2967 9.988736509508e-02 0.000000000000e+00 0.000000000000e+00
2968 9.992104222424e-02 0.000000000000e+00 0.000000000000e+00
2969 9.995471935340e-02 0.000000000000e+00 0.000000000000e+00
2970 9.998839648256e-02 0.000000000000e+00 0.000000000000e+00
2971 1.000220736117e-01 0.000000000000e+00 0.000000000000e+00
2972 1.000557507409e-01 0.000000000000e+00 0.000000000000e+00
2973 1.000894278701e-01 0.000000000000e+00 0.000000000000e+00
2974 1.001231049992e-01 0.000000000000e+00 0.000000000000e+00
2975 1.001567821284e-01 0.000000000000e+00 0.000000000000e+00
2976 1.001904592575e-01 0.000000000000e+00 0.000000000000e+00
2977 1.002241363867e-01 0.000000000000e+00 0.000000000000e+00
2978 1.002578135159e-01 0.000000000000e+00 0.000000000000e+00
2979 1.002914906450e-01 0.000000000000e+00 0.000000000000e+00
2980 1.003251677742e-01 0.000000000000e+00 0.000000000000e+00
2981 1.003588449033e-01 0.000000000000e+00 0.000000000000e+00
2982 1.003925220325e-01 0.000000000000e+00 0.000000000000e+00
2983 1.004261991617e-01 0.000000000000e+00 0.000000000000e+00
2984 1.004598762908e-01 0.000000000000e+00 0.000000000000e+00
2985 1.004935534200e-01 0.000000000000e+00 0.000000000000e+00
2986 1.005272305492e-01 0.000000000000e+00 0.000000000000e+00
2987 1.005609076783e-01 0.000000000000e+00 0.000000000000e+00
2988 1.005945848075e-01 0.000000000000e+00 0.000000000000e+00
2989 1.006282619366e-01 0.000000000000e+00 0.000000000000e+00
2990 1.006619390658e-01 0.000000000000e+00 0.000000000000e+00
2991 1.006956161950e-01 0.000000000000e+00 0.000000000000e+00
2992 1.007292933241e-01 0.000000000000e+00 0.000000000000e+00
2993 1.007629704533e-01 0.000000000000e+00 0.000000000000e+00
2994 1.007966475825e-01 0.000000000000e+00 0.000000000000e+00
2995 1.008303247116e-01 0.000000000000e+00 0.000000000000e+00
2996 1.008640018408e-01 0.000000000000e+00 0.000000000000e+00
2997 1.008976789699e-01 0.000000000000e+00 0.000000000000e+00
2998 1.009313560991e-01 0.000000000000e+00 0.000000000000e+00
2999 1.009650332283e-01 0.000000000000e+00 0.000000000000e+00
3000 1.009987103574e-01 0.000000000000e+00 0.000000000000e+00
3001 1.010323874866e-01 0.000000000000e+00 0.000000000000e+00
3002 1.010660646158e-01 0.000000000000e+00 0.000000000000e+00
3003 1.010997417449e-01 0.000000000000e+00 0.000000000000e+00
3004 1.011334188741e-01 0.000000000000e+00 0.000000000000e+00
3005 1.011670960032e-01 0.000000000000e+00 0.000000000000e+00
3006 1.012007731324e-01 0.000000000000e+00 0.000000000000e+00
3007 1.012344502616e-01 0.000000000000e+00 0.000000000000e+00
3008 1.012681273907e-01 0.000000000000e+00 0.000000000000e+00
3009 1.013018045199e-01 0.000000000000e+00 0.000000000000e+00
3010 1.013354816491e-01 0.000000000000e+00 0.000000000000e+00
3011 1.013691587782e-01 0.000000000000e+00 0.000000000000e+00
3012 1.014028359074e-01 0.000000000000e+00 0.000000000000e+00
3013 1.014365130365e-01 0.000000000000e+00 0.000000000000e+00
3014 1.014701901657e-01 0.000000000000e+00 0.000000000000e+00
3015 1.015038672949e-01 0.000000000000e+00 0.000000000000e+00
3016 1.015375444240e-01 0.000000000000e+00 0.000000000000e+00
3017 1.015712215532e-01 0.000000000000e+00 0.000000000000e+00
3018 1.016048986823e-01 0.000000000000e+00 0.000000000000e+00
3019 1.016385758115e-01 0.000000000000e+00 0.000000000000e+00
3020 1.016722529407e-01 0.000000000000e+00 0.000000000000e+00
3021 1.017059300698e-01 0.000000000000e+00 0.000000000000e+00
3022 1.017396071990e-01 0.000000000000e+00 0.000000000000e+00
3023 1.017732843282e-01 0.000000000000e+00 0.000000000000e+00
3024 1.018069614573e-01 0.000000000000e+00 0.000000000000e+00
3025 1.018406385865e-01 0.000000000000e+00 0.000000000000e+00
3026 1.018743157156e-01 0.000000000000e+00 0.000000000000e+00
3027 1.019079928448e-01 0.000000000000e+00 0.000000000000e+00
3028 1.019416699740e-01 0.000000000000e+00 0.000000000000e+00
3029 1.019753471031e-01 0.000000000000e+00 0.000000000000e+00
3030 1.020090242323e-01 0.000000000000e+00 0.000000000000e+00
3031 1.020427013615e-01 0.000000000000e+00 0.000000000000e+00
3032 1.020763784906e-01 0.000000000000e+00 0.000000000000e+00
3033 1.021100556198e-01 0.000000000000e+00 0.000000000000e+00
3034 1.021437327489e-01 0.000000000000e+00 0.000000000000e+00
3035 1.021774098781e-01 0.000000000000e+00 0.000000000000e+00
3036 1.022110870073e-01 0.000000000000e+00 0.000000000000e+00
3037 1.022447641364e-01 0.000000000000e+00 0.000000000000e+00
3038 1.022784412656e-01 0.000000000000e+00 0.000000000000e+00
3039 1.023121183948e-01 0.000000000000e+00 0.000000000000e+00
3040 1.023457955239e-01 0.000000000000e+00 0.000000000000e+00
3041 1.023794726531e-01 0.000000000000e+00 0.000000000000e+00
3042 1.024131497822e-01 0.000000000000e+00 0.000000000000e+00
3043 1.024468269114e-01 0.000000000000e+00 0.000000000000e+00
3044 1.024805040406e-01 0.000000000000e+00 0.000000000000e+00
3045 1.025141811697e-01 0.000000000000e+00 0.000000000000e+00
3046 1.025478582989e-01 0.000000000000e+00 0.000000000000e+00
3047 1.025815354281e-01 0.000000000000e+00 0.000000000000e+00
3048 1.026152125572e-01 0.000000000000e+00 0.000000000000e+00
3049 1.026488896864e-01 0.000000000000e+00 0.000000000000e+00
3050 1.026825668155e-01 0.000000000000e+00 0.000000000000e+00
3051 1.027162439447e-01 0.000000000000e+00 0.000000000000e+00
3052 1.027499210739e-01 0.000000000000e+00 0.000000000000e+00
3053 1.027835982030e-01 0.000000000000e+00 0.000000000000e+00
3054 1.028172753322e-01 0.000000000000e+00 0.000000000000e+00
3055 1.028509524614e-01 0.000000000000e+00 0.000000000000e+00
3056 1.028846295905e-01 0.000000000000e+00 0.000000000000e+00
3057 1.029183067197e-01 0.000000000000e+00 0.000000000000e+00
3058 1.029519838488e-01 0.000000000000e+00 0.000000000000e+00
3059 1.029856609780e-01 0.000000000000e+00 0.000000000000e+00
3060 1.030193381072e-01 0.000000000000e+00 0.000000000000e+00
3061 1.030530152363e-01 0.000000000000e+00 0.000000000000e+00
3062 1.030866923655e-01 0.000000000000e+00 0.000000000000e+00
3063 1.031203694946e-01 0.000000000000e+00 0.000000000000e+00
3064 1.031540466238e-01 0.000000000000e+00 0.000000000000e+00
3065 1.031877237530e-01 0.000000000000e+00 0.000000000000e+00
3066 1.032214008821e-01 0.000000000000e+00 0.000000000000e+00
3067 1.032550780113e-01 0.000000000000e+00 0.000000000000e+00
3068 1.032887551405e-01 0.000000000000e+00 0.000000000000e+00
3069 1.033224322696e-01 0.000000000000e+00 0.000000000000e+00
3070 1.033561093988e-01 0.000000000000e+00 0.000000000000e+00
3071 1.033897865279e-01 0.000000000000e+00 0.000000000000e+00
3072 1.034234636571e-01 0.000000000000e+00 0.000000000000e+00
3073 1.034571407863e-01 0.000000000000e+00 0.000000000000e+00
3074 1.034908179154e-01 0.000000000000e+00 0.000000000000e+00
3075 1.035244950446e-01 0.000000000000e+00 0.000000000000e+00
3076 1.035581721738e-01 0.000000000000e+00 0.000000000000e+00
3077 1.035918493029e-01 0.000000000000e+00 0.000000000000e+00
3078 1.036255264321e-01 0.000000000000e+00 0.000000000000e+00
3079 1.036592035612e-01 0.000000000000e+00 0.000000000000e+00
3080 1.036928806904e-01 0.000000000000e+00 0.000000000000e+00
3081 1.037265578196e-01 0.000000000000e+00 0.000000000000e+00
3082 1.037602349487e-01 0.000000000000e+00 0.000000000000e+00
3083 1.037939120779e-01 0.000000000000e+00 0.000000000000e+00
3084 1.038275892071e-01 0.000000000000e+00 0.000000000000e+00
3085 1.038612663362e-01 0.000000000000e+00 0.000000000000e+00
3086 1.038949434654e-01 0.000000000000e+00 0.000000000000e+00
3087 1.039286205945e-01 0.000000000000e+00 0.000000000000e+00
3088 1.039622977237e-01 0.000000000000e+00 0.000000000000e+00
3089 1.039959748529e-01 0.000000000000e+00 0.000000000000e+00
3090 1.040296519820e-01 0.000000000000e+00 0.000000000000e+00
3091 1.040633291112e-01 0.000000000000e+00 0.000000000000e+00
3092 1.040970062404e-01 0.000000000000e+00 0.000000000000e+00
3093 1.041306833695e-01 0.000000000000e+00 0.000000000000e+00
3094 1.041643604987e-01 0.000000000000e+00 0.000000000000e+00
3095 1.041980376278e-01 0.000000000000e+00 0.000000000000e+00
3096 1.042317147570e-01 0.000000000000e+00 0.000000000000e+00
3097 1.042653918862e-01 0.000000000000e+00 0.000000000000e+00
3098 1.042990690153e-01 0.000000000000e+00 0.000000000000e+00
3099 1.043327461445e-01 0.000000000000e+00 0.000000000000e+00
3100 1.043664232736e-01 0.000000000000e+00 0.000000000000e+00
3101 1.044001004028e-01 0.000000000000e+00 0.000000000000e+00
3102 1.044337775320e-01 0.000000000000e+00 0.000000000000e+00
3103 1.044674546611e-01 0.000000000000e+00 0.000000000000e+00
3104 1.045011317903e-01 0.000000000000e+00 0.000000000000e+00
3105 1.045348089195e-01 0.000000000000e+00 0.000000000000e+00
3106 1.045684860486e-01 0.000000000000e+00 0.000000000000e+00
3107 1.046021631778e-01 0.000000000000e+00 0.000000000000e+00
3108 1.046358403069e-01 0.000000000000e+00 0.000000000000e+00
3109 1.046695174361e-01 0.000000000000e+00 0.000000000000e+00
3110 1.047031945653e-01 0.000000000000e+00 0.000000000000e+00
3111 1.047368716944e-01 0.000000000000e+00 0.000000000000e+00
3112 1.047705488236e-01 0.000000000000e+00 0.000000000000e+00
3113 1.048042259528e-01 0.000000000000e+00 0.000000000000e+00
3114 1.048379030819e-01 0.000000000000e+00 0.000000000000e+00
3115 1.048715802111e-01 0.000000000000e+00 0.000000000000e+00
3116 1.049052573402e-01 0.000000000000e+00 0.000000000000e+00
3117 1.049389344694e-01 0.000000000000e+00 0.000000000000e+00
3118 1.049726115986e-01 0.000000000000e+00 0.000000000000e+00
3119 1.050062887277e-01 0.000000000000e+00 0.000000000000e+00
3120 1.050399658569e-01 0.000000000000e+00 0.000000000000e+00
3121 1.050736429861e-01 0.000000000000e+00 0.000000000000e+00
3122 1.051073201152e-01 0.000000000000e+00 0.000000000000e+00
3123 1.051409972444e-01 0.000000000000e+00 0.000000000000e+00
3124 1.051746743735e-01 0.000000000000e+00 0.000000000000e+00
3125 1.052083515027e-01 0.000000000000e+00 0.000000000000e+00
3126 1.052420286319e-01 0.000000000000e+00 0.000000000000e+00
3127 1.052757057610e-01 0.000000000000e+00 0.000000000000e+00
3128 1.053093828902e-01 0.000000000000e+00 0.000000000000e+00
3129 1.053430600194e-01 0.000000000000e+00 0.000000000000e+00
3130 1.053767371485e-01 0.000000000000e+00 0.000000000000e+00
3131 1.054104142777e-01 0.000000000000e+00 0.000000000000e+00
3132 1.054440914068e-01 0.000000000000e+00 0.000000000000e+00
3133 1.054777685360e-01 0.000000000000e+00 0.000000000000e+00
3134 1.055114456652e-01 0.000000000000e+00 0.000000000000e+00
3135 1.055451227943e-01 0.000000000000e+00 0.000000000000e+00
3136 1.055787999235e-01 0.000000000000e+00 0.000000000000e+00
3137 1.056124770527e-01 0.000000000000e+00 0.000000000000e+00
3138 1.056461541818e-01 0.000000000000e+00 0.000000000000e+00
3139 1.056798313110e-01 0.000000000000e+00 0.000000000000e+00
3140 1.057135084401e-01 0.000000000000e+00 0.000000000000e+00
3141 1.057471855693e-01 0.000000000000e+00 0.000000000000e+00
3142 1.057808626985e-01 0.000000000000e+00 0.000000000000e+00
3143 1.058145398276e-01 0.000000000000e+00 0.000000000000e+00
3144 1.058482169568e-01 0.000000000000e+00 0.000000000000e+00
3145 1.058818940859e-01 0.000000000000e+00 0.000000000000e+00
3146 1.059155712151e-01 0.000000000000e+00 0.000000000000e+00
3147 1.059492483443e-01 0.000000000000e+00 0.000000000000e+00
3148 1.059829254734e-01 0.000000000000e+00 0.000000000000e+00
3149 1.060166026026e-01 0.000000000000e+00 0.000000000000e+00
3150 1.060502797318e-01 0.000000000000e+00 0.000000000000e+00
3151 1.060839568609e-01 0.000000000000e+00 0.000000000000e+00
3152 1.061176339901e-01 0.000000000000e+00 0.000000000000e+00
3153 1.061513111192e-01 0.000000000000e+00 0.000000000000e+00
3154 1.061849882484e-01 0.000000000000e+00 0.000000000000e+00
3155 1.062186653776e-01 0.000000000000e+00 0.000000000000e+00
3156 1.062523425067e-01 0.000000000000e+00 0.000000000000e+00
3157 1.062860196359e-01 0.000000000000e+00 0.000000000000e+00
3158 1.063196967651e-01 0.000000000000e+00 0.000000000000e+00
3159 1.063533738942e-01 0.000000000000e+00 0.000000000000e+00
3160 1.063870510234e-01 0.000000000000e+00 0.000000000000e+00
3161 1.064207281525e-01 0.000000000000e+00 0.000000000000e+00
3162 1.064544052817e-01 0.000000000000e+00 0.000000000000e+00
3163 1.064880824109e-01 0.000000000000e+00 0.000000000000e+00
3164 1.065217595400e-01 0.000000000000e+00 0.000000000000e+00
3165 1.065554366692e-01 0.000000000000e+00 0.000000000000e+00
3166 1.065891137984e-01 0.000000000000e+00 0.000000000000e+00
3167 1.066227909275e-01 0.000000000000e+00 0.000000000000e+00
3168 1.066564680567e-01 0.000000000000e+00 0.000000000000e+00
3169 1.066901451858e-01 0.000000000000e+00 0.000000000000e+00
3170 1.067238223150e-01 0.000000000000e+00 0.000000000000e+00
3171 1.067574994442e-01 0.000000000000e+00 0.000000000000e+00
3172 1.067911765733e-01 0.000000000000e+00 0.000000000000e+00
3173 1.068248537025e-01 0.000000000000e+00 0.000000000000e+00
3174 1.068585308317e-01 0.000000000000e+00 0.000000000000e+00
3175 1.068922079608e-01 0.000000000000e+00 0.000000000000e+00
3176 1.069258850900e-01 0.000000000000e+00 0.000000000000e+00
3177 1.069595622191e-01 0.000000000000e+00 0.000000000000e+00
3178 1.069932393483e-01 0.000000000000e+00 0.000000000000e+00
3179 1.070269164775e-01 0.000000000000e+00 0.000000000000e+00
3180 1.070605936066e-01 0.000000000000e+00 0.000000000000e+00
3181 1.070942707358e-01 0.000000000000e+00 0.000000000000e+00
3182 1.071279478649e-01 0.000000000000e+00 0.000000000000e+00
3183 1.071616249941e-01 0.000000000000e+00 0.000000000000e+00
3184 1.071953021233e-01 0.000000000000e+00 0.000000000000e+00
3185 1.072289792524e-01 0.000000000000e+00 0.000000000000e+00
3186 1.072626563816e-01 0.000000000000e+00 0.000000000000e+00
3187 1.072963335108e-01 0.000000000000e+00 0.000000000000e+00
3188 1.073300106399e-01 0.000000000000e+00 0.000000000000e+00
3189 1.073636877691e-01 0.000000000000e+00 0.000000000000e+00
3190 1.073973648982e-01 0.000000000000e+00 0.000000000000e+00
3191 1.074310420274e-01 0.000000000000e+00 0.000000000000e+00
3192 1.074647191566e-01 0.000000000000e+00 0.000000000000e+00
3193 1.074983962857e-01 0.000000000000e+00 0.000000000000e+00
3194 1.075320734149e-01 0.000000000000e+00 0.000000000000e+00
3195 1.075657505441e-01 0.000000000000e+00 0.000000000000e+00
3196 1.075994276732e-01 0.000000000000e+00 0.000000000000e+00
3197 1.076331048024e-01 0.000000000000e+00 0.000000000000e+00
3198 1.076667819315e-01 0.000000000000e+00 0.000000000000e+00
3199 1.077004590607e-01 0.000000000000e+00 0.000000000000e+00
3200 1.077341361899e-01 0.000000000000e+00 0.000000000000e+00
3201 1.077678133190e-01 0.000000000000e+00 0.000000000000e+00
3202 1.078014904482e-01 0.000000000000e+00 0.000000000000e+00
3203 1.078351675774e-01 0.000000000000e+00 0.000000000000e+00
3204 1.078688447065e-01 0.000000000000e+00 0.000000000000e+00
3205 1.079025218357e-01 0.000000000000e+00 0.000000000000e+00
3206 1.079361989648e-01 0.000000000000e+00 0.000000000000e+00
3207 1.079698760940e-01 0.000000000000e+00 0.000000000000e+00
3208 1.080035532232e-01 0.000000000000e+00 0.000000000000e+00
3209 1.080372303523e-01 0.000000000000e+00 0.000000000000e+00
3210 1.080709074815e-01 0.000000000000e+00 0.000000000000e+00
3211 1.081045846107e-01 0.000000000000e+00 0.000000000000e+00
3212 1.081382617398e-01 0.000000000000e+00 0.000000000000e+00
3213 1.081719388690e-01 0.000000000000e+00 0.000000000000e+00
3214 1.082056159981e-01 0.000000000000e+00 0.000000000000e+00
3215 1.082392931273e-01 0.000000000000e+00 0.000000000000e+00
3216 1.082729702565e-01 0.000000000000e+00 0.000000000000e+00
3217 1.083066473856e-01 0.000000000000e+00 0.000000000000e+00
3218 1.083403245148e-01 0.000000000000e+00 0.000000000000e+00
3219 1.083740016440e-01 0.000000000000e+00 0.000000000000e+00
3220 1.084076787731e-01 0.000000000000e+00 0.000000000000e+00
3221 1.084413559023e-01 0.000000000000e+00 0.000000000000e+00
3222 1.084750330314e-01 0.000000000000e+00 0.000000000000e+00
3223 1.085087101606e-01 0.000000000000e+00 0.000000000000e+00
3224 1.085423872898e-01 0.000000000000e+00 0.000000000000e+00
3225 1.085760644189e-01 0.000000000000e+00 0.000000000000e+00
3226 1.086097415481e-01 0.000000000000e+00 0.000000000000e+00
3227 1.086434186772e-01 0.000000000000e+00 0.000000000000e+00
3228 1.086770958064e-01 0.000000000000e+00 0.000000000000e+00
3229 1.087107729356e-01 0.000000000000e+00 0.000000000000e+00
3230 1.087444500647e-01 0.000000000000e+00 0.000000000000e+00
3231 1.087781271939e-01 0.000000000000e+00 0.000000000000e+00
3232 1.088118043231e-01 0.000000000000e+00 0.000000000000e+00
3233 1.088454814522e-01 0.000000000000e+00 0.000000000000e+00
3234 1.088791585814e-01 0.000000000000e+00 0.000000000000e+00
3235 1.089128357105e-01 0.000000000000e+00 0.000000000000e+00
3236 1.089465128397e-01 0.000000000000e+00 0.000000000000e+00
3237 1.089801899689e-01 0.000000000000e+00 0.000000000000e+00
3238 1.090138670980e-01 0.000000000000e+00 0.000000000000e+00
3239 1.090475442272e-01 0.000000000000e+00 0.000000000000e+00
3240 1.090812213564e-01 0.000000000000e+00 0.000000000000e+00
3241 1.091148984855e-01 0.000000000000e+00 0.000000000000e+00
3242 1.091485756147e-01 0.000000000000e+00 0.000000000000e+00
3243 1.091822527438e-01 0.000000000000e+00 0.000000000000e+00
3244 1.092159298730e-01 0.000000000000e+00 0.000000000000e+00
3245 1.092496070022e-01 0.000000000000e+00 0.000000000000e+00
3246 1.092832841313e-01 0.000000000000e+00 0.000000000000e+00
3247 1.093169612605e-01 0.000000000000e+00 0.000000000000e+00
3248 1.093506383897e-01 0.000000000000e+00 0.000000000000e+00
3249 1.093843155188e-01 0.000000000000e+00 0.000000000000e+00
3250 1.094179926480e-01 0.000000000000e+00 0.000000000000e+00
3251 1.094516697771e-01 0.000000000000e+00 0.000000000000e+00
3252 1.094853469063e-01 0.000000000000e+00 0.000000000000e+00
3253 1.095190240355e-01 0.000000000000e+00 0.000000000000e+00
3254 1.095527011646e-01 0.000000000000e+00 0.000000000000e+00
3255 1.095863782938e-01 0.000000000000e+00 0.000000000000e+00
3256 1.096200554230e-01 0.000000000000e+00 0.000000000000e+00
3257 1.096537325521e-01 0.000000000000e+00 0.000000000000e+00
3258 1.096874096813e-01 0.000000000000e+00 0.000000000000e+00
3259 1.097210868104e-01 0.000000000000e+00 0.000000000000e+00
3260 1.097547639396e-01 0.000000000000e+00 0.000000000000e+00
3261 1.097884410688e-01 0.000000000000e+00 0.000000000000e+00
3262 1.098221181979e-01 0.000000000000e+00 0.000000000000e+00
3263 1.098557953271e-01 0.000000000000e+00 0.000000000000e+00
3264 1.098894724563e-01 0.000000000000e+00 0.000000000000e+00
3265 1.099231495854e-01 0.000000000000e+00 0.000000000000e+00
3266 1.099568267146e-01 0.000000000000e+00 0.000000000000e+00
3267 1.099905038437e-01 0.000000000000e+00 0.000000000000e+00
3268 1.100241809729e-01 0.000000000000e+00 0.000000000000e+00
3269 1.100578581021e-01 0.000000000000e+00 0.000000000000e+00
3270 1.100915352312e-01 0.000000000000e+00 0.000000000000e+00
3271 1.101252123604e-01 0.000000000000e+00 0.000000000000e+00
3272 1.101588894895e-01 0.000000000000e+00 0.000000000000e+00
3273 1.101925666187e-01 0.000000000000e+00 0.000000000000e+00
3274 1.102262437479e-01 0.000000000000e+00 0.000000000000e+00
3275 1.102599208770e-01 0.000000000000e+00 0.000000000000e+00
3276 1.102935980062e-01 0.000000000000e+00 0.000000000000e+00
3277 1.103272751354e-01 0.000000000000e+00 0.000000000000e+00
3278 1.103609522645e-01 0.000000000000e+00 0.000000000000e+00
3279 1.103946293937e-01 0.000000000000e+00 0.000000000000e+00
3280 1.104283065228e-01 0.000000000000e+00 0.000000000000e+00
3281 1.104619836520e-01 0.000000000000e+00 0.000000000000e+00
3282 1.104956607812e-01 0.000000000000e+00 0.000000000000e+00
3283 1.105293379103e-01 0.000000000000e+00 0.000000000000e+00
3284 1.105630150395e-01 0.000000000000e+00 0.000000000000e+00
3285 1.105966921687e-01 0.000000000000e+00 0.000000000000e+00
3286 1.106303692978e-01 0.000000000000e+00 0.000000000000e+00
3287 1.106640464270e-01 0.000000000000e+00 0.000000000000e+00
3288 1.106977235561e-01 0.000000000000e+00 0.000000000000e+00
3289 1.107314006853e-01 0.000000000000e+00 0.000000000000e+00
3290 1.107650778145e-01 0.000000000000e+00 0.000000000000e+00
3291 1.107987549436e-01 0.000000000000e+00 0.000000000000e+00
3292 1.108324320728e-01 0.000000000000e+00 0.000000000000e+00
3293 1.108661092020e-01 0.000000000000e+00 0.000000000000e+00
3294 1.108997863311e-01 0.000000000000e+00 0.000000000000e+00
3295 1.109334634603e-01 0.000000000000e+00 0.000000000000e+00
3296 1.109671405894e-01 0.000000000000e+00 0.000000000000e+00
3297 1.110008177186e-01 0.000000000000e+00 0.000000000000e+00
3298 1.110344948478e-01 0.000000000000e+00 0.000000000000e+00
3299 1.110681719769e-01 0.000000000000e+00 0.000000000000e+00
3300 1.111018491061e-01 0.000000000000e+00 0.000000000000e+00
3301 1.111355262353e-01 0.000000000000e+00 0.000000000000e+00
3302 1.111692033644e-01 0.000000000000e+00 0.000000000000e+00
3303 1.112028804936e-01 0.000000000000e+00 0.000000000000e+00
3304 1.112365576227e-01 0.000000000000e+00 0.000000000000e+00
3305 1.112702347519e-01 0.000000000000e+00 0.000000000000e+00
3306 1.113039118811e-01 0.000000000000e+00 0.000000000000e+00
3307 1.113375890102e-01 0.000000000000e+00 0.000000000000e+00
3308 1.113712661394e-01 0.000000000000e+00 0.000000000000e+00
3309 1.114049432685e-01 0.000000000000e+00 0.000000000000e+00
3310 1.114386203977e-01 0.000000000000e+00 0.000000000000e+00
3311 1.114722975269e-01 0.000000000000e+00 0.000000000000e+00
3312 1.115059746560e-01 0.000000000000e+00 0.000000000000e+00
3313 1.115396517852e-01 0.000000000000e+00 0.000000000000e+00
3314 1.115733289144e-01 0.000000000000e+00 0.000000000000e+00
3315 1.116070060435e-01 0.000000000000e+00 0.000000000000e+00
3316 1.116406831727e-01 0.000000000000e+00 0.000000000000e+00
3317 1.116743603018e-01 0.000000000000e+00 0.000000000000e+00
3318 1.117080374310e-01 0.000000000000e+00 0.000000000000e+00
3319 1.117417145602e-01 0.000000000000e+00 0.000000000000e+00
3320 1.117753916893e-01 0.000000000000e+00 0.000000000000e+00
3321 1.118090688185e-01 0.000000000000e+00 0.000000000000e+00
3322 1.118427459477e-01 0.000000000000e+00 0.000000000000e+00
3323 1.118764230768e-01 0.000000000000e+00 0.000000000000e+00
3324 1.119101002060e-01 0.000000000000e+00 0.000000000000e+00
3325 1.119437773351e-01 0.000000000000e+00 0.000000000000e+00
3326 1.119774544643e-01 0.000000000000e+00 0.000000000000e+00
3327 1.120111315935e-01 0.000000000000e+00 0.000000000000e+00
3328 1.120448087226e-01 0.000000000000e+00 0.000000000000e+00
3329 1.120784858518e-01 0.000000000000e+00 0.000000000000e+00
3330 1.121121629810e-01 0.000000000000e+00 0.000000000000e+00
3331 1.121458401101e-01 0.000000000000e+00 0.000000000000e+00
3332 1.121795172393e-01 0.000000000000e+00 0.000000000000e+00
3333 1.122131943684e-01 0.000000000000e+00 0.000000000000e+00
3334 1.122468714976e-01 0.000000000000e+00 0.000000000000e+00
3335 1.122805486268e-01 0.000000000000e+00 0.000000000000e+00
3336 1.123142257559e-01 0.000000000000e+00 0.000000000000e+00
3337 1.123479028851e-01 0.000000000000e+00 0.000000000000e+00
3338 1.123815800143e-01 0.000000000000e+00 0.000000000000e+00
3339 1.124152571434e-01 0.000000000000e+00 0.000000000000e+00
3340 1.124489342726e-01 0.000000000000e+00 0.000000000000e+00
3341 1.124826114017e-01 0.000000000000e+00 0.000000000000e+00
3342 1.125162885309e-01 0.000000000000e+00 0.000000000000e+00
3343 1.125499656601e-01 0.000000000000e+00 0.000000000000e+00
3344 1.125836427892e-01 0.000000000000e+00 0.000000000000e+00
3345 1.126173199184e-01 0.000000000000e+00 0.000000000000e+00
3346 1.126509970476e-01 0.000000000000e+00 0.000000000000e+00
3347 1.126846741767e-01 0.000000000000e+00 0.000000000000e+00
3348 1.127183513059e-01 0.000000000000e+00 0.000000000000e+00
3349 1.127520284350e-01 0.000000000000e+00 0.000000000000e+00
3350 1.127857055642e-01 0.000000000000e+00 0.000000000000e+00
3351 1.128193826934e-01 0.000000000000e+00 0.000000000000e+00
3352 1.128530598225e-01 0.000000000000e+00 0.000000000000e+00
3353 1.128867369517e-01 0.000000000000e+00 0.000000000000e+00
3354 1.129204140808e-01 0.000000000000e+00 0.000000000000e+00
3355 1.129540912100e-01 0.000000000000e+00 0.000000000000e+00
3356 1.129877683392e-01 0.000000000000e+00 0.000000000000e+00
3357 1.130214454683e-01 0.000000000000e+00 0.000000000000e+00
3358 1.130551225975e-01 0.000000000000e+00 0.000000000000e+00
3359 1.130887997267e-01 0.000000000000e+00 0.000000000000e+00
3360 1.131224768558e-01 0.000000000000e+00 0.000000000000e+00
3361 1.131561539850e-01 0.000000000000e+00 0.000000000000e+00
3362 1.131898311141e-01 0.000000000000e+00 0.000000000000e+00
3363 1.132235082433e-01 0.000000000000e+00 0.000000000000e+00
3364 1.132571853725e-01 0.000000000000e+00 0.000000000000e+00
3365 1.132908625016e-01 0.000000000000e+00 0.000000000000e+00
3366 1.133245396308e-01 0.000000000000e+00 0.000000000000e+00
3367 1.133582167600e-01 0.000000000000e+00 0.000000000000e+00
3368 1.133918938891e-01 0.000000000000e+00 0.000000000000e+00
3369 1.134255710183e-01 0.000000000000e+00 0.000000000000e+00
3370 1.134592481474e-01 0.000000000000e+00 0.000000000000e+00
3371 1.134929252766e-01 0.000000000000e+00 0.000000000000e+00
3372 1.135266024058e-01 0.000000000000e+00 0.000000000000e+00
3373 1.135602795349e-01 0.000000000000e+00 0.000000000000e+00
3374 1.135939566641e-01 0.000000000000e+00 0.000000000000e+00
3375 1.136276337933e-01 0.000000000000e+00 0.000000000000e+00
3376 1.136613109224e-01 0.000000000000e+00 0.000000000000e+00
3377 1.136949880516e-01 0.000000000000e+00 0.000000000000e+00
3378 1.137286651807e-01 0.000000000000e+00 0.000000000000e+00
3379 1.137623423099e-01 0.000000000000e+00 0.000000000000e+00
3380 1.137960194391e-01 0.000000000000e+00 0.000000000000e+00
3381 1.138296965682e-01 0.000000000000e+00 0.000000000000e+00
3382 1.138633736974e-01 0.000000000000e+00 0.000000000000e+00
3383 1.138970508266e-01 0.000000000000e+00 0.000000000000e+00
3384 1.139307279557e-01 0.000000000000e+00 0.000000000000e+00
3385 1.139644050849e-01 0.000000000000e+00 0.000000000000e+00
3386 1.139980822140e-01 0.000000000000e+00 0.000000000000e+00
3387 1.140317593432e-01 0.000000000000e+00 0.000000000000e+00
3388 1.140654364724e-01 0.000000000000e+00 0.000000000000e+00
3389 1.140991136015e-01 0.000000000000e+00 0.000000000000e+00
3390 1.141327907307e-01 0.000000000000e+00 0.000000000000e+00
3391 1.141664678598e-01 0.000000000000e+00 0.000000000000e+00
3392 1.142001449890e-01 0.000000000000e+00 0.000000000000e+00
3393 1.142338221182e-01 0.000000000000e+00 0.000000000000e+00
3394 1.142674992473e-01 0.000000000000e+00 0.000000000000e+00
3395 1.143011763765e-01 0.000000000000e+00 0.000000000000e+00
3396 1.143348535057e-01 0.000000000000e+00 0.000000000000e+00
3397 1.143685306348e-01 0.000000000000e+00 0.000000000000e+00
3398 1.144022077640e-01 0.000000000000e+00 0.000000000000e+00
3399 1.144358848931e-01 0.000000000000e+00 0.000000000000e+00
3400 1.144695620223e-01 0.000000000000e+00 0.000000000000e+00
3401 1.145032391515e-01 0.000000000000e+00 0.000000000000e+00
3402 1.145369162806e-01 0.000000000000e+00 0.000000000000e+00
3403 1.145705934098e-01 0.000000000000e+00 0.000000000000e+00
3404 1.146042705390e-01 0.000000000000e+00 0.000000000000e+00
3405 1.146379476681e-01 0.000000000000e+00 0.000000000000e+00
3406 1.146716247973e-01 0.000000000000e+00 0.000000000000e+00
3407 1.147053019264e-01 0.000000000000e+00 0.000000000000e+00
3408 1.147389790556e-01 0.000000000000e+00 0.000000000000e+00
3409 1.147726561848e-01 0.000000000000e+00 0.000000000000e+00
3410 1.148063333139e-01 0.000000000000e+00 0.000000000000e+00
3411 1.148400104431e-01 0.000000000000e+00 0.000000000000e+00
3412 1.148736875723e-01 0.000000000000e+00 0.000000000000e+00
3413 1.149073647014e-01 0.000000000000e+00 0.000000000000e+00
3414 1.149410418306e-01 0.000000000000e+00 0.000000000000e+00
3415 1.149747189597e-01 0.000000000000e+00 0.000000000000e+00
3416 1.150083960889e-01 0.000000000000e+00 0.000000000000e+00
3417 1.150420732181e-01 0.000000000000e+00 0.000000000000e+00
3418 1.150757503472e-01 0.000000000000e+00 0.000000000000e+00
3419 1.151094274764e-01 0.000000000000e+00 0.000000000000e+00
3420 1.151431046056e-01 0.000000000000e+00 0.000000000000e+00
3421 1.151767817347e-01 0.000000000000e+00 0.000000000000e+00
3422 1.152104588639e-01 0.000000000000e+00 0.000000000000e+00
3423 1.152441359930e-01 0.000000000000e+00 0.000000000000e+00
3424 1.152778131222e-01 0.000000000000e+00 0.000000000000e+00
3425 1.153114902514e-01 0.000000000000e+00 0.000000000000e+00
3426 1.153451673805e-01 0.000000000000e+00 0.000000000000e+00
3427 1.153788445097e-01 0.000000000000e+00 0.000000000000e+00
3428 1.154125216389e-01 0.000000000000e+00 0.000000000000e+00
3429 1.154461987680e-01 0.000000000000e+00 0.000000000000e+00
3430 1.154798758972e-01 0.000000000000e+00 0.000000000000e+00
3431 1.155135530263e-01 0.000000000000e+00 0.000000000000e+00
3432 1.155472301555e-01 0.000000000000e+00 0.000000000000e+00
3433 1.155809072847e-01 0.000000000000e+00 0.000000000000e+00
3434 1.156145844138e-01 0.000000000000e+00 0.000000000000e+00
3435 1.156482615430e-01 0.000000000000e+00 0.000000000000e+00
3436 1.156819386721e-01 0.000000000000e+00 0.000000000000e+00
3437 1.157156158013e-01 0.000000000000e+00 0.000000000000e+00
3438 1.157492929305e-01 0.000000000000e+00 0.000000000000e+00
3439 1.157829700596e-01 0.000000000000e+00 0.000000000000e+00
3440 1.158166471888e-01 0.000000000000e+00 0.000000000000e+00
3441 1.158503243180e-01 0.000000000000e+00 0.000000000000e+00
3442 1.158840014471e-01 0.000000000000e+00 0.000000000000e+00
3443 1.159176785763e-01 0.000000000000e+00 0.000000000000e+00
3444 1.159513557054e-01 0.000000000000e+00 0.000000000000e+00
3445 1.159850328346e-01 0.000000000000e+00 0.000000000000e+00
3446 1.160187099638e-01 0.000000000000e+00 0.000000000000e+00
3447 1.160523870929e-01 0.000000000000e+00 0.000000000000e+00
3448 1.160860642221e-01 0.000000000000e+00 0.000000000000e+00
3449 1.161197413513e-01 0.000000000000e+00 0.000000000000e+00
3450 1.161534184804e-01 0.000000000000e+00 0.000000000000e+00
3451 1.161870956096e-01 0.000000000000e+00 0.000000000000e+00
3452 1.162207727387e-01 0.000000000000e+00 0.000000000000e+00
3453 1.162544498679e-01 0.000000000000e+00 0.000000000000e+00
3454 1.162881269971e-01 0.000000000000e+00 0.000000000000e+00
3455 1.163218041262e-01 0.000000000000e+00 0.000000000000e+00
3456 1.163554812554e-01 0.000000000000e+00 0.000000000000e+00
3457 1.163891583846e-01 0.000000000000e+00 0.000000000000e+00
3458 1.164228355137e-01 0.000000000000e+00 0.000000000000e+00
3459 1.164565126429e-01 0.000000000000e+00 0.000000000000e+00
3460 1.164901897720e-01 0.000000000000e+00 0.000000000000e+00
3461 1.165238669012e-01 0.000000000000e+00 0.000000000000e+00
3462 1.165575440304e-01 0.000000000000e+00 0.000000000000e+00
3463 1.165912211595e-01 0.000000000000e+00 0.000000000000e+00
3464 1.166248982887e-01 0.000000000000e+00 0.000000000000e+00
3465 1.166585754179e-01 0.000000000000e+00 0.000000000000e+00
3466 1.166922525470e-01 0.000000000000e+00 0.000000000000e+00
3467 1.167259296762e-01 0.000000000000e+00 0.000000000000e+00
3468 1.167596068053e-01 0.000000000000e+00 0.000000000000e+00
3469 1.167932839345e-01 0.000000000000e+00 0.000000000000e+00
3470 1.168269610637e-01 0.000000000000e+00 0.000000000000e+00
3471 1.168606381928e-01 0.000000000000e+00 0.000000000000e+00
3472 1.168943153220e-01 0.000000000000e+00 0.000000000000e+00
3473 1.169279924511e-01 0.000000000000e+00 0.000000000000e+00
3474 1.169616695803e-01 0.000000000000e+00 0.000000000000e+00
3475 1.169953467095e-01 0.000000000000e+00 0.000000000000e+00
3476 1.170290238386e-01 0.000000000000e+00 0.000000000000e+00
3477 1.170627009678e-01 0.000000000000e+00 0.000000000000e+00
3478 1.170963780970e-01 0.000000000000e+00 0.000000000000e+00
3479 1.171300552261e-01 0.000000000000e+00 0.000000000000e+00
3480 1.171637323553e-01 0.000000000000e+00 0.000000000000e+00
3481 1.171974094844e-01 0.000000000000e+00 0.000000000000e+00
3482 1.172310866136e-01 0.000000000000e+00 0.000000000000e+00
3483 1.172647637428e-01 0.000000000000e+00 0.000000000000e+00
3484 1.172984408719e-01 0.000000000000e+00 0.000000000000e+00
3485 1.173321180011e-01 0.000000000000e+00 0.000000000000e+00
3486 1.173657951303e-01 0.000000000000e+00 0.000000000000e+00
3487 1.173994722594e-01 0.000000000000e+00 0.000000000000e+00
3488 1.174331493886e-01 0.000000000000e+00 0.000000000000e+00
3489 1.174668265177e-01 0.000000000000e+00 0.000000000000e+00
3490 1.175005036469e-01 0.000000000000e+00 0.000000000000e+00
3491 1.175341807761e-01 0.000000000000e+00 0.000000000000e+00
3492 1.175678579052e-01 0.000000000000e+00 0.000000000000e+00
3493 1.176015350344e-01 0.000000000000e+00 0.000000000000e+00
3494 1.176352121636e-01 0.000000000000e+00 0.000000000000e+00
3495 1.176688892927e-01 0.000000000000e+00 0.000000000000e+00
3496 1.177025664219e-01 0.000000000000e+00 0.000000000000e+00
3497 1.177362435510e-01 0.000000000000e+00 0.000000000000e+00
3498 1.177699206802e-01 0.000000000000e+00 0.000000000000e+00
3499 1.178035978094e-01 0.000000000000e+00 0.000000000000e+00
3500 1.178372749385e-01 0.000000000000e+00 0.000000000000e+00
3501 1.178709520677e-01 0.000000000000e+00 0.000000000000e+00
3502 1.179046291969e-01 0.000000000000e+00 0.000000000000e+00
3503 1.179383063260e-01 0.000000000000e+00 0.000000000000e+00
3504 1.179719834552e-01 0.000000000000e+00 0.000000000000e+00
3505 1.180056605843e-01 0.000000000000e+00 0.000000000000e+00
3506 1.180393377135e-01 0.000000000000e+00 0.000000000000e+00
3507 1.180730148427e-01 0.000000000000e+00 0.000000000000e+00
3508 1.181066919718e-01 0.000000000000e+00 0.000000000000e+00
3509 1.181403691010e-01 0.000000000000e+00 0.000000000000e+00
3510 1.181740462302e-01 0.000000000000e+00 0.000000000000e+00
3511 1.182077233593e-01 0.000000000000e+00 0.000000000000e+00
3512 1.182414004885e-01 0.000000000000e+00 0.000000000000e+00
3513 1.182750776176e-01 0.000000000000e+00 0.000000000000e+00
3514 1.183087547468e-01 0.000000000000e+00 0.000000000000e+00
3515 1.183424318760e-01 0.000000000000e+00 0.000000000000e+00
3516 1.183761090051e-01 0.000000000000e+00 0.000000000000e+00
3517 1.184097861343e-01 0.000000000000e+00 0.000000000000e+00
3518 1.184434632634e-01 0.000000000000e+00 0.000000000000e+00
3519 1.184771403926e-01 0.000000000000e+00 0.000000000000e+00
3520 1.185108175218e-01 0.000000000000e+00 0.000000000000e+00
3521 1.185444946509e-01 0.000000000000e+00 0.000000000000e+00
3522 1.185781717801e-01 0.000000000000e+00 0.000000000000e+00
3523 1.186118489093e-01 0.000000000000e+00 0.000000000000e+00
3524 1.186455260384e-01 0.000000000000e+00 0.000000000000e+00
3525 1.186792031676e-01 0.000000000000e+00 0.000000000000e+00
3526 1.187128802967e-01 0.000000000000e+00 0.000000000000e+00
3527 1.187465574259e-01 0.000000000000e+00 0.000000000000e+00
3528 1.187802345551e-01 0.000000000000e+00 0.000000000000e+00
3529 1.188139116842e-01 0.000000000000e+00 0.000000000000e+00
3530 1.188475888134e-01 0.000000000000e+00 0.000000000000e+00
3531 1.188812659426e-01 0.000000000000e+00 0.000000000000e+00
3532 1.189149430717e-01 0.000000000000e+00 0.000000000000e+00
3533 1.189486202009e-01 0.000000000000e+00 0.000000000000e+00
3534 1.189822973300e-01 0.000000000000e+00 0.000000000000e+00
3535 1.190159744592e-01 0.000000000000e+00 0.000000000000e+00
3536 1.190496515884e-01 0.000000000000e+00 0.000000000000e+00
3537 1.190833287175e-01 0.000000000000e+00 0.000000000000e+00
3538 1.191170058467e-01 0.000000000000e+00 0.000000000000e+00
3539 1.191506829759e-01 0.000000000000e+00 0.000000000000e+00
3540 1.191843601050e-01 0.000000000000e+00 0.000000000000e+00
3541 1.192180372342e-01 0.000000000000e+00 0.000000000000e+00
3542 1.192517143633e-01 0.000000000000e+00 0.000000000000e+00
3543 1.192853914925e-01 0.000000000000e+00 0.000000000000e+00
3544 1.193190686217e-01 0.000000000000e+00 0.000000000000e+00
3545 1.193527457508e-01 0.000000000000e+00 0.000000000000e+00
3546 1.193864228800e-01 0.000000000000e+00 0.000000000000e+00
3547 1.194201000092e-01 0.000000000000e+00 0.000000000000e+00
3548 1.194537771383e-01 0.000000000000e+00 0.000000000000e+00
3549 1.194874542675e-01 0.000000000000e+00 0.000000000000e+00
3550 1.195211313966e-01 0.000000000000e+00 0.000000000000e+00
3551 1.195548085258e-01 0.000000000000e+00 0.000000000000e+00
3552 1.195884856550e-01 0.000000000000e+00 0.000000000000e+00
3553 1.196221627841e-01 0.000000000000e+00 0.000000000000e+00
3554 1.196558399133e-01 0.000000000000e+00 0.000000000000e+00
3555 1.196895170424e-01 0.000000000000e+00 0.000000000000e+00
3556 1.197231941716e-01 0.000000000000e+00 0.000000000000e+00
3557 1.197568713008e-01 0.000000000000e+00 0.000000000000e+00
3558 1.197905484299e-01 0.000000000000e+00 0.000000000000e+00
3559 1.198242255591e-01 0.000000000000e+00 0.000000000000e+00
3560 1.198579026883e-01 0.000000000000e+00 0.000000000000e+00
3561 1.198915798174e-01 0.000000000000e+00 0.000000000000e+00
3562 1.199252569466e-01 0.000000000000e+00 0.000000000000e+00
3563 1.199589340757e-01 0.000000000000e+00 0.000000000000e+00
3564 1.199926112049e-01 0.000000000000e+00 0.000000000000e+00
3565 1.200262883341e-01 0.000000000000e+00 0.000000000000e+00
3566 1.200599654632e-01 0.000000000000e+00 0.000000000000e+00
3567 1.200936425924e-01 0.000000000000e+00 0.000000000000e+00
3568 1.201273197216e-01 0.000000000000e+00 0.000000000000e+00
3569 1.201609968507e-01 0.000000000000e+00 0.000000000000e+00
3570 1.201946739799e-01 0.000000000000e+00 0.000000000000e+00
3571 1.202283511090e-01 0.000000000000e+00 0.000000000000e+00
3572 1.202620282382e-01 0.000000000000e+00 0.000000000000e+00
3573 1.202957053674e-01 0.000000000000e+00 0.000000000000e+00
3574 1.203293824965e-01 0.000000000000e+00 0.000000000000e+00
3575 1.203630596257e-01 0.000000000000e+00 0.000000000000e+00
3576 1.203967367549e-01 0.000000000000e+00 0.000000000000e+00
3577 1.204304138840e-01 0.000000000000e+00 0.000000000000e+00
3578 1.204640910132e-01 0.000000000000e+00 0.000000000000e+00
3579 1.204977681423e-01 0.000000000000e+00 0.000000000000e+00
3580 1.205314452715e-01 0.000000000000e+00 0.000000000000e+00
3581 1.205651224007e-01 0.000000000000e+00 0.000000000000e+00
3582 1.205987995298e-01 0.000000000000e+00 0.000000000000e+00
3583 1.206324766590e-01 0.000000000000e+00 0.000000000000e+00
3584 1.206661537882e-01 0.000000000000e+00 0.000000000000e+00
3585 1.206998309173e-01 0.000000000000e+00 0.000000000000e+00
3586 1.207335080465e-01 0.000000000000e+00 0.000000000000e+00
3587 1.207671851756e-01 0.000000000000e+00 0.000000000000e+00
3588 1.208008623048e-01 0.000000000000e+00 0.000000000000e+00
3589 1.208345394340e-01 0.000000000000e+00 0.000000000000e+00
3590 1.208682165631e-01 0.000000000000e+00 0.000000000000e+00
3591 1.209018936923e-01 0.000000000000e+00 0.000000000000e+00
3592 1.209355708215e-01 0.000000000000e+00 0.000000000000e+00
3593 1.209692479506e-01 0.000000000000e+00 0.000000000000e+00
3594 1.210029250798e-01 0.000000000000e+00 0.000000000000e+00
3595 1.210366022089e-01 0.000000000000e+00 0.000000000000e+00
3596 1.210702793381e-01 0.000000000000e+00 0.000000000000e+00
3597 1.211039564673e-01 0.000000000000e+00 0.000000000000e+00
3598 1.211376335964e-01 0.000000000000e+00 0.000000000000e+00
3599 1.211713107256e-01 0.000000000000e+00 0.000000000000e+00
3600 1.212049878547e-01 0.000000000000e+00 0.000000000000e+00
3601 1.212386649839e-01 0.000000000000e+00 0.000000000000e+00
3602 1.212723421131e-01 0.000000000000e+00 0.000000000000e+00
3603 1.213060192422e-01 0.000000000000e+00 0.000000000000e+00
3604 1.213396963714e-01 0.000000000000e+00 0.000000000000e+00
3605 1.213733735006e-01 0.000000000000e+00 0.000000000000e+00
3606 1.214070506297e-01 0.000000000000e+00 0.000000000000e+00
3607 1.214407277589e-01 0.000000000000e+00 0.000000000000e+00
3608 1.214744048880e-01 0.000000000000e+00 0.000000000000e+00
3609 1.215080820172e-01 0.000000000000e+00 0.000000000000e+00
3610 1.215417591464e-01 0.000000000000e+00 0.000000000000e+00
3611 1.215754362755e-01 0.000000000000e+00 0.000000000000e+00
3612 1.216091134047e-01 0.000000000000e+00 0.000000000000e+00
3613 1.216427905339e-01 0.000000000000e+00 0.000000000000e+00
3614 1.216764676630e-01 0.000000000000e+00 0.000000000000e+00
3615 1.217101447922e-01 0.000000000000e+00 0.000000000000e+00
3616 1.217438219213e-01 0.000000000000e+00 0.000000000000e+00
3617 1.217774990505e-01 0.000000000000e+00 0.000000000000e+00
3618 1.218111761797e-01 0.000000000000e+00 0.000000000000e+00
3619 1.218448533088e-01 0.000000000000e+00 0.000000000000e+00
3620 1.218785304380e-01 0.000000000000e+00 0.000000000000e+00
3621 1.219122075672e-01 0.000000000000e+00 0.000000000000e+00
3622 1.219458846963e-01 0.000000000000e+00 0.000000000000e+00
3623 1.219795618255e-01 0.000000000000e+00 0.000000000000e+00
3624 1.220132389546e-01 0.000000000000e+00 0.000000000000e+00
3625 1.220469160838e-01 0.000000000000e+00 0.000000000000e+00
3626 1.220805932130e-01 0.000000000000e+00 0.000000000000e+00
3627 1.221142703421e-01 0.000000000000e+00 0.000000000000e+00
3628 1.221479474713e-01 0.000000000000e+00 0.000000000000e+00
3629 1.221816246005e-01 0.000000000000e+00 0.000000000000e+00
3630 1.222153017296e-01 0.000000000000e+00 0.000000000000e+00
3631 1.222489788588e-01 0.000000000000e+00 0.000000000000e+00
3632 1.222826559879e-01 0.000000000000e+00 0.000000000000e+00
3633 1.223163331171e-01 0.000000000000e+00 0.000000000000e+00
3634 1.223500102463e-01 0.000000000000e+00 0.000000000000e+00
3635 1.223836873754e-01 0.000000000000e+00 0.000000000000e+00
3636 1.224173645046e-01 0.000000000000e+00 0.000000000000e+00
3637 1.224510416337e-01 0.000000000000e+00 0.000000000000e+00
3638 1.224847187629e-01 0.000000000000e+00 0.000000000000e+00
3639 1.225183958921e-01 0.000000000000e+00 0.000000000000e+00
3640 1.225520730212e-01 0.000000000000e+00 0.000000000000e+00
3641 1.225857501504e-01 0.000000000000e+00 0.000000000000e+00
3642 1.226194272796e-01 0.000000000000e+00 0.000000000000e+00
3643 1.226531044087e-01 0.000000000000e+00 0.000000000000e+00
3644 1.226867815379e-01 0.000000000000e+00 0.000000000000e+00
3645 1.227204586670e-01 0.000000000000e+00 0.000000000000e+00
3646 1.227541357962e-01 0.000000000000e+00 0.000000000000e+00
3647 1.227878129254e-01 0.000000000000e+00 0.000000000000e+00
3648 1.228214900545e-01 0.000000000000e+00 0.000000000000e+00
3649 1.228551671837e-01 0.000000000000e+00 0.000000000000e+00
3650 1.228888443129e-01 0.000000000000e+00 0.000000000000e+00
3651 1.229225214420e-01 0.000000000000e+00 0.000000000000e+00
3652 1.229561985712e-01 0.000000000000e+00 0.000000000000e+00
3653 1.229898757003e-01 0.000000000000e+00 0.000000000000e+00
3654 1.230235528295e-01 0.000000000000e+00 0.000000000000e+00
3655 1.230572299587e-01 0.000000000000e+00 0.000000000000e+00
3656 1.230909070878e-01 0.000000000000e+00 0.000000000000e+00
3657 1.231245842170e-01 0.000000000000e+00 0.000000000000e+00
3658 1.231582613462e-01 0.000000000000e+00 0.000000000000e+00
3659 1.231919384753e-01 0.000000000000e+00 0.000000000000e+00
3660 1.232256156045e-01 0.000000000000e+00 0.000000000000e+00
3661 1.232592927336e-01 0.000000000000e+00 0.000000000000e+00
3662 1.232929698628e-01 0.000000000000e+00 0.000000000000e+00
3663 1.233266469920e-01 0.000000000000e+00 0.000000000000e+00
3664 1.233603241211e-01 0.000000000000e+00 0.000000000000e+00
3665 1.233940012503e-01 0.000000000000e+00 0.000000000000e+00
3666 1.234276783795e-01 0.000000000000e+00 0.000000000000e+00
3667 1.234613555086e-01 0.000000000000e+00 0.000000000000e+00
3668 1.234950326378e-01 0.000000000000e+00 0.000000000000e+00
3669 1.235287097669e-01 0.000000000000e+00 0.000000000000e+00
3670 1.235623868961e-01 0.000000000000e+00 0.000000000000e+00
3671 1.235960640253e-01 0.000000000000e+00 0.000000000000e+00
3672 1.236297411544e-01 0.000000000000e+00 0.000000000000e+00
3673 1.236634182836e-01 0.000000000000e+00 0.000000000000e+00
3674 1.236970954128e-01 0.000000000000e+00 0.000000000000e+00
3675 1.237307725419e-01 0.000000000000e+00 0.000000000000e+00
3676 1.237644496711e-01 0.000000000000e+00 0.000000000000e+00
3677 1.237981268002e-01 0.000000000000e+00 0.000000000000e+00
3678 1.238318039294e-01 0.000000000000e+00 0.000000000000e+00
3679 1.238654810586e-01 0.000000000000e+00 0.000000000000e+00
3680 1.238991581877e-01 0.000000000000e+00 0.000000000000e+00
3681 1.239328353169e-01 0.000000000000e+00 0.000000000000e+00
3682 1.239665124460e-01 0.000000000000e+00 0.000000000000e+00
3683 1.240001895752e-01 0.000000000000e+00 0.000000000000e+00
3684 1.240338667044e-01 0.000000000000e+00 0.000000000000e+00
3685 1.240675438335e-01 0.000000000000e+00 0.000000000000e+00
3686 1.241012209627e-01 0.000000000000e+00 0.000000000000e+00
3687 1.241348980919e-01 0.000000000000e+00 0.000000000000e+00
3688 1.241685752210e-01 0.000000000000e+00 0.000000000000e+00
3689 1.242022523502e-01 0.000000000000e+00 0.000000000000e+00
3690 1.242359294793e-01 0.000000000000e+00 0.000000000000e+00
3691 1.242696066085e-01 0.000000000000e+00 0.000000000000e+00
3692 1.243032837377e-01 0.000000000000e+00 0.000000000000e+00
3693 1.243369608668e-01 0.000000000000e+00 0.000000000000e+00
3694 1.243706379960e-01 0.000000000000e+00 0.000000000000e+00
3695 1.244043151252e-01 0.000000000000e+00 0.000000000000e+00
3696 1.244379922543e-01 0.000000000000e+00 0.000000000000e+00
3697 1.244716693835e-01 0.000000000000e+00 0.000000000000e+00
3698 1.245053465126e-01 0.000000000000e+00 0.000000000000e+00
3699 1.245390236418e-01 0.000000000000e+00 0.000000000000e+00
3700 1.245727007710e-01 0.000000000000e+00 0.000000000000e+00
3701 1.246063779001e-01 0.000000000000e+00 0.000000000000e+00
3702 1.246400550293e-01 0.000000000000e+00 0.000000000000e+00
3703 1.246737321585e-01 0.000000000000e+00 0.000000000000e+00
3704 1.247074092876e-01 0.000000000000e+00 0.000000000000e+00
3705 1.247410864168e-01 0.000000000000e+00 0.000000000000e+00
3706 1.247747635459e-01 0.000000000000e+00 0.000000000000e+00
3707 1.248084406751e-01 0.000000000000e+00 0.000000000000e+00
3708 1.248421178043e-01 0.000000000000e+00 0.000000000000e+00
3709 1.248757949334e-01 0.000000000000e+00 0.000000000000e+00
3710 1.249094720626e-01 0.000000000000e+00 0.000000000000e+00
3711 1.249431491918e-01 0.000000000000e+00 0.000000000000e+00
3712 1.249768263209e-01 0.000000000000e+00 0.000000000000e+00
3713 1.250105034501e-01 0.000000000000e+00 0.000000000000e+00
3714 1.250441805792e-01 0.000000000000e+00 0.000000000000e+00
3715 1.250778577084e-01 0.000000000000e+00 0.000000000000e+00
3716 1.251115348376e-01 0.000000000000e+00 0.000000000000e+00
3717 1.251452119667e-01 0.000000000000e+00 0.000000000000e+00
3718 1.251788890959e-01 0.000000000000e+00 0.000000000000e+00
3719 1.252125662250e-01 0.000000000000e+00 0.000000000000e+00
3720 1.252462433542e-01 0.000000000000e+00 0.000000000000e+00
3721 1.252799204834e-01 0.000000000000e+00 0.000000000000e+00
3722 1.253135976125e-01 0.000000000000e+00 0.000000000000e+00
3723 1.253472747417e-01 0.000000000000e+00 0.000000000000e+00
3724 1.253809518709e-01 0.000000000000e+00 0.000000000000e+00
3725 1.254146290000e-01 0.000000000000e+00 0.000000000000e+00
3726 1.254483061292e-01 0.000000000000e+00 0.000000000000e+00
3727 1.254819832583e-01 0.000000000000e+00 0.000000000000e+00
3728 1.255156603875e-01 0.000000000000e+00 0.000000000000e+00
3729 1.255493375167e-01 0.000000000000e+00 0.000000000000e+00
3730 1.255830146458e-01 0.000000000000e+00 0.000000000000e+00
3731 1.256166917750e-01 0.000000000000e+00 0.000000000000e+00
3732 1.256503689042e-01 0.000000000000e+00 0.000000000000e+00
3733 1.256840460333e-01 0.000000000000e+00 0.000000000000e+00
3734 1.257177231625e-01 0.000000000000e+00 0.000000000000e+00
3735 1.257514002916e-01 0.000000000000e+00 0.000000000000e+00
3736 1.257850774208e-01 0.000000000000e+00 0.000000000000e+00
3737 1.258187545500e-01 0.000000000000e+00 0.000000000000e+00
3738 1.258524316791e-01 0.000000000000e+00 0.000000000000e+00
3739 1.258861088083e-01 0.000000000000e+00 0.000000000000e+00
3740 1.259197859375e-01 0.000000000000e+00 0.000000000000e+00
3741 1.259534630666e-01 0.000000000000e+00 0.000000000000e+00
3742 1.259871401958e-01 0.000000000000e+00 0.000000000000e+00
3743 1.260208173249e-01 0.000000000000e+00 0.000000000000e+00
3744 1.260544944541e-01 0.000000000000e+00 0.000000000000e+00
3745 1.260881715833e-01 0.000000000000e+00 0.000000000000e+00
3746 1.261218487124e-01 0.000000000000e+00 0.000000000000e+00
3747 1.261555258416e-01 0.000000000000e+00 0.000000000000e+00
3748 1.261892029708e-01 0.000000000000e+00 0.000000000000e+00
3749 1.262228800999e-01 0.000000000000e+00 0.000000000000e+00
3750 1.262565572291e-01 0.000000000000e+00 0.000000000000e+00
3751 1.262902343582e-01 0.000000000000e+00 0.000000000000e+00
3752 1.263239114874e-01 0.000000000000e+00 0.000000000000e+00
3753 1.263575886166e-01 0.000000000000e+00 0.000000000000e+00
3754 1.263912657457e-01 0.000000000000e+00 0.000000000000e+00
3755 1.264249428749e-01 0.000000000000e+00 0.000000000000e+00
3756 1.264586200041e-01 0.000000000000e+00 0.000000000000e+00
3757 1.264922971332e-01 0.000000000000e+00 0.000000000000e+00
3758 1.265259742624e-01 0.000000000000e+00 0.000000000000e+00
3759 1.265596513915e-01 0.000000000000e+00 0.000000000000e+00
3760 1.265933285207e-01 0.000000000000e+00 0.000000000000e+00
3761 1.266270056499e-01 0.000000000000e+00 0.000000000000e+00
3762 1.266606827790e-01 0.000000000000e+00 0.000000000000e+00
3763 1.266943599082e-01 0.000000000000e+00 0.000000000000e+00
3764 1.267280370373e-01 0.000000000000e+00 0.000000000000e+00
3765 1.267617141665e-01 0.000000000000e+00 0.000000000000e+00
3766 1.267953912957e-01 0.000000000000e+00 0.000000000000e+00
3767 1.268290684248e-01 0.000000000000e+00 0.000000000000e+00
3768 1.268627455540e-01 0.000000000000e+00 0.000000000000e+00
3769 1.268964226832e-01 0.000000000000e+00 0.000000000000e+00
3770 1.269300998123e-01 0.000000000000e+00 0.000000000000e+00
3771 1.269637769415e-01 0.000000000000e+00 0.000000000000e+00
3772 1.269974540706e-01 0.000000000000e+00 0.000000000000e+00
3773 1.270311311998e-01 0.000000000000e+00 0.000000000000e+00
3774 1.270648083290e-01 0.000000000000e+00 0.000000000000e+00
3775 1.270984854581e-01 0.000000000000e+00 0.000000000000e+00
3776 1.271321625873e-01 0.000000000000e+00 0.000000000000e+00
3777 1.271658397165e-01 0.000000000000e+00 0.000000000000e+00
3778 1.271995168456e-01 0.000000000000e+00 0.000000000000e+00
3779 1.272331939748e-01 0.000000000000e+00 0.000000000000e+00
3780 1.272668711039e-01 0.000000000000e+00 0.000000000000e+00
3781 1.273005482331e-01 0.000000000000e+00 0.000000000000e+00
3782 1.273342253623e-01 0.000000000000e+00 0.000000000000e+00
3783 1.273679024914e-01 0.000000000000e+00 0.000000000000e+00
3784 1.274015796206e-01 0.000000000000e+00 0.000000000000e+00
3785 1.274352567498e-01 0.000000000000e+00 0.000000000000e+00
3786 1.274689338789e-01 0.000000000000e+00 0.000000000000e+00
3787 1.275026110081e-01 0.000000000000e+00 0.000000000000e+00
3788 1.275362881372e-01 0.000000000000e+00 0.000000000000e+00
3789 1.275699652664e-01 0.000000000000e+00 0.000000000000e+00
3790 1.276036423956e-01 0.000000000000e+00 0.000000000000e+00
3791 1.276373195247e-01 0.000000000000e+00 0.000000000000e+00
3792 1.276709966539e-01 0.000000000000e+00 0.000000000000e+00
3793 1.277046737831e-01 0.000000000000e+00 0.000000000000e+00
3794 1.277383509122e-01 0.000000000000e+00 0.000000000000e+00
3795 1.277720280414e-01 0.000000000000e+00 0.000000000000e+00
3796 1.278057051705e-01 0.000000000000e+00 0.000000000000e+00
3797 1.278393822997e-01 0.000000000000e+00 0.000000000000e+00
3798 1.278730594289e-01 0.000000000000e+00 0.000000000000e+00
3799 1.279067365580e-01 0.000000000000e+00 0.000000000000e+00
3800 1.279404136872e-01 0.000000000000e+00 0.000000000000e+00
3801 1.279740908164e-01 0.000000000000e+00 0.000000000000e+00
3802 1.280077679455e-01 0.000000000000e+00 0.000000000000e+00
3803 1.280414450747e-01 0.000000000000e+00 0.000000000000e+00
3804 1.280751222038e-01 0.000000000000e+00 0.000000000000e+00
3805 1.281087993330e-01 0.000000000000e+00 0.000000000000e+00
3806 1.281424764622e-01 0.000000000000e+00 0.000000000000e+00
3807 1.281761535913e-01 0.000000000000e+00 0.000000000000e+00
3808 1.282098307205e-01 0.000000000000e+00 0.000000000000e+00
3809 1.282435078496e-01 0.000000000000e+00 0.000000000000e+00
3810 1.282771849788e-01 0.000000000000e+00 0.000000000000e+00
3811 1.283108621080e-01 0.000000000000e+00 0.000000000000e+00
3812 1.283445392371e-01 0.000000000000e+00 0.000000000000e+00
3813 1.283782163663e-01 0.000000000000e+00 0.000000000000e+00
3814 1.284118934955e-01 0.000000000000e+00 0.000000000000e+00
3815 1.284455706246e-01 0.000000000000e+00 0.000000000000e+00
3816 1.284792477538e-01 0.000000000000e+00 0.000000000000e+00
3817 1.285129248829e-01 0.000000000000e+00 0.000000000000e+00
3818 1.285466020121e-01 0.000000000000e+00 0.000000000000e+00
3819 1.285802791413e-01 0.000000000000e+00 0.000000000000e+00
3820 1.286139562704e-01 0.000000000000e+00 0.000000000000e+00
3821 1.286476333996e-01 0.000000000000e+00 0.000000000000e+00
3822 1.286813105288e-01 0.000000000000e+00 0.000000000000e+00
3823 1.287149876579e-01 0.000000000000e+00 0.000000000000e+00
3824 1.287486647871e-01 0.000000000000e+00 0.000000000000e+00
3825 1.287823419162e-01 0.000000000000e+00 0.000000000000e+00
3826 1.288160190454e-01 0.000000000000e+00 0.000000000000e+00
3827 1.288496961746e-01 0.000000000000e+00 0.000000000000e+00
3828 1.288833733037e-01 0.000000000000e+00 0.000000000000e+00
3829 1.289170504329e-01 0.000000000000e+00 0.000000000000e+00
3830 1.289507275621e-01 0.000000000000e+00 0.000000000000e+00
3831 1.289844046912e-01 0.000000000000e+00 0.000000000000e+00
3832 1.290180818204e-01 0.000000000000e+00 0.000000000000e+00
3833 1.290517589495e-01 0.000000000000e+00 0.000000000000e+00
3834 1.290854360787e-01 0.000000000000e+00 0.000000000000e+00
3835 1.291191132079e-01 0.000000000000e+00 0.000000000000e+00
3836 1.291527903370e-01 0.000000000000e+00 0.000000000000e+00
3837 1.291864674662e-01 0.000000000000e+00 0.000000000000e+00
3838 1.292201445954e-01 0.000000000000e+00 0.000000000000e+00
3839 1.292538217245e-01 0.000000000000e+00 0.000000000000e+00
3840 1.292874988537e-01 0.000000000000e+00 0.000000000000e+00
3841 1.293211759828e-01 0.000000000000e+00 0.000000000000e+00
3842 1.293548531120e-01 0.000000000000e+00 0.000000000000e+00
3843 1.293885302412e-01 0.000000000000e+00 0.000000000000e+00
3844 1.294222073703e-01 0.000000000000e+00 0.000000000000e+00
3845 1.294558844995e-01 0.000000000000e+00 0.000000000000e+00
3846 1.294895616286e-01 0.000000000000e+00 0.000000000000e+00
3847 1.295232387578e-01 0.000000000000e+00 0.000000000000e+00
3848 1.295569158870e-01 0.000000000000e+00 0.000000000000e+00
3849 1.295905930161e-01 0.000000000000e+00 0.000000000000e+00
3850 1.296242701453e-01 0.000000000000e+00 0.000000000000e+00
3851 1.296579472745e-01 0.000000000000e+00 0.000000000000e+00
3852 1.296916244036e-01 0.000000000000e+00 0.000000000000e+00
3853 1.297253015328e-01 0.000000000000e+00 0.000000000000e+00
3854 1.297589786619e-01 0.000000000000e+00 0.000000000000e+00
3855 1.297926557911e-01 0.000000000000e+00 0.000000000000e+00
3856 1.298263329203e-01 0.000000000000e+00 0.000000000000e+00
3857 1.298600100494e-01 0.000000000000e+00 0.000000000000e+00
3858 1.298936871786e-01 0.000000000000e+00 0.000000000000e+00
3859 1.299273643078e-01 0.000000000000e+00 0.000000000000e+00
3860 1.299610414369e-01 0.000000000000e+00 0.000000000000e+00
3861 1.299947185661e-01 0.000000000000e+00 0.000000000000e+00
3862 1.300283956952e-01 0.000000000000e+00 0.000000000000e+00
3863 1.300620728244e-01 0.000000000000e+00 0.000000000000e+00
3864 1.300957499536e-01 0.000000000000e+00 0.000000000000e+00
3865 1.301294270827e-01 0.000000000000e+00 0.000000000000e+00
3866 1.301631042119e-01 0.000000000000e+00 0.000000000000e+00
3867 1.301967813411e-01 0.000000000000e+00 0.000000000000e+00
3868 1.302304584702e-01 0.000000000000e+00 0.000000000000e+00
3869 1.302641355994e-01 0.000000000000e+00 0.000000000000e+00
3870 1.302978127285e-01 0.000000000000e+00 0.000000000000e+00
3871 1.303314898577e-01 0.000000000000e+00 0.000000000000e+00
3872 1.303651669869e-01 0.000000000000e+00 0.000000000000e+00
3873 1.303988441160e-01 0.000000000000e+00 0.000000000000e+00
3874 1.304325212452e-01 0.000000000000e+00 0.000000000000e+00
3875 1.304661983744e-01 0.000000000000e+00 0.000000000000e+00
3876 1.304998755035e-01 0.000000000000e+00 0.000000000000e+00
3877 1.305335526327e-01 0.000000000000e+00 0.000000000000e+00
3878 1.305672297618e-01 0.000000000000e+00 0.000000000000e+00
3879 1.306009068910e-01 0.000000000000e+00 0.000000000000e+00
3880 1.306345840202e-01 0.000000000000e+00 0.000000000000e+00
3881 1.306682611493e-01 0.000000000000e+00 0.000000000000e+00
3882 1.307019382785e-01 0.000000000000e+00 0.000000000000e+00
3883 1.307356154077e-01 0.000000000000e+00 0.000000000000e+00
3884 1.307692925368e-01 0.000000000000e+00 0.000000000000e+00
3885 1.308029696660e-01 0.000000000000e+00 0.000000000000e+00
3886 1.308366467951e-01 0.000000000000e+00 0.000000000000e+00
3887 1.308703239243e-01 0.000000000000e+00 0.000000000000e+00
3888 1.309040010535e-01 0.000000000000e+00 0.000000000000e+00
3889 1.309376781826e-01 0.000000000000e+00 0.000000000000e+00
3890 1.309713553118e-01 0.000000000000e+00 0.000000000000e+00
3891 1.310050324409e-01 0.000000000000e+00 0.000000000000e+00
3892 1.310387095701e-01 0.000000000000e+00 0.000000000000e+00
3893 1.310723866993e-01 0.000000000000e+00 0.000000000000e+00
3894 1.311060638284e-01 0.000000000000e+00 0.000000000000e+00
3895 1.311397409576e-01 0.000000000000e+00 0.000000000000e+00
3896 1.311734180868e-01 0.000000000000e+00 0.000000000000e+00
3897 1.312070952159e-01 0.000000000000e+00 0.000000000000e+00
3898 1.312407723451e-01 0.000000000000e+00 0.000000000000e+00
3899 1.312744494742e-01 0.000000000000e+00 0.000000000000e+00
3900 1.313081266034e-01 0.000000000000e+00 0.000000000000e+00
3901 1.313418037326e-01 0.000000000000e+00 0.000000000000e+00
3902 1.313754808617e-01 0.000000000000e+00 0.000000000000e+00
3903 1.314091579909e-01 0.000000000000e+00 0.000000000000e+00
3904 1.314428351201e-01 0.000000000000e+00 0.000000000000e+00
3905 1.314765122492e-01 0.000000000000e+00 0.000000000000e+00
3906 1.315101893784e-01 0.000000000000e+00 0.000000000000e+00
3907 1.315438665075e-01 0.000000000000e+00 0.000000000000e+00
3908 1.315775436367e-01 0.000000000000e+00 0.000000000000e+00
3909 1.316112207659e-01 0.000000000000e+00 0.000000000000e+00
3910 1.316448978950e-01 0.000000000000e+00 0.000000000000e+00
3911 1.316785750242e-01 0.000000000000e+00 0.000000000000e+00
3912 1.317122521534e-01 0.000000000000e+00 0.000000000000e+00
3913 1.317459292825e-01 0.000000000000e+00 0.000000000000e+00
3914 1.317796064117e-01 0.000000000000e+00 0.000000000000e+00
3915 1.318132835408e-01 0.000000000000e+00 0.000000000000e+00
3916 1.318469606700e-01 0.000000000000e+00 0.000000000000e+00
3917 1.318806377992e-01 0.000000000000e+00 0.000000000000e+00
3918 1.319143149283e-01 0.000000000000e+00 0.000000000000e+00
3919 1.319479920575e-01 0.000000000000e+00 0.000000000000e+00
3920 1.319816691867e-01 0.000000000000e+00 0.000000000000e+00
3921 1.320153463158e-01 0.000000000000e+00 0.000000000000e+00
3922 1.320490234450e-01 0.000000000000e+00 0.000000000000e+00
3923 1.320827005741e-01 0.000000000000e+00 0.000000000000e+00
3924 1.321163777033e-01 0.000000000000e+00 0.000000000000e+00
3925 1.321500548325e-01 0.000000000000e+00 0.000000000000e+00
3926 1.321837319616e-01 0.000000000000e+00 0.000000000000e+00
3927 1.322174090908e-01 0.000000000000e+00 0.000000000000e+00
3928 1.322510862199e-01 0.000000000000e+00 0.000000000000e+00
3929 1.322847633491e-01 0.000000000000e+00 0.000000000000e+00
3930 1.323184404783e-01 0.000000000000e+00 0.000000000000e+00
3931 1.323521176074e-01 0.000000000000e+00 0.000000000000e+00
3932 1.323857947366e-01 0.000000000000e+00 0.000000000000e+00
3933 1.324194718658e-01 0.000000000000e+00 0.000000000000e+00
3934 1.324531489949e-01 0.000000000000e+00 0.000000000000e+00
3935 1.324868261241e-01 0.000000000000e+00 0.000000000000e+00
3936 1.325205032532e-01 0.000000000000e+00 0.000000000000e+00
3937 1.325541803824e-01 0.000000000000e+00 0.000000000000e+00
3938 1.325878575116e-01 0.000000000000e+00 0.000000000000e+00
3939 1.326215346407e-01 0.000000000000e+00 0.000000000000e+00
3940 1.326552117699e-01 0.000000000000e+00 0.000000000000e+00
3941 1.326888888991e-01 0.000000000000e+00 0.000000000000e+00
3942 1.327225660282e-01 0.000000000000e+00 0.000000000000e+00
3943 1.327562431574e-01 0.000000000000e+00 0.000000000000e+00
3944 1.327899202865e-01 0.000000000000e+00 0.000000000000e+00
3945 1.328235974157e-01 0.000000000000e+00 0.000000000000e+00
3946 1.328572745449e-01 0.000000000000e+00 0.000000000000e+00
3947 1.328909516740e-01 0.000000000000e+00 0.000000000000e+00
3948 1.329246288032e-01 0.000000000000e+00 0.000000000000e+00
3949 1.329583059324e-01 0.000000000000e+00 0.000000000000e+00
3950 1.329919830615e-01 0.000000000000e+00 0.000000000000e+00
3951 1.330256601907e-01 0.000000000000e+00 0.000000000000e+00
3952 1.330593373198e-01 0.000000000000e+00 0.000000000000e+00
3953 1.330930144490e-01 0.000000000000e+00 0.000000000000e+00
3954 1.331266915782e-01 0.000000000000e+00 0.000000000000e+00
3955 1.331603687073e-01 0.000000000000e+00 0.000000000000e+00
3956 1.331940458365e-01 0.000000000000e+00 0.000000000000e+00
3957 1.332277229657e-01 0.000000000000e+00 0.000000000000e+00
3958 1.332614000948e-01 0.000000000000e+00 0.000000000000e+00
3959 1.332950772240e-01 0.000000000000e+00 0.000000000000e+00
3960 1.333287543531e-01 0.000000000000e+00 0.000000000000e+00
3961 1.333624314823e-01 0.000000000000e+00 0.000000000000e+00
3962 1.333961086115e-01 0.000000000000e+00 0.000000000000e+00
3963 1.334297857406e-01 0.000000000000e+00 0.000000000000e+00
3964 1.334634628698e-01 0.000000000000e+00 0.000000000000e+00
3965 1.334971399990e-01 0.000000000000e+00 0.000000000000e+00
3966 1.335308171281e-01 0.000000000000e+00 0.000000000000e+00
3967 1.335644942573e-01 0.000000000000e+00 0.000000000000e+00
3968 1.335981713864e-01 0.000000000000e+00 0.000000000000e+00
3969 1.336318485156e-01 0.000000000000e+00 0.000000000000e+00
3970 1.336655256448e-01 0.000000000000e+00 0.000000000000e+00
3971 1.336992027739e-01 0.000000000000e+00 0.000000000000e+00
3972 1.337328799031e-01 0.000000000000e+00 0.000000000000e+00
3973 1.337665570322e-01 0.000000000000e+00 0.000000000000e+00
3974 1.338002341614e-01 0.000000000000e+00 0.000000000000e+00
3975 1.338339112906e-01 0.000000000000e+00 0.000000000000e+00
3976 1.338675884197e-01 0.000000000000e+00 0.000000000000e+00
3977 1.339012655489e-01 0.000000000000e+00 0.000000000000e+00
3978 1.339349426781e-01 0.000000000000e+00 0.000000000000e+00
3979 1.339686198072e-01 0.000000000000e+00 0.000000000000e+00
3980 1.340022969364e-01 0.000000000000e+00 0.000000000000e+00
3981 1.340359740655e-01 0.000000000000e+00 0.000000000000e+00
3982 1.340696511947e-01 0.000000000000e+00 0.000000000000e+00
3983 1.341033283239e-01 0.000000000000e+00 0.000000000000e+00
3984 1.341370054530e-01 0.000000000000e+00 0.000000000000e+00
3985 1.341706825822e-01 0.000000000000e+00 0.000000000000e+00
3986 1.342043597114e-01 0.000000000000e+00 0.000000000000e+00
3987 1.342380368405e-01 0.000000000000e+00 0.000000000000e+00
3988 1.342717139697e-01 0.000000000000e+00 0.000000000000e+00
3989 1.343053910988e-01 0.000000000000e+00 0.000000000000e+00
3990 1.343390682280e-01 0.000000000000e+00 0.000000000000e+00
3991 1.343727453572e-01 0.000000000000e+00 0.000000000000e+00
3992 1.344064224863e-01 0.000000000000e+00 0.000000000000e+00
3993 1.344400996155e-01 0.000000000000e+00 0.000000000000e+00
3994 1.344737767447e-01 0.000000000000e+00 0.000000000000e+00
3995 1.345074538738e-01 0.000000000000e+00 0.000000000000e+00
3996 1.345411310030e-01 0.000000000000e+00 0.000000000000e+00
3997 1.345748081321e-01 0.000000000000e+00 0.000000000000e+00
3998 1.346084852613e-01 0.000000000000e+00 0.000000000000e+00
3999 1.346421623905e-01 0.000000000000e+00 0.000000000000e+00
4000 1.346758395196e-01 0.000000000000e+00 0.000000000000e+00
4001 1.347095166488e-01 0.000000000000e+00 0.000000000000e+00
4002 1.347431937780e-01 0.000000000000e+00 0.000000000000e+00
4003 1.347768709071e-01 0.000000000000e+00 0.000000000000e+00
4004 1.348105480363e-01 0.000000000000e+00 0.000000000000e+00
4005 1.348442251654e-01 0.000000000000e+00 0.000000000000e+00
4006 1.348779022946e-01 0.000000000000e+00 0.000000000000e+00
4007 1.349115794238e-01 0.000000000000e+00 0.000000000000e+00
4008 1.349452565529e-01 0.000000000000e+00 0.000000000000e+00
4009 1.349789336821e-01 0.000000000000e+00 0.000000000000e+00
4010 1.350126108112e-01 0.000000000000e+00 0.000000000000e+00
4011 1.350462879404e-01 0.000000000000e+00 0.000000000000e+00
4012 1.350799650696e-01 0.000000000000e+00 0.000000000000e+00
4013 1.351136421987e-01 0.000000000000e+00 0.000000000000e+00
4014 1.351473193279e-01 0.000000000000e+00 0.000000000000e+00
4015 1.351809964571e-01 0.000000000000e+00 0.000000000000e+00
4016 1.352146735862e-01 0.000000000000e+00 0.000000000000e+00
4017 1.352483507154e-01 0.000000000000e+00 0.000000000000e+00
4018 1.352820278445e-01 0.000000000000e+00 0.000000000000e+00
4019 1.353157049737e-01 0.000000000000e+00 0.000000000000e+00
4020 1.353493821029e-01 0.000000000000e+00 0.000000000000e+00
4021 1.353830592320e-01 0.000000000000e+00 0.000000000000e+00
4022 1.354167363612e-01 0.000000000000e+00 0.000000000000e+00
4023 1.354504134904e-01 0.000000000000e+00 0.000000000000e+00
4024 1.354840906195e-01 0.000000000000e+00 0.000000000000e+00
4025 1.355177677487e-01 0.000000000000e+00 0.000000000000e+00
4026 1.355514448778e-01 0.000000000000e+00 0.000000000000e+00
4027 1.355851220070e-01 0.000000000000e+00 0.000000000000e+00
4028 1.356187991362e-01 0.000000000000e+00 0.000000000000e+00
4029 1.356524762653e-01 0.000000000000e+00 0.000000000000e+00
4030 1.356861533945e-01 0.000000000000e+00 0.000000000000e+00
4031 1.357198305237e-01 0.000000000000e+00 0.000000000000e+00
4032 1.357535076528e-01 0.000000000000e+00 0.000000000000e+00
4033 1.357871847820e-01 0.000000000000e+00 0.000000000000e+00
4034 1.358208619111e-01 0.000000000000e+00 0.000000000000e+00
4035 1.358545390403e-01 0.000000000000e+00 0.000000000000e+00
4036 1.358882161695e-01 0.000000000000e+00 0.000000000000e+00
4037 1.359218932986e-01 0.000000000000e+00 0.000000000000e+00
4038 1.359555704278e-01 0.000000000000e+00 0.000000000000e+00
4039 1.359892475570e-01 0.000000000000e+00 0.000000000000e+00
4040 1.360229246861e-01 0.000000000000e+00 0.000000000000e+00
4041 1.360566018153e-01 0.000000000000e+00 0.000000000000e+00
4042 1.360902789444e-01 0.000000000000e+00 0.000000000000e+00
4043 1.361239560736e-01 0.000000000000e+00 0.000000000000e+00
4044 1.361576332028e-01 0.000000000000e+00 0.000000000000e+00
4045 1.361913103319e-01 0.000000000000e+00 0.000000000000e+00
4046 1.362249874611e-01 0.000000000000e+00 0.000000000000e+00
4047 1.362586645903e-01 0.000000000000e+00 0.000000000000e+00
4048 1.362923417194e-01 0.000000000000e+00 0.000000000000e+00
4049 1.363260188486e-01 0.000000000000e+00 0.000000000000e+00
4050 1.363596959777e-01 0.000000000000e+00 0.000000000000e+00
4051 1.363933731069e-01 0.000000000000e+00 0.000000000000e+00
4052 1.364270502361e-01 0.000000000000e+00 0.000000000000e+00
4053 1.364607273652e-01 0.000000000000e+00 0.000000000000e+00
4054 1.364944044944e-01 0.000000000000e+00 0.000000000000e+00
4055 1.365280816235e-01 0.000000000000e+00 0.000000000000e+00
4056 1.365617587527e-01 0.000000000000e+00 0.000000000000e+00
4057 1.365954358819e-01 0.000000000000e+00 0.000000000000e+00
4058 1.366291130110e-01 0.000000000000e+00 0.000000000000e+00
4059 1.366627901402e-01 0.000000000000e+00 0.000000000000e+00
4060 1.366964672694e-01 0.000000000000e+00 0.000000000000e+00
4061 1.367301443985e-01 0.000000000000e+00 0.000000000000e+00
4062 1.367638215277e-01 0.000000000000e+00 0.000000000000e+00
4063 1.367974986568e-01 0.000000000000e+00 0.000000000000e+00
4064 1.368311757860e-01 0.000000000000e+00 0.000000000000e+00
4065 1.368648529152e-01 0.000000000000e+00 0.000000000000e+00
4066 1.368985300443e-01 0.000000000000e+00 0.000000000000e+00
4067 1.369322071735e-01 0.000000000000e+00 0.000000000000e+00
4068 1.369658843027e-01 0.000000000000e+00 0.000000000000e+00
4069 1.369995614318e-01 0.000000000000e+00 0.000000000000e+00
4070 1.370332385610e-01 0.000000000000e+00 0.000000000000e+00
4071 1.370669156901e-01 0.000000000000e+00 0.000000000000e+00
4072 1.371005928193e-01 0.000000000000e+00 0.000000000000e+00
4073 1.371342699485e-01 0.000000000000e+00 0.000000000000e+00
4074 1.371679470776e-01 0.000000000000e+00 0.000000000000e+00
4075 1.372016242068e-01 0.000000000000e+00 0.000000000000e+00
4076 1.372353013360e-01 0.000000000000e+00 0.000000000000e+00
4077 1.372689784651e-01 0.000000000000e+00 0.000000000000e+00
4078 1.373026555943e-01 0.000000000000e+00 0.000000000000e+00
4079 1.373363327234e-01 0.000000000000e+00 0.000000000000e+00
4080 1.373700098526e-01 0.000000000000e+00 0.000000000000e+00
4081 1.374036869818e-01 0.000000000000e+00 0.000000000000e+00
4082 1.374373641109e-01 0.000000000000e+00 0.000000000000e+00
4083 1.374710412401e-01 0.000000000000e+00 0.000000000000e+00
4084 1.375047183693e-01 0.000000000000e+00 0.000000000000e+00
4085 1.375383954984e-01 0.000000000000e+00 0.000000000000e+00
4086 1.375720726276e-01 0.000000000000e+00 0.000000000000e+00
4087 1.376057497567e-01 0.000000000000e+00 0.000000000000e+00
4088 1.376394268859e-01 0.000000000000e+00 0.000000000000e+00
4089 1.376731040151e-01 0.000000000000e+00 0.000000000000e+00
4090 1.377067811442e-01 0.000000000000e+00 0.000000000000e+00
4091 1.377404582734e-01 0.000000000000e+00 0.000000000000e+00
4092 1.377741354025e-01 0.000000000000e+00 0.000000000000e+00
4093 1.378078125317e-01 0.000000000000e+00 0.000000000000e+00
4094 1.378414896609e-01 0.000000000000e+00 0.000000000000e+00
4095 1.378751667900e-01 0.000000000000e+00 0.000000000000e+00
4096 1.379088439192e-01 0.000000000000e+00 0.000000000000e+00
4097 1.379425210484e-01 0.000000000000e+00 0.000000000000e+00
4098 1.379761981775e-01 0.000000000000e+00 0.000000000000e+00
4099 1.380098753067e-01 0.000000000000e+00 0.000000000000e+00
4100 1.380435524358e-01 0.000000000000e+00 0.000000000000e+00
4101 1.380772295650e-01 0.000000000000e+00 0.000000000000e+00
4102 1.381109066942e-01 0.000000000000e+00 0.000000000000e+00
4103 1.381445838233e-01 0.000000000000e+00 0.000000000000e+00
4104 1.381782609525e-01 0.000000000000e+00 0.000000000000e+00
4105 1.382119380817e-01 0.000000000000e+00 0.000000000000e+00
4106 1.382456152108e-01 0.000000000000e+00 0.000000000000e+00
4107 1.382792923400e-01 0.000000000000e+00 0.000000000000e+00
4108 1.383129694691e-01 0.000000000000e+00 0.000000000000e+00
4109 1.383466465983e-01 0.000000000000e+00 0.000000000000e+00
4110 1.383803237275e-01 0.000000000000e+00 0.000000000000e+00
4111 1.384140008566e-01 0.000000000000e+00 0.000000000000e+00
4112 1.384476779858e-01 0.000000000000e+00 0.000000000000e+00
4113 1.384813551150e-01 0.000000000000e+00 0.000000000000e+00
4114 1.385150322441e-01 0.000000000000e+00 0.000000000000e+00
4115 1.385487093733e-01 0.000000000000e+00 0.000000000000e+00
4116 1.385823865024e-01 0.000000000000e+00 0.000000000000e+00
4117 1.386160636316e-01 0.000000000000e+00 0.000000000000e+00
4118 1.386497407608e-01 0.000000000000e+00 0.000000000000e+00
4119 1.386834178899e-01 0.000000000000e+00 0.000000000000e+00
4120 1.387170950191e-01 0.000000000000e+00 0.000000000000e+00
4121 1.387507721483e-01 0.000000000000e+00 0.000000000000e+00
4122 1.387844492774e-01 0.000000000000e+00 0.000000000000e+00
4123 1.388181264066e-01 0.000000000000e+00 0.000000000000e+00
4124 1.388518035357e-01 0.000000000000e+00 0.000000000000e+00
4125 1.388854806649e-01 0.000000000000e+00 0.000000000000e+00
4126 1.389191577941e-01 0.000000000000e+00 0.000000000000e+00
4127 1.389528349232e-01 0.000000000000e+00 0.000000000000e+00
4128 1.389865120524e-01 0.000000000000e+00 0.000000000000e+00
4129 1.390201891816e-01 0.000000000000e+00 0.000000000000e+00
4130 1.390538663107e-01 0.000000000000e+00 0.000000000000e+00
4131 1.390875434399e-01 0.000000000000e+00 0.000000000000e+00
4132 1.391212205690e-01 0.000000000000e+00 0.000000000000e+00
4133 1.391548976982e-01 0.000000000000e+00 0.000000000000e+00
4134 1.391885748274e-01 0.000000000000e+00 0.000000000000e+00
4135 1.392222519565e-01 0.000000000000e+00 0.000000000000e+00
4136 1.392559290857e-01 0.000000000000e+00 0.000000000000e+00
4137 1.392896062148e-01 0.000000000000e+00 0.000000000000e+00
4138 1.393232833440e-01 0.000000000000e+00 0.000000000000e+00
4139 1.393569604732e-01 0.000000000000e+00 0.000000000000e+00
4140 1.393906376023e-01 0.000000000000e+00 0.000000000000e+00
4141 1.394243147315e-01 0.000000000000e+00 0.000000000000e+00
4142 1.394579918607e-01 0.000000000000e+00 0.000000000000e+00
4143 1.394916689898e-01 0.000000000000e+00 0.000000000000e+00
4144 1.395253461190e-01 0.000000000000e+00 0.000000000000e+00
4145 1.395590232481e-01 0.000000000000e+00 0.000000000000e+00
4146 1.395927003773e-01 0.000000000000e+00 0.000000000000e+00
4147 1.396263775065e-01 0.000000000000e+00 0.000000000000e+00
4148 1.396600546356e-01 0.000000000000e+00 0.000000000000e+00
4149 1.396937317648e-01 0.000000000000e+00 0.000000000000e+00
4150 1.397274088940e-01 0.000000000000e+00 0.000000000000e+00
4151 1.397610860231e-01 0.000000000000e+00 0.000000000000e+00
4152 1.397947631523e-01 0.000000000000e+00 0.000000000000e+00
4153 1.398284402814e-01 0.000000000000e+00 0.000000000000e+00
4154 1.398621174106e-01 0.000000000000e+00 0.000000000000e+00
4155 1.398957945398e-01 0.000000000000e+00 0.000000000000e+00
4156 1.399294716689e-01 0.000000000000e+00 0.000000000000e+00
4157 1.399631487981e-01 0.000000000000e+00 0.000000000000e+00
4158 1.399968259273e-01 0.000000000000e+00 0.000000000000e+00
4159 1.400305030564e-01 0.000000000000e+00 0.000000000000e+00
4160 1.400641801856e-01 0.000000000000e+00 0.000000000000e+00
4161 1.400978573147e-01 0.000000000000e+00 0.000000000000e+00
4162 1.401315344439e-01 0.000000000000e+00 0.000000000000e+00
4163 1.401652115731e-01 0.000000000000e+00 0.000000000000e+00
4164 1.401988887022e-01 0.000000000000e+00 0.000000000000e+00
4165 1.402325658314e-01 0.000000000000e+00 0.000000000000e+00
4166 1.402662429606e-01 0.000000000000e+00 0.000000000000e+00
4167 1.402999200897e-01 0.000000000000e+00 0.000000000000e+00
4168 1.403335972189e-01 0.000000000000e+00 0.000000000000e+00
4169 1.403672743480e-01 0.000000000000e+00 0.000000000000e+00
4170 1.404009514772e-01 0.000000000000e+00 0.000000000000e+00
4171 1.404346286064e-01 0.000000000000e+00 0.000000000000e+00
4172 1.404683057355e-01 0.000000000000e+00 0.000000000000e+00
4173 1.405019828647e-01 0.000000000000e+00 0.000000000000e+00
4174 1.405356599938e-01 0.000000000000e+00 0.000000000000e+00
4175 1.405693371230e-01 0.000000000000e+00 0.000000000000e+00
4176 1.406030142522e-01 0.000000000000e+00 0.000000000000e+00
4177 1.406366913813e-01 0.000000000000e+00 0.000000000000e+00
4178 1.406703685105e-01 0.000000000000e+00 0.000000000000e+00
4179 1.407040456397e-01 0.000000000000e+00 0.000000000000e+00
4180 1.407377227688e-01 0.000000000000e+00 0.000000000000e+00
4181 1.407713998980e-01 0.000000000000e+00 0.000000000000e+00
4182 1.408050770271e-01 0.000000000000e+00 0.000000000000e+00
4183 1.408387541563e-01 0.000000000000e+00 0.000000000000e+00
4184 1.408724312855e-01 0.000000000000e+00 0.000000000000e+00
4185 1.409061084146e-01 0.000000000000e+00 0.000000000000e+00
4186 1.409397855438e-01 0.000000000000e+00 0.000000000000e+00
4187 1.409734626730e-01 0.000000000000e+00 0.000000000000e+00
4188 1.410071398021e-01 0.000000000000e+00 0.000000000000e+00
4189 1.410408169313e-01 0.000000000000e+00 0.000000000000e+00
4190 1.410744940604e-01 0.000000000000e+00 0.000000000000e+00
4191 1.411081711896e-01 0.000000000000e+00 0.000000000000e+00
4192 1.411418483188e-01 0.000000000000e+00 0.000000000000e+00
4193 1.411755254479e-01 0.000000000000e+00 0.000000000000e+00
4194 1.412092025771e-01 0.000000000000e+00 0.000000000000e+00
4195 1.412428797063e-01 0.000000000000e+00 0.000000000000e+00
4196 1.412765568354e-01 0.000000000000e+00 0.000000000000e+00
4197 1.413102339646e-01 0.000000000000e+00 0.000000000000e+00
4198 1.413439110937e-01 0.000000000000e+00 0.000000000000e+00
4199 1.413775882229e-01 0.000000000000e+00 0.000000000000e+00
4200 1.414112653521e-01 0.000000000000e+00 0.000000000000e+00
4201 1.414449424812e-01 0.000000000000e+00 0.000000000000e+00
4202 1.414786196104e-01 0.000000000000e+00 0.000000000000e+00
4203 1.415122967396e-01 0.000000000000e+00 0.000000000000e+00
4204 1.415459738687e-01 0.000000000000e+00 0.000000000000e+00
4205 1.415796509979e-01 0.000000000000e+00 0.000000000000e+00
4206 1.416133281270e-01 0.000000000000e+00 0.000000000000e+00
4207 1.416470052562e-01 0.000000000000e+00 0.000000000000e+00
4208 1.416806823854e-01 0.000000000000e+00 0.000000000000e+00
4209 1.417143595145e-01 0.000000000000e+00 0.000000000000e+00
4210 1.417480366437e-01 0.000000000000e+00 0.000000000000e+00
4211 1.417817137729e-01 0.000000000000e+00 0.000000000000e+00
4212 1.418153909020e-01 0.000000000000e+00 0.000000000000e+00
4213 1.418490680312e-01 0.000000000000e+00 0.000000000000e+00
4214 1.418827451603e-01 0.000000000000e+00 0.000000000000e+00
4215 1.419164222895e-01 0.000000000000e+00 0.000000000000e+00
4216 1.419500994187e-01 0.000000000000e+00 0.000000000000e+00
4217 1.419837765478e-01 0.000000000000e+00 0.000000000000e+00
4218 1.420174536770e-01 0.000000000000e+00 0.000000000000e+00
4219 1.420511308061e-01 0.000000000000e+00 0.000000000000e+00
4220 1.420848079353e-01 0.000000000000e+00 0.000000000000e+00
4221 1.421184850645e-01 0.000000000000e+00 0.000000000000e+00
4222 1.421521621936e-01 0.000000000000e+00 0.000000000000e+00
4223 1.421858393228e-01 0.000000000000e+00 0.000000000000e+00
4224 1.422195164520e-01 0.000000000000e+00 0.000000000000e+00
4225 1.422531935811e-01 0.000000000000e+00 0.000000000000e+00
4226 1.422868707103e-01 0.000000000000e+00 0.000000000000e+00
4227 1.423205478394e-01 0.000000000000e+00 0.000000000000e+00
4228 1.423542249686e-01 0.000000000000e+00 0.000000000000e+00
4229 1.423879020978e-01 0.000000000000e+00 0.000000000000e+00
4230 1.424215792269e-01 0.000000000000e+00 0.000000000000e+00
4231 1.424552563561e-01 0.000000000000e+00 0.000000000000e+00
4232 1.424889334853e-01 0.000000000000e+00 0.000000000000e+00
4233 1.425226106144e-01 0.000000000000e+00 0.000000000000e+00
4234 1.425562877436e-01 0.000000000000e+00 0.000000000000e+00
4235 1.425899648727e-01 0.000000000000e+00 0.000000000000e+00
4236 1.426236420019e-01 0.000000000000e+00 0.000000000000e+00
4237 1.426573191311e-01 0.000000000000e+00 0.000000000000e+00
4238 1.426909962602e-01 0.000000000000e+00 0.000000000000e+00
4239 1.427246733894e-01 0.000000000000e+00 0.000000000000e+00
4240 1.427583505186e-01 0.000000000000e+00 0.000000000000e+00
4241 1.427920276477e-01 0.000000000000e+00 0.000000000000e+00
4242 1.428257047769e-01 0.000000000000e+00 0.000000000000e+00
4243 1.428593819060e-01 0.000000000000e+00 0.000000000000e+00
4244 1.428930590352e-01 0.000000000000e+00 0.000000000000e+00
4245 1.429267361644e-01 0.000000000000e+00 0.000000000000e+00
4246 1.429604132935e-01 0.000000000000e+00 0.000000000000e+00
4247 1.429940904227e-01 0.000000000000e+00 0.000000000000e+00
4248 1.430277675519e-01 0.000000000000e+00 0.000000000000e+00
4249 1.430614446810e-01 0.000000000000e+00 0.000000000000e+00
4250 1.430951218102e-01 0.000000000000e+00 0.000000000000e+00
4251 1.431287989393e-01 0.000000000000e+00 0.000000000000e+00
4252 1.431624760685e-01 0.000000000000e+00 0.000000000000e+00
4253 1.431961531977e-01 0.000000000000e+00 0.000000000000e+00
4254 1.432298303268e-01 0.000000000000e+00 0.000000000000e+00
4255 1.432635074560e-01 0.000000000000e+00 0.000000000000e+00
4256 1.432971845852e-01 0.000000000000e+00 0.000000000000e+00
4257 1.433308617143e-01 0.000000000000e+00 0.000000000000e+00
4258 1.433645388435e-01 0.000000000000e+00 0.000000000000e+00
4259 1.433982159726e-01 0.000000000000e+00 0.000000000000e+00
4260 1.434318931018e-01 0.000000000000e+00 0.000000000000e+00
4261 1.434655702310e-01 0.000000000000e+00 0.000000000000e+00
4262 1.434992473601e-01 0.000000000000e+00 0.000000000000e+00
4263 1.435329244893e-01 0.000000000000e+00 0.000000000000e+00
4264 1.435666016184e-01 0.000000000000e+00 0.000000000000e+00
4265 1.436002787476e-01 0.000000000000e+00 0.000000000000e+00
4266 1.436339558768e-01 0.000000000000e+00 0.000000000000e+00
4267 1.436676330059e-01 0.000000000000e+00 0.000000000000e+00
4268 1.437013101351e-01 0.000000000000e+00 0.000000000000e+00
4269 1.437349872643e-01 0.000000000000e+00 0.000000000000e+00
4270 1.437686643934e-01 0.000000000000e+00 0.000000000000e+00
4271 1.438023415226e-01 0.000000000000e+00 0.000000000000e+00
4272 1.438360186517e-01 0.000000000000e+00 0.000000000000e+00
4273 1.438696957809e-01 0.000000000000e+00 0.000000000000e+00
4274 1.439033729101e-01 0.000000000000e+00 0.000000000000e+00
4275 1.439370500392e-01 0.000000000000e+00 0.000000000000e+00
4276 1.439707271684e-01 0.000000000000e+00 0.000000000000e+00
4277 1.440044042976e-01 0.000000000000e+00 0.000000000000e+00
4278 1.440380814267e-01 0.000000000000e+00 0.000000000000e+00
4279 1.440717585559e-01 0.000000000000e+00 0.000000000000e+00
4280 1.441054356850e-01 0.000000000000e+00 0.000000000000e+00
4281 1.441391128142e-01 0.000000000000e+00 0.000000000000e+00
4282 1.441727899434e-01 0.000000000000e+00 0.000000000000e+00
4283 1.442064670725e-01 0.000000000000e+00 0.000000000000e+00
4284 1.442401442017e-01 0.000000000000e+00 0.000000000000e+00
4285 1.442738213309e-01 0.000000000000e+00 0.000000000000e+00
4286 1.443074984600e-01 0.000000000000e+00 0.000000000000e+00
4287 1.443411755892e-01 0.000000000000e+00 0.000000000000e+00
4288 1.443748527183e-01 0.000000000000e+00 0.000000000000e+00
4289 1.444085298475e-01 0.000000000000e+00 0.000000000000e+00
4290 1.444422069767e-01 0.000000000000e+00 0.000000000000e+00
4291 1.444758841058e-01 0.000000000000e+00 0.000000000000e+00
4292 1.445095612350e-01 0.000000000000e+00 0.000000000000e+00
4293 1.445432383642e-01 0.000000000000e+00 0.000000000000e+00
4294 1.445769154933e-01 0.000000000000e+00 0.000000000000e+00
4295 1.446105926225e-01 0.000000000000e+00 0.000000000000e+00
4296 1.446442697516e-01 0.000000000000e+00 0.000000000000e+00
4297 1.446779468808e-01 0.000000000000e+00 0.000000000000e+00
4298 1.447116240100e-01 0.000000000000e+00 0.000000000000e+00
4299 1.447453011391e-01 0.000000000000e+00 0.000000000000e+00
4300 1.447789782683e-01 0.000000000000e+00 0.000000000000e+00
4301 1.448126553974e-01 0.000000000000e+00 0.000000000000e+00
4302 1.448463325266e-01 0.000000000000e+00 0.000000000000e+00
4303 1.448800096558e-01 0.000000000000e+00 0.000000000000e+00
4304 1.449136867849e-01 0.000000000000e+00 0.000000000000e+00
4305 1.449473639141e-01 0.000000000000e+00 0.000000000000e+00
4306 1.449810410433e-01 0.000000000000e+00 0.000000000000e+00
4307 1.450147181724e-01 0.000000000000e+00 0.000000000000e+00
4308 1.450483953016e-01 0.000000000000e+00 0.000000000000e+00
4309 1.450820724307e-01 0.000000000000e+00 0.000000000000e+00
4310 1.451157495599e-01 0.000000000000e+00 0.000000000000e+00
4311 1.451494266891e-01 0.000000000000e+00 0.000000000000e+00
4312 1.451831038182e-01 0.000000000000e+00 0.000000000000e+00
4313 1.452167809474e-01 0.000000000000e+00 0.000000000000e+00
4314 1.452504580766e-01 0.000000000000e+00 0.000000000000e+00
4315 1.452841352057e-01 0.000000000000e+00 0.000000000000e+00
4316 1.453178123349e-01 0.000000000000e+00 0.000000000000e+00
4317 1.453514894640e-01 0.000000000000e+00 0.000000000000e+00
4318 1.453851665932e-01 0.000000000000e+00 0.000000000000e+00
4319 1.454188437224e-01 0.000000000000e+00 0.000000000000e+00
4320 1.454525208515e-01 0.000000000000e+00 0.000000000000e+00
4321 1.454861979807e-01 0.000000000000e+00 0.000000000000e+00
4322 1.455198751099e-01 0.000000000000e+00 0.000000000000e+00
4323 1.455535522390e-01 0.000000000000e+00 0.000000000000e+00
4324 1.455872293682e-01 0.000000000000e+00 0.000000000000e+00
4325 1.456209064973e-01 0.000000000000e+00 0.000000000000e+00
4326 1.456545836265e-01 0.000000000000e+00 0.000000000000e+00
4327 1.456882607557e-01 0.000000000000e+00 0.000000000000e+00
4328 1.457219378848e-01 0.000000000000e+00 0.000000000000e+00
4329 1.457556150140e-01 0.000000000000e+00 0.000000000000e+00
4330 1.457892921432e-01 0.000000000000e+00 0.000000000000e+00
4331 1.458229692723e-01 0.000000000000e+00 0.000000000000e+00
4332 1.458566464015e-01 0.000000000000e+00 0.000000000000e+00
4333 1.458903235306e-01 0.000000000000e+00 0.000000000000e+00
4334 1.459240006598e-01 0.000000000000e+00 0.000000000000e+00
4335 1.459576777890e-01 0.000000000000e+00 0.000000000000e+00
4336 1.459913549181e-01 0.000000000000e+00 0.000000000000e+00
4337 1.460250320473e-01 0.000000000000e+00 0.000000000000e+00
4338 1.460587091765e-01 0.000000000000e+00 0.000000000000e+00
4339 1.460923863056e-01 0.000000000000e+00 0.000000000000e+00
4340 1.461260634348e-01 0.000000000000e+00 0.000000000000e+00
4341 1.461597405639e-01 0.000000000000e+00 0.000000000000e+00
4342 1.461934176931e-01 0.000000000000e+00 0.000000000000e+00
4343 1.462270948223e-01 0.000000000000e+00 0.000000000000e+00
4344 1.462607719514e-01 0.000000000000e+00 0.000000000000e+00
4345 1.462944490806e-01 0.000000000000e+00 0.000000000000e+00
4346 1.463281262097e-01 0.000000000000e+00 0.000000000000e+00
4347 1.463618033389e-01 0.000000000000e+00 0.000000000000e+00
4348 1.463954804681e-01 0.000000000000e+00 0.000000000000e+00
4349 1.464291575972e-01 0.000000000000e+00 0.000000000000e+00
4350 1.464628347264e-01 0.000000000000e+00 0.000000000000e+00
4351 1.464965118556e-01 0.000000000000e+00 0.000000000000e+00
4352 1.465301889847e-01 0.000000000000e+00 0.000000000000e+00
4353 1.465638661139e-01 0.000000000000e+00 0.000000000000e+00
4354 1.465975432430e-01 0.000000000000e+00 0.000000000000e+00
4355 1.466312203722e-01 0.000000000000e+00 0.000000000000e+00
4356 1.466648975014e-01 0.000000000000e+00 0.000000000000e+00
4357 1.466985746305e-01 0.000000000000e+00 0.000000000000e+00
4358 1.467322517597e-01 0.000000000000e+00 0.000000000000e+00
4359 1.467659288889e-01 0.000000000000e+00 0.000000000000e+00
4360 1.467996060180e-01 0.000000000000e+00 0.000000000000e+00
4361 1.468332831472e-01 0.000000000000e+00 0.000000000000e+00
4362 1.468669602763e-01 0.000000000000e+00 0.000000000000e+00
4363 1.469006374055e-01 0.000000000000e+00 0.000000000000e+00
4364 1.469343145347e-01 0.000000000000e+00 0.000000000000e+00
4365 1.469679916638e-01 0.000000000000e+00 0.000000000000e+00
4366 1.470016687930e-01 0.000000000000e+00 0.000000000000e+00
4367 1.470353459222e-01 0.000000000000e+00 0.000000000000e+00
4368 1.470690230513e-01 0.000000000000e+00 0.000000000000e+00
4369 1.471027001805e-01 0.000000000000e+00 0.000000000000e+00
4370 1.471363773096e-01 0.000000000000e+00 0.000000000000e+00
4371 1.471700544388e-01 0.000000000000e+00 0.000000000000e+00
4372 1.472037315680e-01 0.000000000000e+00 0.000000000000e+00
4373 1.472374086971e-01 0.000000000000e+00 0.000000000000e+00
4374 1.472710858263e-01 0.000000000000e+00 0.000000000000e+00
4375 1.473047629555e-01 0.000000000000e+00 0.000000000000e+00
4376 1.473384400846e-01 0.000000000000e+00 0.000000000000e+00
4377 1.473721172138e-01 0.000000000000e+00 0.000000000000e+00
4378 1.474057943429e-01 0.000000000000e+00 0.000000000000e+00
4379 1.474394714721e-01 0.000000000000e+00 0.000000000000e+00
4380 1.474731486013e-01 0.000000000000e+00 0.000000000000e+00
4381 1.475068257304e-01 0.000000000000e+00 0.000000000000e+00
4382 1.475405028596e-01 0.000000000000e+00 0.000000000000e+00
4383 1.475741799887e-01 0.000000000000e+00 0.000000000000e+00
4384 1.476078571179e-01 0.000000000000e+00 0.000000000000e+00
4385 1.476415342471e-01 0.000000000000e+00 0.000000000000e+00
4386 1.476752113762e-01 0.000000000000e+00 0.000000000000e+00
4387 1.477088885054e-01 0.000000000000e+00 0.000000000000e+00
4388 1.477425656346e-01 0.000000000000e+00 0.000000000000e+00
4389 1.477762427637e-01 0.000000000000e+00 0.000000000000e+00
4390 1.478099198929e-01 0.000000000000e+00 0.000000000000e+00
4391 1.478435970220e-01 0.000000000000e+00 0.000000000000e+00
4392 1.478772741512e-01 0.000000000000e+00 0.000000000000e+00
4393 1.479109512804e-01 0.000000000000e+00 0.000000000000e+00
4394 1.479446284095e-01 0.000000000000e+00 0.000000000000e+00
4395 1.479783055387e-01 0.000000000000e+00 0.000000000000e+00
4396 1.480119826679e-01 0.000000000000e+00 0.000000000000e+00
4397 1.480456597970e-01 0.000000000000e+00 0.000000000000e+00
4398 1.480793369262e-01 0.000000000000e+00 0.000000000000e+00
4399 1.481130140553e-01 0.000000000000e+00 0.000000000000e+00
4400 1.481466911845e-01 0.000000000000e+00 0.000000000000e+00
4401 1.481803683137e-01 0.000000000000e+00 0.000000000000e+00
4402 1.482140454428e-01 0.000000000000e+00 0.000000000000e+00
4403 1.482477225720e-01 0.000000000000e+00 0.000000000000e+00
4404 1.482813997012e-01 0.000000000000e+00 0.000000000000e+00
4405 1.483150768303e-01 0.000000000000e+00 0.000000000000e+00
4406 1.483487539595e-01 0.000000000000e+00 0.000000000000e+00
4407 1.483824310886e-01 0.000000000000e+00 0.000000000000e+00
4408 1.484161082178e-01 0.000000000000e+00 0.000000000000e+00
4409 1.484497853470e-01 0.000000000000e+00 0.000000000000e+00
4410 1.484834624761e-01 0.000000000000e+00 0.000000000000e+00
4411 1.485171396053e-01 0.000000000000e+00 0.000000000000e+00
4412 1.485508167345e-01 0.000000000000e+00 0.000000000000e+00
4413 1.485844938636e-01 0.000000000000e+00 0.000000000000e+00
4414 1.486181709928e-01 0.000000000000e+00 0.000000000000e+00
4415 1.486518481219e-01 0.000000000000e+00 0.000000000000e+00
4416 1.486855252511e-01 0.000000000000e+00 0.000000000000e+00
4417 1.487192023803e-01 0.000000000000e+00 0.000000000000e+00
4418 1.487528795094e-01 0.000000000000e+00 0.000000000000e+00
4419 1.487865566386e-01 0.000000000000e+00 0.000000000000e+00
4420 1.488202337678e-01 0.000000000000e+00 0.000000000000e+00
4421 1.488539108969e-01 0.000000000000e+00 0.000000000000e+00
4422 1.488875880261e-01 0.000000000000e+00 0.000000000000e+00
4423 1.489212651552e-01 0.000000000000e+00 0.000000000000e+00
4424 1.489549422844e-01 0.000000000000e+00 0.000000000000e+00
4425 1.489886194136e-01 0.000000000000e+00 0.000000000000e+00
4426 1.490222965427e-01 0.000000000000e+00 0.000000000000e+00
4427 1.490559736719e-01 0.000000000000e+00 0.000000000000e+00
4428 1.490896508010e-01 0.000000000000e+00 0.000000000000e+00
4429 1.491233279302e-01 0.000000000000e+00 0.000000000000e+00
4430 1.491570050594e-01 0.000000000000e+00 0.000000000000e+00
4431 1.491906821885e-01 0.000000000000e+00 0.000000000000e+00
4432 1.492243593177e-01 0.000000000000e+00 0.000000000000e+00
4433 1.492580364469e-01 0.000000000000e+00 0.000000000000e+00
4434 1.492917135760e-01 0.000000000000e+00 0.000000000000e+00
4435 1.493253907052e-01 0.000000000000e+00 0.000000000000e+00
4436 1.493590678343e-01 0.000000000000e+00 0.000000000000e+00
4437 1.493927449635e-01 0.000000000000e+00 0.000000000000e+00
4438 1.494264220927e-01 0.000000000000e+00 0.000000000000e+00
4439 1.494600992218e-01 0.000000000000e+00 0.000000000000e+00
4440 1.494937763510e-01 0.000000000000e+00 0.000000000000e+00
4441 1.495274534802e-01 0.000000000000e+00 0.000000000000e+00
4442 1.495611306093e-01 0.000000000000e+00 0.000000000000e+00
4443 1.495948077385e-01 0.000000000000e+00 0.000000000000e+00
4444 1.496284848676e-01 0.000000000000e+00 0.000000000000e+00
4445 1.496621619968e-01 0.000000000000e+00 0.000000000000e+00
4446 1.496958391260e-01 0.000000000000e+00 0.000000000000e+00
4447 1.497295162551e-01 0.000000000000e+00 0.000000000000e+00
4448 1.497631933843e-01 0.000000000000e+00 0.000000000000e+00
4449 1.497968705135e-01 0.000000000000e+00 0.000000000000e+00
4450 1.498305476426e-01 0.000000000000e+00 0.000000000000e+00
4451 1.498642247718e-01 0.000000000000e+00 0.000000000000e+00
4452 1.498979019009e-01 0.000000000000e+00 0.000000000000e+00
4453 1.499315790301e-01 0.000000000000e+00 0.000000000000e+00
4454 1.499652561593e-01 0.000000000000e+00 0.000000000000e+00
4455 1.499989332884e-01 0.000000000000e+00 0.000000000000e+00
4456 1.500326104176e-01 0.000000000000e+00 0.000000000000e+00
4457 1.500662875468e-01 0.000000000000e+00 0.000000000000e+00
4458 1.500999646759e-01 0.000000000000e+00 0.000000000000e+00
4459 1.501336418051e-01 0.000000000000e+00 0.000000000000e+00
4460 1.501673189342e-01 0.000000000000e+00 0.000000000000e+00
4461 1.502009960634e-01 0.000000000000e+00 0.000000000000e+00
4462 1.502346731926e-01 0.000000000000e+00 0.000000000000e+00
4463 1.502683503217e-01 0.000000000000e+00 0.000000000000e+00
4464 1.503020274509e-01 0.000000000000e+00 0.000000000000e+00
4465 1.503357045800e-01 0.000000000000e+00 0.000000000000e+00
4466 1.503693817092e-01 0.000000000000e+00 0.000000000000e+00
4467 1.504030588384e-01 0.000000000000e+00 0.000000000000e+00
4468 1.504367359675e-01 0.000000000000e+00 0.000000000000e+00
4469 1.504704130967e-01 0.000000000000e+00 0.000000000000e+00
4470 1.505040902259e-01 0.000000000000e+00 0.000000000000e+00
4471 1.505377673550e-01 0.000000000000e+00 0.000000000000e+00
4472 1.505714444842e-01 0.000000000000e+00 0.000000000000e+00
4473 1.506051216133e-01 0.000000000000e+00 0.000000000000e+00
4474 1.506387987425e-01 0.000000000000e+00 0.000000000000e+00
4475 1.506724758717e-01 0.000000000000e+00 0.000000000000e+00
4476 1.507061530008e-01 0.000000000000e+00 0.000000000000e+00
4477 1.507398301300e-01 0.000000000000e+00 0.000000000000e+00
4478 1.507735072592e-01 0.000000000000e+00 0.000000000000e+00
4479 1.508071843883e-01 0.000000000000e+00 0.000000000000e+00
4480 1.508408615175e-01 0.000000000000e+00 0.000000000000e+00
4481 1.508745386466e-01 0.000000000000e+00 0.000000000000e+00
4482 1.509082157758e-01 0.000000000000e+00 0.000000000000e+00
4483 1.509418929050e-01 0.000000000000e+00 0.000000000000e+00
4484 1.509755700341e-01 0.000000000000e+00 0.000000000000e+00
4485 1.510092471633e-01 0.000000000000e+00 0.000000000000e+00
4486 1.510429242925e-01 0.000000000000e+00 0.000000000000e+00
4487 1.510766014216e-01 0.000000000000e+00 0.000000000000e+00
4488 1.511102785508e-01 0.000000000000e+00 0.000000000000e+00
4489 1.511439556799e-01 0.000000000000e+00 0.000000000000e+00
4490 1.511776328091e-01 0.000000000000e+00 0.000000000000e+00
4491 1.512113099383e-01 0.000000000000e+00 0.000000000000e+00
4492 1.512449870674e-01 0.000000000000e+00 0.000000000000e+00
4493 1.512786641966e-01 0.000000000000e+00 0.000000000000e+00
4494 1.513123413258e-01 0.000000000000e+00 0.000000000000e+00
4495 1.513460184549e-01 0.000000000000e+00 0.000000000000e+00
4496 1.513796955841e-01 0.000000000000e+00 0.000000000000e+00
4497 1.514133727132e-01 0.000000000000e+00 0.000000000000e+00
4498 1.514470498424e-01 0.000000000000e+00 0.000000000000e+00
4499 1.514807269716e-01 0.000000000000e+00 0.000000000000e+00
4500 1.515144041007e-01 0.000000000000e+00 0.000000000000e+00
4501 1.515480812299e-01 0.000000000000e+00 0.000000000000e+00
4502 1.515817583591e-01 0.000000000000e+00 0.000000000000e+00
4503 1.516154354882e-01 0.000000000000e+00 0.000000000000e+00
4504 1.516491126174e-01 0.000000000000e+00 0.000000000000e+00
4505 1.516827897465e-01 0.000000000000e+00 0.000000000000e+00
4506 1.517164668757e-01 0.000000000000e+00 0.000000000000e+00
4507 1.517501440049e-01 0.000000000000e+00 0.000000000000e+00
4508 1.517838211340e-01 0.000000000000e+00 0.000000000000e+00
4509 1.518174982632e-01 0.000000000000e+00 0.000000000000e+00
4510 1.518511753923e-01 0.000000000000e+00 0.000000000000e+00
4511 1.518848525215e-01 0.000000000000e+00 0.000000000000e+00
4512 1.519185296507e-01 0.000000000000e+00 0.000000000000e+00
4513 1.519522067798e-01 0.000000000000e+00 0.000000000000e+00
4514 1.519858839090e-01 0.000000000000e+00 0.000000000000e+00
4515 1.520195610382e-01 0.000000000000e+00 0.000000000000e+00
4516 1.520532381673e-01 0.000000000000e+00 0.000000000000e+00
4517 1.520869152965e-01 0.000000000000e+00 0.000000000000e+00
4518 1.521205924256e-01 0.000000000000e+00 0.000000000000e+00
4519 1.521542695548e-01 0.000000000000e+00 0.000000000000e+00
4520 1.521879466840e-01 0.000000000000e+00 0.000000000000e+00
4521 1.522216238131e-01 0.000000000000e+00 0.000000000000e+00
4522 1.522553009423e-01 0.000000000000e+00 0.000000000000e+00
4523 1.522889780715e-01 0.000000000000e+00 0.000000000000e+00
4524 1.523226552006e-01 0.000000000000e+00 0.000000000000e+00
4525 1.523563323298e-01 0.000000000000e+00 0.000000000000e+00
4526 1.523900094589e-01 0.000000000000e+00 0.000000000000e+00
4527 1.524236865881e-01 0.000000000000e+00 0.000000000000e+00
4528 1.524573637173e-01 0.000000000000e+00 0.000000000000e+00
4529 1.524910408464e-01 0.000000000000e+00 0.000000000000e+00
4530 1.525247179756e-01 0.000000000000e+00 0.000000000000e+00
4531 1.525583951048e-01 0.000000000000e+00 0.000000000000e+00
4532 1.525920722339e-01 0.000000000000e+00 0.000000000000e+00
4533 1.526257493631e-01 0.000000000000e+00 0.000000000000e+00
4534 1.526594264922e-01 0.000000000000e+00 0.000000000000e+00
4535 1.526931036214e-01 0.000000000000e+00 0.000000000000e+00
4536 1.527267807506e-01 0.000000000000e+00 0.000000000000e+00
4537 1.527604578797e-01 0.000000000000e+00 0.000000000000e+00
4538 1.527941350089e-01 0.000000000000e+00 0.000000000000e+00
4539 1.528278121381e-01 0.000000000000e+00 0.000000000000e+00
4540 1.528614892672e-01 0.000000000000e+00 0.000000000000e+00
4541 1.528951663964e-01 0.000000000000e+00 0.000000000000e+00
4542 1.529288435255e-01 0.000000000000e+00 0.000000000000e+00
4543 1.529625206547e-01 0.000000000000e+00 0.000000000000e+00
4544 1.529961977839e-01 0.000000000000e+00 0.000000000000e+00
4545 1.530298749130e-01 0.000000000000e+00 0.000000000000e+00
4546 1.530635520422e-01 0.000000000000e+00 0.000000000000e+00
4547 1.530972291713e-01 0.000000000000e+00 0.000000000000e+00
4548 1.531309063005e-01 0.000000000000e+00 0.000000000000e+00
4549 1.531645834297e-01 0.000000000000e+00 0.000000000000e+00
4550 1.531982605588e-01 0.000000000000e+00 0.000000000000e+00
4551 1.532319376880e-01 0.000000000000e+00 0.000000000000e+00
4552 1.532656148172e-01 0.000000000000e+00 0.000000000000e+00
4553 1.532992919463e-01 0.000000000000e+00 0.000000000000e+00
4554 1.533329690755e-01 0.000000000000e+00 0.000000000000e+00
4555 1.533666462046e-01 0.000000000000e+00 0.000000000000e+00
4556 1.534003233338e-01 0.000000000000e+00 0.000000000000e+00
4557 1.534340004630e-01 0.000000000000e+00 0.000000000000e+00
4558 1.534676775921e-01 0.000000000000e+00 0.000000000000e+00
4559 1.535013547213e-01 0.000000000000e+00 0.000000000000e+00
4560 1.535350318505e-01 0.000000000000e+00 0.000000000000e+00
4561 1.535687089796e-01 0.000000000000e+00 0.000000000000e+00
4562 1.536023861088e-01 0.000000000000e+00 0.000000000000e+00
4563 1.536360632379e-01 0.000000000000e+00 0.000000000000e+00
4564 1.536697403671e-01 0.000000000000e+00 0.000000000000e+00
4565 1.537034174963e-01 0.000000000000e+00 0.000000000000e+00
4566 1.537370946254e-01 0.000000000000e+00 0.000000000000e+00
4567 1.537707717546e-01 0.000000000000e+00 0.000000000000e+00
4568 1.538044488838e-01 0.000000000000e+00 0.000000000000e+00
4569 1.538381260129e-01 0.000000000000e+00 0.000000000000e+00
4570 1.538718031421e-01 0.000000000000e+00 0.000000000000e+00
4571 1.539054802712e-01 0.000000000000e+00 0.000000000000e+00
4572 1.539391574004e-01 0.000000000000e+00 0.000000000000e+00
4573 1.539728345296e-01 0.000000000000e+00 0.000000000000e+00
4574 1.540065116587e-01 0.000000000000e+00 0.000000000000e+00
4575 1.540401887879e-01 0.000000000000e+00 0.000000000000e+00
4576 1.540738659171e-01 0.000000000000e+00 0.000000000000e+00
4577 1.541075430462e-01 0.000000000000e+00 0.000000000000e+00
4578 1.541412201754e-01 0.000000000000e+00 0.000000000000e+00
4579 1.541748973045e-01 0.000000000000e+00 0.000000000000e+00
4580 1.542085744337e-01 0.000000000000e+00 0.000000000000e+00
4581 1.542422515629e-01 0.000000000000e+00 0.000000000000e+00
4582 1.542759286920e-01 0.000000000000e+00 0.000000000000e+00
4583 1.543096058212e-01 0.000000000000e+00 0.000000000000e+00
4584 1.543432829504e-01 0.000000000000e+00 0.000000000000e+00
4585 1.543769600795e-01 0.000000000000e+00 0.000000000000e+00
4586 1.544106372087e-01 0.000000000000e+00 0.000000000000e+00
4587 1.544443143378e-01 0.000000000000e+00 0.000000000000e+00
4588 1.544779914670e-01 0.000000000000e+00 0.000000000000e+00
4589 1.545116685962e-01 0.000000000000e+00 0.000000000000e+00
4590 1.545453457253e-01 0.000000000000e+00 0.000000000000e+00
4591 1.545790228545e-01 0.000000000000e+00 0.000000000000e+00
4592 1.546126999836e-01 0.000000000000e+00 0.000000000000e+00
4593 1.546463771128e-01 0.000000000000e+00 0.000000000000e+00
4594 1.546800542420e-01 0.000000000000e+00 0.000000000000e+00
4595 1.547137313711e-01 0.000000000000e+00 0.000000000000e+00
4596 1.547474085003e-01 0.000000000000e+00 0.000000000000e+00
4597 1.547810856295e-01 0.000000000000e+00 0.000000000000e+00
4598 1.548147627586e-01 0.000000000000e+00 0.000000000000e+00
4599 1.548484398878e-01 0.000000000000e+00 0.000000000000e+00
4600 1.548821170169e-01 0.000000000000e+00 0.000000000000e+00
4601 1.549157941461e-01 0.000000000000e+00 0.000000000000e+00
4602 1.549494712753e-01 0.000000000000e+00 0.000000000000e+00
4603 1.549831484044e-01 0.000000000000e+00 0.000000000000e+00
4604 1.550168255336e-01 0.000000000000e+00 0.000000000000e+00
4605 1.550505026628e-01 0.000000000000e+00 0.000000000000e+00
4606 1.550841797919e-01 0.000000000000e+00 0.000000000000e+00
4607 1.551178569211e-01 0.000000000000e+00 0.000000000000e+00
4608 1.551515340502e-01 0.000000000000e+00 0.000000000000e+00
4609 1.551852111794e-01 0.000000000000e+00 0.000000000000e+00
4610 1.552188883086e-01 0.000000000000e+00 0.000000000000e+00
4611 1.552525654377e-01 0.000000000000e+00 0.000000000000e+00
4612 1.552862425669e-01 0.000000000000e+00 0.000000000000e+00
4613 1.553199196961e-01 0.000000000000e+00 0.000000000000e+00
4614 1.553535968252e-01 0.000000000000e+00 0.000000000000e+00
4615 1.553872739544e-01 0.000000000000e+00 0.000000000000e+00
4616 1.554209510835e-01 0.000000000000e+00 0.000000000000e+00
4617 1.554546282127e-01 0.000000000000e+00 0.000000000000e+00
4618 1.554883053419e-01 0.000000000000e+00 0.000000000000e+00
4619 1.555219824710e-01 0.000000000000e+00 0.000000000000e+00
4620 1.555556596002e-01 0.000000000000e+00 0.000000000000e+00
4621 1.555893367294e-01 0.000000000000e+00 0.000000000000e+00
4622 1.556230138585e-01 0.000000000000e+00 0.000000000000e+00
4623 1.556566909877e-01 0.000000000000e+00 0.000000000000e+00
4624 1.556903681168e-01 0.000000000000e+00 0.000000000000e+00
4625 1.557240452460e-01 0.000000000000e+00 0.000000000000e+00
4626 1.557577223752e-01 0.000000000000e+00 0.000000000000e+00
4627 1.557913995043e-01 0.000000000000e+00 0.000000000000e+00
4628 1.558250766335e-01 0.000000000000e+00 0.000000000000e+00
4629 1.558587537626e-01 0.000000000000e+00 0.000000000000e+00
4630 1.558924308918e-01 0.000000000000e+00 0.000000000000e+00
4631 1.559261080210e-01 0.000000000000e+00 0.000000000000e+00
4632 1.559597851501e-01 0.000000000000e+00 0.000000000000e+00
4633 1.559934622793e-01 0.000000000000e+00 0.000000000000e+00
4634 1.560271394085e-01 0.000000000000e+00 0.000000000000e+00
4635 1.560608165376e-01 0.000000000000e+00 0.000000000000e+00
4636 1.560944936668e-01 0.000000000000e+00 0.000000000000e+00
4637 1.561281707959e-01 0.000000000000e+00 0.000000000000e+00
4638 1.561618479251e-01 0.000000000000e+00 0.000000000000e+00
4639 1.561955250543e-01 0.000000000000e+00 0.000000000000e+00
4640 1.562292021834e-01 0.000000000000e+00 0.000000000000e+00
4641 1.562628793126e-01 0.000000000000e+00 0.000000000000e+00
4642 1.562965564418e-01 0.000000000000e+00 0.000000000000e+00
4643 1.563302335709e-01 0.000000000000e+00 0.000000000000e+00
4644 1.563639107001e-01 0.000000000000e+00 0.000000000000e+00
4645 1.563975878292e-01 0.000000000000e+00 0.000000000000e+00
4646 1.564312649584e-01 0.000000000000e+00 0.000000000000e+00
4647 1.564649420876e-01 0.000000000000e+00 0.000000000000e+00
4648 1.564986192167e-01 0.000000000000e+00 0.000000000000e+00
4649 1.565322963459e-01 0.000000000000e+00 0.000000000000e+00
4650 1.565659734751e-01 0.000000000000e+00 0.000000000000e+00
4651 1.565996506042e-01 0.000000000000e+00 0.000000000000e+00
4652 1.566333277334e-01 0.000000000000e+00 0.000000000000e+00
4653 1.566670048625e-01 0.000000000000e+00 0.000000000000e+00
4654 1.567006819917e-01 0.000000000000e+00 0.000000000000e+00
4655 1.567343591209e-01 0.000000000000e+00 0.000000000000e+00
4656 1.567680362500e-01 0.000000000000e+00 0.000000000000e+00
4657 1.568017133792e-01 0.000000000000e+00 0.000000000000e+00
4658 1.568353905084e-01 0.000000000000e+00 0.000000000000e+00
4659 1.568690676375e-01 0.000000000000e+00 0.000000000000e+00
4660 1.569027447667e-01 0.000000000000e+00 0.000000000000e+00
4661 1.569364218958e-01 0.000000000000e+00 0.000000000000e+00
4662 1.569700990250e-01 0.000000000000e+00 0.000000000000e+00
4663 1.570037761542e-01 0.000000000000e+00 0.000000000000e+00
4664 1.570374532833e-01 0.000000000000e+00 0.000000000000e+00
4665 1.570711304125e-01 0.000000000000e+00 0.000000000000e+00
4666 1.571048075417e-01 0.000000000000e+00 0.000000000000e+00
4667 1.571384846708e-01 0.000000000000e+00 0.000000000000e+00
4668 1.571721618000e-01 0.000000000000e+00 0.000000000000e+00
4669 1.572058389291e-01 0.000000000000e+00 0.000000000000e+00
4670 1.572395160583e-01 0.000000000000e+00 0.000000000000e+00
4671 1.572731931875e-01 0.000000000000e+00 0.000000000000e+00
4672 1.573068703166e-01 0.000000000000e+00 0.000000000000e+00
4673 1.573405474458e-01 0.000000000000e+00 0.000000000000e+00
4674 1.573742245749e-01 0.000000000000e+00 0.000000000000e+00
4675 1.574079017041e-01 0.000000000000e+00 0.000000000000e+00
4676 1.574415788333e-01 0.000000000000e+00 0.000000000000e+00
4677 1.574752559624e-01 0.000000000000e+00 0.000000000000e+00
4678 1.575089330916e-01 0.000000000000e+00 0.000000000000e+00
4679 1.575426102208e-01 0.000000000000e+00 0.000000000000e+00
4680 1.575762873499e-01 0.000000000000e+00 0.000000000000e+00
4681 1.576099644791e-01 0.000000000000e+00 0.000000000000e+00
4682 1.576436416082e-01 0.000000000000e+00 0.000000000000e+00
4683 1.576773187374e-01 0.000000000000e+00 0.000000000000e+00
4684 1.577109958666e-01 0.000000000000e+00 0.000000000000e+00
4685 1.577446729957e-01 0.000000000000e+00 0.000000000000e+00
4686 1.577783501249e-01 0.000000000000e+00 0.000000000000e+00
4687 1.578120272541e-01 0.000000000000e+00 0.000000000000e+00
4688 1.578457043832e-01 0.000000000000e+00 0.000000000000e+00
4689 1.578793815124e-01 0.000000000000e+00 0.000000000000e+00
4690 1.579130586415e-01 0.000000000000e+00 0.000000000000e+00
4691 1.579467357707e-01 0.000000000000e+00 0.000000000000e+00
4692 1.579804128999e-01 0.000000000000e+00 0.000000000000e+00
4693 1.580140900290e-01 0.000000000000e+00 0.000000000000e+00
4694 1.580477671582e-01 0.000000000000e+00 0.000000000000e+00
4695 1.580814442874e-01 0.000000000000e+00 0.000000000000e+00
4696 1.581151214165e-01 0.000000000000e+00 0.000000000000e+00
4697 1.581487985457e-01 0.000000000000e+00 0.000000000000e+00
4698 1.581824756748e-01 0.000000000000e+00 0.000000000000e+00
4699 1.582161528040e-01 0.000000000000e+00 0.000000000000e+00
4700 1.582498299332e-01 0.000000000000e+00 0.000000000000e+00
4701 1.582835070623e-01 0.000000000000e+00 0.000000000000e+00
4702 1.583171841915e-01 0.000000000000e+00 0.000000000000e+00
4703 1.583508613207e-01 0.000000000000e+00 0.000000000000e+00
4704 1.583845384498e-01 0.000000000000e+00 0.000000000000e+00
4705 1.584182155790e-01 0.000000000000e+00 0.000000000000e+00
4706 1.584518927081e-01 0.000000000000e+00 0.000000000000e+00
4707 1.584855698373e-01 0.000000000000e+00 0.000000000000e+00
4708 1.585192469665e-01 0.000000000000e+00 0.000000000000e+00
4709 1.585529240956e-01 0.000000000000e+00 0.000000000000e+00
4710 1.585866012248e-01 0.000000000000e+00 0.000000000000e+00
4711 1.586202783539e-01 0.000000000000e+00 0.000000000000e+00
4712 1.586539554831e-01 0.000000000000e+00 0.000000000000e+00
4713 1.586876326123e-01 0.000000000000e+00 0.000000000000e+00
4714 1.587213097414e-01 0.000000000000e+00 0.000000000000e+00
4715 1.587549868706e-01 0.000000000000e+00 0.000000000000e+00
4716 1.587886639998e-01 0.000000000000e+00 0.000000000000e+00
4717 1.588223411289e-01 0.000000000000e+00 0.000000000000e+00
4718 1.588560182581e-01 0.000000000000e+00 0.000000000000e+00
4719 1.588896953872e-01 0.000000000000e+00 0.000000000000e+00
4720 1.589233725164e-01 0.000000000000e+00 0.000000000000e+00
4721 1.589570496456e-01 0.000000000000e+00 0.000000000000e+00
4722 1.589907267747e-01 0.000000000000e+00 0.000000000000e+00
4723 1.590244039039e-01 0.000000000000e+00 0.000000000000e+00
4724 1.590580810331e-01 0.000000000000e+00 0.000000000000e+00
4725 1.590917581622e-01 0.000000000000e+00 0.000000000000e+00
4726 1.591254352914e-01 0.000000000000e+00 0.000000000000e+00
4727 1.591591124205e-01 0.000000000000e+00 0.000000000000e+00
4728 1.591927895497e-01 0.000000000000e+00 0.000000000000e+00
4729 1.592264666789e-01 0.000000000000e+00 0.000000000000e+00
4730 1.592601438080e-01 0.000000000000e+00 0.000000000000e+00
4731 1.592938209372e-01 0.000000000000e+00 0.000000000000e+00
4732 1.593274980664e-01 0.000000000000e+00 0.000000000000e+00
4733 1.593611751955e-01 0.000000000000e+00 0.000000000000e+00
4734 1.593948523247e-01 0.000000000000e+00 0.000000000000e+00
4735 1.594285294538e-01 0.000000000000e+00 0.000000000000e+00
4736 1.594622065830e-01 0.000000000000e+00 0.000000000000e+00
4737 1.594958837122e-01 0.000000000000e+00 0.000000000000e+00
4738 1.595295608413e-01 0.000000000000e+00 0.000000000000e+00
4739 1.595632379705e-01 0.000000000000e+00 0.000000000000e+00
4740 1.595969150997e-01 0.000000000000e+00 0.000000000000e+00
4741 1.596305922288e-01 0.000000000000e+00 0.000000000000e+00
4742 1.596642693580e-01 0.000000000000e+00 0.000000000000e+00
4743 1.596979464871e-01 0.000000000000e+00 0.000000000000e+00
4744 1.597316236163e-01 0.000000000000e+00 0.000000000000e+00
4745 1.597653007455e-01 0.000000000000e+00 0.000000000000e+00
4746 1.597989778746e-01 0.000000000000e+00 0.000000000000e+00
4747 1.598326550038e-01 0.000000000000e+00 0.000000000000e+00
4748 1.598663321330e-01 0.000000000000e+00 0.000000000000e+00
4749 1.599000092621e-01 0.000000000000e+00 0.000000000000e+00
4750 1.599336863913e-01 0.000000000000e+00 0.000000000000e+00
4751 1.599673635204e-01 0.000000000000e+00 0.000000000000e+00
4752 1.600010406496e-01 0.000000000000e+00 0.000000000000e+00
4753 1.600347177788e-01 0.000000000000e+00 0.000000000000e+00
4754 1.600683949079e-01 0.000000000000e+00 0.000000000000e+00
4755 1.601020720371e-01 0.000000000000e+00 0.000000000000e+00
4756 1.601357491662e-01 0.000000000000e+00 0.000000000000e+00
4757 1.601694262954e-01 0.000000000000e+00 0.000000000000e+00
4758 1.602031034246e-01 0.000000000000e+00 0.000000000000e+00
4759 1.602367805537e-01 0.000000000000e+00 0.000000000000e+00
4760 1.602704576829e-01 0.000000000000e+00 0.000000000000e+00
4761 1.603041348121e-01 0.000000000000e+00 0.000000000000e+00
4762 1.603378119412e-01 0.000000000000e+00 0.000000000000e+00
4763 1.603714890704e-01 0.000000000000e+00 0.000000000000e+00
4764 1.604051661995e-01 0.000000000000e+00 0.000000000000e+00
4765 1.604388433287e-01 0.000000000000e+00 0.000000000000e+00
4766 1.604725204579e-01 0.000000000000e+00 0.000000000000e+00
4767 1.605061975870e-01 0.000000000000e+00 0.000000000000e+00
4768 1.605398747162e-01 0.000000000000e+00 0.000000000000e+00
4769 1.605735518454e-01 0.000000000000e+00 0.000000000000e+00
4770 1.606072289745e-01 0.000000000000e+00 0.000000000000e+00
4771 1.606409061037e-01 0.000000000000e+00 0.000000000000e+00
4772 1.606745832328e-01 0.000000000000e+00 0.000000000000e+00
4773 1.607082603620e-01 0.000000000000e+00 0.000000000000e+00
4774 1.607419374912e-01 0.000000000000e+00 0.000000000000e+00
4775 1.607756146203e-01 0.000000000000e+00 0.000000000000e+00
4776 1.608092917495e-01 0.000000000000e+00 0.000000000000e+00
4777 1.608429688787e-01 0.000000000000e+00 0.000000000000e+00
4778 1.608766460078e-01 0.000000000000e+00 0.000000000000e+00
4779 1.609103231370e-01 0.000000000000e+00 0.000000000000e+00
4780 1.609440002661e-01 0.000000000000e+00 0.000000000000e+00
4781 1.609776773953e-01 0.000000000000e+00 0.000000000000e+00
4782 1.610113545245e-01 0.000000000000e+00 0.000000000000e+00
4783 1.610450316536e-01 0.000000000000e+00 0.000000000000e+00
4784 1.610787087828e-01 0.000000000000e+00 0.000000000000e+00
4785 1.611123859120e-01 0.000000000000e+00 0.000000000000e+00
4786 1.611460630411e-01 0.000000000000e+00 0.000000000000e+00
4787 1.611797401703e-01 0.000000000000e+00 0.000000000000e+00
4788 1.612134172994e-01 0.000000000000e+00 0.000000000000e+00
4789 1.612470944286e-01 0.000000000000e+00 0.000000000000e+00
4790 1.612807715578e-01 0.000000000000e+00 0.000000000000e+00
4791 1.613144486869e-01 0.000000000000e+00 0.000000000000e+00
4792 1.613481258161e-01 0.000000000000e+00 0.000000000000e+00
4793 1.613818029453e-01 0.000000000000e+00 0.000000000000e+00
4794 1.614154800744e-01 0.000000000000e+00 0.000000000000e+00
4795 1.614491572036e-01 0.000000000000e+00 0.000000000000e+00
4796 1.614828343327e-01 0.000000000000e+00 0.000000000000e+00
4797 1.615165114619e-01 0.000000000000e+00 0.000000000000e+00
4798 1.615501885911e-01 0.000000000000e+00 0.000000000000e+00
4799 1.615838657202e-01 0.000000000000e+00 0.000000000000e+00
4800 1.616175428494e-01 0.000000000000e+00 0.000000000000e+00
4801 1.616512199785e-01 0.000000000000e+00 0.000000000000e+00
4802 1.616848971077e-01 0.000000000000e+00 0.000000000000e+00
4803 1.617185742369e-01 0.000000000000e+00 0.000000000000e+00
4804 1.617522513660e-01 0.000000000000e+00 0.000000000000e+00
4805 1.617859284952e-01 0.000000000000e+00 0.000000000000e+00
4806 1.618196056244e-01 0.000000000000e+00 0.000000000000e+00
4807 1.618532827535e-01 0.000000000000e+00 0.000000000000e+00
4808 1.618869598827e-01 0.000000000000e+00 0.000000000000e+00
4809 1.619206370118e-01 0.000000000000e+00 0.000000000000e+00
4810 1.619543141410e-01 0.000000000000e+00 0.000000000000e+00
4811 1.619879912702e-01 0.000000000000e+00 0.000000000000e+00
4812 1.620216683993e-01 0.000000000000e+00 0.000000000000e+00
4813 1.620553455285e-01 0.000000000000e+00 0.000000000000e+00
4814 1.620890226577e-01 0.000000000000e+00 0.000000000000e+00
4815 1.621226997868e-01 0.000000000000e+00 0.000000000000e+00
4816 1.621563769160e-01 0.000000000000e+00 0.000000000000e+00
4817 1.621900540451e-01 0.000000000000e+00 0.000000000000e+00
4818 1.622237311743e-01 0.000000000000e+00 0.000000000000e+00
4819 1.622574083035e-01 0.000000000000e+00 0.000000000000e+00
4820 1.622910854326e-01 0.000000000000e+00 0.000000000000e+00
4821 1.623247625618e-01 0.000000000000e+00 0.000000000000e+00
4822 1.623584396910e-01 0.000000000000e+00 0.000000000000e+00
4823 1.623921168201e-01 0.000000000000e+00 0.000000000000e+00
4824 1.624257939493e-01 0.000000000000e+00 0.000000000000e+00
4825 1.624594710784e-01 0.000000000000e+00 0.000000000000e+00
4826 1.624931482076e-01 0.000000000000e+00 0.000000000000e+00
4827 1.625268253368e-01 0.000000000000e+00 0.000000000000e+00
4828 1.625605024659e-01 0.000000000000e+00 0.000000000000e+00
4829 1.625941795951e-01 0.000000000000e+00 0.000000000000e+00
4830 1.626278567243e-01 0.000000000000e+00 0.000000000000e+00
4831 1.626615338534e-01 0.000000000000e+00 0.000000000000e+00
4832 1.626952109826e-01 0.000000000000e+00 0.000000000000e+00
4833 1.627288881117e-01 0.000000000000e+00 0.000000000000e+00
4834 1.627625652409e-01 0.000000000000e+00 0.000000000000e+00
4835 1.627962423701e-01 0.000000000000e+00 0.000000000000e+00
4836 1.628299194992e-01 0.000000000000e+00 0.000000000000e+00
4837 1.628635966284e-01 0.000000000000e+00 0.000000000000e+00
4838 1.628972737575e-01 0.000000000000e+00 0.000000000000e+00
4839 1.629309508867e-01 0.000000000000e+00 0.000000000000e+00
4840 1.629646280159e-01 0.000000000000e+00 0.000000000000e+00
4841 1.629983051450e-01 0.000000000000e+00 0.000000000000e+00
4842 1.630319822742e-01 0.000000000000e+00 0.000000000000e+00
4843 1.630656594034e-01 0.000000000000e+00 0.000000000000e+00
4844 1.630993365325e-01 0.000000000000e+00 0.000000000000e+00
4845 1.631330136617e-01 0.000000000000e+00 0.000000000000e+00
4846 1.631666907908e-01 0.000000000000e+00 0.000000000000e+00
4847 1.632003679200e-01 0.000000000000e+00 0.000000000000e+00
4848 1.632340450492e-01 0.000000000000e+00 0.000000000000e+00
4849 1.632677221783e-01 0.000000000000e+00 0.000000000000e+00
4850 1.633013993075e-01 0.000000000000e+00 0.000000000000e+00
4851 1.633350764367e-01 0.000000000000e+00 0.000000000000e+00
4852 1.633687535658e-01 0.000000000000e+00 0.000000000000e+00
4853 1.634024306950e-01 0.000000000000e+00 0.000000000000e+00
4854 1.634361078241e-01 0.000000000000e+00 0.000000000000e+00
4855 1.634697849533e-01 0.000000000000e+00 0.000000000000e+00
4856 1.635034620825e-01 0.000000000000e+00 0.000000000000e+00
4857 1.635371392116e-01 0.000000000000e+00 0.000000000000e+00
4858 1.635708163408e-01 0.000000000000e+00 0.000000000000e+00
4859 1.636044934700e-01 0.000000000000e+00 0.000000000000e+00
4860 1.636381705991e-01 0.000000000000e+00 0.000000000000e+00
4861 1.636718477283e-01 0.000000000000e+00 0.000000000000e+00
4862 1.637055248574e-01 0.000000000000e+00 0.000000000000e+00
4863 1.637392019866e-01 0.000000000000e+00 0.000000000000e+00
4864 1.637728791158e-01 0.000000000000e+00 0.000000000000e+00
4865 1.638065562449e-01 0.000000000000e+00 0.000000000000e+00
4866 1.638402333741e-01 0.000000000000e+00 0.000000000000e+00
4867 1.638739105033e-01 0.000000000000e+00 0.000000000000e+00
4868 1.639075876324e-01 0.000000000000e+00 0.000000000000e+00
4869 1.639412647616e-01 0.000000000000e+00 0.000000000000e+00
4870 1.639749418907e-01 0.000000000000e+00 0.000000000000e+00
4871 1.640086190199e-01 0.000000000000e+00 0.000000000000e+00
4872 1.640422961491e-01 0.000000000000e+00 0.000000000000e+00
4873 1.640759732782e-01 0.000000000000e+00 0.000000000000e+00
4874 1.641096504074e-01 0.000000000000e+00 0.000000000000e+00
4875 1.641433275366e-01 0.000000000000e+00 0.000000000000e+00
4876 1.641770046657e-01 0.000000000000e+00 0.000000000000e+00
4877 1.642106817949e-01 0.000000000000e+00 0.000000000000e+00
4878 1.642443589240e-01 0.000000000000e+00 0.000000000000e+00
4879 1.642780360532e-01 0.000000000000e+00 0.000000000000e+00
4880 1.643117131824e-01 0.000000000000e+00 0.000000000000e+00
4881 1.643453903115e-01 0.000000000000e+00 0.000000000000e+00
4882 1.643790674407e-01 0.000000000000e+00 0.000000000000e+00
4883 1.644127445698e-01 0.000000000000e+00 0.000000000000e+00
4884 1.644464216990e-01 0.000000000000e+00 0.000000000000e+00
4885 1.644800988282e-01 0.000000000000e+00 0.000000000000e+00
4886 1.645137759573e-01 0.000000000000e+00 0.000000000000e+00
4887 1.645474530865e-01 0.000000000000e+00 0.000000000000e+00
4888 1.645811302157e-01 0.000000000000e+00 0.000000000000e+00
4889 1.646148073448e-01 0.000000000000e+00 0.000000000000e+00
4890 1.646484844740e-01 0.000000000000e+00 0.000000000000e+00
4891 1.646821616031e-01 0.000000000000e+00 0.000000000000e+00
4892 1.647158387323e-01 0.000000000000e+00 0.000000000000e+00
4893 1.647495158615e-01 0.000000000000e+00 0.000000000000e+00
4894 1.647831929906e-01 0.000000000000e+00 0.000000000000e+00
4895 1.648168701198e-01 0.000000000000e+00 0.000000000000e+00
4896 1.648505472490e-01 0.000000000000e+00 0.000000000000e+00
4897 1.648842243781e-01 0.000000000000e+00 0.000000000000e+00
4898 1.649179015073e-01 0.000000000000e+00 0.000000000000e+00
4899 1.649515786364e-01 0.000000000000e+00 0.000000000000e+00
4900 1.649852557656e-01 0.000000000000e+00 0.000000000000e+00
4901 1.650189328948e-01 0.000000000000e+00 0.000000000000e+00
4902 1.650526100239e-01 0.000000000000e+00 0.000000000000e+00
4903 1.650862871531e-01 0.000000000000e+00 0.000000000000e+00
4904 1.651199642823e-01 0.000000000000e+00 0.000000000000e+00
4905 1.651536414114e-01 0.000000000000e+00 0.000000000000e+00
4906 1.651873185406e-01 0.000000000000e+00 0.000000000000e+00
4907 1.652209956697e-01 0.000000000000e+00 0.000000000000e+00
4908 1.652546727989e-01 0.000000000000e+00 0.000000000000e+00
4909 1.652883499281e-01 0.000000000000e+00 0.000000000000e+00
4910 1.653220270572e-01 0.000000000000e+00 0.000000000000e+00
4911 1.653557041864e-01 0.000000000000e+00 0.000000000000e+00
4912 1.653893813156e-01 0.000000000000e+00 0.000000000000e+00
4913 1.654230584447e-01 0.000000000000e+00 0.000000000000e+00
4914 1.654567355739e-01 0.000000000000e+00 0.000000000000e+00
4915 1.654904127030e-01 0.000000000000e+00 0.000000000000e+00
4916 1.655240898322e-01 0.000000000000e+00 0.000000000000e+00
4917 1.655577669614e-01 0.000000000000e+00 0.000000000000e+00
4918 1.655914440905e-01 0.000000000000e+00 0.000000000000e+00
4919 1.656251212197e-01 0.000000000000e+00 0.000000000000e+00
4920 1.656587983488e-01 0.000000000000e+00 0.000000000000e+00
4921 1.656924754780e-01 0.000000000000e+00 0.000000000000e+00
4922 1.657261526072e-01 0.000000000000e+00 0.000000000000e+00
4923 1.657598297363e-01 0.000000000000e+00 0.000000000000e+00
4924 1.657935068655e-01 0.000000000000e+00 0.000000000000e+00
4925 1.658271839947e-01 0.000000000000e+00 0.000000000000e+00
4926 1.658608611238e-01 0.000000000000e+00 0.000000000000e+00
4927 1.658945382530e-01 0.000000000000e+00 0.000000000000e+00
4928 1.659282153821e-01 0.000000000000e+00 0.000000000000e+00
4929 1.659618925113e-01 0.000000000000e+00 0.000000000000e+00
4930 1.659955696405e-01 0.000000000000e+00 0.000000000000e+00
4931 1.660292467696e-01 0.000000000000e+00 0.000000000000e+00
4932 1.660629238988e-01 0.000000000000e+00 0.000000000000e+00
4933 1.660966010280e-01 0.000000000000e+00 0.000000000000e+00
4934 1.661302781571e-01 0.000000000000e+00 0.000000000000e+00
4935 1.661639552863e-01 0.000000000000e+00 0.000000000000e+00
4936 1.661976324154e-01 0.000000000000e+00 0.000000000000e+00
4937 1.662313095446e-01 0.000000000000e+00 0.000000000000e+00
4938 1.662649866738e-01 0.000000000000e+00 0.000000000000e+00
4939 1.662986638029e-01 0.000000000000e+00 0.000000000000e+00
4940 1.663323409321e-01 0.000000000000e+00 0.000000000000e+00
4941 1.663660180613e-01 0.000000000000e+00 0.000000000000e+00
4942 1.663996951904e-01 0.000000000000e+00 0.000000000000e+00
4943 1.664333723196e-01 0.000000000000e+00 0.000000000000e+00
4944 1.664670494487e-01 0.000000000000e+00 0.000000000000e+00
4945 1.665007265779e-01 0.000000000000e+00 0.000000000000e+00
4946 1.665344037071e-01 0.000000000000e+00 0.000000000000e+00
4947 1.665680808362e-01 0.000000000000e+00 0.000000000000e+00
4948 1.666017579654e-01 0.000000000000e+00 0.000000000000e+00
4949 1.666354350946e-01 0.000000000000e+00 0.000000000000e+00
4950 1.666691122237e-01 0.000000000000e+00 0.000000000000e+00
4951 1.667027893529e-01 0.000000000000e+00 0.000000000000e+00
4952 1.667364664820e-01 0.000000000000e+00 0.000000000000e+00
4953 1.667701436112e-01 0.000000000000e+00 0.000000000000e+00
4954 1.668038207404e-01 0.000000000000e+00 0.000000000000e+00
4955 1.668374978695e-01 0.000000000000e+00 0.000000000000e+00
4956 1.668711749987e-01 0.000000000000e+00 0.000000000000e+00
4957 1.669048521279e-01 0.000000000000e+00 0.000000000000e+00
4958 1.669385292570e-01 0.000000000000e+00 0.000000000000e+00
4959 1.669722063862e-01 0.000000000000e+00 0.000000000000e+00
4960 1.670058835153e-01 0.000000000000e+00 0.000000000000e+00
4961 1.670395606445e-01 0.000000000000e+00 0.000000000000e+00
4962 1.670732377737e-01 0.000000000000e+00 0.000000000000e+00
4963 1.671069149028e-01 0.000000000000e+00 0.000000000000e+00
4964 1.671405920320e-01 0.000000000000e+00 0.000000000000e+00
4965 1.671742691611e-01 0.000000000000e+00 0.000000000000e+00
4966 1.672079462903e-01 0.000000000000e+00 0.000000000000e+00
4967 1.672416234195e-01 0.000000000000e+00 0.000000000000e+00
4968 1.672753005486e-01 0.000000000000e+00 0.000000000000e+00
4969 1.673089776778e-01 0.000000000000e+00 0.000000000000e+00
4970 1.673426548070e-01 0.000000000000e+00 0.000000000000e+00
4971 1.673763319361e-01 0.000000000000e+00 0.000000000000e+00
4972 1.674100090653e-01 0.000000000000e+00 0.000000000000e+00
4973 1.674436861944e-01 0.000000000000e+00 0.000000000000e+00
4974 1.674773633236e-01 0.000000000000e+00 0.000000000000e+00
4975 1.675110404528e-01 0.000000000000e+00 0.000000000000e+00
4976 1.675447175819e-01 0.000000000000e+00 0.000000000000e+00
4977 1.675783947111e-01 0.000000000000e+00 0.000000000000e+00
4978 1.676120718403e-01 0.000000000000e+00 0.000000000000e+00
4979 1.676457489694e-01 0.000000000000e+00 0.000000000000e+00
4980 1.676794260986e-01 0.000000000000e+00 0.000000000000e+00
4981 1.677131032277e-01 0.000000000000e+00 0.000000000000e+00
4982 1.677467803569e-01 0.000000000000e+00 0.000000000000e+00
4983 1.677804574861e-01 0.000000000000e+00 0.000000000000e+00
4984 1.678141346152e-01 0.000000000000e+00 0.000000000000e+00
4985 1.678478117444e-01 0.000000000000e+00 0.000000000000e+00
4986 1.678814888736e-01 0.000000000000e+00 0.000000000000e+00
4987 1.679151660027e-01 0.000000000000e+00 0.000000000000e+00
4988 1.679488431319e-01 0.000000000000e+00 0.000000000000e+00
4989 1.679825202610e-01 0.000000000000e+00 0.000000000000e+00
4990 1.680161973902e-01 0.000000000000e+00 0.000000000000e+00
4991 1.680498745194e-01 0.000000000000e+00 0.000000000000e+00
4992 1.680835516485e-01 0.000000000000e+00 0.000000000000e+00
4993 1.681172287777e-01 0.000000000000e+00 0.000000000000e+00
4994 1.681509059069e-01 0.000000000000e+00 0.000000000000e+00
4995 1.681845830360e-01 0.000000000000e+00 0.000000000000e+00
4996 1.682182601652e-01 0.000000000000e+00 0.000000000000e+00
4997 1.682519372943e-01 0.000000000000e+00 0.000000000000e+00
4998 1.682856144235e-01 0.000000000000e+00 0.000000000000e+00
4999 1.683192915527e-01 0.000000000000e+00 0.000000000000e+00
5000 1.683529686818e-01 0.000000000000e+00 0.000000000000e+00
5001 1.683866458110e-01 0.000000000000e+00 0.000000000000e+00
5002 1.684203229401e-01 0.000000000000e+00 0.000000000000e+00
5003 1.684540000693e-01 0.000000000000e+00 0.000000000000e+00
5004 1.684876771985e-01 0.000000000000e+00 0.000000000000e+00
5005 1.685213543276e-01 0.000000000000e+00 0.000000000000e+00
5006 1.685550314568e-01 0.000000000000e+00 0.000000000000e+00
5007 1.685887085860e-01 0.000000000000e+00 0.000000000000e+00
5008 1.686223857151e-01 0.000000000000e+00 0.000000000000e+00
5009 1.686560628443e-01 0.000000000000e+00 0.000000000000e+00
5010 1.686897399734e-01 0.000000000000e+00 0.000000000000e+00
5011 1.687234171026e-01 0.000000000000e+00 0.000000000000e+00
5012 1.687570942318e-01 0.000000000000e+00 0.000000000000e+00
5013 1.687907713609e-01 0.000000000000e+00 0.000000000000e+00
5014 1.688244484901e-01 0.000000000000e+00 0.000000000000e+00
5015 1.688581256193e-01 0.000000000000e+00 0.000000000000e+00
5016 1.688918027484e-01 0.000000000000e+00 0.000000000000e+00
5017 1.689254798776e-01 0.000000000000e+00 0.000000000000e+00
5018 1.689591570067e-01 0.000000000000e+00 0.000000000000e+00
5019 1.689928341359e-01 0.000000000000e+00 0.000000000000e+00
5020 1.690265112651e-01 0.000000000000e+00 0.000000000000e+00
5021 1.690601883942e-01 0.000000000000e+00 0.000000000000e+00
5022 1.690938655234e-01 0.000000000000e+00 0.000000000000e+00
5023 1.691275426526e-01 0.000000000000e+00 0.000000000000e+00
5024 1.691612197817e-01 0.000000000000e+00 0.000000000000e+00
5025 1.691948969109e-01 0.000000000000e+00 0.000000000000e+00
5026 1.692285740400e-01 0.000000000000e+00 0.000000000000e+00
5027 1.692622511692e-01 0.000000000000e+00 0.000000000000e+00
5028 1.692959282984e-01 0.000000000000e+00 0.000000000000e+00
5029 1.693296054275e-01 0.000000000000e+00 0.000000000000e+00
5030 1.693632825567e-01 0.000000000000e+00 0.000000000000e+00
5031 1.693969596859e-01 0.000000000000e+00 0.000000000000e+00
5032 1.694306368150e-01 0.000000000000e+00 0.000000000000e+00
5033 1.694643139442e-01 0.000000000000e+00 0.000000000000e+00
5034 1.694979910733e-01 0.000000000000e+00 0.000000000000e+00
5035 1.695316682025e-01 0.000000000000e+00 0.000000000000e+00
5036 1.695653453317e-01 0.000000000000e+00 0.000000000000e+00
5037 1.695990224608e-01 0.000000000000e+00 0.000000000000e+00
5038 1.696326995900e-01 0.000000000000e+00 0.000000000000e+00
5039 1.696663767192e-01 0.000000000000e+00 0.000000000000e+00
5040 1.697000538483e-01 0.000000000000e+00 0.000000000000e+00
5041 1.697337309775e-01 0.000000000000e+00 0.000000000000e+00
5042 1.697674081066e-01 0.000000000000e+00 0.000000000000e+00
5043 1.698010852358e-01 0.000000000000e+00 0.000000000000e+00
5044 1.698347623650e-01 0.000000000000e+00 0.000000000000e+00
5045 1.698684394941e-01 0.000000000000e+00 0.000000000000e+00
5046 1.699021166233e-01 0.000000000000e+00 0.000000000000e+00
5047 1.699357937524e-01 0.000000000000e+00 0.000000000000e+00
5048 1.699694708816e-01 0.000000000000e+00 0.000000000000e+00
5049 1.700031480108e-01 0.000000000000e+00 0.000000000000e+00
5050 1.700368251399e-01 0.000000000000e+00 0.000000000000e+00
5051 1.700705022691e-01 0.000000000000e+00 0.000000000000e+00
5052 1.701041793983e-01 0.000000000000e+00 0.000000000000e+00
5053 1.701378565274e-01 0.000000000000e+00 0.000000000000e+00
5054 1.701715336566e-01 0.000000000000e+00 0.000000000000e+00
5055 1.702052107857e-01 0.000000000000e+00 0.000000000000e+00
5056 1.702388879149e-01 0.000000000000e+00 0.000000000000e+00
5057 1.702725650441e-01 0.000000000000e+00 0.000000000000e+00
5058 1.703062421732e-01 0.000000000000e+00 0.000000000000e+00
5059 1.703399193024e-01 0.000000000000e+00 0.000000000000e+00
5060 1.703735964316e-01 0.000000000000e+00 0.000000000000e+00
5061 1.704072735607e-01 0.000000000000e+00 0.000000000000e+00
5062 1.704409506899e-01 0.000000000000e+00 0.000000000000e+00
5063 1.704746278190e-01 0.000000000000e+00 0.000000000000e+00
5064 1.705083049482e-01 0.000000000000e+00 0.000000000000e+00
5065 1.705419820774e-01 0.000000000000e+00 0.000000000000e+00
5066 1.705756592065e-01 0.000000000000e+00 0.000000000000e+00
5067 1.706093363357e-01 0.000000000000e+00 0.000000000000e+00
5068 1.706430134649e-01 0.000000000000e+00 0.000000000000e+00
5069 1.706766905940e-01 0.000000000000e+00 0.000000000000e+00
5070 1.707103677232e-01 0.000000000000e+00 0.000000000000e+00
5071 1.707440448523e-01 0.000000000000e+00 0.000000000000e+00
5072 1.707777219815e-01 0.000000000000e+00 0.000000000000e+00
5073 1.708113991107e-01 0.000000000000e+00 0.000000000000e+00
5074 1.708450762398e-01 0.000000000000e+00 0.000000000000e+00
5075 1.708787533690e-01 0.000000000000e+00 0.000000000000e+00
5076 1.709124304982e-01 0.000000000000e+00 0.000000000000e+00
5077 1.709461076273e-01 0.000000000000e+00 0.000000000000e+00
5078 1.709797847565e-01 0.000000000000e+00 0.000000000000e+00
5079 1.710134618856e-01 0.000000000000e+00 0.000000000000e+00
5080 1.710471390148e-01 0.000000000000e+00 0.000000000000e+00
5081 1.710808161440e-01 0.000000000000e+00 0.000000000000e+00
5082 1.711144932731e-01 0.000000000000e+00 0.000000000000e+00
5083 1.711481704023e-01 0.000000000000e+00 0.000000000000e+00
5084 1.711818475314e-01 0.000000000000e+00 0.000000000000e+00
5085 1.712155246606e-01 0.000000000000e+00 0.000000000000e+00
5086 1.712492017898e-01 0.000000000000e+00 0.000000000000e+00
5087 1.712828789189e-01 0.000000000000e+00 0.000000000000e+00
5088 1.713165560481e-01 0.000000000000e+00 0.000000000000e+00
5089 1.713502331773e-01 0.000000000000e+00 0.000000000000e+00
5090 1.713839103064e-01 0.000000000000e+00 0.000000000000e+00
5091 1.714175874356e-01 0.000000000000e+00 0.000000000000e+00
5092 1.714512645647e-01 0.000000000000e+00 0.000000000000e+00
5093 1.714849416939e-01 0.000000000000e+00 0.000000000000e+00
5094 1.715186188231e-01 0.000000000000e+00 0.000000000000e+00
5095 1.715522959522e-01 0.000000000000e+00 0.000000000000e+00
5096 1.715859730814e-01 0.000000000000e+00 0.000000000000e+00
5097 1.716196502106e-01 0.000000000000e+00 0.000000000000e+00
5098 1.716533273397e-01 0.000000000000e+00 0.000000000000e+00
5099 1.716870044689e-01 0.000000000000e+00 0.000000000000e+00
5100 1.717206815980e-01 0.000000000000e+00 0.000000000000e+00
5101 1.717543587272e-01 0.000000000000e+00 0.000000000000e+00
5102 1.717880358564e-01 0.000000000000e+00 0.000000000000e+00
5103 1.718217129855e-01 0.000000000000e+00 0.000000000000e+00
5104 1.718553901147e-01 0.000000000000e+00 0.000000000000e+00
5105 1.718890672439e-01 0.000000000000e+00 0.000000000000e+00
5106 1.719227443730e-01 0.000000000000e+00 0.000000000000e+00
5107 1.719564215022e-01 0.000000000000e+00 0.000000000000e+00
5108 1.719900986313e-01 0.000000000000e+00 0.000000000000e+00
5109 1.720237757605e-01 0.000000000000e+00 0.000000000000e+00
5110 1.720574528897e-01 0.000000000000e+00 0.000000000000e+00
5111 1.720911300188e-01 0.000000000000e+00 0.000000000000e+00
5112 1.721248071480e-01 0.000000000000e+00 0.000000000000e+00
5113 1.721584842772e-01 0.000000000000e+00 0.000000000000e+00
5114 1.721921614063e-01 0.000000000000e+00 0.000000000000e+00
5115 1.722258385355e-01 0.000000000000e+00 0.000000000000e+00
5116 1.722595156646e-01 0.000000000000e+00 0.000000000000e+00
5117 1.722931927938e-01 0.000000000000e+00 0.000000000000e+00
5118 1.723268699230e-01 0.000000000000e+00 0.000000000000e+00
5119 1.723605470521e-01 0.000000000000e+00 0.000000000000e+00
5120 1.723942241813e-01 0.000000000000e+00 0.000000000000e+00
5121 1.724279013105e-01 0.000000000000e+00 0.000000000000e+00
5122 1.724615784396e-01 0.000000000000e+00 0.000000000000e+00
5123 1.724952555688e-01 0.000000000000e+00 0.000000000000e+00
5124 1.725289326979e-01 0.000000000000e+00 0.000000000000e+00
5125 1.725626098271e-01 0.000000000000e+00 0.000000000000e+00
5126 1.725962869563e-01 0.000000000000e+00 0.000000000000e+00
5127 1.726299640854e-01 0.000000000000e+00 0.000000000000e+00
5128 1.726636412146e-01 0.000000000000e+00 0.000000000000e+00
5129 1.726973183437e-01 0.000000000000e+00 0.000000000000e+00
5130 1.727309954729e-01 0.000000000000e+00 0.000000000000e+00
5131 1.727646726021e-01 0.000000000000e+00 0.000000000000e+00
5132 1.727983497312e-01 0.000000000000e+00 0.000000000000e+00
5133 1.728320268604e-01 0.000000000000e+00 0.000000000000e+00
5134 1.728657039896e-01 0.000000000000e+00 0.000000000000e+00
5135 1.728993811187e-01 0.000000000000e+00 0.000000000000e+00
5136 1.729330582479e-01 0.000000000000e+00 0.000000000000e+00
5137 1.729667353770e-01 0.000000000000e+00 0.000000000000e+00
5138 1.730004125062e-01 0.000000000000e+00 0.000000000000e+00
5139 1.730340896354e-01 0.000000000000e+00 0.000000000000e+00
5140 1.730677667645e-01 0.000000000000e+00 0.000000000000e+00
5141 1.731014438937e-01 0.000000000000e+00 0.000000000000e+00
5142 1.731351210229e-01 0.000000000000e+00 0.000000000000e+00
5143 1.731687981520e-01 0.000000000000e+00 0.000000000000e+00
5144 1.732024752812e-01 0.000000000000e+00 0.000000000000e+00
5145 1.732361524103e-01 0.000000000000e+00 0.000000000000e+00
5146 1.732698295395e-01 0.000000000000e+00 0.000000000000e+00
5147 1.733035066687e-01 0.000000000000e+00 0.000000000000e+00
5148 1.733371837978e-01 0.000000000000e+00 0.000000000000e+00
5149 1.733708609270e-01 0.000000000000e+00 0.000000000000e+00
5150 1.734045380562e-01 0.000000000000e+00 0.000000000000e+00
5151 1.734382151853e-01 0.000000000000e+00 0.000000000000e+00
5152 1.734718923145e-01 0.000000000000e+00 0.000000000000e+00
5153 1.735055694436e-01 0.000000000000e+00 0.000000000000e+00
5154 1.735392465728e-01 0.000000000000e+00 0.000000000000e+00
5155 1.735729237020e-01 0.000000000000e+00 0.000000000000e+00
5156 1.736066008311e-01 0.000000000000e+00 0.000000000000e+00
5157 1.736402779603e-01 0.000000000000e+00 0.000000000000e+00
5158 1.736739550895e-01 0.000000000000e+00 0.000000000000e+00
5159 1.737076322186e-01 0.000000000000e+00 0.000000000000e+00
5160 1.737413093478e-01 0.000000000000e+00 0.000000000000e+00
5161 1.737749864769e-01 0.000000000000e+00 0.000000000000e+00
5162 1.738086636061e-01 0.000000000000e+00 0.000000000000e+00
5163 1.738423407353e-01 0.000000000000e+00 0.000000000000e+00
5164 1.738760178644e-01 0.000000000000e+00 0.000000000000e+00
5165 1.739096949936e-01 0.000000000000e+00 0.000000000000e+00
5166 1.739433721227e-01 0.000000000000e+00 0.000000000000e+00
5167 1.739770492519e-01 0.000000000000e+00 0.000000000000e+00
5168 1.740107263811e-01 0.000000000000e+00 0.000000000000e+00
5169 1.740444035102e-01 0.000000000000e+00 0.000000000000e+00
5170 1.740780806394e-01 0.000000000000e+00 0.000000000000e+00
5171 1.741117577686e-01 0.000000000000e+00 0.000000000000e+00
5172 1.741454348977e-01 0.000000000000e+00 0.000000000000e+00
5173 1.741791120269e-01 0.000000000000e+00 0.000000000000e+00
5174 1.742127891560e-01 0.000000000000e+00 0.000000000000e+00
5175 1.742464662852e-01 0.000000000000e+00 0.000000000000e+00
5176 1.742801434144e-01 0.000000000000e+00 0.000000000000e+00
5177 1.743138205435e-01 0.000000000000e+00 0.000000000000e+00
5178 1.743474976727e-01 0.000000000000e+00 0.000000000000e+00
5179 1.743811748019e-01 0.000000000000e+00 0.000000000000e+00
5180 1.744148519310e-01 0.000000000000e+00 0.000000000000e+00
5181 1.744485290602e-01 0.000000000000e+00 0.000000000000e+00
5182 1.744822061893e-01 0.000000000000e+00 0.000000000000e+00
5183 1.745158833185e-01 0.000000000000e+00 0.000000000000e+00
5184 1.745495604477e-01 0.000000000000e+00 0.000000000000e+00
5185 1.745832375768e-01 0.000000000000e+00 0.000000000000e+00
5186 1.746169147060e-01 0.000000000000e+00 0.000000000000e+00
5187 1.746505918352e-01 0.000000000000e+00 0.000000000000e+00
5188 1.746842689643e-01 0.000000000000e+00 0.000000000000e+00
5189 1.747179460935e-01 0.000000000000e+00 0.000000000000e+00
5190 1.747516232226e-01 0.000000000000e+00 0.000000000000e+00
5191 1.747853003518e-01 0.000000000000e+00 0.000000000000e+00
5192 1.748189774810e-01 0.000000000000e+00 0.000000000000e+00
5193 1.748526546101e-01 0.000000000000e+00 0.000000000000e+00
5194 1.748863317393e-01 0.000000000000e+00 0.000000000000e+00
5195 1.749200088685e-01 0.000000000000e+00 0.000000000000e+00
5196 1.749536859976e-01 0.000000000000e+00 0.000000000000e+00
5197 1.749873631268e-01 0.000000000000e+00 0.000000000000e+00
5198 1.750210402559e-01 0.000000000000e+00 0.000000000000e+00
5199 1.750547173851e-01 0.000000000000e+00 0.000000000000e+00
5200 1.750883945143e-01 0.000000000000e+00 0.000000000000e+00
5201 1.751220716434e-01 0.000000000000e+00 0.000000000000e+00
5202 1.751557487726e-01 0.000000000000e+00 0.000000000000e+00
5203 1.751894259018e-01 0.000000000000e+00 0.000000000000e+00
5204 1.752231030309e-01 0.000000000000e+00 0.000000000000e+00
5205 1.752567801601e-01 0.000000000000e+00 0.000000000000e+00
5206 1.752904572892e-01 0.000000000000e+00 0.000000000000e+00
5207 1.753241344184e-01 0.000000000000e+00 0.000000000000e+00
5208 1.753578115476e-01 0.000000000000e+00 0.000000000000e+00
5209 1.753914886767e-01 0.000000000000e+00 0.000000000000e+00
5210 1.754251658059e-01 0.000000000000e+00 0.000000000000e+00
5211 1.754588429350e-01 0.000000000000e+00 0.000000000000e+00
5212 1.754925200642e-01 0.000000000000e+00 0.000000000000e+00
5213 1.755261971934e-01 0.000000000000e+00 0.000000000000e+00
5214 1.755598743225e-01 0.000000000000e+00 0.000000000000e+00
5215 1.755935514517e-01 0.000000000000e+00 0.000000000000e+00
5216 1.756272285809e-01 0.000000000000e+00 0.000000000000e+00
5217 1.756609057100e-01 0.000000000000e+00 0.000000000000e+00
5218 1.756945828392e-01 0.000000000000e+00 0.000000000000e+00
5219 1.757282599683e-01 0.000000000000e+00 0.000000000000e+00
5220 1.757619370975e-01 0.000000000000e+00 0.000000000000e+00
5221 1.757956142267e-01 0.000000000000e+00 0.000000000000e+00
5222 1.758292913558e-01 0.000000000000e+00 0.000000000000e+00
5223 1.758629684850e-01 0.000000000000e+00 0.000000000000e+00
5224 1.758966456142e-01 0.000000000000e+00 0.000000000000e+00
5225 1.759303227433e-01 0.000000000000e+00 0.000000000000e+00
5226 1.759639998725e-01 0.000000000000e+00 0.000000000000e+00
5227 1.759976770016e-01 0.000000000000e+00 0.000000000000e+00
5228 1.760313541308e-01 0.000000000000e+00 0.000000000000e+00
5229 1.760650312600e-01 0.000000000000e+00 0.000000000000e+00
5230 1.760987083891e-01 0.000000000000e+00 0.000000000000e+00
5231 1.761323855183e-01 0.000000000000e+00 0.000000000000e+00
5232 1.761660626475e-01 0.000000000000e+00 0.000000000000e+00
5233 1.761997397766e-01 0.000000000000e+00 0.000000000000e+00
5234 1.762334169058e-01 0.000000000000e+00 0.000000000000e+00
5235 1.762670940349e-01 0.000000000000e+00 0.000000000000e+00
5236 1.763007711641e-01 0.000000000000e+00 0.000000000000e+00
5237 1.763344482933e-01 0.000000000000e+00 0.000000000000e+00
5238 1.763681254224e-01 0.000000000000e+00 0.000000000000e+00
5239 1.764018025516e-01 0.000000000000e+00 0.000000000000e+00
5240 1.764354796808e-01 0.000000000000e+00 0.000000000000e+00
5241 1.764691568099e-01 0.000000000000e+00 0.000000000000e+00
5242 1.765028339391e-01 0.000000000000e+00 0.000000000000e+00
5243 1.765365110682e-01 0.000000000000e+00 0.000000000000e+00
5244 1.765701881974e-01 0.000000000000e+00 0.000000000000e+00
5245 1.766038653266e-01 0.000000000000e+00 0.000000000000e+00
5246 1.766375424557e-01 0.000000000000e+00 0.000000000000e+00
5247 1.766712195849e-01 0.000000000000e+00 0.000000000000e+00
5248 1.767048967140e-01 0.000000000000e+00 0.000000000000e+00
5249 1.767385738432e-01 0.000000000000e+00 0.000000000000e+00
5250 1.767722509724e-01 0.000000000000e+00 0.000000000000e+00
5251 1.768059281015e-01 0.000000000000e+00 0.000000000000e+00
5252 1.768396052307e-01 0.000000000000e+00 0.000000000000e+00
5253 1.768732823599e-01 0.000000000000e+00 0.000000000000e+00
5254 1.769069594890e-01 0.000000000000e+00 0.000000000000e+00
5255 1.769406366182e-01 0.000000000000e+00 0.000000000000e+00
5256 1.769743137473e-01 0.000000000000e+00 0.000000000000e+00
5257 1.770079908765e-01 0.000000000000e+00 0.000000000000e+00
5258 1.770416680057e-01 0.000000000000e+00 0.000000000000e+00
5259 1.770753451348e-01 0.000000000000e+00 0.000000000000e+00
5260 1.771090222640e-01 0.000000000000e+00 0.000000000000e+00
5261 1.771426993932e-01 0.000000000000e+00 0.000000000000e+00
5262 1.771763765223e-01 0.000000000000e+00 0.000000000000e+00
5263 1.772100536515e-01 0.000000000000e+00 0.000000000000e+00
5264 1.772437307806e-01 0.000000000000e+00 0.000000000000e+00
5265 1.772774079098e-01 0.000000000000e+00 0.000000000000e+00
5266 1.773110850390e-01 0.000000000000e+00 0.000000000000e+00
5267 1.773447621681e-01 0.000000000000e+00 0.000000000000e+00
5268 1.773784392973e-01 0.000000000000e+00 0.000000000000e+00
5269 1.774121164265e-01 0.000000000000e+00 0.000000000000e+00
5270 1.774457935556e-01 0.000000000000e+00 0.000000000000e+00
5271 1.774794706848e-01 0.000000000000e+00 0.000000000000e+00
5272 1.775131478139e-01 0.000000000000e+00 0.000000000000e+00
5273 1.775468249431e-01 0.000000000000e+00 0.000000000000e+00
5274 1.775805020723e-01 0.000000000000e+00 0.000000000000e+00
5275 1.776141792014e-01 0.000000000000e+00 0.000000000000e+00
5276 1.776478563306e-01 0.000000000000e+00 0.000000000000e+00
5277 1.776815334598e-01 0.000000000000e+00 0.000000000000e+00
5278 1.777152105889e-01 0.000000000000e+00 0.000000000000e+00
5279 1.777488877181e-01 0.000000000000e+00 0.000000000000e+00
5280 1.777825648472e-01 0.000000000000e+00 0.000000000000e+00
5281 1.778162419764e-01 0.000000000000e+00 0.000000000000e+00
5282 1.778499191056e-01 0.000000000000e+00 0.000000000000e+00
5283 1.778835962347e-01 0.000000000000e+00 0.000000000000e+00
5284 1.779172733639e-01 0.000000000000e+00 0.000000000000e+00
5285 1.779509504931e-01 0.000000000000e+00 0.000000000000e+00
5286 1.779846276222e-01 0.000000000000e+00 0.000000000000e+00
5287 1.780183047514e-01 0.000000000000e+00 0.000000000000e+00
5288 1.780519818805e-01 0.000000000000e+00 0.000000000000e+00
5289 1.780856590097e-01 0.000000000000e+00 0.000000000000e+00
5290 1.781193361389e-01 0.000000000000e+00 0.000000000000e+00
5291 1.781530132680e-01 0.000000000000e+00 0.000000000000e+00
5292 1.781866903972e-01 0.000000000000e+00 0.000000000000e+00
5293 1.782203675263e-01 0.000000000000e+00 0.000000000000e+00
5294 1.782540446555e-01 0.000000000000e+00 0.000000000000e+00
5295 1.782877217847e-01 0.000000000000e+00 0.000000000000e+00
5296 1.783213989138e-01 0.000000000000e+00 0.000000000000e+00
5297 1.783550760430e-01 0.000000000000e+00 0.000000000000e+00
5298 1.783887531722e-01 0.000000000000e+00 0.000000000000e+00
5299 1.784224303013e-01 0.000000000000e+00 0.000000000000e+00
5300 1.784561074305e-01 0.000000000000e+00 0.000000000000e+00
5301 1.784897845596e-01 0.000000000000e+00 0.000000000000e+00
5302 1.785234616888e-01 0.000000000000e+00 0.000000000000e+00
5303 1.785571388180e-01 0.000000000000e+00 0.000000000000e+00
5304 1.785908159471e-01 0.000000000000e+00 0.000000000000e+00
5305 1.786244930763e-01 0.000000000000e+00 0.000000000000e+00
5306 1.786581702055e-01 0.000000000000e+00 0.000000000000e+00
5307 1.786918473346e-01 0.000000000000e+00 0.000000000000e+00
5308 1.787255244638e-01 0.000000000000e+00 0.000000000000e+00
5309 1.787592015929e-01 0.000000000000e+00 0.000000000000e+00
5310 1.787928787221e-01 0.000000000000e+00 0.000000000000e+00
5311 1.788265558513e-01 0.000000000000e+00 0.000000000000e+00
5312 1.788602329804e-01 0.000000000000e+00 0.000000000000e+00
5313 1.788939101096e-01 0.000000000000e+00 0.000000000000e+00
5314 1.789275872388e-01 0.000000000000e+00 0.000000000000e+00
5315 1.789612643679e-01 0.000000000000e+00 0.000000000000e+00
5316 1.789949414971e-01 0.000000000000e+00 0.000000000000e+00
5317 1.790286186262e-01 0.000000000000e+00 0.000000000000e+00
5318 1.790622957554e-01 0.000000000000e+00 0.000000000000e+00
5319 1.790959728846e-01 0.000000000000e+00 0.000000000000e+00
5320 1.791296500137e-01 0.000000000000e+00 0.000000000000e+00
5321 1.791633271429e-01 0.000000000000e+00 0.000000000000e+00
5322 1.791970042721e-01 0.000000000000e+00 0.000000000000e+00
5323 1.792306814012e-01 0.000000000000e+00 0.000000000000e+00
5324 1.792643585304e-01 0.000000000000e+00 0.000000000000e+00
5325 1.792980356595e-01 0.000000000000e+00 0.000000000000e+00
5326 1.793317127887e-01 0.000000000000e+00 0.000000000000e+00
5327 1.793653899179e-01 0.000000000000e+00 0.000000000000e+00
5328 1.793990670470e-01 0.000000000000e+00 0.000000000000e+00
5329 1.794327441762e-01 0.000000000000e+00 0.000000000000e+00
5330 1.794664213054e-01 0.000000000000e+00 0.000000000000e+00
5331 1.795000984345e-01 0.000000000000e+00 0.000000000000e+00
5332 1.795337755637e-01 0.000000000000e+00 0.000000000000e+00
5333 1.795674526928e-01 0.000000000000e+00 0.000000000000e+00
5334 1.796011298220e-01 0.000000000000e+00 0.000000000000e+00
5335 1.796348069512e-01 0.000000000000e+00 0.000000000000e+00
5336 1.796684840803e-01 0.000000000000e+00 0.000000000000e+00
5337 1.797021612095e-01 0.000000000000e+00 0.000000000000e+00
5338 1.797358383386e-01 0.000000000000e+00 0.000000000000e+00
5339 1.797695154678e-01 0.000000000000e+00 0.000000000000e+00
5340 1.798031925970e-01 0.000000000000e+00 0.000000000000e+00
5341 1.798368697261e-01 0.000000000000e+00 0.000000000000e+00
5342 1.798705468553e-01 0.000000000000e+00 0.000000000000e+00
5343 1.799042239845e-01 0.000000000000e+00 0.000000000000e+00
5344 1.799379011136e-01 0.000000000000e+00 0.000000000000e+00
5345 1.799715782428e-01 0.000000000000e+00 0.000000000000e+00
5346 1.800052553719e-01 0.000000000000e+00 0.000000000000e+00
5347 1.800389325011e-01 0.000000000000e+00 0.000000000000e+00
5348 1.800726096303e-01 0.000000000000e+00 0.000000000000e+00
5349 1.801062867594e-01 0.000000000000e+00 0.000000000000e+00
5350 1.801399638886e-01 0.000000000000e+00 0.000000000000e+00
5351 1.801736410178e-01 0.000000000000e+00 0.000000000000e+00
5352 1.802073181469e-01 0.000000000000e+00 0.000000000000e+00
5353 1.802409952761e-01 0.000000000000e+00 0.000000000000e+00
5354 1.802746724052e-01 0.000000000000e+00 0.000000000000e+00
5355 1.803083495344e-01 0.000000000000e+00 0.000000000000e+00
5356 1.803420266636e-01 0.000000000000e+00 0.000000000000e+00
5357 1.803757037927e-01 0.000000000000e+00 0.000000000000e+00
5358 1.804093809219e-01 0.000000000000e+00 0.000000000000e+00
5359 1.804430580511e-01 0.000000000000e+00 0.000000000000e+00
5360 1.804767351802e-01 0.000000000000e+00 0.000000000000e+00
5361 1.805104123094e-01 0.000000000000e+00 0.000000000000e+00
5362 1.805440894385e-01 0.000000000000e+00 0.000000000000e+00
5363 1.805777665677e-01 0.000000000000e+00 0.000000000000e+00
5364 1.806114436969e-01 0.000000000000e+00 0.000000000000e+00
5365 1.806451208260e-01 0.000000000000e+00 0.000000000000e+00
5366 1.806787979552e-01 0.000000000000e+00 0.000000000000e+00
5367 1.807124750844e-01 0.000000000000e+00 0.000000000000e+00
5368 1.807461522135e-01 0.000000000000e+00 0.000000000000e+00
5369 1.807798293427e-01 0.000000000000e+00 0.000000000000e+00
5370 1.808135064718e-01 0.000000000000e+00 0.000000000000e+00
5371 1.808471836010e-01 0.000000000000e+00 0.000000000000e+00
5372 1.808808607302e-01 0.000000000000e+00 0.000000000000e+00
5373 1.809145378593e-01 0.000000000000e+00 0.000000000000e+00
5374 1.809482149885e-01 0.000000000000e+00 0.000000000000e+00
5375 1.809818921176e-01 0.000000000000e+00 0.000000000000e+00
5376 1.810155692468e-01 0.000000000000e+00 0.000000000000e+00
5377 1.810492463760e-01 0.000000000000e+00 0.000000000000e+00
5378 1.810829235051e-01 0.000000000000e+00 0.000000000000e+00
5379 1.811166006343e-01 0.000000000000e+00 0.000000000000e+00
5380 1.811502777635e-01 0.000000000000e+00 0.000000000000e+00
5381 1.811839548926e-01 0.000000000000e+00 0.000000000000e+00
5382 1.812176320218e-01 0.000000000000e+00 0.000000000000e+00
5383 1.812513091509e-01 0.000000000000e+00 0.000000000000e+00
5384 1.812849862801e-01 0.000000000000e+00 0.000000000000e+00
5385 1.813186634093e-01 0.000000000000e+00 0.000000000000e+00
5386 1.813523405384e-01 0.000000000000e+00 0.000000000000e+00
5387 1.813860176676e-01 0.000000000000e+00 0.000000000000e+00
5388 1.814196947968e-01 0.000000000000e+00 0.000000000000e+00
5389 1.814533719259e-01 0.000000000000e+00 0.000000000000e+00
5390 1.814870490551e-01 0.000000000000e+00 0.000000000000e+00
5391 1.815207261842e-01 0.000000000000e+00 0.000000000000e+00
5392 1.815544033134e-01 0.000000000000e+00 0.000000000000e+00
5393 1.815880804426e-01 0.000000000000e+00 0.000000000000e+00
5394 1.816217575717e-01 0.000000000000e+00 0.000000000000e+00
5395 1.816554347009e-01 0.000000000000e+00 0.000000000000e+00
5396 1.816891118301e-01 0.000000000000e+00 0.000000000000e+00
5397 1.817227889592e-01 0.000000000000e+00 0.000000000000e+00
5398 1.817564660884e-01 0.000000000000e+00 0.000000000000e+00
5399 1.817901432175e-01 0.000000000000e+00 0.000000000000e+00
5400 1.818238203467e-01 0.000000000000e+00 0.000000000000e+00
5401 1.818574974759e-01 0.000000000000e+00 0.000000000000e+00
5402 1.818911746050e-01 0.000000000000e+00 0.000000000000e+00
5403 1.819248517342e-01 0.000000000000e+00 0.000000000000e+00
5404 1.819585288634e-01 0.000000000000e+00 0.000000000000e+00
5405 1.819922059925e-01 0.000000000000e+00 0.000000000000e+00
5406 1.820258831217e-01 0.000000000000e+00 0.000000000000e+00
5407 1.820595602508e-01 0.000000000000e+00 0.000000000000e+00
5408 1.820932373800e-01 0.000000000000e+00 0.000000000000e+00
5409 1.821269145092e-01 0.000000000000e+00 0.000000000000e+00
5410 1.821605916383e-01 0.000000000000e+00 0.000000000000e+00
5411 1.821942687675e-01 0.000000000000e+00 0.000000000000e+00
5412 1.822279458967e-01 0.000000000000e+00 0.000000000000e+00
5413 1.822616230258e-01 0.000000000000e+00 0.000000000000e+00
5414 1.822953001550e-01 0.000000000000e+00 0.000000000000e+00
5415 1.823289772841e-01 0.000000000000e+00 0.000000000000e+00
5416 1.823626544133e-01 0.000000000000e+00 0.000000000000e+00
5417 1.823963315425e-01 0.000000000000e+00 0.000000000000e+00
5418 1.824300086716e-01 0.000000000000e+00 0.000000000000e+00
5419 1.824636858008e-01 0.000000000000e+00 0.000000000000e+00
5420 1.824973629299e-01 0.000000000000e+00 0.000000000000e+00
5421 1.825310400591e-01 0.000000000000e+00 0.000000000000e+00
5422 1.825647171883e-01 0.000000000000e+00 0.000000000000e+00
5423 1.825983943174e-01 0.000000000000e+00 0.000000000000e+00
5424 1.826320714466e-01 0.000000000000e+00 0.000000000000e+00
5425 1.826657485758e-01 0.000000000000e+00 0.000000000000e+00
5426 1.826994257049e-01 0.000000000000e+00 0.000000000000e+00
5427 1.827331028341e-01 0.000000000000e+00 0.000000000000e+00
5428 1.827667799632e-01 0.000000000000e+00 0.000000000000e+00
5429 1.828004570924e-01 0.000000000000e+00 0.000000000000e+00
5430 1.828341342216e-01 0.000000000000e+00 0.000000000000e+00
5431 1.828678113507e-01 0.000000000000e+00 0.000000000000e+00
5432 1.829014884799e-01 0.000000000000e+00 0.000000000000e+00
5433 1.829351656091e-01 0.000000000000e+00 0.000000000000e+00
5434 1.829688427382e-01 0.000000000000e+00 0.000000000000e+00
5435 1.830025198674e-01 0.000000000000e+00 0.000000000000e+00
5436 1.830361969965e-01 0.000000000000e+00 0.000000000000e+00
5437 1.830698741257e-01 0.000000000000e+00 0.000000000000e+00
5438 1.831035512549e-01 0.000000000000e+00 0.000000000000e+00
5439 1.831372283840e-01 0.000000000000e+00 0.000000000000e+00
5440 1.831709055132e-01 0.000000000000e+00 0.000000000000e+00
5441 1.832045826424e-01 0.000000000000e+00 0.000000000000e+00
5442 1.832382597715e-01 0.000000000000e+00 0.000000000000e+00
5443 1.832719369007e-01 0.000000000000e+00 0.000000000000e+00
5444 1.833056140298e-01 0.000000000000e+00 0.000000000000e+00
5445 1.833392911590e-01 0.000000000000e+00 0.000000000000e+00
5446 1.833729682882e-01 0.000000000000e+00 0.000000000000e+00
5447 1.834066454173e-01 0.000000000000e+00 0.000000000000e+00
5448 1.834403225465e-01 0.000000000000e+00 0.000000000000e+00
5449 1.834739996757e-01 0.000000000000e+00 0.000000000000e+00
5450 1.835076768048e-01 0.000000000000e+00 0.000000000000e+00
5451 1.835413539340e-01 0.000000000000e+00 0.000000000000e+00
5452 1.835750310631e-01 0.000000000000e+00 0.000000000000e+00
5453 1.836087081923e-01 0.000000000000e+00 0.000000000000e+00
5454 1.836423853215e-01 0.000000000000e+00 0.000000000000e+00
5455 1.836760624506e-01 0.000000000000e+00 0.000000000000e+00
5456 1.837097395798e-01 0.000000000000e+00 0.000000000000e+00
5457 1.837434167089e-01 0.000000000000e+00 0.000000000000e+00
5458 1.837770938381e-01 0.000000000000e+00 0.000000000000e+00
5459 1.838107709673e-01 0.000000000000e+00 0.000000000000e+00
5460 1.838444480964e-01 0.000000000000e+00 0.000000000000e+00
5461 1.838781252256e-01 0.000000000000e+00 0.000000000000e+00
5462 1.839118023548e-01 0.000000000000e+00 0.000000000000e+00
5463 1.839454794839e-01 0.000000000000e+00 0.000000000000e+00
5464 1.839791566131e-01 0.000000000000e+00 0.000000000000e+00
5465 1.840128337422e-01 0.000000000000e+00 0.000000000000e+00
5466 1.840465108714e-01 0.000000000000e+00 0.000000000000e+00
5467 1.840801880006e-01 0.000000000000e+00 0.000000000000e+00
5468 1.841138651297e-01 0.000000000000e+00 0.000000000000e+00
5469 1.841475422589e-01 0.000000000000e+00 0.000000000000e+00
5470 1.841812193881e-01 0.000000000000e+00 0.000000000000e+00
5471 1.842148965172e-01 0.000000000000e+00 0.000000000000e+00
5472 1.842485736464e-01 0.000000000000e+00 0.000000000000e+00
5473 1.842822507755e-01 0.000000000000e+00 0.000000000000e+00
5474 1.843159279047e-01 0.000000000000e+00 0.000000000000e+00
5475 1.843496050339e-01 0.000000000000e+00 0.000000000000e+00
5476 1.843832821630e-01 0.000000000000e+00 0.000000000000e+00
5477 1.844169592922e-01 0.000000000000e+00 0.000000000000e+00
5478 1.844506364214e-01 0.000000000000e+00 0.000000000000e+00
5479 1.844843135505e-01 0.000000000000e+00 0.000000000000e+00
5480 1.845179906797e-01 0.000000000000e+00 0.000000000000e+00
5481 1.845516678088e-01 0.000000000000e+00 0.000000000000e+00
5482 1.845853449380e-01 0.000000000000e+00 0.000000000000e+00
5483 1.846190220672e-01 0.000000000000e+00 0.000000000000e+00
5484 1.846526991963e-01 0.000000000000e+00 0.000000000000e+00
5485 1.846863763255e-01 0.000000000000e+00 0.000000000000e+00
5486 1.847200534547e-01 0.000000000000e+00 0.000000000000e+00
5487 1.847537305838e-01 0.000000000000e+00 0.000000000000e+00
5488 1.847874077130e-01 0.000000000000e+00 0.000000000000e+00
5489 1.848210848421e-01 0.000000000000e+00 0.000000000000e+00
5490 1.848547619713e-01 0.000000000000e+00 0.000000000000e+00
5491 1.848884391005e-01 0.000000000000e+00 0.000000000000e+00
5492 1.849221162296e-01 0.000000000000e+00 0.000000000000e+00
5493 1.849557933588e-01 0.000000000000e+00 0.000000000000e+00
5494 1.849894704880e-01 0.000000000000e+00 0.000000000000e+00
5495 1.850231476171e-01 0.000000000000e+00 0.000000000000e+00
5496 1.850568247463e-01 0.000000000000e+00 0.000000000000e+00
5497 1.850905018754e-01 0.000000000000e+00 0.000000000000e+00
5498 1.851241790046e-01 0.000000000000e+00 0.000000000000e+00
5499 1.851578561338e-01 0.000000000000e+00 0.000000000000e+00
5500 1.851915332629e-01 0.000000000000e+00 0.000000000000e+00
5501 1.852252103921e-01 0.000000000000e+00 0.000000000000e+00
5502 1.852588875212e-01 0.000000000000e+00 0.000000000000e+00
5503 1.852925646504e-01 0.000000000000e+00 0.000000000000e+00
5504 1.853262417796e-01 0.000000000000e+00 0.000000000000e+00
5505 1.853599189087e-01 0.000000000000e+00 0.000000000000e+00
5506 1.853935960379e-01 0.000000000000e+00 0.000000000000e+00
5507 1.854272731671e-01 0.000000000000e+00 0.000000000000e+00
5508 1.854609502962e-01 0.000000000000e+00 0.000000000000e+00
5509 1.854946274254e-01 0.000000000000e+00 0.000000000000e+00
5510 1.855283045545e-01 0.000000000000e+00 0.000000000000e+00
5511 1.855619816837e-01 0.000000000000e+00 0.000000000000e+00
5512 1.855956588129e-01 0.000000000000e+00 0.000000000000e+00
5513 1.856293359420e-01 0.000000000000e+00 0.000000000000e+00
5514 1.856630130712e-01 0.000000000000e+00 0.000000000000e+00
5515 1.856966902004e-01 0.000000000000e+00 0.000000000000e+00
5516 1.857303673295e-01 0.000000000000e+00 0.000000000000e+00
5517 1.857640444587e-01 0.000000000000e+00 0.000000000000e+00
5518 1.857977215878e-01 0.000000000000e+00 0.000000000000e+00
5519 1.858313987170e-01 0.000000000000e+00 0.000000000000e+00
5520 1.858650758462e-01 0.000000000000e+00 0.000000000000e+00
5521 1.858987529753e-01 0.000000000000e+00 0.000000000000e+00
5522 1.859324301045e-01 0.000000000000e+00 0.000000000000e+00
5523 1.859661072337e-01 0.000000000000e+00 0.000000000000e+00
5524 1.859997843628e-01 0.000000000000e+00 0.000000000000e+00
5525 1.860334614920e-01 0.000000000000e+00 0.000000000000e+00
5526 1.860671386211e-01 0.000000000000e+00 0.000000000000e+00
5527 1.861008157503e-01 0.000000000000e+00 0.000000000000e+00
5528 1.861344928795e-01 0.000000000000e+00 0.000000000000e+00
5529 1.861681700086e-01 0.000000000000e+00 0.000000000000e+00
5530 1.862018471378e-01 0.000000000000e+00 0.000000000000e+00
5531 1.862355242670e-01 0.000000000000e+00 0.000000000000e+00
5532 1.862692013961e-01 0.000000000000e+00 0.000000000000e+00
5533 1.863028785253e-01 0.000000000000e+00 0.000000000000e+00
5534 1.863365556544e-01 0.000000000000e+00 0.000000000000e+00
5535 1.863702327836e-01 0.000000000000e+00 0.000000000000e+00
5536 1.864039099128e-01 0.000000000000e+00 0.000000000000e+00
5537 1.864375870419e-01 0.000000000000e+00 0.000000000000e+00
5538 1.864712641711e-01 0.000000000000e+00 0.000000000000e+00
5539 1.865049413002e-01 0.000000000000e+00 0.000000000000e+00
5540 1.865386184294e-01 0.000000000000e+00 0.000000000000e+00
5541 1.865722955586e-01 0.000000000000e+00 0.000000000000e+00
5542 1.866059726877e-01 0.000000000000e+00 0.000000000000e+00
5543 1.866396498169e-01 0.000000000000e+00 0.000000000000e+00
5544 1.866733269461e-01 0.000000000000e+00 0.000000000000e+00
5545 1.867070040752e-01 0.000000000000e+00 0.000000000000e+00
5546 1.867406812044e-01 0.000000000000e+00 0.000000000000e+00
5547 1.867743583335e-01 0.000000000000e+00 0.000000000000e+00
5548 1.868080354627e-01 0.000000000000e+00 0.000000000000e+00
5549 1.868417125919e-01 0.000000000000e+00 0.000000000000e+00
5550 1.868753897210e-01 0.000000000000e+00 0.000000000000e+00
5551 1.869090668502e-01 0.000000000000e+00 0.000000000000e+00
5552 1.869427439794e-01 0.000000000000e+00 0.000000000000e+00
5553 1.869764211085e-01 0.000000000000e+00 0.000000000000e+00
5554 1.870100982377e-01 0.000000000000e+00 0.000000000000e+00
5555 1.870437753668e-01 0.000000000000e+00 0.000000000000e+00
5556 1.870774524960e-01 0.000000000000e+00 0.000000000000e+00
5557 1.871111296252e-01 0.000000000000e+00 0.000000000000e+00
5558 1.871448067543e-01 0.000000000000e+00 0.000000000000e+00
5559 1.871784838835e-01 0.000000000000e+00 0.000000000000e+00
5560 1.872121610127e-01 0.000000000000e+00 0.000000000000e+00
5561 1.872458381418e-01 0.000000000000e+00 0.000000000000e+00
5562 1.872795152710e-01 0.000000000000e+00 0.000000000000e+00
5563 1.873131924001e-01 0.000000000000e+00 0.000000000000e+00
5564 1.873468695293e-01 0.000000000000e+00 0.000000000000e+00
5565 1.873805466585e-01 0.000000000000e+00 0.000000000000e+00
5566 1.874142237876e-01 0.000000000000e+00 0.000000000000e+00
5567 1.874479009168e-01 0.000000000000e+00 0.000000000000e+00
5568 1.874815780460e-01 0.000000000000e+00 0.000000000000e+00
5569 1.875152551751e-01 0.000000000000e+00 0.000000000000e+00
5570 1.875489323043e-01 0.000000000000e+00 0.000000000000e+00
5571 1.875826094334e-01 0.000000000000e+00 0.000000000000e+00
5572 1.876162865626e-01 0.000000000000e+00 0.000000000000e+00
5573 1.876499636918e-01 0.000000000000e+00 0.000000000000e+00
5574 1.876836408209e-01 0.000000000000e+00 0.000000000000e+00
5575 1.877173179501e-01 0.000000000000e+00 0.000000000000e+00
5576 1.877509950793e-01 0.000000000000e+00 0.000000000000e+00
5577 1.877846722084e-01 0.000000000000e+00 0.000000000000e+00
5578 1.878183493376e-01 0.000000000000e+00 0.000000000000e+00
5579 1.878520264667e-01 0.000000000000e+00 0.000000000000e+00
5580 1.878857035959e-01 0.000000000000e+00 0.000000000000e+00
5581 1.879193807251e-01 0.000000000000e+00 0.000000000000e+00
5582 1.879530578542e-01 0.000000000000e+00 0.000000000000e+00
5583 1.879867349834e-01 0.000000000000e+00 0.000000000000e+00
5584 1.880204121125e-01 0.000000000000e+00 0.000000000000e+00
5585 1.880540892417e-01 0.000000000000e+00 0.000000000000e+00
5586 1.880877663709e-01 0.000000000000e+00 0.000000000000e+00
5587 1.881214435000e-01 0.000000000000e+00 0.000000000000e+00
5588 1.881551206292e-01 0.000000000000e+00 0.000000000000e+00
5589 1.881887977584e-01 0.000000000000e+00 0.000000000000e+00
5590 1.882224748875e-01 0.000000000000e+00 0.000000000000e+00
5591 1.882561520167e-01 0.000000000000e+00 0.000000000000e+00
5592 1.882898291458e-01 0.000000000000e+00 0.000000000000e+00
5593 1.883235062750e-01 0.000000000000e+00 0.000000000000e+00
5594 1.883571834042e-01 0.000000000000e+00 0.000000000000e+00
5595 1.883908605333e-01 0.000000000000e+00 0.000000000000e+00
5596 1.884245376625e-01 0.000000000000e+00 0.000000000000e+00
5597 1.884582147917e-01 0.000000000000e+00 0.000000000000e+00
5598 1.884918919208e-01 0.000000000000e+00 0.000000000000e+00
5599 1.885255690500e-01 0.000000000000e+00 0.000000000000e+00
5600 1.885592461791e-01 0.000000000000e+00 0.000000000000e+00
5601 1.885929233083e-01 0.000000000000e+00 0.000000000000e+00
5602 1.886266004375e-01 0.000000000000e+00 0.000000000000e+00
5603 1.886602775666e-01 0.000000000000e+00 0.000000000000e+00
5604 1.886939546958e-01 0.000000000000e+00 0.000000000000e+00
5605 1.887276318250e-01 0.000000000000e+00 0.000000000000e+00
5606 1.887613089541e-01 0.000000000000e+00 0.000000000000e+00
5607 1.887949860833e-01 0.000000000000e+00 0.000000000000e+00
5608 1.888286632124e-01 0.000000000000e+00 0.000000000000e+00
5609 1.888623403416e-01 0.000000000000e+00 0.000000000000e+00
5610 1.888960174708e-01 0.000000000000e+00 0.000000000000e+00
5611 1.889296945999e-01 0.000000000000e+00 0.000000000000e+00
5612 1.889633717291e-01 0.000000000000e+00 0.000000000000e+00
5613 1.889970488583e-01 0.000000000000e+00 0.000000000000e+00
5614 1.890307259874e-01 0.000000000000e+00 0.000000000000e+00
5615 1.890644031166e-01 0.000000000000e+00 0.000000000000e+00
5616 1.890980802457e-01 0.000000000000e+00 0.000000000000e+00
5617 1.891317573749e-01 0.000000000000e+00 0.000000000000e+00
5618 1.891654345041e-01 0.000000000000e+00 0.000000000000e+00
5619 1.891991116332e-01 0.000000000000e+00 0.000000000000e+00
5620 1.892327887624e-01 0.000000000000e+00 0.000000000000e+00
5621 1.892664658915e-01 0.000000000000e+00 0.000000000000e+00
5622 1.893001430207e-01 0.000000000000e+00 0.000000000000e+00
5623 1.893338201499e-01 0.000000000000e+00 0.000000000000e+00
5624 1.893674972790e-01 0.000000000000e+00 0.000000000000e+00
5625 1.894011744082e-01 0.000000000000e+00 0.000000000000e+00
5626 1.894348515374e-01 0.000000000000e+00 0.000000000000e+00
5627 1.894685286665e-01 0.000000000000e+00 0.000000000000e+00
5628 1.895022057957e-01 0.000000000000e+00 0.000000000000e+00
5629 1.895358829248e-01 0.000000000000e+00 0.000000000000e+00
5630 1.895695600540e-01 0.000000000000e+00 0.000000000000e+00
5631 1.896032371832e-01 0.000000000000e+00 0.000000000000e+00
5632 1.896369143123e-01 0.000000000000e+00 0.000000000000e+00
5633 1.896705914415e-01 0.000000000000e+00 0.000000000000e+00
5634 1.897042685707e-01 0.000000000000e+00 0.000000000000e+00
5635 1.897379456998e-01 0.000000000000e+00 0.000000000000e+00
5636 1.897716228290e-01 0.000000000000e+00 0.000000000000e+00
5637 1.898052999581e-01 0.000000000000e+00 0.000000000000e+00
5638 1.898389770873e-01 0.000000000000e+00 0.000000000000e+00
5639 1.898726542165e-01 0.000000000000e+00 0.000000000000e+00
5640 1.899063313456e-01 0.000000000000e+00 0.000000000000e+00
5641 1.899400084748e-01 0.000000000000e+00 0.000000000000e+00
5642 1.899736856040e-01 0.000000000000e+00 0.000000000000e+00
5643 1.900073627331e-01 0.000000000000e+00 0.000000000000e+00
5644 1.900410398623e-01 0.000000000000e+00 0.000000000000e+00
5645 1.900747169914e-01 0.000000000000e+00 0.000000000000e+00
5646 1.901083941206e-01 0.000000000000e+00 0.000000000000e+00
5647 1.901420712498e-01 0.000000000000e+00 0.000000000000e+00
5648 1.901757483789e-01 0.000000000000e+00 0.000000000000e+00
5649 1.902094255081e-01 0.000000000000e+00 0.000000000000e+00
5650 1.902431026373e-01 0.000000000000e+00 0.000000000000e+00
5651 1.902767797664e-01 0.000000000000e+00 0.000000000000e+00
5652 1.903104568956e-01 0.000000000000e+00 0.000000000000e+00
5653 1.903441340247e-01 0.000000000000e+00 0.000000000000e+00
5654 1.903778111539e-01 0.000000000000e+00 0.000000000000e+00
5655 1.904114882831e-01 0.000000000000e+00 0.000000000000e+00
5656 1.904451654122e-01 0.000000000000e+00 0.000000000000e+00
5657 1.904788425414e-01 0.000000000000e+00 0.000000000000e+00
5658 1.905125196706e-01 0.000000000000e+00 0.000000000000e+00
5659 1.905461967997e-01 0.000000000000e+00 0.000000000000e+00
5660 1.905798739289e-01 0.000000000000e+00 0.000000000000e+00
5661 1.906135510580e-01 0.000000000000e+00 0.000000000000e+00
5662 1.906472281872e-01 0.000000000000e+00 0.000000000000e+00
5663 1.906809053164e-01 0.000000000000e+00 0.000000000000e+00
5664 1.907145824455e-01 0.000000000000e+00 0.000000000000e+00
5665 1.907482595747e-01 0.000000000000e+00 0.000000000000e+00
5666 1.907819367038e-01 0.000000000000e+00 0.000000000000e+00
5667 1.908156138330e-01 0.000000000000e+00 0.000000000000e+00
5668 1.908492909622e-01 0.000000000000e+00 0.000000000000e+00
5669 1.908829680913e-01 0.000000000000e+00 0.000000000000e+00
5670 1.909166452205e-01 0.000000000000e+00 0.000000000000e+00
5671 1.909503223497e-01 0.000000000000e+00 0.000000000000e+00
5672 1.909839994788e-01 0.000000000000e+00 0.000000000000e+00
5673 1.910176766080e-01 0.000000000000e+00 0.000000000000e+00
5674 1.910513537371e-01 0.000000000000e+00 0.000000000000e+00
5675 1.910850308663e-01 0.000000000000e+00 0.000000000000e+00
5676 1.911187079955e-01 0.000000000000e+00 0.000000000000e+00
5677 1.911523851246e-01 0.000000000000e+00 0.000000000000e+00
5678 1.911860622538e-01 0.000000000000e+00 0.000000000000e+00
5679 1.912197393830e-01 0.000000000000e+00 0.000000000000e+00
5680 1.912534165121e-01 0.000000000000e+00 0.000000000000e+00
5681 1.912870936413e-01 0.000000000000e+00 0.000000000000e+00
5682 1.913207707704e-01 0.000000000000e+00 0.000000000000e+00
5683 1.913544478996e-01 0.000000000000e+00 0.000000000000e+00
5684 1.913881250288e-01 0.000000000000e+00 0.000000000000e+00
5685 1.914218021579e-01 0.000000000000e+00 0.000000000000e+00
5686 1.914554792871e-01 0.000000000000e+00 0.000000000000e+00
5687 1.914891564163e-01 0.000000000000e+00 0.000000000000e+00
5688 1.915228335454e-01 0.000000000000e+00 0.000000000000e+00
5689 1.915565106746e-01 0.000000000000e+00 0.000000000000e+00
5690 1.915901878037e-01 0.000000000000e+00 0.000000000000e+00
5691 1.916238649329e-01 0.000000000000e+00 0.000000000000e+00
5692 1.916575420621e-01 0.000000000000e+00 0.000000000000e+00
5693 1.916912191912e-01 0.000000000000e+00 0.000000000000e+00
5694 1.917248963204e-01 0.000000000000e+00 0.000000000000e+00
5695 1.917585734496e-01 0.000000000000e+00 0.000000000000e+00
5696 1.917922505787e-01 0.000000000000e+00 0.000000000000e+00
5697 1.918259277079e-01 0.000000000000e+00 0.000000000000e+00
5698 1.918596048370e-01 0.000000000000e+00 0.000000000000e+00
5699 1.918932819662e-01 0.000000000000e+00 0.000000000000e+00
5700 1.919269590954e-01 0.000000000000e+00 0.000000000000e+00
5701 1.919606362245e-01 0.000000000000e+00 0.000000000000e+00
5702 1.919943133537e-01 0.000000000000e+00 0.000000000000e+00
5703 1.920279904828e-01 0.000000000000e+00 0.000000000000e+00
5704 1.920616676120e-01 0.000000000000e+00 0.000000000000e+00
5705 1.920953447412e-01 0.000000000000e+00 0.000000000000e+00
5706 1.921290218703e-01 0.000000000000e+00 0.000000000000e+00
5707 1.921626989995e-01 0.000000000000e+00 0.000000000000e+00
5708 1.921963761287e-01 0.000000000000e+00 0.000000000000e+00
5709 1.922300532578e-01 0.000000000000e+00 0.000000000000e+00
5710 1.922637303870e-01 0.000000000000e+00 0.000000000000e+00
5711 1.922974075161e-01 0.000000000000e+00 0.000000000000e+00
5712 1.923310846453e-01 0.000000000000e+00 0.000000000000e+00
5713 1.923647617745e-01 0.000000000000e+00 0.000000000000e+00
5714 1.923984389036e-01 0.000000000000e+00 0.000000000000e+00
5715 1.924321160328e-01 0.000000000000e+00 0.000000000000e+00
5716 1.924657931620e-01 0.000000000000e+00 0.000000000000e+00
5717 1.924994702911e-01 0.000000000000e+00 0.000000000000e+00
5718 1.925331474203e-01 0.000000000000e+00 0.000000000000e+00
5719 1.925668245494e-01 0.000000000000e+00 0.000000000000e+00
5720 1.926005016786e-01 0.000000000000e+00 0.000000000000e+00
5721 1.926341788078e-01 0.000000000000e+00 0.000000000000e+00
5722 1.926678559369e-01 0.000000000000e+00 0.000000000000e+00
5723 1.927015330661e-01 0.000000000000e+00 0.000000000000e+00
5724 1.927352101953e-01 0.000000000000e+00 0.000000000000e+00
5725 1.927688873244e-01 0.000000000000e+00 0.000000000000e+00
5726 1.928025644536e-01 0.000000000000e+00 0.000000000000e+00
5727 1.928362415827e-01 0.000000000000e+00 0.000000000000e+00
5728 1.928699187119e-01 0.000000000000e+00 0.000000000000e+00
5729 1.929035958411e-01 0.000000000000e+00 0.000000000000e+00
5730 1.929372729702e-01 0.000000000000e+00 0.000000000000e+00
5731 1.929709500994e-01 0.000000000000e+00 0.000000000000e+00
5732 1.930046272286e-01 0.000000000000e+00 0.000000000000e+00
5733 1.930383043577e-01 0.000000000000e+00 0.000000000000e+00
5734 1.930719814869e-01 0.000000000000e+00 0.000000000000e+00
5735 1.931056586160e-01 0.000000000000e+00 0.000000000000e+00
5736 1.931393357452e-01 0.000000000000e+00 0.000000000000e+00
5737 1.931730128744e-01 0.000000000000e+00 0.000000000000e+00
5738 1.932066900035e-01 0.000000000000e+00 0.000000000000e+00
5739 1.932403671327e-01 0.000000000000e+00 0.000000000000e+00
5740 1.932740442619e-01 0.000000000000e+00 0.000000000000e+00
5741 1.933077213910e-01 0.000000000000e+00 0.000000000000e+00
5742 1.933413985202e-01 0.000000000000e+00 0.000000000000e+00
5743 1.933750756493e-01 0.000000000000e+00 0.000000000000e+00
5744 1.934087527785e-01 0.000000000000e+00 0.000000000000e+00
5745 1.934424299077e-01 0.000000000000e+00 0.000000000000e+00
5746 1.934761070368e-01 0.000000000000e+00 0.000000000000e+00
5747 1.935097841660e-01 0.000000000000e+00 0.000000000000e+00
5748 1.935434612951e-01 0.000000000000e+00 0.000000000000e+00
5749 1.935771384243e-01 0.000000000000e+00 0.000000000000e+00
5750 1.936108155535e-01 0.000000000000e+00 0.000000000000e+00
5751 1.936444926826e-01 0.000000000000e+00 0.000000000000e+00
5752 1.936781698118e-01 0.000000000000e+00 0.000000000000e+00
5753 1.937118469410e-01 0.000000000000e+00 0.000000000000e+00
5754 1.937455240701e-01 0.000000000000e+00 0.000000000000e+00
5755 1.937792011993e-01 0.000000000000e+00 0.000000000000e+00
5756 1.938128783284e-01 0.000000000000e+00 0.000000000000e+00
5757 1.938465554576e-01 0.000000000000e+00 0.000000000000e+00
5758 1.938802325868e-01 0.000000000000e+00 0.000000000000e+00
5759 1.939139097159e-01 0.000000000000e+00 0.000000000000e+00
5760 1.939475868451e-01 0.000000000000e+00 0.000000000000e+00
5761 1.939812639743e-01 0.000000000000e+00 0.000000000000e+00
5762 1.940149411034e-01 0.000000000000e+00 0.000000000000e+00
5763 1.940486182326e-01 0.000000000000e+00 0.000000000000e+00
5764 1.940822953617e-01 0.000000000000e+00 0.000000000000e+00
5765 1.941159724909e-01 0.000000000000e+00 0.000000000000e+00
5766 1.941496496201e-01 0.000000000000e+00 0.000000000000e+00
5767 1.941833267492e-01 0.000000000000e+00 0.000000000000e+00
5768 1.942170038784e-01 0.000000000000e+00 0.000000000000e+00
5769 1.942506810076e-01 0.000000000000e+00 0.000000000000e+00
5770 1.942843581367e-01 0.000000000000e+00 0.000000000000e+00
5771 1.943180352659e-01 0.000000000000e+00 0.000000000000e+00
5772 1.943517123950e-01 0.000000000000e+00 0.000000000000e+00
5773 1.943853895242e-01 0.000000000000e+00 0.000000000000e+00
5774 1.944190666534e-01 0.000000000000e+00 0.000000000000e+00
5775 1.944527437825e-01 0.000000000000e+00 0.000000000000e+00
5776 1.944864209117e-01 0.000000000000e+00 0.000000000000e+00
5777 1.945200980409e-01 0.000000000000e+00 0.000000000000e+00
5778 1.945537751700e-01 0.000000000000e+00 0.000000000000e+00
5779 1.945874522992e-01 0.000000000000e+00 0.000000000000e+00
5780 1.946211294283e-01 0.000000000000e+00 0.000000000000e+00
5781 1.946548065575e-01 0.000000000000e+00 0.000000000000e+00
5782 1.946884836867e-01 0.000000000000e+00 0.000000000000e+00
5783 1.947221608158e-01 0.000000000000e+00 0.000000000000e+00
5784 1.947558379450e-01 0.000000000000e+00 0.000000000000e+00
5785 1.947895150741e-01 0.000000000000e+00 0.000000000000e+00
5786 1.948231922033e-01 0.000000000000e+00 0.000000000000e+00
5787 1.948568693325e-01 0.000000000000e+00 0.000000000000e+00
5788 1.948905464616e-01 0.000000000000e+00 0.000000000000e+00
5789 1.949242235908e-01 0.000000000000e+00 0.000000000000e+00
5790 1.949579007200e-01 0.000000000000e+00 0.000000000000e+00
5791 1.949915778491e-01 0.000000000000e+00 0.000000000000e+00
5792 1.950252549783e-01 0.000000000000e+00 0.000000000000e+00
5793 1.950589321074e-01 0.000000000000e+00 0.000000000000e+00
5794 1.950926092366e-01 0.000000000000e+00 0.000000000000e+00
5795 1.951262863658e-01 0.000000000000e+00 0.000000000000e+00
5796 1.951599634949e-01 0.000000000000e+00 0.000000000000e+00
5797 1.951936406241e-01 0.000000000000e+00 0.000000000000e+00
5798 1.952273177533e-01 0.000000000000e+00 0.000000000000e+00
5799 1.952609948824e-01 0.000000000000e+00 0.000000000000e+00
5800 1.952946720116e-01 0.000000000000e+00 0.000000000000e+00
5801 1.953283491407e-01 0.000000000000e+00 0.000000000000e+00
5802 1.953620262699e-01 0.000000000000e+00 0.000000000000e+00
5803 1.953957033991e-01 0.000000000000e+00 0.000000000000e+00
5804 1.954293805282e-01 0.000000000000e+00 0.000000000000e+00
5805 1.954630576574e-01 0.000000000000e+00 0.000000000000e+00
5806 1.954967347866e-01 0.000000000000e+00 0.000000000000e+00
5807 1.955304119157e-01 0.000000000000e+00 0.000000000000e+00
5808 1.955640890449e-01 0.000000000000e+00 0.000000000000e+00
5809 1.955977661740e-01 0.000000000000e+00 0.000000000000e+00
5810 1.956314433032e-01 0.000000000000e+00 0.000000000000e+00
5811 1.956651204324e-01 0.000000000000e+00 0.000000000000e+00
5812 1.956987975615e-01 0.000000000000e+00 0.000000000000e+00
5813 1.957324746907e-01 0.000000000000e+00 0.000000000000e+00
5814 1.957661518199e-01 0.000000000000e+00 0.000000000000e+00
5815 1.957998289490e-01 0.000000000000e+00 0.000000000000e+00
5816 1.958335060782e-01 0.000000000000e+00 0.000000000000e+00
5817 1.958671832073e-01 0.000000000000e+00 0.000000000000e+00
5818 1.959008603365e-01 0.000000000000e+00 0.000000000000e+00
5819 1.959345374657e-01 0.000000000000e+00 0.000000000000e+00
5820 1.959682145948e-01 0.000000000000e+00 0.000000000000e+00
5821 1.960018917240e-01 0.000000000000e+00 0.000000000000e+00
5822 1.960355688532e-01 0.000000000000e+00 0.000000000000e+00
5823 1.960692459823e-01 0.000000000000e+00 0.000000000000e+00
5824 1.961029231115e-01 0.000000000000e+00 0.000000000000e+00
5825 1.961366002406e-01 0.000000000000e+00 0.000000000000e+00
5826 1.961702773698e-01 0.000000000000e+00 0.000000000000e+00
5827 1.962039544990e-01 0.000000000000e+00 0.000000000000e+00
5828 1.962376316281e-01 0.000000000000e+00 0.000000000000e+00
5829 1.962713087573e-01 0.000000000000e+00 0.000000000000e+00
5830 1.963049858864e-01 0.000000000000e+00 0.000000000000e+00
5831 1.963386630156e-01 0.000000000000e+00 0.000000000000e+00
5832 1.963723401448e-01 0.000000000000e+00 0.000000000000e+00
5833 1.964060172739e-01 0.000000000000e+00 0.000000000000e+00
5834 1.964396944031e-01 0.000000000000e+00 0.000000000000e+00
5835 1.964733715323e-01 0.000000000000e+00 0.000000000000e+00
5836 1.965070486614e-01 0.000000000000e+00 0.000000000000e+00
5837 1.965407257906e-01 0.000000000000e+00 0.000000000000e+00
5838 1.965744029197e-01 0.000000000000e+00 0.000000000000e+00
5839 1.966080800489e-01 0.000000000000e+00 0.000000000000e+00
5840 1.966417571781e-01 0.000000000000e+00 0.000000000000e+00
5841 1.966754343072e-01 0.000000000000e+00 0.000000000000e+00
5842 1.967091114364e-01 0.000000000000e+00 0.000000000000e+00
5843 1.967427885656e-01 0.000000000000e+00 0.000000000000e+00
5844 1.967764656947e-01 0.000000000000e+00 0.000000000000e+00
5845 1.968101428239e-01 0.000000000000e+00 0.000000000000e+00
5846 1.968438199530e-01 0.000000000000e+00 0.000000000000e+00
5847 1.968774970822e-01 0.000000000000e+00 0.000000000000e+00
5848 1.969111742114e-01 0.000000000000e+00 0.000000000000e+00
5849 1.969448513405e-01 0.000000000000e+00 0.000000000000e+00
5850 1.969785284697e-01 0.000000000000e+00 0.000000000000e+00
5851 1.970122055989e-01 0.000000000000e+00 0.000000000000e+00
5852 1.970458827280e-01 0.000000000000e+00 0.000000000000e+00
5853 1.970795598572e-01 0.000000000000e+00 0.000000000000e+00
5854 1.971132369863e-01 0.000000000000e+00 0.000000000000e+00
5855 1.971469141155e-01 0.000000000000e+00 0.000000000000e+00
5856 1.971805912447e-01 0.000000000000e+00 0.000000000000e+00
5857 1.972142683738e-01 0.000000000000e+00 0.000000000000e+00
5858 1.972479455030e-01 0.000000000000e+00 0.000000000000e+00
5859 1.972816226322e-01 0.000000000000e+00 0.000000000000e+00
5860 1.973152997613e-01 0.000000000000e+00 0.000000000000e+00
5861 1.973489768905e-01 0.000000000000e+00 0.000000000000e+00
5862 1.973826540196e-01 0.000000000000e+00 0.000000000000e+00
5863 1.974163311488e-01 0.000000000000e+00 0.000000000000e+00
5864 1.974500082780e-01 0.000000000000e+00 0.000000000000e+00
5865 1.974836854071e-01 0.000000000000e+00 0.000000000000e+00
5866 1.975173625363e-01 0.000000000000e+00 0.000000000000e+00
5867 1.975510396655e-01 0.000000000000e+00 0.000000000000e+00
5868 1.975847167946e-01 0.000000000000e+00 0.000000000000e+00
5869 1.976183939238e-01 0.000000000000e+00 0.000000000000e+00
5870 1.976520710529e-01 0.000000000000e+00 0.000000000000e+00
5871 1.976857481821e-01 0.000000000000e+00 0.000000000000e+00
5872 1.977194253113e-01 0.000000000000e+00 0.000000000000e+00
5873 1.977531024404e-01 0.000000000000e+00 0.000000000000e+00
5874 1.977867795696e-01 0.000000000000e+00 0.000000000000e+00
5875 1.978204566987e-01 0.000000000000e+00 0.000000000000e+00
5876 1.978541338279e-01 0.000000000000e+00 0.000000000000e+00
5877 1.978878109571e-01 0.000000000000e+00 0.000000000000e+00
5878 1.979214880862e-01 0.000000000000e+00 0.000000000000e+00
5879 1.979551652154e-01 0.000000000000e+00 0.000000000000e+00
5880 1.979888423446e-01 0.000000000000e+00 0.000000000000e+00
5881 1.980225194737e-01 0.000000000000e+00 0.000000000000e+00
5882 1.980561966029e-01 0.000000000000e+00 0.000000000000e+00
5883 1.980898737320e-01 0.000000000000e+00 0.000000000000e+00
5884 1.981235508612e-01 0.000000000000e+00 0.000000000000e+00
5885 1.981572279904e-01 0.000000000000e+00 0.000000000000e+00
5886 1.981909051195e-01 0.000000000000e+00 0.000000000000e+00
5887 1.982245822487e-01 0.000000000000e+00 0.000000000000e+00
5888 1.982582593779e-01 0.000000000000e+00 0.000000000000e+00
5889 1.982919365070e-01 0.000000000000e+00 0.000000000000e+00
5890 1.983256136362e-01 0.000000000000e+00 0.000000000000e+00
5891 1.983592907653e-01 0.000000000000e+00 0.000000000000e+00
5892 1.983929678945e-01 0.000000000000e+00 0.000000000000e+00
5893 1.984266450237e-01 0.000000000000e+00 0.000000000000e+00
5894 1.984603221528e-01 0.000000000000e+00 0.000000000000e+00
5895 1.984939992820e-01 0.000000000000e+00 0.000000000000e+00
5896 1.985276764112e-01 0.000000000000e+00 0.000000000000e+00
5897 1.985613535403e-01 0.000000000000e+00 0.000000000000e+00
5898 1.985950306695e-01 0.000000000000e+00 0.000000000000e+00
5899 1.986287077986e-01 0.000000000000e+00 0.000000000000e+00
5900 1.986623849278e-01 0.000000000000e+00 0.000000000000e+00
5901 1.986960620570e-01 0.000000000000e+00 0.000000000000e+00
5902 1.987297391861e-01 0.000000000000e+00 0.000000000000e+00
5903 1.987634163153e-01 0.000000000000e+00 0.000000000000e+00
5904 1.987970934445e-01 0.000000000000e+00 0.000000000000e+00
5905 1.988307705736e-01 0.000000000000e+00 0.000000000000e+00
5906 1.988644477028e-01 0.000000000000e+00 0.000000000000e+00
5907 1.988981248319e-01 0.000000000000e+00 0.000000000000e+00
5908 1.989318019611e-01 0.000000000000e+00 0.000000000000e+00
5909 1.989654790903e-01 0.000000000000e+00 0.000000000000e+00
5910 1.989991562194e-01 0.000000000000e+00 0.000000000000e+00
5911 1.990328333486e-01 0.000000000000e+00 0.000000000000e+00
5912 1.990665104777e-01 0.000000000000e+00 0.000000000000e+00
5913 1.991001876069e-01 0.000000000000e+00 0.000000000000e+00
5914 1.991338647361e-01 0.000000000000e+00 0.000000000000e+00
5915 1.991675418652e-01 0.000000000000e+00 0.000000000000e+00
5916 1.992012189944e-01 0.000000000000e+00 0.000000000000e+00
5917 1.992348961236e-01 0.000000000000e+00 0.000000000000e+00
5918 1.992685732527e-01 0.000000000000e+00 0.000000000000e+00
5919 1.993022503819e-01 0.000000000000e+00 0.000000000000e+00
5920 1.993359275110e-01 0.000000000000e+00 0.000000000000e+00
5921 1.993696046402e-01 0.000000000000e+00 0.000000000000e+00
5922 1.994032817694e-01 0.000000000000e+00 0.000000000000e+00
5923 1.994369588985e-01 0.000000000000e+00 0.000000000000e+00
5924 1.994706360277e-01 0.000000000000e+00 0.000000000000e+00
5925 1.995043131569e-01 0.000000000000e+00 0.000000000000e+00
5926 1.995379902860e-01 0.000000000000e+00 0.000000000000e+00
5927 1.995716674152e-01 0.000000000000e+00 0.000000000000e+00
5928 1.996053445443e-01 0.000000000000e+00 0.000000000000e+00
5929 1.996390216735e-01 0.000000000000e+00 0.000000000000e+00
5930 1.996726988027e-01 0.000000000000e+00 0.000000000000e+00
5931 1.997063759318e-01 0.000000000000e+00 0.000000000000e+00
5932 1.997400530610e-01 0.000000000000e+00 0.000000000000e+00
5933 1.997737301902e-01 0.000000000000e+00 0.000000000000e+00
5934 1.998074073193e-01 0.000000000000e+00 0.000000000000e+00
5935 1.998410844485e-01 0.000000000000e+00 0.000000000000e+00
5936 1.998747615776e-01 0.000000000000e+00 0.000000000000e+00
5937 1.999084387068e-01 0.000000000000e+00 0.000000000000e+00
5938 1.999421158360e-01 0.000000000000e+00 0.000000000000e+00
5939 1.999757929651e-01 0.000000000000e+00 0.000000000000e+00
5940 2.000094700943e-01 0.000000000000e+00 0.000000000000e+00
5941 2.000431472235e-01 0.000000000000e+00 0.000000000000e+00
5942 2.000768243526e-01 0.000000000000e+00 0.000000000000e+00
5943 2.001105014818e-01 0.000000000000e+00 0.000000000000e+00
5944 2.001441786109e-01 0.000000000000e+00 0.000000000000e+00
5945 2.001778557401e-01 0.000000000000e+00 0.000000000000e+00
5946 2.002115328693e-01 0.000000000000e+00 0.000000000000e+00
5947 2.002452099984e-01 0.000000000000e+00 0.000000000000e+00
5948 2.002788871276e-01 0.000000000000e+00 0.000000000000e+00
5949 2.003125642568e-01 0.000000000000e+00 0.000000000000e+00
5950 2.003462413859e-01 0.000000000000e+00 0.000000000000e+00
5951 2.003799185151e-01 0.000000000000e+00 0.000000000000e+00
5952 2.004135956442e-01 0.000000000000e+00 0.000000000000e+00
5953 2.004472727734e-01 0.000000000000e+00 0.000000000000e+00
5954 2.004809499026e-01 0.000000000000e+00 0.000000000000e+00
5955 2.005146270317e-01 0.000000000000e+00 0.000000000000e+00
5956 2.005483041609e-01 0.000000000000e+00 0.000000000000e+00
5957 2.005819812900e-01 0.000000000000e+00 0.000000000000e+00
5958 2.006156584192e-01 0.000000000000e+00 0.000000000000e+00
5959 2.006493355484e-01 0.000000000000e+00 0.000000000000e+00
5960 2.006830126775e-01 0.000000000000e+00 0.000000000000e+00
5961 2.007166898067e-01 0.000000000000e+00 0.000000000000e+00
5962 2.007503669359e-01 0.000000000000e+00 0.000000000000e+00
5963 2.007840440650e-01 0.000000000000e+00 0.000000000000e+00
5964 2.008177211942e-01 0.000000000000e+00 0.000000000000e+00
5965 2.008513983233e-01 0.000000000000e+00 0.000000000000e+00
5966 2.008850754525e-01 0.000000000000e+00 0.000000000000e+00
5967 2.009187525817e-01 0.000000000000e+00 0.000000000000e+00
5968 2.009524297108e-01 0.000000000000e+00 0.000000000000e+00
5969 2.009861068400e-01 0.000000000000e+00 0.000000000000e+00
5970 2.010197839692e-01 0.000000000000e+00 0.000000000000e+00
5971 2.010534610983e-01 0.000000000000e+00 0.000000000000e+00
5972 2.010871382275e-01 0.000000000000e+00 0.000000000000e+00
5973 2.011208153566e-01 0.000000000000e+00 0.000000000000e+00
5974 2.011544924858e-01 0.000000000000e+00 0.000000000000e+00
5975 2.011881696150e-01 0.000000000000e+00 0.000000000000e+00
5976 2.012218467441e-01 0.000000000000e+00 0.000000000000e+00
5977 2.012555238733e-01 0.000000000000e+00 0.000000000000e+00
5978 2.012892010025e-01 0.000000000000e+00 0.000000000000e+00
5979 2.013228781316e-01 0.000000000000e+00 0.000000000000e+00
5980 2.013565552608e-01 0.000000000000e+00 0.000000000000e+00
5981 2.013902323899e-01 0.000000000000e+00 0.000000000000e+00
5982 2.014239095191e-01 0.000000000000e+00 0.000000000000e+00
5983 2.014575866483e-01 0.000000000000e+00 0.000000000000e+00
5984 2.014912637774e-01 0.000000000000e+00 0.000000000000e+00
5985 2.015249409066e-01 0.000000000000e+00 0.000000000000e+00
5986 2.015586180358e-01 0.000000000000e+00 0.000000000000e+00
5987 2.015922951649e-01 0.000000000000e+00 0.000000000000e+00
5988 2.016259722941e-01 0.000000000000e+00 0.000000000000e+00
5989 2.016596494232e-01 0.000000000000e+00 0.000000000000e+00
5990 2.016933265524e-01 0.000000000000e+00 0.000000000000e+00
5991 2.017270036816e-01 0.000000000000e+00 0.000000000000e+00
5992 2.017606808107e-01 0.000000000000e+00 0.000000000000e+00
5993 2.017943579399e-01 0.000000000000e+00 0.000000000000e+00
5994 2.018280350690e-01 0.000000000000e+00 0.000000000000e+00
5995 2.018617121982e-01 0.000000000000e+00 0.000000000000e+00
5996 2.018953893274e-01 0.000000000000e+00 0.000000000000e+00
5997 2.019290664565e-01 0.000000000000e+00 0.000000000000e+00
5998 2.019627435857e-01 0.000000000000e+00 0.000000000000e+00
5999 2.019964207149e-01 0.000000000000e+00 0.000000000000e+00
6000 2.020300978440e-01 0.000000000000e+00 0.000000000000e+00
6001 2.020637749732e-01 0.000000000000e+00 0.000000000000e+00
6002 2.020974521023e-01 0.000000000000e+00 0.000000000000e+00
6003 2.021311292315e-01 0.000000000000e+00 0.000000000000e+00
6004 2.021648063607e-01 0.000000000000e+00 0.000000000000e+00
6005 2.021984834898e-01 0.000000000000e+00 0.000000000000e+00
6006 2.022321606190e-01 0.000000000000e+00 0.000000000000e+00
6007 2.022658377482e-01 0.000000000000e+00 0.000000000000e+00
6008 2.022995148773e-01 0.000000000000e+00 0.000000000000e+00
6009 2.023331920065e-01 0.000000000000e+00 0.000000000000e+00
6010 2.023668691356e-01 0.000000000000e+00 0.000000000000e+00
6011 2.024005462648e-01 0.000000000000e+00 0.000000000000e+00
6012 2.024342233940e-01 0.000000000000e+00 0.000000000000e+00
6013 2.024679005231e-01 0.000000000000e+00 0.000000000000e+00
6014 2.025015776523e-01 0.000000000000e+00 0.000000000000e+00
6015 2.025352547815e-01 0.000000000000e+00 0.000000000000e+00
6016 2.025689319106e-01 0.000000000000e+00 0.000000000000e+00
6017 2.026026090398e-01 0.000000000000e+00 0.000000000000e+00
6018 2.026362861689e-01 0.000000000000e+00 0.000000000000e+00
6019 2.026699632981e-01 0.000000000000e+00 0.000000000000e+00
6020 2.027036404273e-01 0.000000000000e+00 0.000000000000e+00
6021 2.027373175564e-01 0.000000000000e+00 0.000000000000e+00
6022 2.027709946856e-01 0.000000000000e+00 0.000000000000e+00
6023 2.028046718148e-01 0.000000000000e+00 0.000000000000e+00
6024 2.028383489439e-01 0.000000000000e+00 0.000000000000e+00
6025 2.028720260731e-01 0.000000000000e+00 0.000000000000e+00
6026 2.029057032022e-01 0.000000000000e+00 0.000000000000e+00
6027 2.029393803314e-01 0.000000000000e+00 0.000000000000e+00
6028 2.029730574606e-01 0.000000000000e+00 0.000000000000e+00
6029 2.030067345897e-01 0.000000000000e+00 0.000000000000e+00
6030 2.030404117189e-01 0.000000000000e+00 0.000000000000e+00
6031 2.030740888481e-01 0.000000000000e+00 0.000000000000e+00
6032 2.031077659772e-01 0.000000000000e+00 0.000000000000e+00
6033 2.031414431064e-01 0.000000000000e+00 0.000000000000e+00
6034 2.031751202355e-01 0.000000000000e+00 0.000000000000e+00
6035 2.032087973647e-01 0.000000000000e+00 0.000000000000e+00
6036 2.032424744939e-01 0.000000000000e+00 0.000000000000e+00
6037 2.032761516230e-01 0.000000000000e+00 0.000000000000e+00
6038 2.033098287522e-01 0.000000000000e+00 0.000000000000e+00
6039 2.033435058813e-01 0.000000000000e+00 0.000000000000e+00
6040 2.033771830105e-01 0.000000000000e+00 0.000000000000e+00
6041 2.034108601397e-01 0.000000000000e+00 0.000000000000e+00
6042 2.034445372688e-01 0.000000000000e+00 0.000000000000e+00
6043 2.034782143980e-01 0.000000000000e+00 0.000000000000e+00
6044 2.035118915272e-01 0.000000000000e+00 0.000000000000e+00
6045 2.035455686563e-01 0.000000000000e+00 0.000000000000e+00
6046 2.035792457855e-01 0.000000000000e+00 0.000000000000e+00
6047 2.036129229146e-01 0.000000000000e+00 0.000000000000e+00
6048 2.036466000438e-01 0.000000000000e+00 0.000000000000e+00
6049 2.036802771730e-01 0.000000000000e+00 0.000000000000e+00
6050 2.037139543021e-01 0.000000000000e+00 0.000000000000e+00
6051 2.037476314313e-01 0.000000000000e+00 0.000000000000e+00
6052 2.037813085605e-01 0.000000000000e+00 0.000000000000e+00
6053 2.038149856896e-01 0.000000000000e+00 0.000000000000e+00
6054 2.038486628188e-01 0.000000000000e+00 0.000000000000e+00
6055 2.038823399479e-01 0.000000000000e+00 0.000000000000e+00
6056 2.039160170771e-01 0.000000000000e+00 0.000000000000e+00
6057 2.039496942063e-01 0.000000000000e+00 0.000000000000e+00
6058 2.039833713354e-01 0.000000000000e+00 0.000000000000e+00
6059 2.040170484646e-01 0.000000000000e+00 0.000000000000e+00
6060 2.040507255938e-01 0.000000000000e+00 0.000000000000e+00
6061 2.040844027229e-01 0.000000000000e+00 0.000000000000e+00
6062 2.041180798521e-01 0.000000000000e+00 0.000000000000e+00
6063 2.041517569812e-01 0.000000000000e+00 0.000000000000e+00
6064 2.041854341104e-01 0.000000000000e+00 0.000000000000e+00
6065 2.042191112396e-01 0.000000000000e+00 0.000000000000e+00
6066 2.042527883687e-01 0.000000000000e+00 0.000000000000e+00
6067 2.042864654979e-01 0.000000000000e+00 0.000000000000e+00
6068 2.043201426271e-01 0.000000000000e+00 0.000000000000e+00
6069 2.043538197562e-01 0.000000000000e+00 0.000000000000e+00
6070 2.043874968854e-01 0.000000000000e+00 0.000000000000e+00
6071 2.044211740145e-01 0.000000000000e+00 0.000000000000e+00
6072 2.044548511437e-01 0.000000000000e+00 0.000000000000e+00
6073 2.044885282729e-01 0.000000000000e+00 0.000000000000e+00
6074 2.045222054020e-01 0.000000000000e+00 0.000000000000e+00
6075 2.045558825312e-01 0.000000000000e+00 0.000000000000e+00
6076 2.045895596603e-01 0.000000000000e+00 0.000000000000e+00
6077 2.046232367895e-01 0.000000000000e+00 0.000000000000e+00
6078 2.046569139187e-01 0.000000000000e+00 0.000000000000e+00
6079 2.046905910478e-01 0.000000000000e+00 0.000000000000e+00
6080 2.047242681770e-01 0.000000000000e+00 0.000000000000e+00
6081 2.047579453062e-01 0.000000000000e+00 0.000000000000e+00
6082 2.047916224353e-01 0.000000000000e+00 0.000000000000e+00
6083 2.048252995645e-01 0.000000000000e+00 0.000000000000e+00
6084 2.048589766936e-01 0.000000000000e+00 0.000000000000e+00
6085 2.048926538228e-01 0.000000000000e+00 0.000000000000e+00
6086 2.049263309520e-01 0.000000000000e+00 0.000000000000e+00
6087 2.049600080811e-01 0.000000000000e+00 0.000000000000e+00
6088 2.049936852103e-01 0.000000000000e+00 0.000000000000e+00
6089 2.050273623395e-01 0.000000000000e+00 0.000000000000e+00
6090 2.050610394686e-01 0.000000000000e+00 0.000000000000e+00
6091 2.050947165978e-01 0.000000000000e+00 0.000000000000e+00
6092 2.051283937269e-01 0.000000000000e+00 0.000000000000e+00
6093 2.051620708561e-01 0.000000000000e+00 0.000000000000e+00
6094 2.051957479853e-01 0.000000000000e+00 0.000000000000e+00
6095 2.052294251144e-01 0.000000000000e+00 0.000000000000e+00
6096 2.052631022436e-01 0.000000000000e+00 0.000000000000e+00
6097 2.052967793728e-01 0.000000000000e+00 0.000000000000e+00
6098 2.053304565019e-01 0.000000000000e+00 0.000000000000e+00
6099 2.053641336311e-01 0.000000000000e+00 0.000000000000e+00
6100 2.053978107602e-01 0.000000000000e+00 0.000000000000e+00
6101 2.054314878894e-01 0.000000000000e+00 0.000000000000e+00
6102 2.054651650186e-01 0.000000000000e+00 0.000000000000e+00
6103 2.054988421477e-01 0.000000000000e+00 0.000000000000e+00
6104 2.055325192769e-01 0.000000000000e+00 0.000000000000e+00
6105 2.055661964061e-01 0.000000000000e+00 0.000000000000e+00
6106 2.055998735352e-01 0.000000000000e+00 0.000000000000e+00
6107 2.056335506644e-01 0.000000000000e+00 0.000000000000e+00
6108 2.056672277935e-01 0.000000000000e+00 0.000000000000e+00
6109 2.057009049227e-01 0.000000000000e+00 0.000000000000e+00
6110 2.057345820519e-01 0.000000000000e+00 0.000000000000e+00
6111 2.057682591810e-01 0.000000000000e+00 0.000000000000e+00
6112 2.058019363102e-01 0.000000000000e+00 0.000000000000e+00
6113 2.058356134394e-01 0.000000000000e+00 0.000000000000e+00
6114 2.058692905685e-01 0.000000000000e+00 0.000000000000e+00
6115 2.059029676977e-01 0.000000000000e+00 0.000000000000e+00
6116 2.059366448268e-01 0.000000000000e+00 0.000000000000e+00
6117 2.059703219560e-01 0.000000000000e+00 0.000000000000e+00
6118 2.060039990852e-01 0.000000000000e+00 0.000000000000e+00
6119 2.060376762143e-01 0.000000000000e+00 0.000000000000e+00
6120 2.060713533435e-01 0.000000000000e+00 0.000000000000e+00
6121 2.061050304726e-01 0.000000000000e+00 0.000000000000e+00
6122 2.061387076018e-01 0.000000000000e+00 0.000000000000e+00
6123 2.061723847310e-01 0.000000000000e+00 0.000000000000e+00
6124 2.062060618601e-01 0.000000000000e+00 0.000000000000e+00
6125 2.062397389893e-01 0.000000000000e+00 0.000000000000e+00
6126 2.062734161185e-01 0.000000000000e+00 0.000000000000e+00
6127 2.063070932476e-01 0.000000000000e+00 0.000000000000e+00
6128 2.063407703768e-01 0.000000000000e+00 0.000000000000e+00
6129 2.063744475059e-01 0.000000000000e+00 0.000000000000e+00
6130 2.064081246351e-01 0.000000000000e+00 0.000000000000e+00
6131 2.064418017643e-01 0.000000000000e+00 0.000000000000e+00
6132 2.064754788934e-01 0.000000000000e+00 0.000000000000e+00
6133 2.065091560226e-01 0.000000000000e+00 0.000000000000e+00
6134 2.065428331518e-01 0.000000000000e+00 0.000000000000e+00
6135 2.065765102809e-01 0.000000000000e+00 0.000000000000e+00
6136 2.066101874101e-01 0.000000000000e+00 0.000000000000e+00
6137 2.066438645392e-01 0.000000000000e+00 0.000000000000e+00
6138 2.066775416684e-01 0.000000000000e+00 0.000000000000e+00
6139 2.067112187976e-01 0.000000000000e+00 0.000000000000e+00
6140 2.067448959267e-01 0.000000000000e+00 0.000000000000e+00
6141 2.067785730559e-01 0.000000000000e+00 0.000000000000e+00
6142 2.068122501851e-01 0.000000000000e+00 0.000000000000e+00
6143 2.068459273142e-01 0.000000000000e+00 0.000000000000e+00
6144 2.068796044434e-01 0.000000000000e+00 0.000000000000e+00
6145 2.069132815725e-01 0.000000000000e+00 0.000000000000e+00
6146 2.069469587017e-01 0.000000000000e+00 0.000000000000e+00
6147 2.069806358309e-01 0.000000000000e+00 0.000000000000e+00
6148 2.070143129600e-01 0.000000000000e+00 0.000000000000e+00
6149 2.070479900892e-01 0.000000000000e+00 0.000000000000e+00
6150 2.070816672184e-01 0.000000000000e+00 0.000000000000e+00
6151 2.071153443475e-01 0.000000000000e+00 0.000000000000e+00
6152 2.071490214767e-01 0.000000000000e+00 0.000000000000e+00
6153 2.071826986058e-01 0.000000000000e+00 0.000000000000e+00
6154 2.072163757350e-01 0.000000000000e+00 0.000000000000e+00
6155 2.072500528642e-01 0.000000000000e+00 0.000000000000e+00
6156 2.072837299933e-01 0.000000000000e+00 0.000000000000e+00
6157 2.073174071225e-01 0.000000000000e+00 0.000000000000e+00
6158 2.073510842516e-01 0.000000000000e+00 0.000000000000e+00
6159 2.073847613808e-01 0.000000000000e+00 0.000000000000e+00
6160 2.074184385100e-01 0.000000000000e+00 0.000000000000e+00
6161 2.074521156391e-01 0.000000000000e+00 0.000000000000e+00
6162 2.074857927683e-01 0.000000000000e+00 0.000000000000e+00
6163 2.075194698975e-01 0.000000000000e+00 0.000000000000e+00
6164 2.075531470266e-01 0.000000000000e+00 0.000000000000e+00
6165 2.075868241558e-01 0.000000000000e+00 0.000000000000e+00
6166 2.076205012849e-01 0.000000000000e+00 0.000000000000e+00
6167 2.076541784141e-01 0.000000000000e+00 0.000000000000e+00
6168 2.076878555433e-01 0.000000000000e+00 0.000000000000e+00
6169 2.077215326724e-01 0.000000000000e+00 0.000000000000e+00
6170 2.077552098016e-01 0.000000000000e+00 0.000000000000e+00
6171 2.077888869308e-01 0.000000000000e+00 0.000000000000e+00
6172 2.078225640599e-01 0.000000000000e+00 0.000000000000e+00
6173 2.078562411891e-01 0.000000000000e+00 0.000000000000e+00
6174 2.078899183182e-01 0.000000000000e+00 0.000000000000e+00
6175 2.079235954474e-01 0.000000000000e+00 0.000000000000e+00
6176 2.079572725766e-01 0.000000000000e+00 0.000000000000e+00
6177 2.079909497057e-01 0.000000000000e+00 0.000000000000e+00
6178 2.080246268349e-01 0.000000000000e+00 0.000000000000e+00
6179 2.080583039641e-01 0.000000000000e+00 0.000000000000e+00
6180 2.080919810932e-01 0.000000000000e+00 0.000000000000e+00
6181 2.081256582224e-01 0.000000000000e+00 0.000000000000e+00
6182 2.081593353515e-01 0.000000000000e+00 0.000000000000e+00
6183 2.081930124807e-01 0.000000000000e+00 0.000000000000e+00
6184 2.082266896099e-01 0.000000000000e+00 0.000000000000e+00
6185 2.082603667390e-01 0.000000000000e+00 0.000000000000e+00
6186 2.082940438682e-01 0.000000000000e+00 0.000000000000e+00
6187 2.083277209974e-01 0.000000000000e+00 0.000000000000e+00
6188 2.083613981265e-01 0.000000000000e+00 0.000000000000e+00
6189 2.083950752557e-01 0.000000000000e+00 0.000000000000e+00
6190 2.084287523848e-01 0.000000000000e+00 0.000000000000e+00
6191 2.084624295140e-01 0.000000000000e+00 0.000000000000e+00
6192 2.084961066432e-01 0.000000000000e+00 0.000000000000e+00
6193 2.085297837723e-01 0.000000000000e+00 0.000000000000e+00
6194 2.085634609015e-01 0.000000000000e+00 0.000000000000e+00
6195 2.085971380307e-01 0.000000000000e+00 0.000000000000e+00
6196 2.086308151598e-01 0.000000000000e+00 0.000000000000e+00
6197 2.086644922890e-01 0.000000000000e+00 0.000000000000e+00
6198 2.086981694181e-01 0.000000000000e+00 0.000000000000e+00
6199 2.087318465473e-01 0.000000000000e+00 0.000000000000e+00
6200 2.087655236765e-01 0.000000000000e+00 0.000000000000e+00
6201 2.087992008056e-01 0.000000000000e+00 0.000000000000e+00
6202 2.088328779348e-01 0.000000000000e+00 0.000000000000e+00
6203 2.088665550639e-01 0.000000000000e+00 0.000000000000e+00
6204 2.089002321931e-01 0.000000000000e+00 0.000000000000e+00
6205 2.089339093223e-01 0.000000000000e+00 0.000000000000e+00
6206 2.089675864514e-01 0.000000000000e+00 0.000000000000e+00
6207 2.090012635806e-01 0.000000000000e+00 0.000000000000e+00
6208 2.090349407098e-01 0.000000000000e+00 0.000000000000e+00
6209 2.090686178389e-01 0.000000000000e+00 0.000000000000e+00
6210 2.091022949681e-01 0.000000000000e+00 0.000000000000e+00
6211 2.091359720972e-01 0.000000000000e+00 0.000000000000e+00
6212 2.091696492264e-01 0.000000000000e+00 0.000000000000e+00
6213 2.092033263556e-01 0.000000000000e+00 0.000000000000e+00
6214 2.092370034847e-01 0.000000000000e+00 0.000000000000e+00
6215 2.092706806139e-01 0.000000000000e+00 0.000000000000e+00
6216 2.093043577431e-01 0.000000000000e+00 0.000000000000e+00
6217 2.093380348722e-01 0.000000000000e+00 0.000000000000e+00
6218 2.093717120014e-01 0.000000000000e+00 0.000000000000e+00
6219 2.094053891305e-01 0.000000000000e+00 0.000000000000e+00
6220 2.094390662597e-01 0.000000000000e+00 0.000000000000e+00
6221 2.094727433889e-01 0.000000000000e+00 0.000000000000e+00
6222 2.095064205180e-01 0.000000000000e+00 0.000000000000e+00
6223 2.095400976472e-01 0.000000000000e+00 0.000000000000e+00
6224 2.095737747764e-01 0.000000000000e+00 0.000000000000e+00
6225 2.096074519055e-01 0.000000000000e+00 0.000000000000e+00
6226 2.096411290347e-01 0.000000000000e+00 0.000000000000e+00
6227 2.096748061638e-01 0.000000000000e+00 0.000000000000e+00
6228 2.097084832930e-01 0.000000000000e+00 0.000000000000e+00
6229 2.097421604222e-01 0.000000000000e+00 0.000000000000e+00
6230 2.097758375513e-01 0.000000000000e+00 0.000000000000e+00
6231 2.098095146805e-01 0.000000000000e+00 0.000000000000e+00
6232 2.098431918097e-01 0.000000000000e+00 0.000000000000e+00
6233 2.098768689388e-01 0.000000000000e+00 0.000000000000e+00
6234 2.099105460680e-01 0.000000000000e+00 0.000000000000e+00
6235 2.099442231971e-01 0.000000000000e+00 0.000000000000e+00
6236 2.099779003263e-01 0.000000000000e+00 0.000000000000e+00
6237 2.100115774555e-01 0.000000000000e+00 0.000000000000e+00
6238 2.100452545846e-01 0.000000000000e+00 0.000000000000e+00
6239 2.100789317138e-01 0.000000000000e+00 0.000000000000e+00
6240 2.101126088429e-01 0.000000000000e+00 0.000000000000e+00
6241 2.101462859721e-01 0.000000000000e+00 0.000000000000e+00
6242 2.101799631013e-01 0.000000000000e+00 0.000000000000e+00
6243 2.102136402304e-01 0.000000000000e+00 0.000000000000e+00
6244 2.102473173596e-01 0.000000000000e+00 0.000000000000e+00
6245 2.102809944888e-01 0.000000000000e+00 0.000000000000e+00
6246 2.103146716179e-01 0.000000000000e+00 0.000000000000e+00
6247 2.103483487471e-01 0.000000000000e+00 0.000000000000e+00
6248 2.103820258762e-01 0.000000000000e+00 0.000000000000e+00
6249 2.104157030054e-01 0.000000000000e+00 0.000000000000e+00
6250 2.104493801346e-01 0.000000000000e+00 0.000000000000e+00
6251 2.104830572637e-01 0.000000000000e+00 0.000000000000e+00
6252 2.105167343929e-01 0.000000000000e+00 0.000000000000e+00
6253 2.105504115221e-01 0.000000000000e+00 0.000000000000e+00
6254 2.105840886512e-01 0.000000000000e+00 0.000000000000e+00
6255 2.106177657804e-01 0.000000000000e+00 0.000000000000e+00
6256 2.106514429095e-01 0.000000000000e+00 0.000000000000e+00
6257 2.106851200387e-01 0.000000000000e+00 0.000000000000e+00
6258 2.107187971679e-01 0.000000000000e+00 0.000000000000e+00
6259 2.107524742970e-01 0.000000000000e+00 0.000000000000e+00
6260 2.107861514262e-01 0.000000000000e+00 0.000000000000e+00
6261 2.108198285554e-01 0.000000000000e+00 0.000000000000e+00
6262 2.108535056845e-01 0.000000000000e+00 0.000000000000e+00
6263 2.108871828137e-01 0.000000000000e+00 0.000000000000e+00
6264 2.109208599428e-01 0.000000000000e+00 0.000000000000e+00
6265 2.109545370720e-01 0.000000000000e+00 0.000000000000e+00
6266 2.109882142012e-01 0.000000000000e+00 0.000000000000e+00
6267 2.110218913303e-01 0.000000000000e+00 0.000000000000e+00
6268 2.110555684595e-01 0.000000000000e+00 0.000000000000e+00
6269 2.110892455887e-01 0.000000000000e+00 0.000000000000e+00
6270 2.111229227178e-01 0.000000000000e+00 0.000000000000e+00
6271 2.111565998470e-01 0.000000000000e+00 0.000000000000e+00
6272 2.111902769761e-01 0.000000000000e+00 0.000000000000e+00
6273 2.112239541053e-01 0.000000000000e+00 0.000000000000e+00
6274 2.112576312345e-01 0.000000000000e+00 0.000000000000e+00
6275 2.112913083636e-01 0.000000000000e+00 0.000000000000e+00
6276 2.113249854928e-01 0.000000000000e+00 0.000000000000e+00
6277 2.113586626220e-01 0.000000000000e+00 0.000000000000e+00
6278 2.113923397511e-01 0.000000000000e+00 0.000000000000e+00
6279 2.114260168803e-01 0.000000000000e+00 0.000000000000e+00
6280 2.114596940094e-01 0.000000000000e+00 0.000000000000e+00
6281 2.114933711386e-01 0.000000000000e+00 0.000000000000e+00
6282 2.115270482678e-01 0.000000000000e+00 0.000000000000e+00
6283 2.115607253969e-01 0.000000000000e+00 0.000000000000e+00
6284 2.115944025261e-01 0.000000000000e+00 0.000000000000e+00
6285 2.116280796552e-01 0.000000000000e+00 0.000000000000e+00
6286 2.116617567844e-01 0.000000000000e+00 0.000000000000e+00
6287 2.116954339136e-01 0.000000000000e+00 0.000000000000e+00
6288 2.117291110427e-01 0.000000000000e+00 0.000000000000e+00
6289 2.117627881719e-01 0.000000000000e+00 0.000000000000e+00
6290 2.117964653011e-01 0.000000000000e+00 0.000000000000e+00
6291 2.118301424302e-01 0.000000000000e+00 0.000000000000e+00
6292 2.118638195594e-01 0.000000000000e+00 0.000000000000e+00
6293 2.118974966885e-01 0.000000000000e+00 0.000000000000e+00
6294 2.119311738177e-01 0.000000000000e+00 0.000000000000e+00
6295 2.119648509469e-01 0.000000000000e+00 0.000000000000e+00
6296 2.119985280760e-01 0.000000000000e+00 0.000000000000e+00
6297 2.120322052052e-01 0.000000000000e+00 0.000000000000e+00
6298 2.120658823344e-01 0.000000000000e+00 0.000000000000e+00
6299 2.120995594635e-01 0.000000000000e+00 0.000000000000e+00
6300 2.121332365927e-01 0.000000000000e+00 0.000000000000e+00
6301 2.121669137218e-01 0.000000000000e+00 0.000000000000e+00
6302 2.122005908510e-01 0.000000000000e+00 0.000000000000e+00
6303 2.122342679802e-01 0.000000000000e+00 0.000000000000e+00
6304 2.122679451093e-01 0.000000000000e+00 0.000000000000e+00
6305 2.123016222385e-01 0.000000000000e+00 0.000000000000e+00
6306 2.123352993677e-01 0.000000000000e+00 0.000000000000e+00
6307 2.123689764968e-01 0.000000000000e+00 0.000000000000e+00
6308 2.124026536260e-01 0.000000000000e+00 0.000000000000e+00
6309 2.124363307551e-01 0.000000000000e+00 0.000000000000e+00
6310 2.124700078843e-01 0.000000000000e+00 0.000000000000e+00
6311 2.125036850135e-01 0.000000000000e+00 0.000000000000e+00
6312 2.125373621426e-01 0.000000000000e+00 0.000000000000e+00
6313 2.125710392718e-01 0.000000000000e+00 0.000000000000e+00
6314 2.126047164010e-01 0.000000000000e+00 0.000000000000e+00
6315 2.126383935301e-01 0.000000000000e+00 0.000000000000e+00
6316 2.126720706593e-01 0.000000000000e+00 0.000000000000e+00
6317 2.127057477884e-01 0.000000000000e+00 0.000000000000e+00
6318 2.127394249176e-01 0.000000000000e+00 0.000000000000e+00
6319 2.127731020468e-01 0.000000000000e+00 0.000000000000e+00
6320 2.128067791759e-01 0.000000000000e+00 0.000000000000e+00
6321 2.128404563051e-01 0.000000000000e+00 0.000000000000e+00
6322 2.128741334342e-01 0.000000000000e+00 0.000000000000e+00
6323 2.129078105634e-01 0.000000000000e+00 0.000000000000e+00
6324 2.129414876926e-01 0.000000000000e+00 0.000000000000e+00
6325 2.129751648217e-01 0.000000000000e+00 0.000000000000e+00
6326 2.130088419509e-01 0.000000000000e+00 0.000000000000e+00
6327 2.130425190801e-01 0.000000000000e+00 0.000000000000e+00
6328 2.130761962092e-01 0.000000000000e+00 0.000000000000e+00
6329 2.131098733384e-01 0.000000000000e+00 0.000000000000e+00
6330 2.131435504675e-01 0.000000000000e+00 0.000000000000e+00
6331 2.131772275967e-01 0.000000000000e+00 0.000000000000e+00
6332 2.132109047259e-01 0.000000000000e+00 0.000000000000e+00
6333 2.132445818550e-01 0.000000000000e+00 0.000000000000e+00
6334 2.132782589842e-01 0.000000000000e+00 0.000000000000e+00
6335 2.133119361134e-01 0.000000000000e+00 0.000000000000e+00
6336 2.133456132425e-01 0.000000000000e+00 0.000000000000e+00
6337 2.133792903717e-01 0.000000000000e+00 0.000000000000e+00
6338 2.134129675008e-01 0.000000000000e+00 0.000000000000e+00
6339 2.134466446300e-01 0.000000000000e+00 0.000000000000e+00
6340 2.134803217592e-01 0.000000000000e+00 0.000000000000e+00
6341 2.135139988883e-01 0.000000000000e+00 0.000000000000e+00
6342 2.135476760175e-01 0.000000000000e+00 0.000000000000e+00
6343 2.135813531467e-01 0.000000000000e+00 0.000000000000e+00
6344 2.136150302758e-01 0.000000000000e+00 0.000000000000e+00
6345 2.136487074050e-01 0.000000000000e+00 0.000000000000e+00
6346 2.136823845341e-01 0.000000000000e+00 0.000000000000e+00
6347 2.137160616633e-01 0.000000000000e+00 0.000000000000e+00
6348 2.137497387925e-01 0.000000000000e+00 0.000000000000e+00
6349 2.137834159216e-01 0.000000000000e+00 0.000000000000e+00
6350 2.138170930508e-01 0.000000000000e+00 0.000000000000e+00
6351 2.138507701800e-01 0.000000000000e+00 0.000000000000e+00
6352 2.138844473091e-01 0.000000000000e+00 0.000000000000e+00
6353 2.139181244383e-01 0.000000000000e+00 0.000000000000e+00
6354 2.139518015674e-01 0.000000000000e+00 0.000000000000e+00
6355 2.139854786966e-01 0.000000000000e+00 0.000000000000e+00
6356 2.140191558258e-01 0.000000000000e+00 0.000000000000e+00
6357 2.140528329549e-01 0.000000000000e+00 0.000000000000e+00
6358 2.140865100841e-01 0.000000000000e+00 0.000000000000e+00
6359 2.141201872133e-01 0.000000000000e+00 0.000000000000e+00
6360 2.141538643424e-01 0.000000000000e+00 0.000000000000e+00
6361 2.141875414716e-01 0.000000000000e+00 0.000000000000e+00
6362 2.142212186007e-01 0.000000000000e+00 0.000000000000e+00
6363 2.142548957299e-01 0.000000000000e+00 0.000000000000e+00
6364 2.142885728591e-01 0.000000000000e+00 0.000000000000e+00
6365 2.143222499882e-01 0.000000000000e+00 0.000000000000e+00
6366 2.143559271174e-01 0.000000000000e+00 0.000000000000e+00
6367 2.143896042465e-01 0.000000000000e+00 0.000000000000e+00
6368 2.144232813757e-01 0.000000000000e+00 0.000000000000e+00
6369 2.144569585049e-01 0.000000000000e+00 0.000000000000e+00
6370 2.144906356340e-01 0.000000000000e+00 0.000000000000e+00
6371 2.145243127632e-01 0.000000000000e+00 0.000000000000e+00
6372 2.145579898924e-01 0.000000000000e+00 0.000000000000e+00
6373 2.145916670215e-01 0.000000000000e+00 0.000000000000e+00
6374 2.146253441507e-01 0.000000000000e+00 0.000000000000e+00
6375 2.146590212798e-01 0.000000000000e+00 0.000000000000e+00
6376 2.146926984090e-01 0.000000000000e+00 0.000000000000e+00
6377 2.147263755382e-01 0.000000000000e+00 0.000000000000e+00
6378 2.147600526673e-01 0.000000000000e+00 0.000000000000e+00
6379 2.147937297965e-01 0.000000000000e+00 0.000000000000e+00
6380 2.148274069257e-01 0.000000000000e+00 0.000000000000e+00
6381 2.148610840548e-01 0.000000000000e+00 0.000000000000e+00
6382 2.148947611840e-01 0.000000000000e+00 0.000000000000e+00
6383 2.149284383131e-01 0.000000000000e+00 0.000000000000e+00
6384 2.149621154423e-01 0.000000000000e+00 0.000000000000e+00
6385 2.149957925715e-01 0.000000000000e+00 0.000000000000e+00
6386 2.150294697006e-01 0.000000000000e+00 0.000000000000e+00
6387 2.150631468298e-01 0.000000000000e+00 0.000000000000e+00
6388 2.150968239590e-01 0.000000000000e+00 0.000000000000e+00
6389 2.151305010881e-01 0.000000000000e+00 0.000000000000e+00
6390 2.151641782173e-01 0.000000000000e+00 0.000000000000e+00
6391 2.151978553464e-01 0.000000000000e+00 0.000000000000e+00
6392 2.152315324756e-01 0.000000000000e+00 0.000000000000e+00
6393 2.152652096048e-01 0.000000000000e+00 0.000000000000e+00
6394 2.152988867339e-01 0.000000000000e+00 0.000000000000e+00
6395 2.153325638631e-01 0.000000000000e+00 0.000000000000e+00
6396 2.153662409923e-01 0.000000000000e+00 0.000000000000e+00
6397 2.153999181214e-01 0.000000000000e+00 0.000000000000e+00
6398 2.154335952506e-01 0.000000000000e+00 0.000000000000e+00
6399 2.154672723797e-01 0.000000000000e+00 0.000000000000e+00
6400 2.155009495089e-01 0.000000000000e+00 0.000000000000e+00
6401 2.155346266381e-01 0.000000000000e+00 0.000000000000e+00
6402 2.155683037672e-01 0.000000000000e+00 0.000000000000e+00
6403 2.156019808964e-01 0.000000000000e+00 0.000000000000e+00
6404 2.156356580256e-01 0.000000000000e+00 0.000000000000e+00
6405 2.156693351547e-01 0.000000000000e+00 0.000000000000e+00
6406 2.157030122839e-01 0.000000000000e+00 0.000000000000e+00
6407 2.157366894130e-01 0.000000000000e+00 0.000000000000e+00
6408 2.157703665422e-01 0.000000000000e+00 0.000000000000e+00
6409 2.158040436714e-01 0.000000000000e+00 0.000000000000e+00
6410 2.158377208005e-01 0.000000000000e+00 0.000000000000e+00
6411 2.158713979297e-01 0.000000000000e+00 0.000000000000e+00
6412 2.159050750588e-01 0.000000000000e+00 0.000000000000e+00
6413 2.159387521880e-01 0.000000000000e+00 0.000000000000e+00
6414 2.159724293172e-01 0.000000000000e+00 0.000000000000e+00
6415 2.160061064463e-01 0.000000000000e+00 0.000000000000e+00
6416 2.160397835755e-01 0.000000000000e+00 0.000000000000e+00
6417 2.160734607047e-01 0.000000000000e+00 0.000000000000e+00
6418 2.161071378338e-01 0.000000000000e+00 0.000000000000e+00
6419 2.161408149630e-01 0.000000000000e+00 0.000000000000e+00
6420 2.161744920921e-01 0.000000000000e+00 0.000000000000e+00
6421 2.162081692213e-01 0.000000000000e+00 0.000000000000e+00
6422 2.162418463505e-01 0.000000000000e+00 0.000000000000e+00
6423 2.162755234796e-01 0.000000000000e+00 0.000000000000e+00
6424 2.163092006088e-01 0.000000000000e+00 0.000000000000e+00
6425 2.163428777380e-01 0.000000000000e+00 0.000000000000e+00
6426 2.163765548671e-01 0.000000000000e+00 0.000000000000e+00
6427 2.164102319963e-01 0.000000000000e+00 0.000000000000e+00
6428 2.164439091254e-01 0.000000000000e+00 0.000000000000e+00
6429 2.164775862546e-01 0.000000000000e+00 0.000000000000e+00
6430 2.165112633838e-01 0.000000000000e+00 0.000000000000e+00
6431 2.165449405129e-01 0.000000000000e+00 0.000000000000e+00
6432 2.165786176421e-01 0.000000000000e+00 0.000000000000e+00
6433 2.166122947713e-01 0.000000000000e+00 0.000000000000e+00
6434 2.166459719004e-01 0.000000000000e+00 0.000000000000e+00
6435 2.166796490296e-01 0.000000000000e+00 0.000000000000e+00
6436 2.167133261587e-01 0.000000000000e+00 0.000000000000e+00
6437 2.167470032879e-01 0.000000000000e+00 0.000000000000e+00
6438 2.167806804171e-01 0.000000000000e+00 0.000000000000e+00
6439 2.168143575462e-01 0.000000000000e+00 0.000000000000e+00
6440 2.168480346754e-01 0.000000000000e+00 0.000000000000e+00
6441 2.168817118046e-01 0.000000000000e+00 0.000000000000e+00
6442 2.169153889337e-01 0.000000000000e+00 0.000000000000e+00
6443 2.169490660629e-01 0.000000000000e+00 0.000000000000e+00
6444 2.169827431920e-01 0.000000000000e+00 0.000000000000e+00
6445 2.170164203212e-01 0.000000000000e+00 0.000000000000e+00
6446 2.170500974504e-01 0.000000000000e+00 0.000000000000e+00
6447 2.170837745795e-01 0.000000000000e+00 0.000000000000e+00
6448 2.171174517087e-01 0.000000000000e+00 0.000000000000e+00
6449 2.171511288378e-01 0.000000000000e+00 0.000000000000e+00
6450 2.171848059670e-01 0.000000000000e+00 0.000000000000e+00
6451 2.172184830962e-01 0.000000000000e+00 0.000000000000e+00
6452 2.172521602253e-01 0.000000000000e+00 0.000000000000e+00
6453 2.172858373545e-01 0.000000000000e+00 0.000000000000e+00
6454 2.173195144837e-01 0.000000000000e+00 0.000000000000e+00
6455 2.173531916128e-01 0.000000000000e+00 0.000000000000e+00
6456 2.173868687420e-01 0.000000000000e+00 0.000000000000e+00
6457 2.174205458711e-01 0.000000000000e+00 0.000000000000e+00
6458 2.174542230003e-01 0.000000000000e+00 0.000000000000e+00
6459 2.174879001295e-01 0.000000000000e+00 0.000000000000e+00
6460 2.175215772586e-01 0.000000000000e+00 0.000000000000e+00
6461 2.175552543878e-01 0.000000000000e+00 0.000000000000e+00
6462 2.175889315170e-01 0.000000000000e+00 0.000000000000e+00
6463 2.176226086461e-01 0.000000000000e+00 0.000000000000e+00
6464 2.176562857753e-01 0.000000000000e+00 0.000000000000e+00
6465 2.176899629044e-01 0.000000000000e+00 0.000000000000e+00
6466 2.177236400336e-01 0.000000000000e+00 0.000000000000e+00
6467 2.177573171628e-01 0.000000000000e+00 0.000000000000e+00
6468 2.177909942919e-01 0.000000000000e+00 0.000000000000e+00
6469 2.178246714211e-01 0.000000000000e+00 0.000000000000e+00
6470 2.178583485503e-01 0.000000000000e+00 0.000000000000e+00
6471 2.178920256794e-01 0.000000000000e+00 0.000000000000e+00
6472 2.179257028086e-01 0.000000000000e+00 0.000000000000e+00
6473 2.179593799377e-01 0.000000000000e+00 0.000000000000e+00
6474 2.179930570669e-01 0.000000000000e+00 0.000000000000e+00
6475 2.180267341961e-01 0.000000000000e+00 0.000000000000e+00
6476 2.180604113252e-01 0.000000000000e+00 0.000000000000e+00
6477 2.180940884544e-01 0.000000000000e+00 0.000000000000e+00
6478 2.181277655836e-01 0.000000000000e+00 0.000000000000e+00
6479 2.181614427127e-01 0.000000000000e+00 0.000000000000e+00
6480 2.181951198419e-01 0.000000000000e+00 0.000000000000e+00
6481 2.182287969710e-01 0.000000000000e+00 0.000000000000e+00
6482 2.182624741002e-01 0.000000000000e+00 0.000000000000e+00
6483 2.182961512294e-01 0.000000000000e+00 0.000000000000e+00
6484 2.183298283585e-01 0.000000000000e+00 0.000000000000e+00
6485 2.183635054877e-01 0.000000000000e+00 0.000000000000e+00
6486 2.183971826169e-01 0.000000000000e+00 0.000000000000e+00
6487 2.184308597460e-01 0.000000000000e+00 0.000000000000e+00
6488 2.184645368752e-01 0.000000000000e+00 0.000000000000e+00
6489 2.184982140043e-01 0.000000000000e+00 0.000000000000e+00
6490 2.185318911335e-01 0.000000000000e+00 0.000000000000e+00
6491 2.185655682627e-01 0.000000000000e+00 0.000000000000e+00
6492 2.185992453918e-01 0.000000000000e+00 0.000000000000e+00
6493 2.186329225210e-01 0.000000000000e+00 0.000000000000e+00
6494 2.186665996501e-01 0.000000000000e+00 0.000000000000e+00
6495 2.187002767793e-01 0.000000000000e+00 0.000000000000e+00
6496 2.187339539085e-01 0.000000000000e+00 0.000000000000e+00
6497 2.187676310376e-01 0.000000000000e+00 0.000000000000e+00
6498 2.188013081668e-01 0.000000000000e+00 0.000000000000e+00
6499 2.188349852960e-01 0.000000000000e+00 0.000000000000e+00
6500 2.188686624251e-01 0.000000000000e+00 0.000000000000e+00
6501 2.189023395543e-01 0.000000000000e+00 0.000000000000e+00
6502 2.189360166834e-01 0.000000000000e+00 0.000000000000e+00
6503 2.189696938126e-01 0.000000000000e+00 0.000000000000e+00
6504 2.190033709418e-01 0.000000000000e+00 0.000000000000e+00
6505 2.190370480709e-01 0.000000000000e+00 0.000000000000e+00
6506 2.190707252001e-01 0.000000000000e+00 0.000000000000e+00
6507 2.191044023293e-01 0.000000000000e+00 0.000000000000e+00
6508 2.191380794584e-01 0.000000000000e+00 0.000000000000e+00
6509 2.191717565876e-01 0.000000000000e+00 0.000000000000e+00
6510 2.192054337167e-01 0.000000000000e+00 0.000000000000e+00
6511 2.192391108459e-01 0.000000000000e+00 0.000000000000e+00
6512 2.192727879751e-01 0.000000000000e+00 0.000000000000e+00
6513 2.193064651042e-01 0.000000000000e+00 0.000000000000e+00
6514 2.193401422334e-01 0.000000000000e+00 0.000000000000e+00
6515 2.193738193626e-01 0.000000000000e+00 0.000000000000e+00
6516 2.194074964917e-01 0.000000000000e+00 0.000000000000e+00
6517 2.194411736209e-01 0.000000000000e+00 0.000000000000e+00
6518 2.194748507500e-01 0.000000000000e+00 0.000000000000e+00
6519 2.195085278792e-01 0.000000000000e+00 0.000000000000e+00
6520 2.195422050084e-01 0.000000000000e+00 0.000000000000e+00
6521 2.195758821375e-01 0.000000000000e+00 0.000000000000e+00
6522 2.196095592667e-01 0.000000000000e+00 0.000000000000e+00
6523 2.196432363959e-01 0.000000000000e+00 0.000000000000e+00
6524 2.196769135250e-01 0.000000000000e+00 0.000000000000e+00
6525 2.197105906542e-01 0.000000000000e+00 0.000000000000e+00
6526 2.197442677833e-01 0.000000000000e+00 0.000000000000e+00
6527 2.197779449125e-01 0.000000000000e+00 0.000000000000e+00
6528 2.198116220417e-01 0.000000000000e+00 0.000000000000e+00
6529 2.198452991708e-01 0.000000000000e+00 0.000000000000e+00
6530 2.198789763000e-01 0.000000000000e+00 0.000000000000e+00
6531 2.199126534291e-01 0.000000000000e+00 0.000000000000e+00
6532 2.199463305583e-01 0.000000000000e+00 0.000000000000e+00
6533 2.199800076875e-01 0.000000000000e+00 0.000000000000e+00
6534 2.200136848166e-01 0.000000000000e+00 0.000000000000e+00
6535 2.200473619458e-01 0.000000000000e+00 0.000000000000e+00
6536 2.200810390750e-01 0.000000000000e+00 0.000000000000e+00
6537 2.201147162041e-01 0.000000000000e+00 0.000000000000e+00
6538 2.201483933333e-01 0.000000000000e+00 0.000000000000e+00
6539 2.201820704624e-01 0.000000000000e+00 0.000000000000e+00
6540 2.202157475916e-01 0.000000000000e+00 0.000000000000e+00
6541 2.202494247208e-01 0.000000000000e+00 0.000000000000e+00
6542 2.202831018499e-01 0.000000000000e+00 0.000000000000e+00
6543 2.203167789791e-01 0.000000000000e+00 0.000000000000e+00
6544 2.203504561083e-01 0.000000000000e+00 0.000000000000e+00
6545 2.203841332374e-01 0.000000000000e+00 0.000000000000e+00
6546 2.204178103666e-01 0.000000000000e+00 0.000000000000e+00
6547 2.204514874957e-01 0.000000000000e+00 0.000000000000e+00
6548 2.204851646249e-01 0.000000000000e+00 0.000000000000e+00
6549 2.205188417541e-01 0.000000000000e+00 0.000000000000e+00
6550 2.205525188832e-01 0.000000000000e+00 0.000000000000e+00
6551 2.205861960124e-01 0.000000000000e+00 0.000000000000e+00
6552 2.206198731416e-01 0.000000000000e+00 0.000000000000e+00
6553 2.206535502707e-01 0.000000000000e+00 0.000000000000e+00
6554 2.206872273999e-01 0.000000000000e+00 0.000000000000e+00
6555 2.207209045290e-01 0.000000000000e+00 0.000000000000e+00
6556 2.207545816582e-01 0.000000000000e+00 0.000000000000e+00
6557 2.207882587874e-01 0.000000000000e+00 0.000000000000e+00
6558 2.208219359165e-01 0.000000000000e+00 0.000000000000e+00
6559 2.208556130457e-01 0.000000000000e+00 0.000000000000e+00
6560 2.208892901749e-01 0.000000000000e+00 0.000000000000e+00
6561 2.209229673040e-01 0.000000000000e+00 0.000000000000e+00
6562 2.209566444332e-01 0.000000000000e+00 0.000000000000e+00
6563 2.209903215623e-01 0.000000000000e+00 0.000000000000e+00
6564 2.210239986915e-01 0.000000000000e+00 0.000000000000e+00
6565 2.210576758207e-01 0.000000000000e+00 0.000000000000e+00
6566 2.210913529498e-01 0.000000000000e+00 0.000000000000e+00
6567 2.211250300790e-01 0.000000000000e+00 0.000000000000e+00
6568 2.211587072082e-01 0.000000000000e+00 0.000000000000e+00
6569 2.211923843373e-01 0.000000000000e+00 0.000000000000e+00
6570 2.212260614665e-01 0.000000000000e+00 0.000000000000e+00
6571 2.212597385956e-01 0.000000000000e+00 0.000000000000e+00
6572 2.212934157248e-01 0.000000000000e+00 0.000000000000e+00
6573 2.213270928540e-01 0.000000000000e+00 0.000000000000e+00
6574 2.213607699831e-01 0.000000000000e+00 0.000000000000e+00
6575 2.213944471123e-01 0.000000000000e+00 0.000000000000e+00
6576 2.214281242414e-01 0.000000000000e+00 0.000000000000e+00
6577 2.214618013706e-01 0.000000000000e+00 0.000000000000e+00
6578 2.214954784998e-01 0.000000000000e+00 0.000000000000e+00
6579 2.215291556289e-01 0.000000000000e+00 0.000000000000e+00
6580 2.215628327581e-01 0.000000000000e+00 0.000000000000e+00
6581 2.215965098873e-01 0.000000000000e+00 0.000000000000e+00
6582 2.216301870164e-01 0.000000000000e+00 0.000000000000e+00
6583 2.216638641456e-01 0.000000000000e+00 0.000000000000e+00
6584 2.216975412747e-01 0.000000000000e+00 0.000000000000e+00
6585 2.217312184039e-01 0.000000000000e+00 0.000000000000e+00
6586 2.217648955331e-01 0.000000000000e+00 0.000000000000e+00
6587 2.217985726622e-01 0.000000000000e+00 0.000000000000e+00
6588 2.218322497914e-01 0.000000000000e+00 0.000000000000e+00
6589 2.218659269206e-01 0.000000000000e+00 0.000000000000e+00
6590 2.218996040497e-01 0.000000000000e+00 0.000000000000e+00
6591 2.219332811789e-01 0.000000000000e+00 0.000000000000e+00
6592 2.219669583080e-01 0.000000000000e+00 0.000000000000e+00
6593 2.220006354372e-01 0.000000000000e+00 0.000000000000e+00
6594 2.220343125664e-01 0.000000000000e+00 0.000000000000e+00
6595 2.220679896955e-01 0.000000000000e+00 0.000000000000e+00
6596 2.221016668247e-01 0.000000000000e+00 0.000000000000e+00
6597 2.221353439539e-01 0.000000000000e+00 0.000000000000e+00
6598 2.221690210830e-01 0.000000000000e+00 0.000000000000e+00
6599 2.222026982122e-01 0.000000000000e+00 0.000000000000e+00
6600 2.222363753413e-01 0.000000000000e+00 0.000000000000e+00
6601 2.222700524705e-01 0.000000000000e+00 0.000000000000e+00
6602 2.223037295997e-01 0.000000000000e+00 0.000000000000e+00
6603 2.223374067288e-01 0.000000000000e+00 0.000000000000e+00
6604 2.223710838580e-01 0.000000000000e+00 0.000000000000e+00
6605 2.224047609872e-01 0.000000000000e+00 0.000000000000e+00
6606 2.224384381163e-01 0.000000000000e+00 0.000000000000e+00
6607 2.224721152455e-01 0.000000000000e+00 0.000000000000e+00
6608 2.225057923746e-01 0.000000000000e+00 0.000000000000e+00
6609 2.225394695038e-01 0.000000000000e+00 0.000000000000e+00
6610 2.225731466330e-01 0.000000000000e+00 0.000000000000e+00
6611 2.226068237621e-01 0.000000000000e+00 0.000000000000e+00
6612 2.226405008913e-01 0.000000000000e+00 0.000000000000e+00
6613 2.226741780204e-01 0.000000000000e+00 0.000000000000e+00
6614 2.227078551496e-01 0.000000000000e+00 0.000000000000e+00
6615 2.227415322788e-01 0.000000000000e+00 0.000000000000e+00
6616 2.227752094079e-01 0.000000000000e+00 0.000000000000e+00
6617 2.228088865371e-01 0.000000000000e+00 0.000000000000e+00
6618 2.228425636663e-01 0.000000000000e+00 0.000000000000e+00
6619 2.228762407954e-01 0.000000000000e+00 0.000000000000e+00
6620 2.229099179246e-01 0.000000000000e+00 0.000000000000e+00
6621 2.229435950537e-01 0.000000000000e+00 0.000000000000e+00
6622 2.229772721829e-01 0.000000000000e+00 0.000000000000e+00
6623 2.230109493121e-01 0.000000000000e+00 0.000000000000e+00
6624 2.230446264412e-01 0.000000000000e+00 0.000000000000e+00
6625 2.230783035704e-01 0.000000000000e+00 0.000000000000e+00
6626 2.231119806996e-01 0.000000000000e+00 0.000000000000e+00
6627 2.231456578287e-01 0.000000000000e+00 0.000000000000e+00
6628 2.231793349579e-01 0.000000000000e+00 0.000000000000e+00
6629 2.232130120870e-01 0.000000000000e+00 0.000000000000e+00
6630 2.232466892162e-01 0.000000000000e+00 0.000000000000e+00
6631 2.232803663454e-01 0.000000000000e+00 0.000000000000e+00
6632 2.233140434745e-01 0.000000000000e+00 0.000000000000e+00
6633 2.233477206037e-01 0.000000000000e+00 0.000000000000e+00
6634 2.233813977329e-01 0.000000000000e+00 0.000000000000e+00
6635 2.234150748620e-01 0.000000000000e+00 0.000000000000e+00
6636 2.234487519912e-01 0.000000000000e+00 0.000000000000e+00
6637 2.234824291203e-01 0.000000000000e+00 0.000000000000e+00
6638 2.235161062495e-01 0.000000000000e+00 0.000000000000e+00
6639 2.235497833787e-01 0.000000000000e+00 0.000000000000e+00
6640 2.235834605078e-01 0.000000000000e+00 0.000000000000e+00
6641 2.236171376370e-01 0.000000000000e+00 0.000000000000e+00
6642 2.236508147662e-01 0.000000000000e+00 0.000000000000e+00
6643 2.236844918953e-01 0.000000000000e+00 0.000000000000e+00
6644 2.237181690245e-01 0.000000000000e+00 0.000000000000e+00
6645 2.237518461536e-01 0.000000000000e+00 0.000000000000e+00
6646 2.237855232828e-01 0.000000000000e+00 0.000000000000e+00
6647 2.238192004120e-01 0.000000000000e+00 0.000000000000e+00
6648 2.238528775411e-01 0.000000000000e+00 0.000000000000e+00
6649 2.238865546703e-01 0.000000000000e+00 0.000000000000e+00
6650 2.239202317995e-01 0.000000000000e+00 0.000000000000e+00
6651 2.239539089286e-01 0.000000000000e+00 0.000000000000e+00
6652 2.239875860578e-01 0.000000000000e+00 0.000000000000e+00
6653 2.240212631869e-01 0.000000000000e+00 0.000000000000e+00
6654 2.240549403161e-01 0.000000000000e+00 0.000000000000e+00
6655 2.240886174453e-01 0.000000000000e+00 0.000000000000e+00
6656 2.241222945744e-01 0.000000000000e+00 0.000000000000e+00
6657 2.241559717036e-01 0.000000000000e+00 0.000000000000e+00
6658 2.241896488327e-01 0.000000000000e+00 0.000000000000e+00
6659 2.242233259619e-01 0.000000000000e+00 0.000000000000e+00
6660 2.242570030911e-01 0.000000000000e+00 0.000000000000e+00
6661 2.242906802202e-01 0.000000000000e+00 0.000000000000e+00
6662 2.243243573494e-01 0.000000000000e+00 0.000000000000e+00
6663 2.243580344786e-01 0.000000000000e+00 0.000000000000e+00
6664 2.243917116077e-01 0.000000000000e+00 0.000000000000e+00
6665 2.244253887369e-01 0.000000000000e+00 0.000000000000e+00
6666 2.244590658660e-01 0.000000000000e+00 0.000000000000e+00
6667 2.244927429952e-01 0.000000000000e+00 0.000000000000e+00
6668 2.245264201244e-01 0.000000000000e+00 0.000000000000e+00
6669 2.245600972535e-01 0.000000000000e+00 0.000000000000e+00
6670 2.245937743827e-01 0.000000000000e+00 0.000000000000e+00
6671 2.246274515119e-01 0.000000000000e+00 0.000000000000e+00
6672 2.246611286410e-01 0.000000000000e+00 0.000000000000e+00
6673 2.246948057702e-01 0.000000000000e+00 0.000000000000e+00
6674 2.247284828993e-01 0.000000000000e+00 0.000000000000e+00
6675 2.247621600285e-01 0.000000000000e+00 0.000000000000e+00
6676 2.247958371577e-01 0.000000000000e+00 0.000000000000e+00
6677 2.248295142868e-01 0.000000000000e+00 0.000000000000e+00
6678 2.248631914160e-01 0.000000000000e+00 0.000000000000e+00
6679 2.248968685452e-01 0.000000000000e+00 0.000000000000e+00
6680 2.249305456743e-01 0.000000000000e+00 0.000000000000e+00
6681 2.249642228035e-01 0.000000000000e+00 0.000000000000e+00
6682 2.249978999326e-01 0.000000000000e+00 0.000000000000e+00
6683 2.250315770618e-01 0.000000000000e+00 0.000000000000e+00
6684 2.250652541910e-01 0.000000000000e+00 0.000000000000e+00
6685 2.250989313201e-01 0.000000000000e+00 0.000000000000e+00
6686 2.251326084493e-01 0.000000000000e+00 0.000000000000e+00
6687 2.251662855785e-01 0.000000000000e+00 0.000000000000e+00
6688 2.251999627076e-01 0.000000000000e+00 0.000000000000e+00
6689 2.252336398368e-01 0.000000000000e+00 0.000000000000e+00
6690 2.252673169659e-01 0.000000000000e+00 0.000000000000e+00
6691 2.253009940951e-01 0.000000000000e+00 0.000000000000e+00
6692 2.253346712243e-01 0.000000000000e+00 0.000000000000e+00
6693 2.253683483534e-01 0.000000000000e+00 0.000000000000e+00
6694 2.254020254826e-01 0.000000000000e+00 0.000000000000e+00
6695 2.254357026117e-01 0.000000000000e+00 0.000000000000e+00
6696 2.254693797409e-01 0.000000000000e+00 0.000000000000e+00
6697 2.255030568701e-01 0.000000000000e+00 0.000000000000e+00
6698 2.255367339992e-01 0.000000000000e+00 0.000000000000e+00
6699 2.255704111284e-01 0.000000000000e+00 0.000000000000e+00
6700 2.256040882576e-01 0.000000000000e+00 0.000000000000e+00
6701 2.256377653867e-01 0.000000000000e+00 0.000000000000e+00
6702 2.256714425159e-01 0.000000000000e+00 0.000000000000e+00
6703 2.257051196450e-01 0.000000000000e+00 0.000000000000e+00
6704 2.257387967742e-01 0.000000000000e+00 0.000000000000e+00
6705 2.257724739034e-01 0.000000000000e+00 0.000000000000e+00
6706 2.258061510325e-01 0.000000000000e+00 0.000000000000e+00
6707 2.258398281617e-01 0.000000000000e+00 0.000000000000e+00
6708 2.258735052909e-01 0.000000000000e+00 0.000000000000e+00
6709 2.259071824200e-01 0.000000000000e+00 0.000000000000e+00
6710 2.259408595492e-01 0.000000000000e+00 0.000000000000e+00
6711 2.259745366783e-01 0.000000000000e+00 0.000000000000e+00
6712 2.260082138075e-01 0.000000000000e+00 0.000000000000e+00
6713 2.260418909367e-01 0.000000000000e+00 0.000000000000e+00
6714 2.260755680658e-01 0.000000000000e+00 0.000000000000e+00
6715 2.261092451950e-01 0.000000000000e+00 0.000000000000e+00
6716 2.261429223242e-01 0.000000000000e+00 0.000000000000e+00
6717 2.261765994533e-01 0.000000000000e+00 0.000000000000e+00
6718 2.262102765825e-01 0.000000000000e+00 0.000000000000e+00
6719 2.262439537116e-01 0.000000000000e+00 0.000000000000e+00
6720 2.262776308408e-01 0.000000000000e+00 0.000000000000e+00
6721 2.263113079700e-01 0.000000000000e+00 0.000000000000e+00
6722 2.263449850991e-01 0.000000000000e+00 0.000000000000e+00
6723 2.263786622283e-01 0.000000000000e+00 0.000000000000e+00
6724 2.264123393575e-01 0.000000000000e+00 0.000000000000e+00
6725 2.264460164866e-01 0.000000000000e+00 0.000000000000e+00
6726 2.264796936158e-01 0.000000000000e+00 0.000000000000e+00
6727 2.265133707449e-01 0.000000000000e+00 0.000000000000e+00
6728 2.265470478741e-01 0.000000000000e+00 0.000000000000e+00
6729 2.265807250033e-01 0.000000000000e+00 0.000000000000e+00
6730 2.266144021324e-01 0.000000000000e+00 0.000000000000e+00
6731 2.266480792616e-01 0.000000000000e+00 0.000000000000e+00
6732 2.266817563908e-01 0.000000000000e+00 0.000000000000e+00
6733 2.267154335199e-01 0.000000000000e+00 0.000000000000e+00
6734 2.267491106491e-01 0.000000000000e+00 0.000000000000e+00
6735 2.267827877782e-01 0.000000000000e+00 0.000000000000e+00
6736 2.268164649074e-01 0.000000000000e+00 0.000000000000e+00
6737 2.268501420366e-01 0.000000000000e+00 0.000000000000e+00
6738 2.268838191657e-01 0.000000000000e+00 0.000000000000e+00
6739 2.269174962949e-01 0.000000000000e+00 0.000000000000e+00
6740 2.269511734240e-01 0.000000000000e+00 0.000000000000e+00
6741 2.269848505532e-01 0.000000000000e+00 0.000000000000e+00
6742 2.270185276824e-01 0.000000000000e+00 0.000000000000e+00
6743 2.270522048115e-01 0.000000000000e+00 0.000000000000e+00
6744 2.270858819407e-01 0.000000000000e+00 0.000000000000e+00
6745 2.271195590699e-01 0.000000000000e+00 0.000000000000e+00
6746 2.271532361990e-01 0.000000000000e+00 0.000000000000e+00
6747 2.271869133282e-01 0.000000000000e+00 0.000000000000e+00
6748 2.272205904573e-01 0.000000000000e+00 0.000000000000e+00
6749 2.272542675865e-01 0.000000000000e+00 0.000000000000e+00
6750 2.272879447157e-01 0.000000000000e+00 0.000000000000e+00
6751 2.273216218448e-01 0.000000000000e+00 0.000000000000e+00
6752 2.273552989740e-01 0.000000000000e+00 0.000000000000e+00
6753 2.273889761032e-01 0.000000000000e+00 0.000000000000e+00
6754 2.274226532323e-01 0.000000000000e+00 0.000000000000e+00
6755 2.274563303615e-01 0.000000000000e+00 0.000000000000e+00
6756 2.274900074906e-01 0.000000000000e+00 0.000000000000e+00
6757 2.275236846198e-01 0.000000000000e+00 0.000000000000e+00
6758 2.275573617490e-01 0.000000000000e+00 0.000000000000e+00
6759 2.275910388781e-01 0.000000000000e+00 0.000000000000e+00
6760 2.276247160073e-01 0.000000000000e+00 0.000000000000e+00
6761 2.276583931365e-01 0.000000000000e+00 0.000000000000e+00
6762 2.276920702656e-01 0.000000000000e+00 0.000000000000e+00
6763 2.277257473948e-01 0.000000000000e+00 0.000000000000e+00
6764 2.277594245239e-01 0.000000000000e+00 0.000000000000e+00
6765 2.277931016531e-01 0.000000000000e+00 0.000000000000e+00
6766 2.278267787823e-01 0.000000000000e+00 0.000000000000e+00
6767 2.278604559114e-01 0.000000000000e+00 0.000000000000e+00
6768 2.278941330406e-01 0.000000000000e+00 0.000000000000e+00
6769 2.279278101698e-01 0.000000000000e+00 0.000000000000e+00
6770 2.279614872989e-01 0.000000000000e+00 0.000000000000e+00
6771 2.279951644281e-01 0.000000000000e+00 0.000000000000e+00
6772 2.280288415572e-01 0.000000000000e+00 0.000000000000e+00
6773 2.280625186864e-01 0.000000000000e+00 0.000000000000e+00
6774 2.280961958156e-01 0.000000000000e+00 0.000000000000e+00
6775 2.281298729447e-01 0.000000000000e+00 0.000000000000e+00
6776 2.281635500739e-01 0.000000000000e+00 0.000000000000e+00
6777 2.281972272030e-01 0.000000000000e+00 0.000000000000e+00
6778 2.282309043322e-01 0.000000000000e+00 0.000000000000e+00
6779 2.282645814614e-01 0.000000000000e+00 0.000000000000e+00
6780 2.282982585905e-01 0.000000000000e+00 0.000000000000e+00
6781 2.283319357197e-01 0.000000000000e+00 0.000000000000e+00
6782 2.283656128489e-01 0.000000000000e+00 0.000000000000e+00
6783 2.283992899780e-01 0.000000000000e+00 0.000000000000e+00
6784 2.284329671072e-01 0.000000000000e+00 0.000000000000e+00
6785 2.284666442363e-01 0.000000000000e+00 0.000000000000e+00
6786 2.285003213655e-01 0.000000000000e+00 0.000000000000e+00
6787 2.285339984947e-01 0.000000000000e+00 0.000000000000e+00
6788 2.285676756238e-01 0.000000000000e+00 0.000000000000e+00
6789 2.286013527530e-01 0.000000000000e+00 0.000000000000e+00
6790 2.286350298822e-01 0.000000000000e+00 0.000000000000e+00
6791 2.286687070113e-01 0.000000000000e+00 0.000000000000e+00
6792 2.287023841405e-01 0.000000000000e+00 0.000000000000e+00
6793 2.287360612696e-01 0.000000000000e+00 0.000000000000e+00
6794 2.287697383988e-01 0.000000000000e+00 0.000000000000e+00
6795 2.288034155280e-01 0.000000000000e+00 0.000000000000e+00
6796 2.288370926571e-01 0.000000000000e+00 0.000000000000e+00
6797 2.288707697863e-01 0.000000000000e+00 0.000000000000e+00
6798 2.289044469155e-01 0.000000000000e+00 0.000000000000e+00
6799 2.289381240446e-01 0.000000000000e+00 0.000000000000e+00
6800 2.289718011738e-01 0.000000000000e+00 0.000000000000e+00
6801 2.290054783029e-01 0.000000000000e+00 0.000000000000e+00
6802 2.290391554321e-01 0.000000000000e+00 0.000000000000e+00
6803 2.290728325613e-01 0.000000000000e+00 0.000000000000e+00
6804 2.291065096904e-01 0.000000000000e+00 0.000000000000e+00
6805 2.291401868196e-01 0.000000000000e+00 0.000000000000e+00
6806 2.291738639488e-01 0.000000000000e+00 0.000000000000e+00
6807 2.292075410779e-01 0.000000000000e+00 0.000000000000e+00
6808 2.292412182071e-01 0.000000000000e+00 0.000000000000e+00
6809 2.292748953362e-01 0.000000000000e+00 0.000000000000e+00
6810 2.293085724654e-01 0.000000000000e+00 0.000000000000e+00
6811 2.293422495946e-01 0.000000000000e+00 0.000000000000e+00
6812 2.293759267237e-01 0.000000000000e+00 0.000000000000e+00
6813 2.294096038529e-01 0.000000000000e+00 0.000000000000e+00
6814 2.294432809821e-01 0.000000000000e+00 0.000000000000e+00
6815 2.294769581112e-01 0.000000000000e+00 0.000000000000e+00
6816 2.295106352404e-01 0.000000000000e+00 0.000000000000e+00
6817 2.295443123695e-01 0.000000000000e+00 0.000000000000e+00
6818 2.295779894987e-01 0.000000000000e+00 0.000000000000e+00
6819 2.296116666279e-01 0.000000000000e+00 0.000000000000e+00
6820 2.296453437570e-01 0.000000000000e+00 0.000000000000e+00
6821 2.296790208862e-01 0.000000000000e+00 0.000000000000e+00
6822 2.297126980153e-01 0.000000000000e+00 0.000000000000e+00
6823 2.297463751445e-01 0.000000000000e+00 0.000000000000e+00
6824 2.297800522737e-01 0.000000000000e+00 0.000000000000e+00
6825 2.298137294028e-01 0.000000000000e+00 0.000000000000e+00
6826 2.298474065320e-01 0.000000000000e+00 0.000000000000e+00
6827 2.298810836612e-01 0.000000000000e+00 0.000000000000e+00
6828 2.299147607903e-01 0.000000000000e+00 0.000000000000e+00
6829 2.299484379195e-01 0.000000000000e+00 0.000000000000e+00
6830 2.299821150486e-01 0.000000000000e+00 0.000000000000e+00
6831 2.300157921778e-01 0.000000000000e+00 0.000000000000e+00
6832 2.300494693070e-01 0.000000000000e+00 0.000000000000e+00
6833 2.300831464361e-01 0.000000000000e+00 0.000000000000e+00
6834 2.301168235653e-01 0.000000000000e+00 0.000000000000e+00
6835 2.301505006945e-01 0.000000000000e+00 0.000000000000e+00
6836 2.301841778236e-01 0.000000000000e+00 0.000000000000e+00
6837 2.302178549528e-01 0.000000000000e+00 0.000000000000e+00
6838 2.302515320819e-01 0.000000000000e+00 0.000000000000e+00
6839 2.302852092111e-01 0.000000000000e+00 0.000000000000e+00
6840 2.303188863403e-01 0.000000000000e+00 0.000000000000e+00
6841 2.303525634694e-01 0.000000000000e+00 0.000000000000e+00
6842 2.303862405986e-01 0.000000000000e+00 0.000000000000e+00
6843 2.304199177278e-01 0.000000000000e+00 0.000000000000e+00
6844 2.304535948569e-01 0.000000000000e+00 0.000000000000e+00
6845 2.304872719861e-01 0.000000000000e+00 0.000000000000e+00
6846 2.305209491152e-01 0.000000000000e+00 0.000000000000e+00
6847 2.305546262444e-01 0.000000000000e+00 0.000000000000e+00
6848 2.305883033736e-01 0.000000000000e+00 0.000000000000e+00
6849 2.306219805027e-01 0.000000000000e+00 0.000000000000e+00
6850 2.306556576319e-01 0.000000000000e+00 0.000000000000e+00
6851 2.306893347611e-01 0.000000000000e+00 0.000000000000e+00
6852 2.307230118902e-01 0.000000000000e+00 0.000000000000e+00
6853 2.307566890194e-01 0.000000000000e+00 0.000000000000e+00
6854 2.307903661485e-01 0.000000000000e+00 0.000000000000e+00
6855 2.308240432777e-01 0.000000000000e+00 0.000000000000e+00
6856 2.308577204069e-01 0.000000000000e+00 0.000000000000e+00
6857 2.308913975360e-01 0.000000000000e+00 0.000000000000e+00
6858 2.309250746652e-01 0.000000000000e+00 0.000000000000e+00
6859 2.309587517943e-01 0.000000000000e+00 0.000000000000e+00
6860 2.309924289235e-01 0.000000000000e+00 0.000000000000e+00
6861 2.310261060527e-01 0.000000000000e+00 0.000000000000e+00
6862 2.310597831818e-01 0.000000000000e+00 0.000000000000e+00
6863 2.310934603110e-01 0.000000000000e+00 0.000000000000e+00
6864 2.311271374402e-01 0.000000000000e+00 0.000000000000e+00
6865 2.311608145693e-01 0.000000000000e+00 0.000000000000e+00
6866 2.311944916985e-01 0.000000000000e+00 0.000000000000e+00
6867 2.312281688276e-01 0.000000000000e+00 0.000000000000e+00
6868 2.312618459568e-01 0.000000000000e+00 0.000000000000e+00
6869 2.312955230860e-01 0.000000000000e+00 0.000000000000e+00
6870 2.313292002151e-01 0.000000000000e+00 0.000000000000e+00
6871 2.313628773443e-01 0.000000000000e+00 0.000000000000e+00
6872 2.313965544735e-01 0.000000000000e+00 0.000000000000e+00
6873 2.314302316026e-01 0.000000000000e+00 0.000000000000e+00
6874 2.314639087318e-01 0.000000000000e+00 0.000000000000e+00
6875 2.314975858609e-01 0.000000000000e+00 0.000000000000e+00
6876 2.315312629901e-01 0.000000000000e+00 0.000000000000e+00
6877 2.315649401193e-01 0.000000000000e+00 0.000000000000e+00
6878 2.315986172484e-01 0.000000000000e+00 0.000000000000e+00
6879 2.316322943776e-01 0.000000000000e+00 0.000000000000e+00
6880 2.316659715068e-01 0.000000000000e+00 0.000000000000e+00
6881 2.316996486359e-01 0.000000000000e+00 0.000000000000e+00
6882 2.317333257651e-01 0.000000000000e+00 0.000000000000e+00
6883 2.317670028942e-01 0.000000000000e+00 0.000000000000e+00
6884 2.318006800234e-01 0.000000000000e+00 0.000000000000e+00
6885 2.318343571526e-01 0.000000000000e+00 0.000000000000e+00
6886 2.318680342817e-01 0.000000000000e+00 0.000000000000e+00
6887 2.319017114109e-01 0.000000000000e+00 0.000000000000e+00
6888 2.319353885401e-01 0.000000000000e+00 0.000000000000e+00
6889 2.319690656692e-01 0.000000000000e+00 0.000000000000e+00
6890 2.320027427984e-01 0.000000000000e+00 0.000000000000e+00
6891 2.320364199275e-01 0.000000000000e+00 0.000000000000e+00
6892 2.320700970567e-01 0.000000000000e+00 0.000000000000e+00
6893 2.321037741859e-01 0.000000000000e+00 0.000000000000e+00
6894 2.321374513150e-01 0.000000000000e+00 0.000000000000e+00
6895 2.321711284442e-01 0.000000000000e+00 0.000000000000e+00
6896 2.322048055734e-01 0.000000000000e+00 0.000000000000e+00
6897 2.322384827025e-01 0.000000000000e+00 0.000000000000e+00
6898 2.322721598317e-01 0.000000000000e+00 0.000000000000e+00
6899 2.323058369608e-01 0.000000000000e+00 0.000000000000e+00
6900 2.323395140900e-01 0.000000000000e+00 0.000000000000e+00
6901 2.323731912192e-01 0.000000000000e+00 0.000000000000e+00
6902 2.324068683483e-01 0.000000000000e+00 0.000000000000e+00
6903 2.324405454775e-01 0.000000000000e+00 0.000000000000e+00
6904 2.324742226066e-01 0.000000000000e+00 0.000000000000e+00
6905 2.325078997358e-01 0.000000000000e+00 0.000000000000e+00
6906 2.325415768650e-01 0.000000000000e+00 0.000000000000e+00
6907 2.325752539941e-01 0.000000000000e+00 0.000000000000e+00
6908 2.326089311233e-01 0.000000000000e+00 0.000000000000e+00
6909 2.326426082525e-01 0.000000000000e+00 0.000000000000e+00
6910 2.326762853816e-01 0.000000000000e+00 0.000000000000e+00
6911 2.327099625108e-01 0.000000000000e+00 0.000000000000e+00
6912 2.327436396399e-01 0.000000000000e+00 0.000000000000e+00
6913 2.327773167691e-01 0.000000000000e+00 0.000000000000e+00
6914 2.328109938983e-01 0.000000000000e+00 0.000000000000e+00
6915 2.328446710274e-01 0.000000000000e+00 0.000000000000e+00
6916 2.328783481566e-01 0.000000000000e+00 0.000000000000e+00
6917 2.329120252858e-01 0.000000000000e+00 0.000000000000e+00
6918 2.329457024149e-01 0.000000000000e+00 0.000000000000e+00
6919 2.329793795441e-01 0.000000000000e+00 0.000000000000e+00
6920 2.330130566732e-01 0.000000000000e+00 0.000000000000e+00
6921 2.330467338024e-01 0.000000000000e+00 0.000000000000e+00
6922 2.330804109316e-01 0.000000000000e+00 0.000000000000e+00
6923 2.331140880607e-01 0.000000000000e+00 0.000000000000e+00
6924 2.331477651899e-01 0.000000000000e+00 0.000000000000e+00
6925 2.331814423191e-01 0.000000000000e+00 0.000000000000e+00
6926 2.332151194482e-01 0.000000000000e+00 0.000000000000e+00
6927 2.332487965774e-01 0.000000000000e+00 0.000000000000e+00
6928 2.332824737065e-01 0.000000000000e+00 0.000000000000e+00
6929 2.333161508357e-01 0.000000000000e+00 0.000000000000e+00
6930 2.333498279649e-01 0.000000000000e+00 0.000000000000e+00
6931 2.333835050940e-01 0.000000000000e+00 0.000000000000e+00
6932 2.334171822232e-01 0.000000000000e+00 0.000000000000e+00
6933 2.334508593524e-01 0.000000000000e+00 0.000000000000e+00
6934 2.334845364815e-01 0.000000000000e+00 0.000000000000e+00
6935 2.335182136107e-01 0.000000000000e+00 0.000000000000e+00
6936 2.335518907398e-01 0.000000000000e+00 0.000000000000e+00
6937 2.335855678690e-01 0.000000000000e+00 0.000000000000e+00
6938 2.336192449982e-01 0.000000000000e+00 0.000000000000e+00
6939 2.336529221273e-01 0.000000000000e+00 0.000000000000e+00
6940 2.336865992565e-01 0.000000000000e+00 0.000000000000e+00
6941 2.337202763857e-01 0.000000000000e+00 0.000000000000e+00
6942 2.337539535148e-01 0.000000000000e+00 0.000000000000e+00
6943 2.337876306440e-01 0.000000000000e+00 0.000000000000e+00
6944 2.338213077731e-01 0.000000000000e+00 0.000000000000e+00
6945 2.338549849023e-01 0.000000000000e+00 0.000000000000e+00
6946 2.338886620315e-01 0.000000000000e+00 0.000000000000e+00
6947 2.339223391606e-01 0.000000000000e+00 0.000000000000e+00
6948 2.339560162898e-01 0.000000000000e+00 0.000000000000e+00
6949 2.339896934189e-01 0.000000000000e+00 0.000000000000e+00
6950 2.340233705481e-01 0.000000000000e+00 0.000000000000e+00
6951 2.340570476773e-01 0.000000000000e+00 0.000000000000e+00
6952 2.340907248064e-01 0.000000000000e+00 0.000000000000e+00
6953 2.341244019356e-01 0.000000000000e+00 0.000000000000e+00
6954 2.341580790648e-01 0.000000000000e+00 0.000000000000e+00
6955 2.341917561939e-01 0.000000000000e+00 0.000000000000e+00
6956 2.342254333231e-01 0.000000000000e+00 0.000000000000e+00
6957 2.342591104522e-01 0.000000000000e+00 0.000000000000e+00
6958 2.342927875814e-01 0.000000000000e+00 0.000000000000e+00
6959 2.343264647106e-01 0.000000000000e+00 0.000000000000e+00
6960 2.343601418397e-01 0.000000000000e+00 0.000000000000e+00
6961 2.343938189689e-01 0.000000000000e+00 0.000000000000e+00
6962 2.344274960981e-01 0.000000000000e+00 0.000000000000e+00
6963 2.344611732272e-01 0.000000000000e+00 0.000000000000e+00
6964 2.344948503564e-01 0.000000000000e+00 0.000000000000e+00
6965 2.345285274855e-01 0.000000000000e+00 0.000000000000e+00
6966 2.345622046147e-01 0.000000000000e+00 0.000000000000e+00
6967 2.345958817439e-01 0.000000000000e+00 0.000000000000e+00
6968 2.346295588730e-01 0.000000000000e+00 0.000000000000e+00
6969 2.346632360022e-01 0.000000000000e+00 0.000000000000e+00
6970 2.346969131314e-01 0.000000000000e+00 0.000000000000e+00
6971 2.347305902605e-01 0.000000000000e+00 0.000000000000e+00
6972 2.347642673897e-01 0.000000000000e+00 0.000000000000e+00
6973 2.347979445188e-01 0.000000000000e+00 0.000000000000e+00
6974 2.348316216480e-01 0.000000000000e+00 0.000000000000e+00
6975 2.348652987772e-01 0.000000000000e+00 0.000000000000e+00
6976 2.348989759063e-01 0.000000000000e+00 0.000000000000e+00
6977 2.349326530355e-01 0.000000000000e+00 0.000000000000e+00
6978 2.349663301647e-01 0.000000000000e+00 0.000000000000e+00
6979 2.350000072938e-01 0.000000000000e+00 0.000000000000e+00
6980 2.350336844230e-01 0.000000000000e+00 0.000000000000e+00
6981 2.350673615521e-01 0.000000000000e+00 0.000000000000e+00
6982 2.351010386813e-01 0.000000000000e+00 0.000000000000e+00
6983 2.351347158105e-01 0.000000000000e+00 0.000000000000e+00
6984 2.351683929396e-01 0.000000000000e+00 0.000000000000e+00
6985 2.352020700688e-01 0.000000000000e+00 0.000000000000e+00
6986 2.352357471979e-01 0.000000000000e+00 0.000000000000e+00
6987 2.352694243271e-01 0.000000000000e+00 0.000000000000e+00
6988 2.353031014563e-01 0.000000000000e+00 0.000000000000e+00
6989 2.353367785854e-01 0.000000000000e+00 0.000000000000e+00
6990 2.353704557146e-01 0.000000000000e+00 0.000000000000e+00
6991 2.354041328438e-01 0.000000000000e+00 0.000000000000e+00
6992 2.354378099729e-01 0.000000000000e+00 0.000000000000e+00
6993 2.354714871021e-01 0.000000000000e+00 0.000000000000e+00
6994 2.355051642312e-01 0.000000000000e+00 0.000000000000e+00
6995 2.355388413604e-01 0.000000000000e+00 0.000000000000e+00
6996 2.355725184896e-01 0.000000000000e+00 0.000000000000e+00
6997 2.356061956187e-01 0.000000000000e+00 0.000000000000e+00
6998 2.356398727479e-01 0.000000000000e+00 0.000000000000e+00
6999 2.356735498771e-01 0.000000000000e+00 0.000000000000e+00
7000 2.357072270062e-01 0.000000000000e+00 0.000000000000e+00
7001 2.357409041354e-01 0.000000000000e+00 0.000000000000e+00
7002 2.357745812645e-01 0.000000000000e+00 0.000000000000e+00
7003 2.358082583937e-01 0.000000000000e+00 0.000000000000e+00
7004 2.358419355229e-01 0.000000000000e+00 0.000000000000e+00
7005 2.358756126520e-01 0.000000000000e+00 0.000000000000e+00
7006 2.359092897812e-01 0.000000000000e+00 0.000000000000e+00
7007 2.359429669104e-01 0.000000000000e+00 0.000000000000e+00
7008 2.359766440395e-01 0.000000000000e+00 0.000000000000e+00
7009 2.360103211687e-01 0.000000000000e+00 0.000000000000e+00
7010 2.360439982978e-01 0.000000000000e+00 0.000000000000e+00
7011 2.360776754270e-01 0.000000000000e+00 0.000000000000e+00
7012 2.361113525562e-01 0.000000000000e+00 0.000000000000e+00
7013 2.361450296853e-01 0.000000000000e+00 0.000000000000e+00
7014 2.361787068145e-01 0.000000000000e+00 0.000000000000e+00
7015 2.362123839437e-01 0.000000000000e+00 0.000000000000e+00
7016 2.362460610728e-01 0.000000000000e+00 0.000000000000e+00
7017 2.362797382020e-01 0.000000000000e+00 0.000000000000e+00
7018 2.363134153311e-01 0.000000000000e+00 0.000000000000e+00
7019 2.363470924603e-01 0.000000000000e+00 0.000000000000e+00
7020 2.363807695895e-01 0.000000000000e+00 0.000000000000e+00
7021 2.364144467186e-01 0.000000000000e+00 0.000000000000e+00
7022 2.364481238478e-01 0.000000000000e+00 0.000000000000e+00
7023 2.364818009770e-01 0.000000000000e+00 0.000000000000e+00
7024 2.365154781061e-01 0.000000000000e+00 0.000000000000e+00
7025 2.365491552353e-01 0.000000000000e+00 0.000000000000e+00
7026 2.365828323644e-01 0.000000000000e+00 0.000000000000e+00
7027 2.366165094936e-01 0.000000000000e+00 0.000000000000e+00
7028 2.366501866228e-01 0.000000000000e+00 0.000000000000e+00
7029 2.366838637519e-01 0.000000000000e+00 0.000000000000e+00
7030 2.367175408811e-01 0.000000000000e+00 0.000000000000e+00
7031 2.367512180102e-01 0.000000000000e+00 0.000000000000e+00
7032 2.367848951394e-01 0.000000000000e+00 0.000000000000e+00
7033 2.368185722686e-01 0.000000000000e+00 0.000000000000e+00
7034 2.368522493977e-01 0.000000000000e+00 0.000000000000e+00
7035 2.368859265269e-01 0.000000000000e+00 0.000000000000e+00
7036 2.369196036561e-01 0.000000000000e+00 0.000000000000e+00
7037 2.369532807852e-01 0.000000000000e+00 0.000000000000e+00
7038 2.369869579144e-01 0.000000000000e+00 0.000000000000e+00
7039 2.370206350435e-01 0.000000000000e+00 0.000000000000e+00
7040 2.370543121727e-01 0.000000000000e+00 0.000000000000e+00
7041 2.370879893019e-01 0.000000000000e+00 0.000000000000e+00
7042 2.371216664310e-01 0.000000000000e+00 0.000000000000e+00
7043 2.371553435602e-01 0.000000000000e+00 0.000000000000e+00
7044 2.371890206894e-01 0.000000000000e+00 0.000000000000e+00
7045 2.372226978185e-01 0.000000000000e+00 0.000000000000e+00
7046 2.372563749477e-01 0.000000000000e+00 0.000000000000e+00
7047 2.372900520768e-01 0.000000000000e+00 0.000000000000e+00
7048 2.373237292060e-01 0.000000000000e+00 0.000000000000e+00
7049 2.373574063352e-01 0.000000000000e+00 0.000000000000e+00
7050 2.373910834643e-01 0.000000000000e+00 0.000000000000e+00
7051 2.374247605935e-01 0.000000000000e+00 0.000000000000e+00
7052 2.374584377227e-01 0.000000000000e+00 0.000000000000e+00
7053 2.374921148518e-01 0.000000000000e+00 0.000000000000e+00
7054 2.375257919810e-01 0.000000000000e+00 0.000000000000e+00
7055 2.375594691101e-01 0.000000000000e+00 0.000000000000e+00
7056 2.375931462393e-01 0.000000000000e+00 0.000000000000e+00
7057 2.376268233685e-01 0.000000000000e+00 0.000000000000e+00
7058 2.376605004976e-01 0.000000000000e+00 0.000000000000e+00
7059 2.376941776268e-01 0.000000000000e+00 0.000000000000e+00
7060 2.377278547560e-01 0.000000000000e+00 0.000000000000e+00
7061 2.377615318851e-01 0.000000000000e+00 0.000000000000e+00
7062 2.377952090143e-01 0.000000000000e+00 0.000000000000e+00
7063 2.378288861434e-01 0.000000000000e+00 0.000000000000e+00
7064 2.378625632726e-01 0.000000000000e+00 0.000000000000e+00
7065 2.378962404018e-01 0.000000000000e+00 0.000000000000e+00
7066 2.379299175309e-01 0.000000000000e+00 0.000000000000e+00
7067 2.379635946601e-01 0.000000000000e+00 0.000000000000e+00
7068 2.379972717892e-01 0.000000000000e+00 0.000000000000e+00
7069 2.380309489184e-01 0.000000000000e+00 0.000000000000e+00
7070 2.380646260476e-01 0.000000000000e+00 0.000000000000e+00
7071 2.380983031767e-01 0.000000000000e+00 0.000000000000e+00
7072 2.381319803059e-01 0.000000000000e+00 0.000000000000e+00
7073 2.381656574351e-01 0.000000000000e+00 0.000000000000e+00
7074 2.381993345642e-01 0.000000000000e+00 0.000000000000e+00
7075 2.382330116934e-01 0.000000000000e+00 0.000000000000e+00
7076 2.382666888225e-01 0.000000000000e+00 0.000000000000e+00
7077 2.383003659517e-01 0.000000000000e+00 0.000000000000e+00
7078 2.383340430809e-01 0.000000000000e+00 0.000000000000e+00
7079 2.383677202100e-01 0.000000000000e+00 0.000000000000e+00
7080 2.384013973392e-01 0.000000000000e+00 0.000000000000e+00
7081 2.384350744684e-01 0.000000000000e+00 0.000000000000e+00
7082 2.384687515975e-01 0.000000000000e+00 0.000000000000e+00
7083 2.385024287267e-01 0.000000000000e+00 0.000000000000e+00
7084 2.385361058558e-01 0.000000000000e+00 0.000000000000e+00
7085 2.385697829850e-01 0.000000000000e+00 0.000000000000e+00
7086 2.386034601142e-01 0.000000000000e+00 0.000000000000e+00
7087 2.386371372433e-01 0.000000000000e+00 0.000000000000e+00
7088 2.386708143725e-01 0.000000000000e+00 0.000000000000e+00
7089 2.387044915017e-01 0.000000000000e+00 0.000000000000e+00
7090 2.387381686308e-01 0.000000000000e+00 0.000000000000e+00
7091 2.387718457600e-01 0.000000000000e+00 0.000000000000e+00
7092 2.388055228891e-01 0.000000000000e+00 0.000000000000e+00
7093 2.388392000183e-01 0.000000000000e+00 0.000000000000e+00
7094 2.388728771475e-01 0.000000000000e+00 0.000000000000e+00
7095 2.389065542766e-01 0.000000000000e+00 0.000000000000e+00
7096 2.389402314058e-01 0.000000000000e+00 0.000000000000e+00
7097 2.389739085350e-01 0.000000000000e+00 0.000000000000e+00
7098 2.390075856641e-01 0.000000000000e+00 0.000000000000e+00
7099 2.390412627933e-01 0.000000000000e+00 0.000000000000e+00
7100 2.390749399224e-01 0.000000000000e+00 0.000000000000e+00
7101 2.391086170516e-01 0.000000000000e+00 0.000000000000e+00
7102 2.391422941808e-01 0.000000000000e+00 0.000000000000e+00
7103 2.391759713099e-01 0.000000000000e+00 0.000000000000e+00
7104 2.392096484391e-01 0.000000000000e+00 0.000000000000e+00
7105 2.392433255683e-01 0.000000000000e+00 0.000000000000e+00
7106 2.392770026974e-01 0.000000000000e+00 0.000000000000e+00
7107 2.393106798266e-01 0.000000000000e+00 0.000000000000e+00
7108 2.393443569557e-01 0.000000000000e+00 0.000000000000e+00
7109 2.393780340849e-01 0.000000000000e+00 0.000000000000e+00
7110 2.394117112141e-01 0.000000000000e+00 0.000000000000e+00
7111 2.394453883432e-01 0.000000000000e+00 0.000000000000e+00
7112 2.394790654724e-01 0.000000000000e+00 0.000000000000e+00
7113 2.395127426015e-01 0.000000000000e+00 0.000000000000e+00
7114 2.395464197307e-01 0.000000000000e+00 0.000000000000e+00
7115 2.395800968599e-01 0.000000000000e+00 0.000000000000e+00
7116 2.396137739890e-01 0.000000000000e+00 0.000000000000e+00
7117 2.396474511182e-01 0.000000000000e+00 0.000000000000e+00
7118 2.396811282474e-01 0.000000000000e+00 0.000000000000e+00
7119 2.397148053765e-01 0.000000000000e+00 0.000000000000e+00
7120 2.397484825057e-01 0.000000000000e+00 0.000000000000e+00
7121 2.397821596348e-01 0.000000000000e+00 0.000000000000e+00
7122 2.398158367640e-01 0.000000000000e+00 0.000000000000e+00
7123 2.398495138932e-01 0.000000000000e+00 0.000000000000e+00
7124 2.398831910223e-01 0.000000000000e+00 0.000000000000e+00
7125 2.399168681515e-01 0.000000000000e+00 0.000000000000e+00
7126 2.399505452807e-01 0.000000000000e+00 0.000000000000e+00
7127 2.399842224098e-01 0.000000000000e+00 0.000000000000e+00
7128 2.400178995390e-01 0.000000000000e+00 0.000000000000e+00
7129 2.400515766681e-01 0.000000000000e+00 0.000000000000e+00
7130 2.400852537973e-01 0.000000000000e+00 0.000000000000e+00
7131 2.401189309265e-01 0.000000000000e+00 0.000000000000e+00
7132 2.401526080556e-01 0.000000000000e+00 0.000000000000e+00
7133 2.401862851848e-01 0.000000000000e+00 0.000000000000e+00
7134 2.402199623140e-01 0.000000000000e+00 0.000000000000e+00
7135 2.402536394431e-01 0.000000000000e+00 0.000000000000e+00
7136 2.402873165723e-01 0.000000000000e+00 0.000000000000e+00
7137 2.403209937014e-01 0.000000000000e+00 0.000000000000e+00
7138 2.403546708306e-01 0.000000000000e+00 0.000000000000e+00
7139 2.403883479598e-01 0.000000000000e+00 0.000000000000e+00
7140 2.404220250889e-01 0.000000000000e+00 0.000000000000e+00
7141 2.404557022181e-01 0.000000000000e+00 0.000000000000e+00
7142 2.404893793473e-01 0.000000000000e+00 0.000000000000e+00
7143 2.405230564764e-01 0.000000000000e+00 0.000000000000e+00
7144 2.405567336056e-01 0.000000000000e+00 0.000000000000e+00
7145 2.405904107347e-01 0.000000000000e+00 0.000000000000e+00
7146 2.406240878639e-01 0.000000000000e+00 0.000000000000e+00
7147 2.406577649931e-01 0.000000000000e+00 0.000000000000e+00
7148 2.406914421222e-01 0.000000000000e+00 0.000000000000e+00
7149 2.407251192514e-01 0.000000000000e+00 0.000000000000e+00
7150 2.407587963805e-01 0.000000000000e+00 0.000000000000e+00
7151 2.407924735097e-01 0.000000000000e+00 0.000000000000e+00
7152 2.408261506389e-01 0.000000000000e+00 0.000000000000e+00
7153 2.408598277680e-01 0.000000000000e+00 0.000000000000e+00
7154 2.408935048972e-01 0.000000000000e+00 0.000000000000e+00
7155 2.409271820264e-01 0.000000000000e+00 0.000000000000e+00
7156 2.409608591555e-01 0.000000000000e+00 0.000000000000e+00
7157 2.409945362847e-01 0.000000000000e+00 0.000000000000e+00
7158 2.410282134138e-01 0.000000000000e+00 0.000000000000e+00
7159 2.410618905430e-01 0.000000000000e+00 0.000000000000e+00
7160 2.410955676722e-01 0.000000000000e+00 0.000000000000e+00
7161 2.411292448013e-01 0.000000000000e+00 0.000000000000e+00
7162 2.411629219305e-01 0.000000000000e+00 0.000000000000e+00
7163 2.411965990597e-01 0.000000000000e+00 0.000000000000e+00
7164 2.412302761888e-01 0.000000000000e+00 0.000000000000e+00
7165 2.412639533180e-01 0.000000000000e+00 0.000000000000e+00
7166 2.412976304471e-01 0.000000000000e+00 0.000000000000e+00
7167 2.413313075763e-01 0.000000000000e+00 0.000000000000e+00
7168 2.413649847055e-01 0.000000000000e+00 0.000000000000e+00
7169 2.413986618346e-01 0.000000000000e+00 0.000000000000e+00
7170 2.414323389638e-01 0.000000000000e+00 0.000000000000e+00
7171 2.414660160930e-01 0.000000000000e+00 0.000000000000e+00
7172 2.414996932221e-01 0.000000000000e+00 0.000000000000e+00
7173 2.415333703513e-01 0.000000000000e+00 0.000000000000e+00
7174 2.415670474804e-01 0.000000000000e+00 0.000000000000e+00
7175 2.416007246096e-01 0.000000000000e+00 0.000000000000e+00
7176 2.416344017388e-01 0.000000000000e+00 0.000000000000e+00
7177 2.416680788679e-01 0.000000000000e+00 0.000000000000e+00
7178 2.417017559971e-01 0.000000000000e+00 0.000000000000e+00
7179 2.417354331263e-01 0.000000000000e+00 0.000000000000e+00
7180 2.417691102554e-01 0.000000000000e+00 0.000000000000e+00
7181 2.418027873846e-01 0.000000000000e+00 0.000000000000e+00
7182 2.418364645137e-01 0.000000000000e+00 0.000000000000e+00
7183 2.418701416429e-01 0.000000000000e+00 0.000000000000e+00
7184 2.419038187721e-01 0.000000000000e+00 0.000000000000e+00
7185 2.419374959012e-01 0.000000000000e+00 0.000000000000e+00
7186 2.419711730304e-01 0.000000000000e+00 0.000000000000e+00
7187 2.420048501596e-01 0.000000000000e+00 0.000000000000e+00
7188 2.420385272887e-01 0.000000000000e+00 0.000000000000e+00
7189 2.420722044179e-01 0.000000000000e+00 0.000000000000e+00
7190 2.421058815470e-01 0.000000000000e+00 0.000000000000e+00
7191 2.421395586762e-01 0.000000000000e+00 0.000000000000e+00
7192 2.421732358054e-01 0.000000000000e+00 0.000000000000e+00
7193 2.422069129345e-01 0.000000000000e+00 0.000000000000e+00
7194 2.422405900637e-01 0.000000000000e+00 0.000000000000e+00
7195 2.422742671928e-01 0.000000000000e+00 0.000000000000e+00
7196 2.423079443220e-01 0.000000000000e+00 0.000000000000e+00
7197 2.423416214512e-01 0.000000000000e+00 0.000000000000e+00
7198 2.423752985803e-01 0.000000000000e+00 0.000000000000e+00
7199 2.424089757095e-01 0.000000000000e+00 0.000000000000e+00
7200 2.424426528387e-01 0.000000000000e+00 0.000000000000e+00
7201 2.424763299678e-01 0.000000000000e+00 0.000000000000e+00
7202 2.425100070970e-01 0.000000000000e+00 0.000000000000e+00
7203 2.425436842261e-01 0.000000000000e+00 0.000000000000e+00
7204 2.425773613553e-01 0.000000000000e+00 0.000000000000e+00
7205 2.426110384845e-01 0.000000000000e+00 0.000000000000e+00
7206 2.426447156136e-01 0.000000000000e+00 0.000000000000e+00
7207 2.426783927428e-01 0.000000000000e+00 0.000000000000e+00
7208 2.427120698720e-01 0.000000000000e+00 0.000000000000e+00
7209 2.427457470011e-01 0.000000000000e+00 0.000000000000e+00
7210 2.427794241303e-01 0.000000000000e+00 0.000000000000e+00
7211 2.428131012594e-01 0.000000000000e+00 0.000000000000e+00
7212 2.428467783886e-01 0.000000000000e+00 0.000000000000e+00
7213 2.428804555178e-01 0.000000000000e+00 0.000000000000e+00
7214 2.429141326469e-01 0.000000000000e+00 0.000000000000e+00
7215 2.429478097761e-01 0.000000000000e+00 0.000000000000e+00
7216 2.429814869053e-01 0.000000000000e+00 0.000000000000e+00
7217 2.430151640344e-01 0.000000000000e+00 0.000000000000e+00
7218 2.430488411636e-01 0.000000000000e+00 0.000000000000e+00
7219 2.430825182927e-01 0.000000000000e+00 0.000000000000e+00
7220 2.431161954219e-01 0.000000000000e+00 0.000000000000e+00
7221 2.431498725511e-01 0.000000000000e+00 0.000000000000e+00
7222 2.431835496802e-01 0.000000000000e+00 0.000000000000e+00
7223 2.432172268094e-01 0.000000000000e+00 0.000000000000e+00
7224 2.432509039386e-01 0.000000000000e+00 0.000000000000e+00
7225 2.432845810677e-01 0.000000000000e+00 0.000000000000e+00
7226 2.433182581969e-01 0.000000000000e+00 0.000000000000e+00
7227 2.433519353260e-01 0.000000000000e+00 0.000000000000e+00
7228 2.433856124552e-01 0.000000000000e+00 0.000000000000e+00
7229 2.434192895844e-01 0.000000000000e+00 0.000000000000e+00
7230 2.434529667135e-01 0.000000000000e+00 0.000000000000e+00
7231 2.434866438427e-01 0.000000000000e+00 0.000000000000e+00
7232 2.435203209718e-01 0.000000000000e+00 0.000000000000e+00
7233 2.435539981010e-01 0.000000000000e+00 0.000000000000e+00
7234 2.435876752302e-01 0.000000000000e+00 0.000000000000e+00
7235 2.436213523593e-01 0.000000000000e+00 0.000000000000e+00
7236 2.436550294885e-01 0.000000000000e+00 0.000000000000e+00
7237 2.436887066177e-01 0.000000000000e+00 0.000000000000e+00
7238 2.437223837468e-01 0.000000000000e+00 0.000000000000e+00
7239 2.437560608760e-01 0.000000000000e+00 0.000000000000e+00
7240 2.437897380051e-01 0.000000000000e+00 0.000000000000e+00
7241 2.438234151343e-01 0.000000000000e+00 0.000000000000e+00
7242 2.438570922635e-01 0.000000000000e+00 0.000000000000e+00
7243 2.438907693926e-01 0.000000000000e+00 0.000000000000e+00
7244 2.439244465218e-01 0.000000000000e+00 0.000000000000e+00
7245 2.439581236510e-01 0.000000000000e+00 0.000000000000e+00
7246 2.439918007801e-01 0.000000000000e+00 0.000000000000e+00
7247 2.440254779093e-01 0.000000000000e+00 0.000000000000e+00
7248 2.440591550384e-01 0.000000000000e+00 0.000000000000e+00
7249 2.440928321676e-01 0.000000000000e+00 0.000000000000e+00
7250 2.441265092968e-01 0.000000000000e+00 0.000000000000e+00
7251 2.441601864259e-01 0.000000000000e+00 0.000000000000e+00
7252 2.441938635551e-01 0.000000000000e+00 0.000000000000e+00
7253 2.442275406843e-01 0.000000000000e+00 0.000000000000e+00
7254 2.442612178134e-01 0.000000000000e+00 0.000000000000e+00
7255 2.442948949426e-01 0.000000000000e+00 0.000000000000e+00
7256 2.443285720717e-01 0.000000000000e+00 0.000000000000e+00
7257 2.443622492009e-01 0.000000000000e+00 0.000000000000e+00
7258 2.443959263301e-01 0.000000000000e+00 0.000000000000e+00
7259 2.444296034592e-01 0.000000000000e+00 0.000000000000e+00
7260 2.444632805884e-01 0.000000000000e+00 0.000000000000e+00
7261 2.444969577176e-01 0.000000000000e+00 0.000000000000e+00
7262 2.445306348467e-01 0.000000000000e+00 0.000000000000e+00
7263 2.445643119759e-01 0.000000000000e+00 0.000000000000e+00
7264 2.445979891050e-01 0.000000000000e+00 0.000000000000e+00
7265 2.446316662342e-01 0.000000000000e+00 0.000000000000e+00
7266 2.446653433634e-01 0.000000000000e+00 0.000000000000e+00
7267 2.446990204925e-01 0.000000000000e+00 0.000000000000e+00
7268 2.447326976217e-01 0.000000000000e+00 0.000000000000e+00
7269 2.447663747509e-01 0.000000000000e+00 0.000000000000e+00
7270 2.448000518800e-01 0.000000000000e+00 0.000000000000e+00
7271 2.448337290092e-01 0.000000000000e+00 0.000000000000e+00
7272 2.448674061383e-01 0.000000000000e+00 0.000000000000e+00
7273 2.449010832675e-01 0.000000000000e+00 0.000000000000e+00
7274 2.449347603967e-01 0.000000000000e+00 0.000000000000e+00
7275 2.449684375258e-01 0.000000000000e+00 0.000000000000e+00
7276 2.450021146550e-01 0.000000000000e+00 0.000000000000e+00
7277 2.450357917841e-01 0.000000000000e+00 0.000000000000e+00
7278 2.450694689133e-01 0.000000000000e+00 0.000000000000e+00
7279 2.451031460425e-01 0.000000000000e+00 0.000000000000e+00
7280 2.451368231716e-01 0.000000000000e+00 0.000000000000e+00
7281 2.451705003008e-01 0.000000000000e+00 0.000000000000e+00
7282 2.452041774300e-01 0.000000000000e+00 0.000000000000e+00
7283 2.452378545591e-01 0.000000000000e+00 0.000000000000e+00
7284 2.452715316883e-01 0.000000000000e+00 0.000000000000e+00
7285 2.453052088174e-01 0.000000000000e+00 0.000000000000e+00
7286 2.453388859466e-01 0.000000000000e+00 0.000000000000e+00
7287 2.453725630758e-01 0.000000000000e+00 0.000000000000e+00
7288 2.454062402049e-01 0.000000000000e+00 0.000000000000e+00
7289 2.454399173341e-01 0.000000000000e+00 0.000000000000e+00
7290 2.454735944633e-01 0.000000000000e+00 0.000000000000e+00
7291 2.455072715924e-01 0.000000000000e+00 0.000000000000e+00
7292 2.455409487216e-01 0.000000000000e+00 0.000000000000e+00
7293 2.455746258507e-01 0.000000000000e+00 0.000000000000e+00
7294 2.456083029799e-01 0.000000000000e+00 0.000000000000e+00
7295 2.456419801091e-01 0.000000000000e+00 0.000000000000e+00
7296 2.456756572382e-01 0.000000000000e+00 0.000000000000e+00
7297 2.457093343674e-01 0.000000000000e+00 0.000000000000e+00
7298 2.457430114966e-01 0.000000000000e+00 0.000000000000e+00
7299 2.457766886257e-01 0.000000000000e+00 0.000000000000e+00
7300 2.458103657549e-01 0.000000000000e+00 0.000000000000e+00
7301 2.458440428840e-01 0.000000000000e+00 0.000000000000e+00
7302 2.458777200132e-01 0.000000000000e+00 0.000000000000e+00
7303 2.459113971424e-01 0.000000000000e+00 0.000000000000e+00
7304 2.459450742715e-01 0.000000000000e+00 0.000000000000e+00
7305 2.459787514007e-01 0.000000000000e+00 0.000000000000e+00
7306 2.460124285299e-01 0.000000000000e+00 0.000000000000e+00
7307 2.460461056590e-01 0.000000000000e+00 0.000000000000e+00
7308 2.460797827882e-01 0.000000000000e+00 0.000000000000e+00
7309 2.461134599173e-01 0.000000000000e+00 0.000000000000e+00
7310 2.461471370465e-01 0.000000000000e+00 0.000000000000e+00
7311 2.461808141757e-01 0.000000000000e+00 0.000000000000e+00
7312 2.462144913048e-01 0.000000000000e+00 0.000000000000e+00
7313 2.462481684340e-01 0.000000000000e+00 0.000000000000e+00
7314 2.462818455631e-01 0.000000000000e+00 0.000000000000e+00
7315 2.463155226923e-01 0.000000000000e+00 0.000000000000e+00
7316 2.463491998215e-01 0.000000000000e+00 0.000000000000e+00
7317 2.463828769506e-01 0.000000000000e+00 0.000000000000e+00
7318 2.464165540798e-01 0.000000000000e+00 0.000000000000e+00
7319 2.464502312090e-01 0.000000000000e+00 0.000000000000e+00
7320 2.464839083381e-01 0.000000000000e+00 0.000000000000e+00
7321 2.465175854673e-01 0.000000000000e+00 0.000000000000e+00
7322 2.465512625964e-01 0.000000000000e+00 0.000000000000e+00
7323 2.465849397256e-01 0.000000000000e+00 0.000000000000e+00
7324 2.466186168548e-01 0.000000000000e+00 0.000000000000e+00
7325 2.466522939839e-01 0.000000000000e+00 0.000000000000e+00
7326 2.466859711131e-01 0.000000000000e+00 0.000000000000e+00
7327 2.467196482423e-01 0.000000000000e+00 0.000000000000e+00
7328 2.467533253714e-01 0.000000000000e+00 0.000000000000e+00
7329 2.467870025006e-01 0.000000000000e+00 0.000000000000e+00
7330 2.468206796297e-01 0.000000000000e+00 0.000000000000e+00
7331 2.468543567589e-01 0.000000000000e+00 0.000000000000e+00
7332 2.468880338881e-01 0.000000000000e+00 0.000000000000e+00
7333 2.469217110172e-01 0.000000000000e+00 0.000000000000e+00
7334 2.469553881464e-01 0.000000000000e+00 0.000000000000e+00
7335 2.469890652756e-01 0.000000000000e+00 0.000000000000e+00
7336 2.470227424047e-01 0.000000000000e+00 0.000000000000e+00
7337 2.470564195339e-01 0.000000000000e+00 0.000000000000e+00
7338 2.470900966630e-01 0.000000000000e+00 0.000000000000e+00
7339 2.471237737922e-01 0.000000000000e+00 0.000000000000e+00
7340 2.471574509214e-01 0.000000000000e+00 0.000000000000e+00
7341 2.471911280505e-01 0.000000000000e+00 0.000000000000e+00
7342 2.472248051797e-01 0.000000000000e+00 0.000000000000e+00
7343 2.472584823089e-01 0.000000000000e+00 0.000000000000e+00
7344 2.472921594380e-01 0.000000000000e+00 0.000000000000e+00
7345 2.473258365672e-01 0.000000000000e+00 0.000000000000e+00
7346 2.473595136963e-01 0.000000000000e+00 0.000000000000e+00
7347 2.473931908255e-01 0.000000000000e+00 0.000000000000e+00
7348 2.474268679547e-01 0.000000000000e+00 0.000000000000e+00
7349 2.474605450838e-01 0.000000000000e+00 0.000000000000e+00
7350 2.474942222130e-01 0.000000000000e+00 0.000000000000e+00
7351 2.475278993422e-01 0.000000000000e+00 0.000000000000e+00
7352 2.475615764713e-01 0.000000000000e+00 0.000000000000e+00
7353 2.475952536005e-01 0.000000000000e+00 0.000000000000e+00
7354 2.476289307296e-01 0.000000000000e+00 0.000000000000e+00
7355 2.476626078588e-01 0.000000000000e+00 0.000000000000e+00
7356 2.476962849880e-01 0.000000000000e+00 0.000000000000e+00
7357 2.477299621171e-01 0.000000000000e+00 0.000000000000e+00
7358 2.477636392463e-01 0.000000000000e+00 0.000000000000e+00
7359 2.477973163754e-01 0.000000000000e+00 0.000000000000e+00
7360 2.478309935046e-01 0.000000000000e+00 0.000000000000e+00
7361 2.478646706338e-01 0.000000000000e+00 0.000000000000e+00
7362 2.478983477629e-01 0.000000000000e+00 0.000000000000e+00
7363 2.479320248921e-01 0.000000000000e+00 0.000000000000e+00
7364 2.479657020213e-01 0.000000000000e+00 0.000000000000e+00
7365 2.479993791504e-01 0.000000000000e+00 0.000000000000e+00
7366 2.480330562796e-01 0.000000000000e+00 0.000000000000e+00
7367 2.480667334087e-01 0.000000000000e+00 0.000000000000e+00
7368 2.481004105379e-01 0.000000000000e+00 0.000000000000e+00
7369 2.481340876671e-01 0.000000000000e+00 0.000000000000e+00
7370 2.481677647962e-01 0.000000000000e+00 0.000000000000e+00
7371 2.482014419254e-01 0.000000000000e+00 0.000000000000e+00
7372 2.482351190546e-01 0.000000000000e+00 0.000000000000e+00
7373 2.482687961837e-01 0.000000000000e+00 0.000000000000e+00
7374 2.483024733129e-01 0.000000000000e+00 0.000000000000e+00
7375 2.483361504420e-01 0.000000000000e+00 0.000000000000e+00
7376 2.483698275712e-01 0.000000000000e+00 0.000000000000e+00
7377 2.484035047004e-01 0.000000000000e+00 0.000000000000e+00
7378 2.484371818295e-01 0.000000000000e+00 0.000000000000e+00
7379 2.484708589587e-01 0.000000000000e+00 0.000000000000e+00
7380 2.485045360879e-01 0.000000000000e+00 0.000000000000e+00
7381 2.485382132170e-01 0.000000000000e+00 0.000000000000e+00
7382 2.485718903462e-01 0.000000000000e+00 0.000000000000e+00
7383 2.486055674753e-01 0.000000000000e+00 0.000000000000e+00
7384 2.486392446045e-01 0.000000000000e+00 0.000000000000e+00
7385 2.486729217337e-01 0.000000000000e+00 0.000000000000e+00
7386 2.487065988628e-01 0.000000000000e+00 0.000000000000e+00
7387 2.487402759920e-01 0.000000000000e+00 0.000000000000e+00
7388 2.487739531212e-01 0.000000000000e+00 0.000000000000e+00
7389 2.488076302503e-01 0.000000000000e+00 0.000000000000e+00
7390 2.488413073795e-01 0.000000000000e+00 0.000000000000e+00
7391 2.488749845086e-01 0.000000000000e+00 0.000000000000e+00
7392 2.489086616378e-01 0.000000000000e+00 0.000000000000e+00
7393 2.489423387670e-01 0.000000000000e+00 0.000000000000e+00
7394 2.489760158961e-01 0.000000000000e+00 0.000000000000e+00
7395 2.490096930253e-01 0.000000000000e+00 0.000000000000e+00
7396 2.490433701544e-01 0.000000000000e+00 0.000000000000e+00
7397 2.490770472836e-01 0.000000000000e+00 0.000000000000e+00
7398 2.491107244128e-01 0.000000000000e+00 0.000000000000e+00
7399 2.491444015419e-01 0.000000000000e+00 0.000000000000e+00
7400 2.491780786711e-01 0.000000000000e+00 0.000000000000e+00
7401 2.492117558003e-01 0.000000000000e+00 0.000000000000e+00
7402 2.492454329294e-01 0.000000000000e+00 0.000000000000e+00
7403 2.492791100586e-01 0.000000000000e+00 0.000000000000e+00
7404 2.493127871877e-01 0.000000000000e+00 0.000000000000e+00
7405 2.493464643169e-01 0.000000000000e+00 0.000000000000e+00
7406 2.493801414461e-01 0.000000000000e+00 0.000000000000e+00
7407 2.494138185752e-01 0.000000000000e+00 0.000000000000e+00
7408 2.494474957044e-01 0.000000000000e+00 0.000000000000e+00
7409 2.494811728336e-01 0.000000000000e+00 0.000000000000e+00
7410 2.495148499627e-01 0.000000000000e+00 0.000000000000e+00
7411 2.495485270919e-01 0.000000000000e+00 0.000000000000e+00
7412 2.495822042210e-01 0.000000000000e+00 0.000000000000e+00
7413 2.496158813502e-01 0.000000000000e+00 0.000000000000e+00
7414 2.496495584794e-01 0.000000000000e+00 0.000000000000e+00
7415 2.496832356085e-01 0.000000000000e+00 0.000000000000e+00
7416 2.497169127377e-01 0.000000000000e+00 0.000000000000e+00
7417 2.497505898669e-01 0.000000000000e+00 0.000000000000e+00
7418 2.497842669960e-01 0.000000000000e+00 0.000000000000e+00
7419 2.498179441252e-01 0.000000000000e+00 0.000000000000e+00
7420 2.498516212543e-01 0.000000000000e+00 0.000000000000e+00
7421 2.498852983835e-01 0.000000000000e+00 0.000000000000e+00
7422 2.499189755127e-01 0.000000000000e+00 0.000000000000e+00
7423 2.499526526418e-01 0.000000000000e+00 0.000000000000e+00
7424 2.499863297710e-01 0.000000000000e+00 0.000000000000e+00
7425 2.500200069002e-01 0.000000000000e+00 0.000000000000e+00
7426 2.500536840293e-01 0.000000000000e+00 0.000000000000e+00
7427 2.500873611585e-01 0.000000000000e+00 0.000000000000e+00
7428 2.501210382876e-01 0.000000000000e+00 0.000000000000e+00
7429 2.501547154168e-01 0.000000000000e+00 0.000000000000e+00
7430 2.501883925460e-01 0.000000000000e+00 0.000000000000e+00
7431 2.502220696751e-01 0.000000000000e+00 0.000000000000e+00
7432 2.502557468043e-01 0.000000000000e+00 0.000000000000e+00
7433 2.502894239335e-01 0.000000000000e+00 0.000000000000e+00
7434 2.503231010626e-01 0.000000000000e+00 0.000000000000e+00
7435 2.503567781918e-01 0.000000000000e+00 0.000000000000e+00
7436 2.503904553209e-01 0.000000000000e+00 0.000000000000e+00
7437 2.504241324501e-01 0.000000000000e+00 0.000000000000e+00
7438 2.504578095793e-01 0.000000000000e+00 0.000000000000e+00
7439 2.504914867084e-01 0.000000000000e+00 0.000000000000e+00
7440 2.505251638376e-01 0.000000000000e+00 0.000000000000e+00
7441 2.505588409667e-01 0.000000000000e+00 0.000000000000e+00
7442 2.505925180959e-01 0.000000000000e+00 0.000000000000e+00
7443 2.506261952251e-01 0.000000000000e+00 0.000000000000e+00
7444 2.506598723542e-01 0.000000000000e+00 0.000000000000e+00
7445 2.506935494834e-01 0.000000000000e+00 0.000000000000e+00
7446 2.507272266126e-01 0.000000000000e+00 0.000000000000e+00
7447 2.507609037417e-01 0.000000000000e+00 0.000000000000e+00
7448 2.507945808709e-01 0.000000000000e+00 0.000000000000e+00
7449 2.508282580000e-01 0.000000000000e+00 0.000000000000e+00
7450 2.508619351292e-01 0.000000000000e+00 0.000000000000e+00
7451 2.508956122584e-01 0.000000000000e+00 0.000000000000e+00
7452 2.509292893875e-01 0.000000000000e+00 0.000000000000e+00
7453 2.509629665167e-01 0.000000000000e+00 0.000000000000e+00
7454 2.509966436459e-01 0.000000000000e+00 0.000000000000e+00
7455 2.510303207750e-01 0.000000000000e+00 0.000000000000e+00
7456 2.510639979042e-01 0.000000000000e+00 0.000000000000e+00
7457 2.510976750333e-01 0.000000000000e+00 0.000000000000e+00
7458 2.511313521625e-01 0.000000000000e+00 0.000000000000e+00
7459 2.511650292917e-01 0.000000000000e+00 0.000000000000e+00
7460 2.511987064208e-01 0.000000000000e+00 0.000000000000e+00
7461 2.512323835500e-01 0.000000000000e+00 0.000000000000e+00
7462 2.512660606792e-01 0.000000000000e+00 0.000000000000e+00
7463 2.512997378083e-01 0.000000000000e+00 0.000000000000e+00
7464 2.513334149375e-01 0.000000000000e+00 0.000000000000e+00
7465 2.513670920666e-01 0.000000000000e+00 0.000000000000e+00
7466 2.514007691958e-01 0.000000000000e+00 0.000000000000e+00
7467 2.514344463250e-01 0.000000000000e+00 0.000000000000e+00
7468 2.514681234541e-01 0.000000000000e+00 0.000000000000e+00
7469 2.515018005833e-01 0.000000000000e+00 0.000000000000e+00
7470 2.515354777125e-01 0.000000000000e+00 0.000000000000e+00
7471 2.515691548416e-01 0.000000000000e+00 0.000000000000e+00
7472 2.516028319708e-01 0.000000000000e+00 0.000000000000e+00
7473 2.516365090999e-01 0.000000000000e+00 0.000000000000e+00
7474 2.516701862291e-01 0.000000000000e+00 0.000000000000e+00
7475 2.517038633583e-01 0.000000000000e+00 0.000000000000e+00
7476 2.517375404874e-01 0.000000000000e+00 0.000000000000e+00
7477 2.517712176166e-01 0.000000000000e+00 0.000000000000e+00
7478 2.518048947458e-01 0.000000000000e+00 0.000000000000e+00
7479 2.518385718749e-01 0.000000000000e+00 0.000000000000e+00
7480 2.518722490041e-01 0.000000000000e+00 0.000000000000e+00
7481 2.519059261332e-01 0.000000000000e+00 0.000000000000e+00
7482 2.519396032624e-01 0.000000000000e+00 0.000000000000e+00
7483 2.519732803916e-01 0.000000000000e+00 0.000000000000e+00
7484 2.520069575207e-01 0.000000000000e+00 0.000000000000e+00
7485 2.520406346499e-01 0.000000000000e+00 0.000000000000e+00
7486 2.520743117790e-01 0.000000000000e+00 0.000000000000e+00
7487 2.521079889082e-01 0.000000000000e+00 0.000000000000e+00
7488 2.521416660374e-01 0.000000000000e+00 0.000000000000e+00
7489 2.521753431665e-01 0.000000000000e+00 0.000000000000e+00
7490 2.522090202957e-01 0.000000000000e+00 0.000000000000e+00
7491 2.522426974249e-01 0.000000000000e+00 0.000000000000e+00
7492 2.522763745540e-01 0.000000000000e+00 0.000000000000e+00
7493 2.523100516832e-01 0.000000000000e+00 0.000000000000e+00
7494 2.523437288123e-01 0.000000000000e+00 0.000000000000e+00
7495 2.523774059415e-01 0.000000000000e+00 0.000000000000e+00
7496 2.524110830707e-01 0.000000000000e+00 0.000000000000e+00
7497 2.524447601998e-01 0.000000000000e+00 0.000000000000e+00
7498 2.524784373290e-01 0.000000000000e+00 0.000000000000e+00
7499 2.525121144582e-01 0.000000000000e+00 0.000000000000e+00
7500 2.525457915873e-01 0.000000000000e+00 0.000000000000e+00
7501 2.525794687165e-01 0.000000000000e+00 0.000000000000e+00
7502 2.526131458456e-01 0.000000000000e+00 0.000000000000e+00
7503 2.526468229748e-01 0.000000000000e+00 0.000000000000e+00
7504 2.526805001040e-01 0.000000000000e+00 0.000000000000e+00
7505 2.527141772331e-01 0.000000000000e+00 0.000000000000e+00
7506 2.527478543623e-01 0.000000000000e+00 0.000000000000e+00
7507 2.527815314915e-01 0.000000000000e+00 0.000000000000e+00
7508 2.528152086206e-01 0.000000000000e+00 0.000000000000e+00
7509 2.528488857498e-01 0.000000000000e+00 0.000000000000e+00
7510 2.528825628789e-01 0.000000000000e+00 0.000000000000e+00
7511 2.529162400081e-01 0.000000000000e+00 0.000000000000e+00
7512 2.529499171373e-01 0.000000000000e+00 0.000000000000e+00
7513 2.529835942664e-01 0.000000000000e+00 0.000000000000e+00
7514 2.530172713956e-01 0.000000000000e+00 0.000000000000e+00
7515 2.530509485248e-01 0.000000000000e+00 0.000000000000e+00
7516 2.530846256539e-01 0.000000000000e+00 0.000000000000e+00
7517 2.531183027831e-01 0.000000000000e+00 0.000000000000e+00
7518 2.531519799122e-01 0.000000000000e+00 0.000000000000e+00
7519 2.531856570414e-01 0.000000000000e+00 0.000000000000e+00
7520 2.532193341706e-01 0.000000000000e+00 0.000000000000e+00
7521 2.532530112997e-01 0.000000000000e+00 0.000000000000e+00
7522 2.532866884289e-01 0.000000000000e+00 0.000000000000e+00
7523 2.533203655580e-01 0.000000000000e+00 0.000000000000e+00
7524 2.533540426872e-01 0.000000000000e+00 0.000000000000e+00
7525 2.533877198164e-01 0.000000000000e+00 0.000000000000e+00
7526 2.534213969455e-01 0.000000000000e+00 0.000000000000e+00
7527 2.534550740747e-01 0.000000000000e+00 0.000000000000e+00
7528 2.534887512039e-01 0.000000000000e+00 0.000000000000e+00
7529 2.535224283330e-01 0.000000000000e+00 0.000000000000e+00
7530 2.535561054622e-01 0.000000000000e+00 0.000000000000e+00
7531 2.535897825913e-01 0.000000000000e+00 0.000000000000e+00
7532 2.536234597205e-01 0.000000000000e+00 0.000000000000e+00
7533 2.536571368497e-01 0.000000000000e+00 0.000000000000e+00
7534 2.536908139788e-01 0.000000000000e+00 0.000000000000e+00
7535 2.537244911080e-01 0.000000000000e+00 0.000000000000e+00
7536 2.537581682372e-01 0.000000000000e+00 0.000000000000e+00
7537 2.537918453663e-01 0.000000000000e+00 0.000000000000e+00
7538 2.538255224955e-01 0.000000000000e+00 0.000000000000e+00
7539 2.538591996246e-01 0.000000000000e+00 0.000000000000e+00
7540 2.538928767538e-01 0.000000000000e+00 0.000000000000e+00
7541 2.539265538830e-01 0.000000000000e+00 0.000000000000e+00
7542 2.539602310121e-01 0.000000000000e+00 0.000000000000e+00
7543 2.539939081413e-01 0.000000000000e+00 0.000000000000e+00
7544 2.540275852705e-01 0.000000000000e+00 0.000000000000e+00
7545 2.540612623996e-01 0.000000000000e+00 0.000000000000e+00
7546 2.540949395288e-01 0.000000000000e+00 0.000000000000e+00
7547 2.541286166579e-01 0.000000000000e+00 0.000000000000e+00
7548 2.541622937871e-01 0.000000000000e+00 0.000000000000e+00
7549 2.541959709163e-01 0.000000000000e+00 0.000000000000e+00
7550 2.542296480454e-01 0.000000000000e+00 0.000000000000e+00
7551 2.542633251746e-01 0.000000000000e+00 0.000000000000e+00
7552 2.542970023038e-01 0.000000000000e+00 0.000000000000e+00
7553 2.543306794329e-01 0.000000000000e+00 0.000000000000e+00
7554 2.543643565621e-01 0.000000000000e+00 0.000000000000e+00
7555 2.543980336912e-01 0.000000000000e+00 0.000000000000e+00
7556 2.544317108204e-01 0.000000000000e+00 0.000000000000e+00
7557 2.544653879496e-01 0.000000000000e+00 0.000000000000e+00
7558 2.544990650787e-01 0.000000000000e+00 0.000000000000e+00
7559 2.545327422079e-01 0.000000000000e+00 0.000000000000e+00
7560 2.545664193371e-01 0.000000000000e+00 0.000000000000e+00
7561 2.546000964662e-01 0.000000000000e+00 0.000000000000e+00
7562 2.546337735954e-01 0.000000000000e+00 0.000000000000e+00
7563 2.546674507245e-01 0.000000000000e+00 0.000000000000e+00
7564 2.547011278537e-01 0.000000000000e+00 0.000000000000e+00
7565 2.547348049829e-01 0.000000000000e+00 0.000000000000e+00
7566 2.547684821120e-01 0.000000000000e+00 0.000000000000e+00
7567 2.548021592412e-01 0.000000000000e+00 0.000000000000e+00
7568 2.548358363703e-01 0.000000000000e+00 0.000000000000e+00
7569 2.548695134995e-01 0.000000000000e+00 0.000000000000e+00
7570 2.549031906287e-01 0.000000000000e+00 0.000000000000e+00
7571 2.549368677578e-01 0.000000000000e+00 0.000000000000e+00
7572 2.549705448870e-01 0.000000000000e+00 0.000000000000e+00
7573 2.550042220162e-01 0.000000000000e+00 0.000000000000e+00
7574 2.550378991453e-01 0.000000000000e+00 0.000000000000e+00
7575 2.550715762745e-01 0.000000000000e+00 0.000000000000e+00
7576 2.551052534036e-01 0.000000000000e+00 0.000000000000e+00
7577 2.551389305328e-01 0.000000000000e+00 0.000000000000e+00
7578 2.551726076620e-01 0.000000000000e+00 0.000000000000e+00
7579 2.552062847911e-01 0.000000000000e+00 0.000000000000e+00
7580 2.552399619203e-01 0.000000000000e+00 0.000000000000e+00
7581 2.552736390495e-01 0.000000000000e+00 0.000000000000e+00
7582 2.553073161786e-01 0.000000000000e+00 0.000000000000e+00
7583 2.553409933078e-01 0.000000000000e+00 0.000000000000e+00
7584 2.553746704369e-01 0.000000000000e+00 0.000000000000e+00
7585 2.554083475661e-01 0.000000000000e+00 0.000000000000e+00
7586 2.554420246953e-01 0.000000000000e+00 0.000000000000e+00
7587 2.554757018244e-01 0.000000000000e+00 0.000000000000e+00
7588 2.555093789536e-01 0.000000000000e+00 0.000000000000e+00
7589 2.555430560828e-01 0.000000000000e+00 0.000000000000e+00
7590 2.555767332119e-01 0.000000000000e+00 0.000000000000e+00
7591 2.556104103411e-01 0.000000000000e+00 0.000000000000e+00
7592 2.556440874702e-01 0.000000000000e+00 0.000000000000e+00
7593 2.556777645994e-01 0.000000000000e+00 0.000000000000e+00
7594 2.557114417286e-01 0.000000000000e+00 0.000000000000e+00
7595 2.557451188577e-01 0.000000000000e+00 0.000000000000e+00
7596 2.557787959869e-01 0.000000000000e+00 0.000000000000e+00
7597 2.558124731161e-01 0.000000000000e+00 0.000000000000e+00
7598 2.558461502452e-01 0.000000000000e+00 0.000000000000e+00
7599 2.558798273744e-01 0.000000000000e+00 0.000000000000e+00
7600 2.559135045035e-01 0.000000000000e+00 0.000000000000e+00
7601 2.559471816327e-01 0.000000000000e+00 0.000000000000e+00
7602 2.559808587619e-01 0.000000000000e+00 0.000000000000e+00
7603 2.560145358910e-01 0.000000000000e+00 0.000000000000e+00
7604 2.560482130202e-01 0.000000000000e+00 0.000000000000e+00
7605 2.560818901493e-01 0.000000000000e+00 0.000000000000e+00
7606 2.561155672785e-01 0.000000000000e+00 0.000000000000e+00
7607 2.561492444077e-01 0.000000000000e+00 0.000000000000e+00
7608 2.561829215368e-01 0.000000000000e+00 0.000000000000e+00
7609 2.562165986660e-01 0.000000000000e+00 0.000000000000e+00
7610 2.562502757952e-01 0.000000000000e+00 0.000000000000e+00
7611 2.562839529243e-01 0.000000000000e+00 0.000000000000e+00
7612 2.563176300535e-01 0.000000000000e+00 0.000000000000e+00
7613 2.563513071826e-01 0.000000000000e+00 0.000000000000e+00
7614 2.563849843118e-01 0.000000000000e+00 0.000000000000e+00
7615 2.564186614410e-01 0.000000000000e+00 0.000000000000e+00
7616 2.564523385701e-01 0.000000000000e+00 0.000000000000e+00
7617 2.564860156993e-01 0.000000000000e+00 0.000000000000e+00
7618 2.565196928285e-01 0.000000000000e+00 0.000000000000e+00
7619 2.565533699576e-01 0.000000000000e+00 0.000000000000e+00
7620 2.565870470868e-01 0.000000000000e+00 0.000000000000e+00
7621 2.566207242159e-01 0.000000000000e+00 0.000000000000e+00
7622 2.566544013451e-01 0.000000000000e+00 0.000000000000e+00
7623 2.566880784743e-01 0.000000000000e+00 0.000000000000e+00
7624 2.567217556034e-01 0.000000000000e+00 0.000000000000e+00
7625 2.567554327326e-01 0.000000000000e+00 0.000000000000e+00
7626 2.567891098618e-01 0.000000000000e+00 0.000000000000e+00
7627 2.568227869909e-01 0.000000000000e+00 0.000000000000e+00
7628 2.568564641201e-01 0.000000000000e+00 0.000000000000e+00
7629 2.568901412492e-01 0.000000000000e+00 0.000000000000e+00
7630 2.569238183784e-01 0.000000000000e+00 0.000000000000e+00
7631 2.569574955076e-01 0.000000000000e+00 0.000000000000e+00
7632 2.569911726367e-01 0.000000000000e+00 0.000000000000e+00
7633 2.570248497659e-01 0.000000000000e+00 0.000000000000e+00
7634 2.570585268951e-01 0.000000000000e+00 0.000000000000e+00
7635 2.570922040242e-01 0.000000000000e+00 0.000000000000e+00
7636 2.571258811534e-01 0.000000000000e+00 0.000000000000e+00
7637 2.571595582825e-01 0.000000000000e+00 0.000000000000e+00
7638 2.571932354117e-01 0.000000000000e+00 0.000000000000e+00
7639 2.572269125409e-01 0.000000000000e+00 0.000000000000e+00
7640 2.572605896700e-01 0.000000000000e+00 0.000000000000e+00
7641 2.572942667992e-01 0.000000000000e+00 0.000000000000e+00
7642 2.573279439284e-01 0.000000000000e+00 0.000000000000e+00
7643 2.573616210575e-01 0.000000000000e+00 0.000000000000e+00
7644 2.573952981867e-01 0.000000000000e+00 0.000000000000e+00
7645 2.574289753158e-01 0.000000000000e+00 0.000000000000e+00
7646 2.574626524450e-01 0.000000000000e+00 0.000000000000e+00
7647 2.574963295742e-01 0.000000000000e+00 0.000000000000e+00
7648 2.575300067033e-01 0.000000000000e+00 0.000000000000e+00
7649 2.575636838325e-01 0.000000000000e+00 0.000000000000e+00
7650 2.575973609616e-01 0.000000000000e+00 0.000000000000e+00
7651 2.576310380908e-01 0.000000000000e+00 0.000000000000e+00
7652 2.576647152200e-01 0.000000000000e+00 0.000000000000e+00
7653 2.576983923491e-01 0.000000000000e+00 0.000000000000e+00
7654 2.577320694783e-01 0.000000000000e+00 0.000000000000e+00
7655 2.577657466075e-01 0.000000000000e+00 0.000000000000e+00
7656 2.577994237366e-01 0.000000000000e+00 0.000000000000e+00
7657 2.578331008658e-01 0.000000000000e+00 0.000000000000e+00
7658 2.578667779949e-01 0.000000000000e+00 0.000000000000e+00
7659 2.579004551241e-01 0.000000000000e+00 0.000000000000e+00
7660 2.579341322533e-01 0.000000000000e+00 0.000000000000e+00
7661 2.579678093824e-01 0.000000000000e+00 0.000000000000e+00
7662 2.580014865116e-01 0.000000000000e+00 0.000000000000e+00
7663 2.580351636408e-01 0.000000000000e+00 0.000000000000e+00
7664 2.580688407699e-01 0.000000000000e+00 0.000000000000e+00
7665 2.581025178991e-01 0.000000000000e+00 0.000000000000e+00
7666 2.581361950282e-01 0.000000000000e+00 0.000000000000e+00
7667 2.581698721574e-01 0.000000000000e+00 0.000000000000e+00
7668 2.582035492866e-01 0.000000000000e+00 0.000000000000e+00
7669 2.582372264157e-01 0.000000000000e+00 0.000000000000e+00
7670 2.582709035449e-01 0.000000000000e+00 0.000000000000e+00
7671 2.583045806741e-01 0.000000000000e+00 0.000000000000e+00
7672 2.583382578032e-01 0.000000000000e+00 0.000000000000e+00
7673 2.583719349324e-01 0.000000000000e+00 0.000000000000e+00
7674 2.584056120615e-01 0.000000000000e+00 0.000000000000e+00
7675 2.584392891907e-01 0.000000000000e+00 0.000000000000e+00
7676 2.584729663199e-01 0.000000000000e+00 0.000000000000e+00
7677 2.585066434490e-01 0.000000000000e+00 0.000000000000e+00
7678 2.585403205782e-01 0.000000000000e+00 0.000000000000e+00
7679 2.585739977074e-01 0.000000000000e+00 0.000000000000e+00
7680 2.586076748365e-01 0.000000000000e+00 0.000000000000e+00
7681 2.586413519657e-01 0.000000000000e+00 0.000000000000e+00
7682 2.586750290948e-01 0.000000000000e+00 0.000000000000e+00
7683 2.587087062240e-01 0.000000000000e+00 0.000000000000e+00
7684 2.587423833532e-01 0.000000000000e+00 0.000000000000e+00
7685 2.587760604823e-01 0.000000000000e+00 0.000000000000e+00
7686 2.588097376115e-01 0.000000000000e+00 0.000000000000e+00
7687 2.588434147406e-01 0.000000000000e+00 0.000000000000e+00
7688 2.588770918698e-01 0.000000000000e+00 0.000000000000e+00
7689 2.589107689990e-01 0.000000000000e+00 0.000000000000e+00
7690 2.589444461281e-01 0.000000000000e+00 0.000000000000e+00
7691 2.589781232573e-01 0.000000000000e+00 0.000000000000e+00
7692 2.590118003865e-01 0.000000000000e+00 0.000000000000e+00
7693 2.590454775156e-01 0.000000000000e+00 0.000000000000e+00
7694 2.590791546448e-01 0.000000000000e+00 0.000000000000e+00
7695 2.591128317739e-01 0.000000000000e+00 0.000000000000e+00
7696 2.591465089031e-01 0.000000000000e+00 0.000000000000e+00
7697 2.591801860323e-01 0.000000000000e+00 0.000000000000e+00
7698 2.592138631614e-01 0.000000000000e+00 0.000000000000e+00
7699 2.592475402906e-01 0.000000000000e+00 0.000000000000e+00
7700 2.592812174198e-01 0.000000000000e+00 0.000000000000e+00
7701 2.593148945489e-01 0.000000000000e+00 0.000000000000e+00
7702 2.593485716781e-01 0.000000000000e+00 0.000000000000e+00
7703 2.593822488072e-01 0.000000000000e+00 0.000000000000e+00
7704 2.594159259364e-01 0.000000000000e+00 0.000000000000e+00
7705 2.594496030656e-01 0.000000000000e+00 0.000000000000e+00
7706 2.594832801947e-01 0.000000000000e+00 0.000000000000e+00
7707 2.595169573239e-01 0.000000000000e+00 0.000000000000e+00
7708 2.595506344531e-01 0.000000000000e+00 0.000000000000e+00
7709 2.595843115822e-01 0.000000000000e+00 0.000000000000e+00
7710 2.596179887114e-01 0.000000000000e+00 0.000000000000e+00
7711 2.596516658405e-01 0.000000000000e+00 0.000000000000e+00
7712 2.596853429697e-01 0.000000000000e+00 0.000000000000e+00
7713 2.597190200989e-01 0.000000000000e+00 0.000000000000e+00
7714 2.597526972280e-01 0.000000000000e+00 0.000000000000e+00
7715 2.597863743572e-01 0.000000000000e+00 0.000000000000e+00
7716 2.598200514864e-01 0.000000000000e+00 0.000000000000e+00
7717 2.598537286155e-01 0.000000000000e+00 0.000000000000e+00
7718 2.598874057447e-01 0.000000000000e+00 0.000000000000e+00
7719 2.599210828738e-01 0.000000000000e+00 0.000000000000e+00
7720 2.599547600030e-01 0.000000000000e+00 0.000000000000e+00
7721 2.599884371322e-01 0.000000000000e+00 0.000000000000e+00
7722 2.600221142613e-01 0.000000000000e+00 0.000000000000e+00
7723 2.600557913905e-01 0.000000000000e+00 0.000000000000e+00
7724 2.600894685197e-01 0.000000000000e+00 0.000000000000e+00
7725 2.601231456488e-01 0.000000000000e+00 0.000000000000e+00
7726 2.601568227780e-01 0.000000000000e+00 0.000000000000e+00
7727 2.601904999071e-01 0.000000000000e+00 0.000000000000e+00
7728 2.602241770363e-01 0.000000000000e+00 0.000000000000e+00
7729 2.602578541655e-01 0.000000000000e+00 0.000000000000e+00
7730 2.602915312946e-01 0.000000000000e+00 0.000000000000e+00
7731 2.603252084238e-01 0.000000000000e+00 0.000000000000e+00
7732 2.603588855529e-01 0.000000000000e+00 0.000000000000e+00
7733 2.603925626821e-01 0.000000000000e+00 0.000000000000e+00
7734 2.604262398113e-01 0.000000000000e+00 0.000000000000e+00
7735 2.604599169404e-01 0.000000000000e+00 0.000000000000e+00
7736 2.604935940696e-01 0.000000000000e+00 0.000000000000e+00
7737 2.605272711988e-01 0.000000000000e+00 0.000000000000e+00
7738 2.605609483279e-01 0.000000000000e+00 0.000000000000e+00
7739 2.605946254571e-01 0.000000000000e+00 0.000000000000e+00
7740 2.606283025862e-01 0.000000000000e+00 0.000000000000e+00
7741 2.606619797154e-01 0.000000000000e+00 0.000000000000e+00
7742 2.606956568446e-01 0.000000000000e+00 0.000000000000e+00
7743 2.607293339737e-01 0.000000000000e+00 0.000000000000e+00
7744 2.607630111029e-01 0.000000000000e+00 0.000000000000e+00
7745 2.607966882321e-01 0.000000000000e+00 0.000000000000e+00
7746 2.608303653612e-01 0.000000000000e+00 0.000000000000e+00
7747 2.608640424904e-01 0.000000000000e+00 0.000000000000e+00
7748 2.608977196195e-01 0.000000000000e+00 0.000000000000e+00
7749 2.609313967487e-01 0.000000000000e+00 0.000000000000e+00
7750 2.609650738779e-01 0.000000000000e+00 0.000000000000e+00
7751 2.609987510070e-01 0.000000000000e+00 0.000000000000e+00
7752 2.610324281362e-01 0.000000000000e+00 0.000000000000e+00
7753 2.610661052654e-01 0.000000000000e+00 0.000000000000e+00
7754 2.610997823945e-01 0.000000000000e+00 0.000000000000e+00
7755 2.611334595237e-01 0.000000000000e+00 0.000000000000e+00
7756 2.611671366528e-01 0.000000000000e+00 0.000000000000e+00
7757 2.612008137820e-01 0.000000000000e+00 0.000000000000e+00
7758 2.612344909112e-01 0.000000000000e+00 0.000000000000e+00
7759 2.612681680403e-01 0.000000000000e+00 0.000000000000e+00
7760 2.613018451695e-01 0.000000000000e+00 0.000000000000e+00
7761 2.613355222987e-01 0.000000000000e+00 0.000000000000e+00
7762 2.613691994278e-01 0.000000000000e+00 0.000000000000e+00
7763 2.614028765570e-01 0.000000000000e+00 0.000000000000e+00
7764 2.614365536861e-01 0.000000000000e+00 0.000000000000e+00
7765 2.614702308153e-01 0.000000000000e+00 0.000000000000e+00
7766 2.615039079445e-01 0.000000000000e+00 0.000000000000e+00
7767 2.615375850736e-01 0.000000000000e+00 0.000000000000e+00
7768 2.615712622028e-01 0.000000000000e+00 0.000000000000e+00
7769 2.616049393319e-01 0.000000000000e+00 0.000000000000e+00
7770 2.616386164611e-01 0.000000000000e+00 0.000000000000e+00
7771 2.616722935903e-01 0.000000000000e+00 0.000000000000e+00
7772 2.617059707194e-01 0.000000000000e+00 0.000000000000e+00
7773 2.617396478486e-01 0.000000000000e+00 0.000000000000e+00
7774 2.617733249778e-01 0.000000000000e+00 0.000000000000e+00
7775 2.618070021069e-01 0.000000000000e+00 0.000000000000e+00
7776 2.618406792361e-01 0.000000000000e+00 0.000000000000e+00
7777 2.618743563652e-01 0.000000000000e+00 0.000000000000e+00
7778 2.619080334944e-01 0.000000000000e+00 0.000000000000e+00
7779 2.619417106236e-01 0.000000000000e+00 0.000000000000e+00
7780 2.619753877527e-01 0.000000000000e+00 0.000000000000e+00
7781 2.620090648819e-01 0.000000000000e+00 0.000000000000e+00
7782 2.620427420111e-01 0.000000000000e+00 0.000000000000e+00
7783 2.620764191402e-01 0.000000000000e+00 0.000000000000e+00
7784 2.621100962694e-01 0.000000000000e+00 0.000000000000e+00
7785 2.621437733985e-01 0.000000000000e+00 0.000000000000e+00
7786 2.621774505277e-01 0.000000000000e+00 0.000000000000e+00
7787 2.622111276569e-01 0.000000000000e+00 0.000000000000e+00
7788 2.622448047860e-01 0.000000000000e+00 0.000000000000e+00
7789 2.622784819152e-01 0.000000000000e+00 0.000000000000e+00
7790 2.623121590444e-01 0.000000000000e+00 0.000000000000e+00
7791 2.623458361735e-01 0.000000000000e+00 0.000000000000e+00
7792 2.623795133027e-01 0.000000000000e+00 0.000000000000e+00
7793 2.624131904318e-01 0.000000000000e+00 0.000000000000e+00
7794 2.624468675610e-01 0.000000000000e+00 0.000000000000e+00
7795 2.624805446902e-01 0.000000000000e+00 0.000000000000e+00
7796 2.625142218193e-01 0.000000000000e+00 0.000000000000e+00
7797 2.625478989485e-01 0.000000000000e+00 0.000000000000e+00
7798 2.625815760777e-01 0.000000000000e+00 0.000000000000e+00
7799 2.626152532068e-01 0.000000000000e+00 0.000000000000e+00
7800 2.626489303360e-01 0.000000000000e+00 0.000000000000e+00
7801 2.626826074651e-01 0.000000000000e+00 0.000000000000e+00
7802 2.627162845943e-01 0.000000000000e+00 0.000000000000e+00
7803 2.627499617235e-01 0.000000000000e+00 0.000000000000e+00
7804 2.627836388526e-01 0.000000000000e+00 0.000000000000e+00
7805 2.628173159818e-01 0.000000000000e+00 0.000000000000e+00
7806 2.628509931110e-01 0.000000000000e+00 0.000000000000e+00
7807 2.628846702401e-01 0.000000000000e+00 0.000000000000e+00
7808 2.629183473693e-01 0.000000000000e+00 0.000000000000e+00
7809 2.629520244984e-01 0.000000000000e+00 0.000000000000e+00
7810 2.629857016276e-01 0.000000000000e+00 0.000000000000e+00
7811 2.630193787568e-01 0.000000000000e+00 0.000000000000e+00
7812 2.630530558859e-01 0.000000000000e+00 0.000000000000e+00
7813 2.630867330151e-01 0.000000000000e+00 0.000000000000e+00
7814 2.631204101442e-01 0.000000000000e+00 0.000000000000e+00
7815 2.631540872734e-01 0.000000000000e+00 0.000000000000e+00
7816 2.631877644026e-01 0.000000000000e+00 0.000000000000e+00
7817 2.632214415317e-01 0.000000000000e+00 0.000000000000e+00
7818 2.632551186609e-01 0.000000000000e+00 0.000000000000e+00
7819 2.632887957901e-01 0.000000000000e+00 0.000000000000e+00
7820 2.633224729192e-01 0.000000000000e+00 0.000000000000e+00
7821 2.633561500484e-01 0.000000000000e+00 0.000000000000e+00
7822 2.633898271775e-01 0.000000000000e+00 0.000000000000e+00
7823 2.634235043067e-01 0.000000000000e+00 0.000000000000e+00
7824 2.634571814359e-01 0.000000000000e+00 0.000000000000e+00
7825 2.634908585650e-01 0.000000000000e+00 0.000000000000e+00
7826 2.635245356942e-01 0.000000000000e+00 0.000000000000e+00
7827 2.635582128234e-01 0.000000000000e+00 0.000000000000e+00
7828 2.635918899525e-01 0.000000000000e+00 0.000000000000e+00
7829 2.636255670817e-01 0.000000000000e+00 0.000000000000e+00
7830 2.636592442108e-01 0.000000000000e+00 0.000000000000e+00
7831 2.636929213400e-01 0.000000000000e+00 0.000000000000e+00
7832 2.637265984692e-01 0.000000000000e+00 0.000000000000e+00
7833 2.637602755983e-01 0.000000000000e+00 0.000000000000e+00
7834 2.637939527275e-01 0.000000000000e+00 0.000000000000e+00
7835 2.638276298567e-01 0.000000000000e+00 0.000000000000e+00
7836 2.638613069858e-01 0.000000000000e+00 0.000000000000e+00
7837 2.638949841150e-01 0.000000000000e+00 0.000000000000e+00
7838 2.639286612441e-01 0.000000000000e+00 0.000000000000e+00
7839 2.639623383733e-01 0.000000000000e+00 0.000000000000e+00
7840 2.639960155025e-01 0.000000000000e+00 0.000000000000e+00
7841 2.640296926316e-01 0.000000000000e+00 0.000000000000e+00
7842 2.640633697608e-01 0.000000000000e+00 0.000000000000e+00
7843 2.640970468900e-01 0.000000000000e+00 0.000000000000e+00
7844 2.641307240191e-01 0.000000000000e+00 0.000000000000e+00
7845 2.641644011483e-01 0.000000000000e+00 0.000000000000e+00
7846 2.641980782774e-01 0.000000000000e+00 0.000000000000e+00
7847 2.642317554066e-01 0.000000000000e+00 0.000000000000e+00
7848 2.642654325358e-01 0.000000000000e+00 0.000000000000e+00
7849 2.642991096649e-01 0.000000000000e+00 0.000000000000e+00
7850 2.643327867941e-01 0.000000000000e+00 0.000000000000e+00
7851 2.643664639232e-01 0.000000000000e+00 0.000000000000e+00
7852 2.644001410524e-01 0.000000000000e+00 0.000000000000e+00
7853 2.644338181816e-01 0.000000000000e+00 0.000000000000e+00
7854 2.644674953107e-01 0.000000000000e+00 0.000000000000e+00
7855 2.645011724399e-01 0.000000000000e+00 0.000000000000e+00
7856 2.645348495691e-01 0.000000000000e+00 0.000000000000e+00
7857 2.645685266982e-01 0.000000000000e+00 0.000000000000e+00
7858 2.646022038274e-01 0.000000000000e+00 0.000000000000e+00
7859 2.646358809565e-01 0.000000000000e+00 0.000000000000e+00
7860 2.646695580857e-01 0.000000000000e+00 0.000000000000e+00
7861 2.647032352149e-01 0.000000000000e+00 0.000000000000e+00
7862 2.647369123440e-01 0.000000000000e+00 0.000000000000e+00
7863 2.647705894732e-01 0.000000000000e+00 0.000000000000e+00
7864 2.648042666024e-01 0.000000000000e+00 0.000000000000e+00
7865 2.648379437315e-01 0.000000000000e+00 0.000000000000e+00
7866 2.648716208607e-01 0.000000000000e+00 0.000000000000e+00
7867 2.649052979898e-01 0.000000000000e+00 0.000000000000e+00
7868 2.649389751190e-01 0.000000000000e+00 0.000000000000e+00
7869 2.649726522482e-01 0.000000000000e+00 0.000000000000e+00
7870 2.650063293773e-01 0.000000000000e+00 0.000000000000e+00
7871 2.650400065065e-01 0.000000000000e+00 0.000000000000e+00
7872 2.650736836357e-01 0.000000000000e+00 0.000000000000e+00
7873 2.651073607648e-01 0.000000000000e+00 0.000000000000e+00
7874 2.651410378940e-01 0.000000000000e+00 0.000000000000e+00
7875 2.651747150231e-01 0.000000000000e+00 0.000000000000e+00
7876 2.652083921523e-01 0.000000000000e+00 0.000000000000e+00
7877 2.652420692815e-01 0.000000000000e+00 0.000000000000e+00
7878 2.652757464106e-01 0.000000000000e+00 0.000000000000e+00
7879 2.653094235398e-01 0.000000000000e+00 0.000000000000e+00
7880 2.653431006690e-01 0.000000000000e+00 0.000000000000e+00
7881 2.653767777981e-01 0.000000000000e+00 0.000000000000e+00
7882 2.654104549273e-01 0.000000000000e+00 0.000000000000e+00
7883 2.654441320564e-01 0.000000000000e+00 0.000000000000e+00
7884 2.654778091856e-01 0.000000000000e+00 0.000000000000e+00
7885 2.655114863148e-01 0.000000000000e+00 0.000000000000e+00
7886 2.655451634439e-01 0.000000000000e+00 0.000000000000e+00
7887 2.655788405731e-01 0.000000000000e+00 0.000000000000e+00
7888 2.656125177023e-01 0.000000000000e+00 0.000000000000e+00
7889 2.656461948314e-01 0.000000000000e+00 0.000000000000e+00
7890 2.656798719606e-01 0.000000000000e+00 0.000000000000e+00
7891 2.657135490897e-01 0.000000000000e+00 0.000000000000e+00
7892 2.657472262189e-01 0.000000000000e+00 0.000000000000e+00
7893 2.657809033481e-01 0.000000000000e+00 0.000000000000e+00
7894 2.658145804772e-01 0.000000000000e+00 0.000000000000e+00
7895 2.658482576064e-01 0.000000000000e+00 0.000000000000e+00
7896 2.658819347355e-01 0.000000000000e+00 0.000000000000e+00
7897 2.659156118647e-01 0.000000000000e+00 0.000000000000e+00
7898 2.659492889939e-01 0.000000000000e+00 0.000000000000e+00
7899 2.659829661230e-01 0.000000000000e+00 0.000000000000e+00
7900 2.660166432522e-01 0.000000000000e+00 0.000000000000e+00
7901 2.660503203814e-01 0.000000000000e+00 0.000000000000e+00
7902 2.660839975105e-01 0.000000000000e+00 0.000000000000e+00
7903 2.661176746397e-01 0.000000000000e+00 0.000000000000e+00
7904 2.661513517688e-01 0.000000000000e+00 0.000000000000e+00
7905 2.661850288980e-01 0.000000000000e+00 0.000000000000e+00
7906 2.662187060272e-01 0.000000000000e+00 0.000000000000e+00
7907 2.662523831563e-01 0.000000000000e+00 0.000000000000e+00
7908 2.662860602855e-01 0.000000000000e+00 0.000000000000e+00
7909 2.663197374147e-01 0.000000000000e+00 0.000000000000e+00
7910 2.663534145438e-01 0.000000000000e+00 0.000000000000e+00
7911 2.663870916730e-01 0.000000000000e+00 0.000000000000e+00
7912 2.664207688021e-01 0.000000000000e+00 0.000000000000e+00
7913 2.664544459313e-01 0.000000000000e+00 0.000000000000e+00
7914 2.664881230605e-01 0.000000000000e+00 0.000000000000e+00
7915 2.665218001896e-01 0.000000000000e+00 0.000000000000e+00
7916 2.665554773188e-01 0.000000000000e+00 0.000000000000e+00
7917 2.665891544480e-01 0.000000000000e+00 0.000000000000e+00
7918 2.666228315771e-01 0.000000000000e+00 0.000000000000e+00
7919 2.666565087063e-01 0.000000000000e+00 0.000000000000e+00
7920 2.666901858354e-01 0.000000000000e+00 0.000000000000e+00
7921 2.667238629646e-01 0.000000000000e+00 0.000000000000e+00
7922 2.667575400938e-01 0.000000000000e+00 0.000000000000e+00
7923 2.667912172229e-01 0.000000000000e+00 0.000000000000e+00
7924 2.668248943521e-01 0.000000000000e+00 0.000000000000e+00
7925 2.668585714813e-01 0.000000000000e+00 0.000000000000e+00
7926 2.668922486104e-01 0.000000000000e+00 0.000000000000e+00
7927 2.669259257396e-01 0.000000000000e+00 0.000000000000e+00
7928 2.669596028687e-01 0.000000000000e+00 0.000000000000e+00
7929 2.669932799979e-01 0.000000000000e+00 0.000000000000e+00
7930 2.670269571271e-01 0.000000000000e+00 0.000000000000e+00
7931 2.670606342562e-01 0.000000000000e+00 0.000000000000e+00
7932 2.670943113854e-01 0.000000000000e+00 0.000000000000e+00
7933 2.671279885145e-01 0.000000000000e+00 0.000000000000e+00
7934 2.671616656437e-01 0.000000000000e+00 0.000000000000e+00
7935 2.671953427729e-01 0.000000000000e+00 0.000000000000e+00
7936 2.672290199020e-01 0.000000000000e+00 0.000000000000e+00
7937 2.672626970312e-01 0.000000000000e+00 0.000000000000e+00
7938 2.672963741604e-01 0.000000000000e+00 0.000000000000e+00
7939 2.673300512895e-01 0.000000000000e+00 0.000000000000e+00
7940 2.673637284187e-01 0.000000000000e+00 0.000000000000e+00
7941 2.673974055478e-01 0.000000000000e+00 0.000000000000e+00
7942 2.674310826770e-01 0.000000000000e+00 0.000000000000e+00
7943 2.674647598062e-01 0.000000000000e+00 0.000000000000e+00
7944 2.674984369353e-01 0.000000000000e+00 0.000000000000e+00
7945 2.675321140645e-01 0.000000000000e+00 0.000000000000e+00
7946 2.675657911937e-01 0.000000000000e+00 0.000000000000e+00
7947 2.675994683228e-01 0.000000000000e+00 0.000000000000e+00
7948 2.676331454520e-01 0.000000000000e+00 0.000000000000e+00
7949 2.676668225811e-01 0.000000000000e+00 0.000000000000e+00
7950 2.677004997103e-01 0.000000000000e+00 0.000000000000e+00
7951 2.677341768395e-01 0.000000000000e+00 0.000000000000e+00
7952 2.677678539686e-01 0.000000000000e+00 0.000000000000e+00
7953 2.678015310978e-01 0.000000000000e+00 0.000000000000e+00
7954 2.678352082270e-01 0.000000000000e+00 0.000000000000e+00
7955 2.678688853561e-01 0.000000000000e+00 0.000000000000e+00
7956 2.679025624853e-01 0.000000000000e+00 0.000000000000e+00
7957 2.679362396144e-01 0.000000000000e+00 0.000000000000e+00
7958 2.679699167436e-01 0.000000000000e+00 0.000000000000e+00
7959 2.680035938728e-01 0.000000000000e+00 0.000000000000e+00
7960 2.680372710019e-01 0.000000000000e+00 0.000000000000e+00
7961 2.680709481311e-01 0.000000000000e+00 0.000000000000e+00
7962 2.681046252603e-01 0.000000000000e+00 0.000000000000e+00
7963 2.681383023894e-01 0.000000000000e+00 0.000000000000e+00
7964 2.681719795186e-01 0.000000000000e+00 0.000000000000e+00
7965 2.682056566477e-01 0.000000000000e+00 0.000000000000e+00
7966 2.682393337769e-01 0.000000000000e+00 0.000000000000e+00
7967 2.682730109061e-01 0.000000000000e+00 0.000000000000e+00
7968 2.683066880352e-01 0.000000000000e+00 0.000000000000e+00
7969 2.683403651644e-01 0.000000000000e+00 0.000000000000e+00
7970 2.683740422936e-01 0.000000000000e+00 0.000000000000e+00
7971 2.684077194227e-01 0.000000000000e+00 0.000000000000e+00
7972 2.684413965519e-01 0.000000000000e+00 0.000000000000e+00
7973 2.684750736810e-01 0.000000000000e+00 0.000000000000e+00
7974 2.685087508102e-01 0.000000000000e+00 0.000000000000e+00
7975 2.685424279394e-01 0.000000000000e+00 0.000000000000e+00
7976 2.685761050685e-01 0.000000000000e+00 0.000000000000e+00
7977 2.686097821977e-01 0.000000000000e+00 0.000000000000e+00
7978 2.686434593268e-01 0.000000000000e+00 0.000000000000e+00
7979 2.686771364560e-01 0.000000000000e+00 0.000000000000e+00
7980 2.687108135852e-01 0.000000000000e+00 0.000000000000e+00
7981 2.687444907143e-01 0.000000000000e+00 0.000000000000e+00
7982 2.687781678435e-01 0.000000000000e+00 0.000000000000e+00
7983 2.688118449727e-01 0.000000000000e+00 0.000000000000e+00
7984 2.688455221018e-01 0.000000000000e+00 0.000000000000e+00
7985 2.688791992310e-01 0.000000000000e+00 0.000000000000e+00
7986 2.689128763601e-01 0.000000000000e+00 0.000000000000e+00
7987 2.689465534893e-01 0.000000000000e+00 0.000000000000e+00
7988 2.689802306185e-01 0.000000000000e+00 0.000000000000e+00
7989 2.690139077476e-01 0.000000000000e+00 0.000000000000e+00
7990 2.690475848768e-01 0.000000000000e+00 0.000000000000e+00
7991 2.690812620060e-01 0.000000000000e+00 0.000000000000e+00
7992 2.691149391351e-01 0.000000000000e+00 0.000000000000e+00
7993 2.691486162643e-01 0.000000000000e+00 0.000000000000e+00
7994 2.691822933934e-01 0.000000000000e+00 0.000000000000e+00
7995 2.692159705226e-01 0.000000000000e+00 0.000000000000e+00
7996 2.692496476518e-01 0.000000000000e+00 0.000000000000e+00
7997 2.692833247809e-01 0.000000000000e+00 0.000000000000e+00
7998 2.693170019101e-01 0.000000000000e+00 0.000000000000e+00
7999 2.693506790393e-01 0.000000000000e+00 0.000000000000e+00
8000 2.693843561684e-01 0.000000000000e+00 0.000000000000e+00
8001 2.694180332976e-01 0.000000000000e+00 0.000000000000e+00
8002 2.694517104267e-01 0.000000000000e+00 0.000000000000e+00
8003 2.694853875559e-01 0.000000000000e+00 0.000000000000e+00
8004 2.695190646851e-01 0.000000000000e+00 0.000000000000e+00
8005 2.695527418142e-01 0.000000000000e+00 0.000000000000e+00
8006 2.695864189434e-01 0.000000000000e+00 0.000000000000e+00
8007 2.696200960726e-01 0.000000000000e+00 0.000000000000e+00
8008 2.696537732017e-01 0.000000000000e+00 0.000000000000e+00
8009 2.696874503309e-01 0.000000000000e+00 0.000000000000e+00
8010 2.697211274600e-01 0.000000000000e+00 0.000000000000e+00
8011 2.697548045892e-01 0.000000000000e+00 0.000000000000e+00
8012 2.697884817184e-01 0.000000000000e+00 0.000000000000e+00
8013 2.698221588475e-01 0.000000000000e+00 0.000000000000e+00
8014 2.698558359767e-01 0.000000000000e+00 0.000000000000e+00
8015 2.698895131059e-01 0.000000000000e+00 0.000000000000e+00
8016 2.699231902350e-01 0.000000000000e+00 0.000000000000e+00
8017 2.699568673642e-01 0.000000000000e+00 0.000000000000e+00
8018 2.699905444933e-01 0.000000000000e+00 0.000000000000e+00
8019 2.700242216225e-01 0.000000000000e+00 0.000000000000e+00
8020 2.700578987517e-01 0.000000000000e+00 0.000000000000e+00
8021 2.700915758808e-01 0.000000000000e+00 0.000000000000e+00
8022 2.701252530100e-01 0.000000000000e+00 0.000000000000e+00
8023 2.701589301391e-01 0.000000000000e+00 0.000000000000e+00
8024 2.701926072683e-01 0.000000000000e+00 0.000000000000e+00
8025 2.702262843975e-01 0.000000000000e+00 0.000000000000e+00
8026 2.702599615266e-01 0.000000000000e+00 0.000000000000e+00
8027 2.702936386558e-01 0.000000000000e+00 0.000000000000e+00
8028 2.703273157850e-01 0.000000000000e+00 0.000000000000e+00
8029 2.703609929141e-01 0.000000000000e+00 0.000000000000e+00
8030 2.703946700433e-01 0.000000000000e+00 0.000000000000e+00
8031 2.704283471724e-01 0.000000000000e+00 0.000000000000e+00
8032 2.704620243016e-01 0.000000000000e+00 0.000000000000e+00
8033 2.704957014308e-01 0.000000000000e+00 0.000000000000e+00
8034 2.705293785599e-01 0.000000000000e+00 0.000000000000e+00
8035 2.705630556891e-01 0.000000000000e+00 0.000000000000e+00
8036 2.705967328183e-01 0.000000000000e+00 0.000000000000e+00
8037 2.706304099474e-01 0.000000000000e+00 0.000000000000e+00
8038 2.706640870766e-01 0.000000000000e+00 0.000000000000e+00
8039 2.706977642057e-01 0.000000000000e+00 0.000000000000e+00
8040 2.707314413349e-01 0.000000000000e+00 0.000000000000e+00
8041 2.707651184641e-01 0.000000000000e+00 0.000000000000e+00
8042 2.707987955932e-01 0.000000000000e+00 0.000000000000e+00
8043 2.708324727224e-01 0.000000000000e+00 0.000000000000e+00
8044 2.708661498516e-01 0.000000000000e+00 0.000000000000e+00
8045 2.708998269807e-01 0.000000000000e+00 0.000000000000e+00
8046 2.709335041099e-01 0.000000000000e+00 0.000000000000e+00
8047 2.709671812390e-01 0.000000000000e+00 0.000000000000e+00
8048 2.710008583682e-01 0.000000000000e+00 0.000000000000e+00
8049 2.710345354974e-01 0.000000000000e+00 0.000000000000e+00
8050 2.710682126265e-01 0.000000000000e+00 0.000000000000e+00
8051 2.711018897557e-01 0.000000000000e+00 0.000000000000e+00
8052 2.711355668849e-01 0.000000000000e+00 0.000000000000e+00
8053 2.711692440140e-01 0.000000000000e+00 0.000000000000e+00
8054 2.712029211432e-01 0.000000000000e+00 0.000000000000e+00
8055 2.712365982723e-01 0.000000000000e+00 0.000000000000e+00
8056 2.712702754015e-01 0.000000000000e+00 0.000000000000e+00
8057 2.713039525307e-01 0.000000000000e+00 0.000000000000e+00
8058 2.713376296598e-01 0.000000000000e+00 0.000000000000e+00
8059 2.713713067890e-01 0.000000000000e+00 0.000000000000e+00
8060 2.714049839181e-01 0.000000000000e+00 0.000000000000e+00
8061 2.714386610473e-01 0.000000000000e+00 0.000000000000e+00
8062 2.714723381765e-01 0.000000000000e+00 0.000000000000e+00
8063 2.715060153056e-01 0.000000000000e+00 0.000000000000e+00
8064 2.715396924348e-01 0.000000000000e+00 0.000000000000e+00
8065 2.715733695640e-01 0.000000000000e+00 0.000000000000e+00
8066 2.716070466931e-01 0.000000000000e+00 0.000000000000e+00
8067 2.716407238223e-01 0.000000000000e+00 0.000000000000e+00
8068 2.716744009514e-01 0.000000000000e+00 0.000000000000e+00
8069 2.717080780806e-01 0.000000000000e+00 0.000000000000e+00
8070 2.717417552098e-01 0.000000000000e+00 0.000000000000e+00
8071 2.717754323389e-01 0.000000000000e+00 0.000000000000e+00
8072 2.718091094681e-01 0.000000000000e+00 0.000000000000e+00
8073 2.718427865973e-01 0.000000000000e+00 0.000000000000e+00
8074 2.718764637264e-01 0.000000000000e+00 0.000000000000e+00
8075 2.719101408556e-01 0.000000000000e+00 0.000000000000e+00
8076 2.719438179847e-01 0.000000000000e+00 0.000000000000e+00
8077 2.719774951139e-01 0.000000000000e+00 0.000000000000e+00
8078 2.720111722431e-01 0.000000000000e+00 0.000000000000e+00
8079 2.720448493722e-01 0.000000000000e+00 0.000000000000e+00
8080 2.720785265014e-01 0.000000000000e+00 0.000000000000e+00
8081 2.721122036306e-01 0.000000000000e+00 0.000000000000e+00
8082 2.721458807597e-01 0.000000000000e+00 0.000000000000e+00
8083 2.721795578889e-01 0.000000000000e+00 0.000000000000e+00
8084 2.722132350180e-01 0.000000000000e+00 0.000000000000e+00
8085 2.722469121472e-01 0.000000000000e+00 0.000000000000e+00
8086 2.722805892764e-01 0.000000000000e+00 0.000000000000e+00
8087 2.723142664055e-01 0.000000000000e+00 0.000000000000e+00
8088 2.723479435347e-01 0.000000000000e+00 0.000000000000e+00
8089 2.723816206639e-01 0.000000000000e+00 0.000000000000e+00
8090 2.724152977930e-01 0.000000000000e+00 0.000000000000e+00
8091 2.724489749222e-01 0.000000000000e+00 0.000000000000e+00
8092 2.724826520513e-01 0.000000000000e+00 0.000000000000e+00
8093 2.725163291805e-01 0.000000000000e+00 0.000000000000e+00
8094 2.725500063097e-01 0.000000000000e+00 0.000000000000e+00
8095 2.725836834388e-01 0.000000000000e+00 0.000000000000e+00
8096 2.726173605680e-01 0.000000000000e+00 0.000000000000e+00
8097 2.726510376972e-01 0.000000000000e+00 0.000000000000e+00
8098 2.726847148263e-01 0.000000000000e+00 0.000000000000e+00
8099 2.727183919555e-01 0.000000000000e+00 0.000000000000e+00
8100 2.727520690846e-01 0.000000000000e+00 0.000000000000e+00
8101 2.727857462138e-01 0.000000000000e+00 0.000000000000e+00
8102 2.728194233430e-01 0.000000000000e+00 0.000000000000e+00
8103 2.728531004721e-01 0.000000000000e+00 0.000000000000e+00
8104 2.728867776013e-01 0.000000000000e+00 0.000000000000e+00
8105 2.729204547304e-01 0.000000000000e+00 0.000000000000e+00
8106 2.729541318596e-01 0.000000000000e+00 0.000000000000e+00
8107 2.729878089888e-01 0.000000000000e+00 0.000000000000e+00
8108 2.730214861179e-01 0.000000000000e+00 0.000000000000e+00
8109 2.730551632471e-01 0.000000000000e+00 0.000000000000e+00
8110 2.730888403763e-01 0.000000000000e+00 0.000000000000e+00
8111 2.731225175054e-01 0.000000000000e+00 0.000000000000e+00
8112 2.731561946346e-01 0.000000000000e+00 0.000000000000e+00
8113 2.731898717637e-01 0.000000000000e+00 0.000000000000e+00
8114 2.732235488929e-01 0.000000000000e+00 0.000000000000e+00
8115 2.732572260221e-01 0.000000000000e+00 0.000000000000e+00
8116 2.732909031512e-01 0.000000000000e+00 0.000000000000e+00
8117 2.733245802804e-01 0.000000000000e+00 0.000000000000e+00
8118 2.733582574096e-01 0.000000000000e+00 0.000000000000e+00
8119 2.733919345387e-01 0.000000000000e+00 0.000000000000e+00
8120 2.734256116679e-01 0.000000000000e+00 0.000000000000e+00
8121 2.734592887970e-01 0.000000000000e+00 0.000000000000e+00
8122 2.734929659262e-01 0.000000000000e+00 0.000000000000e+00
8123 2.735266430554e-01 0.000000000000e+00 0.000000000000e+00
8124 2.735603201845e-01 0.000000000000e+00 0.000000000000e+00
8125 2.735939973137e-01 0.000000000000e+00 0.000000000000e+00
8126 2.736276744429e-01 0.000000000000e+00 0.000000000000e+00
8127 2.736613515720e-01 0.000000000000e+00 0.000000000000e+00
8128 2.736950287012e-01 0.000000000000e+00 0.000000000000e+00
8129 2.737287058303e-01 0.000000000000e+00 0.000000000000e+00
8130 2.737623829595e-01 0.000000000000e+00 0.000000000000e+00
8131 2.737960600887e-01 0.000000000000e+00 0.000000000000e+00
8132 2.738297372178e-01 0.000000000000e+00 0.000000000000e+00
8133 2.738634143470e-01 0.000000000000e+00 0.000000000000e+00
8134 2.738970914762e-01 0.000000000000e+00 0.000000000000e+00
8135 2.739307686053e-01 0.000000000000e+00 0.000000000000e+00
8136 2.739644457345e-01 0.000000000000e+00 0.000000000000e+00
8137 2.739981228636e-01 0.000000000000e+00 0.000000000000e+00
8138 2.740317999928e-01 0.000000000000e+00 0.000000000000e+00
8139 2.740654771220e-01 0.000000000000e+00 0.000000000000e+00
8140 2.740991542511e-01 0.000000000000e+00 0.000000000000e+00
8141 2.741328313803e-01 0.000000000000e+00 0.000000000000e+00
8142 2.741665085094e-01 0.000000000000e+00 0.000000000000e+00
8143 2.742001856386e-01 0.000000000000e+00 0.000000000000e+00
8144 2.742338627678e-01 0.000000000000e+00 0.000000000000e+00
8145 2.742675398969e-01 0.000000000000e+00 0.000000000000e+00
8146 2.743012170261e-01 0.000000000000e+00 0.000000000000e+00
8147 2.743348941553e-01 0.000000000000e+00 0.000000000000e+00
8148 2.743685712844e-01 0.000000000000e+00 0.000000000000e+00
8149 2.744022484136e-01 0.000000000000e+00 0.000000000000e+00
8150 2.744359255427e-01 0.000000000000e+00 0.000000000000e+00
8151 2.744696026719e-01 0.000000000000e+00 0.000000000000e+00
8152 2.745032798011e-01 0.000000000000e+00 0.000000000000e+00
8153 2.745369569302e-01 0.000000000000e+00 0.000000000000e+00
8154 2.745706340594e-01 0.000000000000e+00 0.000000000000e+00
8155 2.746043111886e-01 0.000000000000e+00 0.000000000000e+00
8156 2.746379883177e-01 0.000000000000e+00 0.000000000000e+00
8157 2.746716654469e-01 0.000000000000e+00 0.000000000000e+00
8158 2.747053425760e-01 0.000000000000e+00 0.000000000000e+00
8159 2.747390197052e-01 0.000000000000e+00 0.000000000000e+00
8160 2.747726968344e-01 0.000000000000e+00 0.000000000000e+00
8161 2.748063739635e-01 0.000000000000e+00 0.000000000000e+00
8162 2.748400510927e-01 0.000000000000e+00 0.000000000000e+00
8163 2.748737282219e-01 0.000000000000e+00 0.000000000000e+00
8164 2.749074053510e-01 0.000000000000e+00 0.000000000000e+00
8165 2.749410824802e-01 0.000000000000e+00 0.000000000000e+00
8166 2.749747596093e-01 0.000000000000e+00 0.000000000000e+00
8167 2.750084367385e-01 0.000000000000e+00 0.000000000000e+00
8168 2.750421138677e-01 0.000000000000e+00 0.000000000000e+00
8169 2.750757909968e-01 0.000000000000e+00 0.000000000000e+00
8170 2.751094681260e-01 0.000000000000e+00 0.000000000000e+00
8171 2.751431452552e-01 0.000000000000e+00 0.000000000000e+00
8172 2.751768223843e-01 0.000000000000e+00 0.000000000000e+00
8173 2.752104995135e-01 0.000000000000e+00 0.000000000000e+00
8174 2.752441766426e-01 0.000000000000e+00 0.000000000000e+00
8175 2.752778537718e-01 0.000000000000e+00 0.000000000000e+00
8176 2.753115309010e-01 0.000000000000e+00 0.000000000000e+00
8177 2.753452080301e-01 0.000000000000e+00 0.000000000000e+00
8178 2.753788851593e-01 0.000000000000e+00 0.000000000000e+00
8179 2.754125622885e-01 0.000000000000e+00 0.000000000000e+00
8180 2.754462394176e-01 0.000000000000e+00 0.000000000000e+00
8181 2.754799165468e-01 0.000000000000e+00 0.000000000000e+00
8182 2.755135936759e-01 0.000000000000e+00 0.000000000000e+00
8183 2.755472708051e-01 0.000000000000e+00 0.000000000000e+00
8184 2.755809479343e-01 0.000000000000e+00 0.000000000000e+00
8185 2.756146250634e-01 0.000000000000e+00 0.000000000000e+00
8186 2.756483021926e-01 0.000000000000e+00 0.000000000000e+00
8187 2.756819793217e-01 0.000000000000e+00 0.000000000000e+00
8188 2.757156564509e-01 0.000000000000e+00 0.000000000000e+00
8189 2.757493335801e-01 0.000000000000e+00 0.000000000000e+00
8190 2.757830107092e-01 0.000000000000e+00 0.000000000000e+00
8191 2.758166878384e-01 0.000000000000e+00 0.000000000000e+00
8192 2.758503649676e-01 0.000000000000e+00 0.000000000000e+00
8193 2.758840420967e-01 0.000000000000e+00 0.000000000000e+00
8194 2.759177192259e-01 0.000000000000e+00 0.000000000000e+00
8195 2.759513963550e-01 0.000000000000e+00 0.000000000000e+00
8196 2.759850734842e-01 0.000000000000e+00 0.000000000000e+00
8197 2.760187506134e-01 0.000000000000e+00 0.000000000000e+00
8198 2.760524277425e-01 0.000000000000e+00 0.000000000000e+00
8199 2.760861048717e-01 0.000000000000e+00 0.000000000000e+00
8200 2.761197820009e-01 0.000000000000e+00 0.000000000000e+00
8201 2.761534591300e-01 0.000000000000e+00 0.000000000000e+00
8202 2.761871362592e-01 0.000000000000e+00 0.000000000000e+00
8203 2.762208133883e-01 0.000000000000e+00 0.000000000000e+00
8204 2.762544905175e-01 0.000000000000e+00 0.000000000000e+00
8205 2.762881676467e-01 0.000000000000e+00 0.000000000000e+00
8206 2.763218447758e-01 0.000000000000e+00 0.000000000000e+00
8207 2.763555219050e-01 0.000000000000e+00 0.000000000000e+00
8208 2.763891990342e-01 0.000000000000e+00 0.000000000000e+00
8209 2.764228761633e-01 0.000000000000e+00 0.000000000000e+00
8210 2.764565532925e-01 0.000000000000e+00 0.000000000000e+00
8211 2.764902304216e-01 0.000000000000e+00 0.000000000000e+00
8212 2.765239075508e-01 0.000000000000e+00 0.000000000000e+00
8213 2.765575846800e-01 0.000000000000e+00 0.000000000000e+00
8214 2.765912618091e-01 0.000000000000e+00 0.000000000000e+00
8215 2.766249389383e-01 0.000000000000e+00 0.000000000000e+00
8216 2.766586160675e-01 0.000000000000e+00 0.000000000000e+00
8217 2.766922931966e-01 0.000000000000e+00 0.000000000000e+00
8218 2.767259703258e-01 0.000000000000e+00 0.000000000000e+00
8219 2.767596474549e-01 0.000000000000e+00 0.000000000000e+00
8220 2.767933245841e-01 0.000000000000e+00 0.000000000000e+00
8221 2.768270017133e-01 0.000000000000e+00 0.000000000000e+00
8222 2.768606788424e-01 0.000000000000e+00 0.000000000000e+00
8223 2.768943559716e-01 0.000000000000e+00 0.000000000000e+00
8224 2.769280331007e-01 0.000000000000e+00 0.000000000000e+00
8225 2.769617102299e-01 0.000000000000e+00 0.000000000000e+00
8226 2.769953873591e-01 0.000000000000e+00 0.000000000000e+00
8227 2.770290644882e-01 0.000000000000e+00 0.000000000000e+00
8228 2.770627416174e-01 0.000000000000e+00 0.000000000000e+00
8229 2.770964187466e-01 0.000000000000e+00 0.000000000000e+00
8230 2.771300958757e-01 0.000000000000e+00 0.000000000000e+00
8231 2.771637730049e-01 0.000000000000e+00 0.000000000000e+00
8232 2.771974501340e-01 0.000000000000e+00 0.000000000000e+00
8233 2.772311272632e-01 0.000000000000e+00 0.000000000000e+00
8234 2.772648043924e-01 0.000000000000e+00 0.000000000000e+00
8235 2.772984815215e-01 0.000000000000e+00 0.000000000000e+00
8236 2.773321586507e-01 0.000000000000e+00 0.000000000000e+00
8237 2.773658357799e-01 0.000000000000e+00 0.000000000000e+00
8238 2.773995129090e-01 0.000000000000e+00 0.000000000000e+00
8239 2.774331900382e-01 0.000000000000e+00 0.000000000000e+00
8240 2.774668671673e-01 0.000000000000e+00 0.000000000000e+00
8241 2.775005442965e-01 0.000000000000e+00 0.000000000000e+00
8242 2.775342214257e-01 0.000000000000e+00 0.000000000000e+00
8243 2.775678985548e-01 0.000000000000e+00 0.000000000000e+00
8244 2.776015756840e-01 0.000000000000e+00 0.000000000000e+00
8245 2.776352528132e-01 0.000000000000e+00 0.000000000000e+00
8246 2.776689299423e-01 0.000000000000e+00 0.000000000000e+00
8247 2.777026070715e-01 0.000000000000e+00 0.000000000000e+00
8248 2.777362842006e-01 0.000000000000e+00 0.000000000000e+00
8249 2.777699613298e-01 0.000000000000e+00 0.000000000000e+00
8250 2.778036384590e-01 0.000000000000e+00 0.000000000000e+00
8251 2.778373155881e-01 0.000000000000e+00 0.000000000000e+00
8252 2.778709927173e-01 0.000000000000e+00 0.000000000000e+00
8253 2.779046698465e-01 0.000000000000e+00 0.000000000000e+00
8254 2.779383469756e-01 0.000000000000e+00 0.000000000000e+00
8255 2.779720241048e-01 0.000000000000e+00 0.000000000000e+00
8256 2.780057012339e-01 0.000000000000e+00 0.000000000000e+00
8257 2.780393783631e-01 0.000000000000e+00 0.000000000000e+00
8258 2.780730554923e-01 0.000000000000e+00 0.000000000000e+00
8259 2.781067326214e-01 0.000000000000e+00 0.000000000000e+00
8260 2.781404097506e-01 0.000000000000e+00 0.000000000000e+00
8261 2.781740868798e-01 0.000000000000e+00 0.000000000000e+00
8262 2.782077640089e-01 0.000000000000e+00 0.000000000000e+00
8263 2.782414411381e-01 0.000000000000e+00 0.000000000000e+00
8264 2.782751182672e-01 0.000000000000e+00 0.000000000000e+00
8265 2.783087953964e-01 0.000000000000e+00 0.000000000000e+00
8266 2.783424725256e-01 0.000000000000e+00 0.000000000000e+00
8267 2.783761496547e-01 0.000000000000e+00 0.000000000000e+00
8268 2.784098267839e-01 0.000000000000e+00 0.000000000000e+00
8269 2.784435039130e-01 0.000000000000e+00 0.000000000000e+00
8270 2.784771810422e-01 0.000000000000e+00 0.000000000000e+00
8271 2.785108581714e-01 0.000000000000e+00 0.000000000000e+00
8272 2.785445353005e-01 0.000000000000e+00 0.000000000000e+00
8273 2.785782124297e-01 0.000000000000e+00 0.000000000000e+00
8274 2.786118895589e-01 0.000000000000e+00 0.000000000000e+00
8275 2.786455666880e-01 0.000000000000e+00 0.000000000000e+00
8276 2.786792438172e-01 0.000000000000e+00 0.000000000000e+00
8277 2.787129209463e-01 0.000000000000e+00 0.000000000000e+00
8278 2.787465980755e-01 0.000000000000e+00 0.000000000000e+00
8279 2.787802752047e-01 0.000000000000e+00 0.000000000000e+00
8280 2.788139523338e-01 0.000000000000e+00 0.000000000000e+00
8281 2.788476294630e-01 0.000000000000e+00 0.000000000000e+00
8282 2.788813065922e-01 0.000000000000e+00 0.000000000000e+00
8283 2.789149837213e-01 0.000000000000e+00 0.000000000000e+00
8284 2.789486608505e-01 0.000000000000e+00 0.000000000000e+00
8285 2.789823379796e-01 0.000000000000e+00 0.000000000000e+00
8286 2.790160151088e-01 0.000000000000e+00 0.000000000000e+00
8287 2.790496922380e-01 0.000000000000e+00 0.000000000000e+00
8288 2.790833693671e-01 0.000000000000e+00 0.000000000000e+00
8289 2.791170464963e-01 0.000000000000e+00 0.000000000000e+00
8290 2.791507236255e-01 0.000000000000e+00 0.000000000000e+00
8291 2.791844007546e-01 0.000000000000e+00 0.000000000000e+00
8292 2.792180778838e-01 0.000000000000e+00 0.000000000000e+00
8293 2.792517550129e-01 0.000000000000e+00 0.000000000000e+00
8294 2.792854321421e-01 0.000000000000e+00 0.000000000000e+00
8295 2.793191092713e-01 0.000000000000e+00 0.000000000000e+00
8296 2.793527864004e-01 0.000000000000e+00 0.000000000000e+00
8297 2.793864635296e-01 0.000000000000e+00 0.000000000000e+00
8298 2.794201406588e-01 0.000000000000e+00 0.000000000000e+00
8299 2.794538177879e-01 0.000000000000e+00 0.000000000000e+00
8300 2.794874949171e-01 0.000000000000e+00 0.000000000000e+00
8301 2.795211720462e-01 0.000000000000e+00 0.000000000000e+00
8302 2.795548491754e-01 0.000000000000e+00 0.000000000000e+00
8303 2.795885263046e-01 0.000000000000e+00 0.000000000000e+00
8304 2.796222034337e-01 0.000000000000e+00 0.000000000000e+00
8305 2.796558805629e-01 0.000000000000e+00 0.000000000000e+00
8306 2.796895576920e-01 0.000000000000e+00 0.000000000000e+00
8307 2.797232348212e-01 0.000000000000e+00 0.000000000000e+00
8308 2.797569119504e-01 0.000000000000e+00 0.000000000000e+00
8309 2.797905890795e-01 0.000000000000e+00 0.000000000000e+00
8310 2.798242662087e-01 0.000000000000e+00 0.000000000000e+00
8311 2.798579433379e-01 0.000000000000e+00 0.000000000000e+00
8312 2.798916204670e-01 0.000000000000e+00 0.000000000000e+00
8313 2.799252975962e-01 0.000000000000e+00 0.000000000000e+00
8314 2.799589747253e-01 0.000000000000e+00 0.000000000000e+00
8315 2.799926518545e-01 0.000000000000e+00 0.000000000000e+00
8316 2.800263289837e-01 0.000000000000e+00 0.000000000000e+00
8317 2.800600061128e-01 0.000000000000e+00 0.000000000000e+00
8318 2.800936832420e-01 0.000000000000e+00 0.000000000000e+00
8319 2.801273603712e-01 0.000000000000e+00 0.000000000000e+00
8320 2.801610375003e-01 0.000000000000e+00 0.000000000000e+00
8321 2.801947146295e-01 0.000000000000e+00 0.000000000000e+00
8322 2.802283917586e-01 0.000000000000e+00 0.000000000000e+00
8323 2.802620688878e-01 0.000000000000e+00 0.000000000000e+00
8324 2.802957460170e-01 0.000000000000e+00 0.000000000000e+00
8325 2.803294231461e-01 0.000000000000e+00 0.000000000000e+00
8326 2.803631002753e-01 0.000000000000e+00 0.000000000000e+00
8327 2.803967774045e-01 0.000000000000e+00 0.000000000000e+00
8328 2.804304545336e-01 0.000000000000e+00 0.000000000000e+00
8329 2.804641316628e-01 0.000000000000e+00 0.000000000000e+00
8330 2.804978087919e-01 0.000000000000e+00 0.000000000000e+00
8331 2.805314859211e-01 0.000000000000e+00 0.000000000000e+00
8332 2.805651630503e-01 0.000000000000e+00 0.000000000000e+00
8333 2.805988401794e-01 0.000000000000e+00 0.000000000000e+00
8334 2.806325173086e-01 0.000000000000e+00 0.000000000000e+00
8335 2.806661944378e-01 0.000000000000e+00 0.000000000000e+00
8336 2.806998715669e-01 0.000000000000e+00 0.000000000000e+00
8337 2.807335486961e-01 0.000000000000e+00 0.000000000000e+00
8338 2.807672258252e-01 0.000000000000e+00 0.000000000000e+00
8339 2.808009029544e-01 0.000000000000e+00 0.000000000000e+00
8340 2.808345800836e-01 0.000000000000e+00 0.000000000000e+00
8341 2.808682572127e-01 0.000000000000e+00 0.000000000000e+00
8342 2.809019343419e-01 0.000000000000e+00 0.000000000000e+00
8343 2.809356114711e-01 0.000000000000e+00 0.000000000000e+00
8344 2.809692886002e-01 0.000000000000e+00 0.000000000000e+00
8345 2.810029657294e-01 0.000000000000e+00 0.000000000000e+00
8346 2.810366428585e-01 0.000000000000e+00 0.000000000000e+00
8347 2.810703199877e-01 0.000000000000e+00 0.000000000000e+00
8348 2.811039971169e-01 0.000000000000e+00 0.000000000000e+00
8349 2.811376742460e-01 0.000000000000e+00 0.000000000000e+00
8350 2.811713513752e-01 0.000000000000e+00 0.000000000000e+00
8351 2.812050285043e-01 0.000000000000e+00 0.000000000000e+00
8352 2.812387056335e-01 0.000000000000e+00 0.000000000000e+00
8353 2.812723827627e-01 0.000000000000e+00 0.000000000000e+00
8354 2.813060598918e-01 0.000000000000e+00 0.000000000000e+00
8355 2.813397370210e-01 0.000000000000e+00 0.000000000000e+00
8356 2.813734141502e-01 0.000000000000e+00 0.000000000000e+00
8357 2.814070912793e-01 0.000000000000e+00 0.000000000000e+00
8358 2.814407684085e-01 0.000000000000e+00 0.000000000000e+00
8359 2.814744455376e-01 0.000000000000e+00 0.000000000000e+00
8360 2.815081226668e-01 0.000000000000e+00 0.000000000000e+00
8361 2.815417997960e-01 0.000000000000e+00 0.000000000000e+00
8362 2.815754769251e-01 0.000000000000e+00 0.000000000000e+00
8363 2.816091540543e-01 0.000000000000e+00 0.000000000000e+00
8364 2.816428311835e-01 0.000000000000e+00 0.000000000000e+00
8365 2.816765083126e-01 0.000000000000e+00 0.000000000000e+00
8366 2.817101854418e-01 0.000000000000e+00 0.000000000000e+00
8367 2.817438625709e-01 0.000000000000e+00 0.000000000000e+00
8368 2.817775397001e-01 0.000000000000e+00 0.000000000000e+00
8369 2.818112168293e-01 0.000000000000e+00 0.000000000000e+00
8370 2.818448939584e-01 0.000000000000e+00 0.000000000000e+00
8371 2.818785710876e-01 0.000000000000e+00 0.000000000000e+00
8372 2.819122482168e-01 0.000000000000e+00 0.000000000000e+00
8373 2.819459253459e-01 0.000000000000e+00 0.000000000000e+00
8374 2.819796024751e-01 0.000000000000e+00 0.000000000000e+00
8375 2.820132796042e-01 0.000000000000e+00 0.000000000000e+00
8376 2.820469567334e-01 0.000000000000e+00 0.000000000000e+00
8377 2.820806338626e-01 0.000000000000e+00 0.000000000000e+00
8378 2.821143109917e-01 0.000000000000e+00 0.000000000000e+00
8379 2.821479881209e-01 0.000000000000e+00 0.000000000000e+00
8380 2.821816652501e-01 0.000000000000e+00 0.000000000000e+00
8381 2.822153423792e-01 0.000000000000e+00 0.000000000000e+00
8382 2.822490195084e-01 0.000000000000e+00 0.000000000000e+00
8383 2.822826966375e-01 0.000000000000e+00 0.000000000000e+00
8384 2.823163737667e-01 0.000000000000e+00 0.000000000000e+00
8385 2.823500508959e-01 0.000000000000e+00 0.000000000000e+00
8386 2.823837280250e-01 0.000000000000e+00 0.000000000000e+00
8387 2.824174051542e-01 0.000000000000e+00 0.000000000000e+00
8388 2.824510822833e-01 0.000000000000e+00 0.000000000000e+00
8389 2.824847594125e-01 0.000000000000e+00 0.000000000000e+00
8390 2.825184365417e-01 0.000000000000e+00 0.000000000000e+00
8391 2.825521136708e-01 0.000000000000e+00 0.000000000000e+00
8392 2.825857908000e-01 0.000000000000e+00 0.000000000000e+00
8393 2.826194679292e-01 0.000000000000e+00 0.000000000000e+00
8394 2.826531450583e-01 0.000000000000e+00 0.000000000000e+00
8395 2.826868221875e-01 0.000000000000e+00 0.000000000000e+00
8396 2.827204993166e-01 0.000000000000e+00 0.000000000000e+00
8397 2.827541764458e-01 0.000000000000e+00 0.000000000000e+00
8398 2.827878535750e-01 0.000000000000e+00 0.000000000000e+00
8399 2.828215307041e-01 0.000000000000e+00 0.000000000000e+00
8400 2.828552078333e-01 0.000000000000e+00 0.000000000000e+00
8401 2.828888849625e-01 0.000000000000e+00 0.000000000000e+00
8402 2.829225620916e-01 0.000000000000e+00 0.000000000000e+00
8403 2.829562392208e-01 0.000000000000e+00 0.000000000000e+00
8404 2.829899163499e-01 0.000000000000e+00 0.000000000000e+00
8405 2.830235934791e-01 0.000000000000e+00 0.000000000000e+00
8406 2.830572706083e-01 0.000000000000e+00 0.000000000000e+00
8407 2.830909477374e-01 0.000000000000e+00 0.000000000000e+00
8408 2.831246248666e-01 0.000000000000e+00 0.000000000000e+00
8409 2.831583019958e-01 0.000000000000e+00 0.000000000000e+00
8410 2.831919791249e-01 0.000000000000e+00 0.000000000000e+00
8411 2.832256562541e-01 0.000000000000e+00 0.000000000000e+00
8412 2.832593333832e-01 0.000000000000e+00 0.000000000000e+00
8413 2.832930105124e-01 0.000000000000e+00 0.000000000000e+00
8414 2.833266876416e-01 0.000000000000e+00 0.000000000000e+00
8415 2.833603647707e-01 0.000000000000e+00 0.000000000000e+00
8416 2.833940418999e-01 0.000000000000e+00 0.000000000000e+00
8417 2.834277190291e-01 0.000000000000e+00 0.000000000000e+00
8418 2.834613961582e-01 0.000000000000e+00 0.000000000000e+00
8419 2.834950732874e-01 0.000000000000e+00 0.000000000000e+00
8420 2.835287504165e-01 0.000000000000e+00 0.000000000000e+00
8421 2.835624275457e-01 0.000000000000e+00 0.000000000000e+00
8422 2.835961046749e-01 0.000000000000e+00 0.000000000000e+00
8423 2.836297818040e-01 0.000000000000e+00 0.000000000000e+00
8424 2.836634589332e-01 0.000000000000e+00 0.000000000000e+00
8425 2.836971360624e-01 0.000000000000e+00 0.000000000000e+00
8426 2.837308131915e-01 0.000000000000e+00 0.000000000000e+00
8427 2.837644903207e-01 0.000000000000e+00 0.000000000000e+00
8428 2.837981674498e-01 0.000000000000e+00 0.000000000000e+00
8429 2.838318445790e-01 0.000000000000e+00 0.000000000000e+00
8430 2.838655217082e-01 0.000000000000e+00 0.000000000000e+00
8431 2.838991988373e-01 0.000000000000e+00 0.000000000000e+00
8432 2.839328759665e-01 0.000000000000e+00 0.000000000000e+00
8433 2.839665530956e-01 0.000000000000e+00 0.000000000000e+00
8434 2.840002302248e-01 0.000000000000e+00 0.000000000000e+00
8435 2.840339073540e-01 0.000000000000e+00 0.000000000000e+00
8436 2.840675844831e-01 0.000000000000e+00 0.000000000000e+00
8437 2.841012616123e-01 0.000000000000e+00 0.000000000000e+00
8438 2.841349387415e-01 0.000000000000e+00 0.000000000000e+00
8439 2.841686158706e-01 0.000000000000e+00 0.000000000000e+00
8440 2.842022929998e-01 0.000000000000e+00 0.000000000000e+00
8441 2.842359701289e-01 0.000000000000e+00 0.000000000000e+00
8442 2.842696472581e-01 0.000000000000e+00 0.000000000000e+00
8443 2.843033243873e-01 0.000000000000e+00 0.000000000000e+00
8444 2.843370015164e-01 0.000000000000e+00 0.000000000000e+00
8445 2.843706786456e-01 0.000000000000e+00 0.000000000000e+00
8446 2.844043557748e-01 0.000000000000e+00 0.000000000000e+00
8447 2.844380329039e-01 0.000000000000e+00 0.000000000000e+00
8448 2.844717100331e-01 0.000000000000e+00 0.000000000000e+00
8449 2.845053871622e-01 0.000000000000e+00 0.000000000000e+00
8450 2.845390642914e-01 0.000000000000e+00 0.000000000000e+00
8451 2.845727414206e-01 0.000000000000e+00 0.000000000000e+00
8452 2.846064185497e-01 0.000000000000e+00 0.000000000000e+00
8453 2.846400956789e-01 0.000000000000e+00 0.000000000000e+00
8454 2.846737728081e-01 0.000000000000e+00 0.000000000000e+00
8455 2.847074499372e-01 0.000000000000e+00 0.000000000000e+00
8456 2.847411270664e-01 0.000000000000e+00 0.000000000000e+00
8457 2.847748041955e-01 0.000000000000e+00 0.000000000000e+00
8458 2.848084813247e-01 0.000000000000e+00 0.000000000000e+00
8459 2.848421584539e-01 0.000000000000e+00 0.000000000000e+00
8460 2.848758355830e-01 0.000000000000e+00 0.000000000000e+00
8461 2.849095127122e-01 0.000000000000e+00 0.000000000000e+00
8462 2.849431898414e-01 0.000000000000e+00 0.000000000000e+00
8463 2.849768669705e-01 0.000000000000e+00 0.000000000000e+00
8464 2.850105440997e-01 0.000000000000e+00 0.000000000000e+00
8465 2.850442212288e-01 0.000000000000e+00 0.000000000000e+00
8466 2.850778983580e-01 0.000000000000e+00 0.000000000000e+00
8467 2.851115754872e-01 0.000000000000e+00 0.000000000000e+00
8468 2.851452526163e-01 0.000000000000e+00 0.000000000000e+00
8469 2.851789297455e-01 0.000000000000e+00 0.000000000000e+00
8470 2.852126068746e-01 0.000000000000e+00 0.000000000000e+00
8471 2.852462840038e-01 0.000000000000e+00 0.000000000000e+00
8472 2.852799611330e-01 0.000000000000e+00 0.000000000000e+00
8473 2.853136382621e-01 0.000000000000e+00 0.000000000000e+00
8474 2.853473153913e-01 0.000000000000e+00 0.000000000000e+00
8475 2.853809925205e-01 0.000000000000e+00 0.000000000000e+00
8476 2.854146696496e-01 0.000000000000e+00 0.000000000000e+00
8477 2.854483467788e-01 0.000000000000e+00 0.000000000000e+00
8478 2.854820239079e-01 0.000000000000e+00 0.000000000000e+00
8479 2.855157010371e-01 0.000000000000e+00 0.000000000000e+00
8480 2.855493781663e-01 0.000000000000e+00 0.000000000000e+00
8481 2.855830552954e-01 0.000000000000e+00 0.000000000000e+00
8482 2.856167324246e-01 0.000000000000e+00 0.000000000000e+00
8483 2.856504095538e-01 0.000000000000e+00 0.000000000000e+00
8484 2.856840866829e-01 0.000000000000e+00 0.000000000000e+00
8485 2.857177638121e-01 0.000000000000e+00 0.000000000000e+00
8486 2.857514409412e-01 0.000000000000e+00 0.000000000000e+00
8487 2.857851180704e-01 0.000000000000e+00 0.000000000000e+00
8488 2.858187951996e-01 0.000000000000e+00 0.000000000000e+00
8489 2.858524723287e-01 0.000000000000e+00 0.000000000000e+00
8490 2.858861494579e-01 0.000000000000e+00 0.000000000000e+00
8491 2.859198265871e-01 0.000000000000e+00 0.000000000000e+00
8492 2.859535037162e-01 0.000000000000e+00 0.000000000000e+00
8493 2.859871808454e-01 0.000000000000e+00 0.000000000000e+00
8494 2.860208579745e-01 0.000000000000e+00 0.000000000000e+00
8495 2.860545351037e-01 0.000000000000e+00 0.000000000000e+00
8496 2.860882122329e-01 0.000000000000e+00 0.000000000000e+00
8497 2.861218893620e-01 0.000000000000e+00 0.000000000000e+00
8498 2.861555664912e-01 0.000000000000e+00 0.000000000000e+00
8499 2.861892436204e-01 0.000000000000e+00 0.000000000000e+00
8500 2.862229207495e-01 0.000000000000e+00 0.000000000000e+00
8501 2.862565978787e-01 0.000000000000e+00 0.000000000000e+00
8502 2.862902750078e-01 0.000000000000e+00 0.000000000000e+00
8503 2.863239521370e-01 0.000000000000e+00 0.000000000000e+00
8504 2.863576292662e-01 0.000000000000e+00 0.000000000000e+00
8505 2.863913063953e-01 0.000000000000e+00 0.000000000000e+00
8506 2.864249835245e-01 0.000000000000e+00 0.000000000000e+00
8507 2.864586606537e-01 0.000000000000e+00 0.000000000000e+00
8508 2.864923377828e-01 0.000000000000e+00 0.000000000000e+00
8509 2.865260149120e-01 0.000000000000e+00 0.000000000000e+00
8510 2.865596920411e-01 0.000000000000e+00 0.000000000000e+00
8511 2.865933691703e-01 0.000000000000e+00 0.000000000000e+00
8512 2.866270462995e-01 0.000000000000e+00 0.000000000000e+00
8513 2.866607234286e-01 0.000000000000e+00 0.000000000000e+00
8514 2.866944005578e-01 0.000000000000e+00 0.000000000000e+00
8515 2.867280776869e-01 0.000000000000e+00 0.000000000000e+00
8516 2.867617548161e-01 0.000000000000e+00 0.000000000000e+00
8517 2.867954319453e-01 0.000000000000e+00 0.000000000000e+00
8518 2.868291090744e-01 0.000000000000e+00 0.000000000000e+00
8519 2.868627862036e-01 0.000000000000e+00 0.000000000000e+00
8520 2.868964633328e-01 0.000000000000e+00 0.000000000000e+00
8521 2.869301404619e-01 0.000000000000e+00 0.000000000000e+00
8522 2.869638175911e-01 0.000000000000e+00 0.000000000000e+00
8523 2.869974947202e-01 0.000000000000e+00 0.000000000000e+00
8524 2.870311718494e-01 0.000000000000e+00 0.000000000000e+00
8525 2.870648489786e-01 0.000000000000e+00 0.000000000000e+00
8526 2.870985261077e-01 0.000000000000e+00 0.000000000000e+00
8527 2.871322032369e-01 0.000000000000e+00 0.000000000000e+00
8528 2.871658803661e-01 0.000000000000e+00 0.000000000000e+00
8529 2.871995574952e-01 0.000000000000e+00 0.000000000000e+00
8530 2.872332346244e-01 0.000000000000e+00 0.000000000000e+00
8531 2.872669117535e-01 0.000000000000e+00 0.000000000000e+00
8532 2.873005888827e-01 0.000000000000e+00 0.000000000000e+00
8533 2.873342660119e-01 0.000000000000e+00 0.000000000000e+00
8534 2.873679431410e-01 0.000000000000e+00 0.000000000000e+00
8535 2.874016202702e-01 0.000000000000e+00 0.000000000000e+00
8536 2.874352973994e-01 0.000000000000e+00 0.000000000000e+00
8537 2.874689745285e-01 0.000000000000e+00 0.000000000000e+00
8538 2.875026516577e-01 0.000000000000e+00 0.000000000000e+00
8539 2.875363287868e-01 0.000000000000e+00 0.000000000000e+00
8540 2.875700059160e-01 0.000000000000e+00 0.000000000000e+00
8541 2.876036830452e-01 0.000000000000e+00 0.000000000000e+00
8542 2.876373601743e-01 0.000000000000e+00 0.000000000000e+00
8543 2.876710373035e-01 0.000000000000e+00 0.000000000000e+00
8544 2.877047144327e-01 0.000000000000e+00 0.000000000000e+00
8545 2.877383915618e-01 0.000000000000e+00 0.000000000000e+00
8546 2.877720686910e-01 0.000000000000e+00 0.000000000000e+00
8547 2.878057458201e-01 0.000000000000e+00 0.000000000000e+00
8548 2.878394229493e-01 0.000000000000e+00 0.000000000000e+00
8549 2.878731000785e-01 0.000000000000e+00 0.000000000000e+00
8550 2.879067772076e-01 0.000000000000e+00 0.000000000000e+00
8551 2.879404543368e-01 0.000000000000e+00 0.000000000000e+00
8552 2.879741314660e-01 0.000000000000e+00 0.000000000000e+00
8553 2.880078085951e-01 0.000000000000e+00 0.000000000000e+00
8554 2.880414857243e-01 0.000000000000e+00 0.000000000000e+00
8555 2.880751628534e-01 0.000000000000e+00 0.000000000000e+00
8556 2.881088399826e-01 0.000000000000e+00 0.000000000000e+00
8557 2.881425171118e-01 0.000000000000e+00 0.000000000000e+00
8558 2.881761942409e-01 0.000000000000e+00 0.000000000000e+00
8559 2.882098713701e-01 0.000000000000e+00 0.000000000000e+00
8560 2.882435484992e-01 0.000000000000e+00 0.000000000000e+00
8561 2.882772256284e-01 0.000000000000e+00 0.000000000000e+00
8562 2.883109027576e-01 0.000000000000e+00 0.000000000000e+00
8563 2.883445798867e-01 0.000000000000e+00 0.000000000000e+00
8564 2.883782570159e-01 0.000000000000e+00 0.000000000000e+00
8565 2.884119341451e-01 0.000000000000e+00 0.000000000000e+00
8566 2.884456112742e-01 0.000000000000e+00 0.000000000000e+00
8567 2.884792884034e-01 0.000000000000e+00 0.000000000000e+00
8568 2.885129655325e-01 0.000000000000e+00 0.000000000000e+00
8569 2.885466426617e-01 0.000000000000e+00 0.000000000000e+00
8570 2.885803197909e-01 0.000000000000e+00 0.000000000000e+00
8571 2.886139969200e-01 0.000000000000e+00 0.000000000000e+00
8572 2.886476740492e-01 0.000000000000e+00 0.000000000000e+00
8573 2.886813511784e-01 0.000000000000e+00 0.000000000000e+00
8574 2.887150283075e-01 0.000000000000e+00 0.000000000000e+00
8575 2.887487054367e-01 0.000000000000e+00 0.000000000000e+00
8576 2.887823825658e-01 0.000000000000e+00 0.000000000000e+00
8577 2.888160596950e-01 0.000000000000e+00 0.000000000000e+00
8578 2.888497368242e-01 0.000000000000e+00 0.000000000000e+00
8579 2.888834139533e-01 0.000000000000e+00 0.000000000000e+00
8580 2.889170910825e-01 0.000000000000e+00 0.000000000000e+00
8581 2.889507682117e-01 0.000000000000e+00 0.000000000000e+00
8582 2.889844453408e-01 0.000000000000e+00 0.000000000000e+00
8583 2.890181224700e-01 0.000000000000e+00 0.000000000000e+00
8584 2.890517995991e-01 0.000000000000e+00 0.000000000000e+00
8585 2.890854767283e-01 0.000000000000e+00 0.000000000000e+00
8586 2.891191538575e-01 0.000000000000e+00 0.000000000000e+00
8587 2.891528309866e-01 0.000000000000e+00 0.000000000000e+00
8588 2.891865081158e-01 0.000000000000e+00 0.000000000000e+00
8589 2.892201852450e-01 0.000000000000e+00 0.000000000000e+00
8590 2.892538623741e-01 0.000000000000e+00 0.000000000000e+00
8591 2.892875395033e-01 0.000000000000e+00 0.000000000000e+00
8592 2.893212166324e-01 0.000000000000e+00 0.000000000000e+00
8593 2.893548937616e-01 0.000000000000e+00 0.000000000000e+00
8594 2.893885708908e-01 0.000000000000e+00 0.000000000000e+00
8595 2.894222480199e-01 0.000000000000e+00 0.000000000000e+00
8596 2.894559251491e-01 0.000000000000e+00 0.000000000000e+00
8597 2.894896022782e-01 0.000000000000e+00 0.000000000000e+00
8598 2.895232794074e-01 0.000000000000e+00 0.000000000000e+00
8599 2.895569565366e-01 0.000000000000e+00 0.000000000000e+00
8600 2.895906336657e-01 0.000000000000e+00 0.000000000000e+00
8601 2.896243107949e-01 0.000000000000e+00 0.000000000000e+00
8602 2.896579879241e-01 0.000000000000e+00 0.000000000000e+00
8603 2.896916650532e-01 0.000000000000e+00 0.000000000000e+00
8604 2.897253421824e-01 0.000000000000e+00 0.000000000000e+00
8605 2.897590193115e-01 0.000000000000e+00 0.000000000000e+00
8606 2.897926964407e-01 0.000000000000e+00 0.000000000000e+00
8607 2.898263735699e-01 0.000000000000e+00 0.000000000000e+00
8608 2.898600506990e-01 0.000000000000e+00 0.000000000000e+00
8609 2.898937278282e-01 0.000000000000e+00 0.000000000000e+00
8610 2.899274049574e-01 0.000000000000e+00 0.000000000000e+00
8611 2.899610820865e-01 0.000000000000e+00 0.000000000000e+00
8612 2.899947592157e-01 0.000000000000e+00 0.000000000000e+00
8613 2.900284363448e-01 0.000000000000e+00 0.000000000000e+00
8614 2.900621134740e-01 0.000000000000e+00 0.000000000000e+00
8615 2.900957906032e-01 0.000000000000e+00 0.000000000000e+00
8616 2.901294677323e-01 0.000000000000e+00 0.000000000000e+00
8617 2.901631448615e-01 0.000000000000e+00 0.000000000000e+00
8618 2.901968219907e-01 0.000000000000e+00 0.000000000000e+00
8619 2.902304991198e-01 0.000000000000e+00 0.000000000000e+00
8620 2.902641762490e-01 0.000000000000e+00 0.000000000000e+00
8621 2.902978533781e-01 0.000000000000e+00 0.000000000000e+00
8622 2.903315305073e-01 0.000000000000e+00 0.000000000000e+00
8623 2.903652076365e-01 0.000000000000e+00 0.000000000000e+00
8624 2.903988847656e-01 0.000000000000e+00 0.000000000000e+00
8625 2.904325618948e-01 0.000000000000e+00 0.000000000000e+00
8626 2.904662390240e-01 0.000000000000e+00 0.000000000000e+00
8627 2.904999161531e-01 0.000000000000e+00 0.000000000000e+00
8628 2.905335932823e-01 0.000000000000e+00 0.000000000000e+00
8629 2.905672704114e-01 0.000000000000e+00 0.000000000000e+00
8630 2.906009475406e-01 0.000000000000e+00 0.000000000000e+00
8631 2.906346246698e-01 0.000000000000e+00 0.000000000000e+00
8632 2.906683017989e-01 0.000000000000e+00 0.000000000000e+00
8633 2.907019789281e-01 0.000000000000e+00 0.000000000000e+00
8634 2.907356560573e-01 0.000000000000e+00 0.000000000000e+00
8635 2.907693331864e-01 0.000000000000e+00 0.000000000000e+00
8636 2.908030103156e-01 0.000000000000e+00 0.000000000000e+00
8637 2.908366874447e-01 0.000000000000e+00 0.000000000000e+00
8638 2.908703645739e-01 0.000000000000e+00 0.000000000000e+00
8639 2.909040417031e-01 0.000000000000e+00 0.000000000000e+00
8640 2.909377188322e-01 0.000000000000e+00 0.000000000000e+00
8641 2.909713959614e-01 0.000000000000e+00 0.000000000000e+00
8642 2.910050730905e-01 0.000000000000e+00 0.000000000000e+00
8643 2.910387502197e-01 0.000000000000e+00 0.000000000000e+00
8644 2.910724273489e-01 0.000000000000e+00 0.000000000000e+00
8645 2.911061044780e-01 0.000000000000e+00 0.000000000000e+00
8646 2.911397816072e-01 0.000000000000e+00 0.000000000000e+00
8647 2.911734587364e-01 0.000000000000e+00 0.000000000000e+00
8648 2.912071358655e-01 0.000000000000e+00 0.000000000000e+00
8649 2.912408129947e-01 0.000000000000e+00 0.000000000000e+00
8650 2.912744901238e-01 0.000000000000e+00 0.000000000000e+00
8651 2.913081672530e-01 0.000000000000e+00 0.000000000000e+00
8652 2.913418443822e-01 0.000000000000e+00 0.000000000000e+00
8653 2.913755215113e-01 0.000000000000e+00 0.000000000000e+00
8654 2.914091986405e-01 0.000000000000e+00 0.000000000000e+00
8655 2.914428757697e-01 0.000000000000e+00 0.000000000000e+00
8656 2.914765528988e-01 0.000000000000e+00 0.000000000000e+00
8657 2.915102300280e-01 0.000000000000e+00 0.000000000000e+00
8658 2.915439071571e-01 0.000000000000e+00 0.000000000000e+00
8659 2.915775842863e-01 0.000000000000e+00 0.000000000000e+00
8660 2.916112614155e-01 0.000000000000e+00 0.000000000000e+00
8661 2.916449385446e-01 0.000000000000e+00 0.000000000000e+00
8662 2.916786156738e-01 0.000000000000e+00 0.000000000000e+00
8663 2.917122928030e-01 0.000000000000e+00 0.000000000000e+00
8664 2.917459699321e-01 0.000000000000e+00 0.000000000000e+00
8665 2.917796470613e-01 0.000000000000e+00 0.000000000000e+00
8666 2.918133241904e-01 0.000000000000e+00 0.000000000000e+00
8667 2.918470013196e-01 0.000000000000e+00 0.000000000000e+00
8668 2.918806784488e-01 0.000000000000e+00 0.000000000000e+00
8669 2.919143555779e-01 0.000000000000e+00 0.000000000000e+00
8670 2.919480327071e-01 0.000000000000e+00 0.000000000000e+00
8671 2.919817098363e-01 0.000000000000e+00 0.000000000000e+00
8672 2.920153869654e-01 0.000000000000e+00 0.000000000000e+00
8673 2.920490640946e-01 0.000000000000e+00 0.000000000000e+00
8674 2.920827412237e-01 0.000000000000e+00 0.000000000000e+00
8675 2.921164183529e-01 0.000000000000e+00 0.000000000000e+00
8676 2.921500954821e-01 0.000000000000e+00 0.000000000000e+00
8677 2.921837726112e-01 0.000000000000e+00 0.000000000000e+00
8678 2.922174497404e-01 0.000000000000e+00 0.000000000000e+00
8679 2.922511268695e-01 0.000000000000e+00 0.000000000000e+00
8680 2.922848039987e-01 0.000000000000e+00 0.000000000000e+00
8681 2.923184811279e-01 0.000000000000e+00 0.000000000000e+00
8682 2.923521582570e-01 0.000000000000e+00 0.000000000000e+00
8683 2.923858353862e-01 0.000000000000e+00 0.000000000000e+00
8684 2.924195125154e-01 0.000000000000e+00 0.000000000000e+00
8685 2.924531896445e-01 0.000000000000e+00 0.000000000000e+00
8686 2.924868667737e-01 0.000000000000e+00 0.000000000000e+00
8687 2.925205439028e-01 0.000000000000e+00 0.000000000000e+00
8688 2.925542210320e-01 0.000000000000e+00 0.000000000000e+00
8689 2.925878981612e-01 0.000000000000e+00 0.000000000000e+00
8690 2.926215752903e-01 0.000000000000e+00 0.000000000000e+00
8691 2.926552524195e-01 0.000000000000e+00 0.000000000000e+00
8692 2.926889295487e-01 0.000000000000e+00 0.000000000000e+00
8693 2.927226066778e-01 0.000000000000e+00 0.000000000000e+00
8694 2.927562838070e-01 0.000000000000e+00 0.000000000000e+00
8695 2.927899609361e-01 0.000000000000e+00 0.000000000000e+00
8696 2.928236380653e-01 0.000000000000e+00 0.000000000000e+00
8697 2.928573151945e-01 0.000000000000e+00 0.000000000000e+00
8698 2.928909923236e-01 0.000000000000e+00 0.000000000000e+00
8699 2.929246694528e-01 0.000000000000e+00 0.000000000000e+00
8700 2.929583465820e-01 0.000000000000e+00 0.000000000000e+00
8701 2.929920237111e-01 0.000000000000e+00 0.000000000000e+00
8702 2.930257008403e-01 0.000000000000e+00 0.000000000000e+00
8703 2.930593779694e-01 0.000000000000e+00 0.000000000000e+00
8704 2.930930550986e-01 0.000000000000e+00 0.000000000000e+00
8705 2.931267322278e-01 0.000000000000e+00 0.000000000000e+00
8706 2.931604093569e-01 0.000000000000e+00 0.000000000000e+00
8707 2.931940864861e-01 0.000000000000e+00 0.000000000000e+00
8708 2.932277636153e-01 0.000000000000e+00 0.000000000000e+00
8709 2.932614407444e-01 0.000000000000e+00 0.000000000000e+00
8710 2.932951178736e-01 0.000000000000e+00 0.000000000000e+00
8711 2.933287950027e-01 0.000000000000e+00 0.000000000000e+00
8712 2.933624721319e-01 0.000000000000e+00 0.000000000000e+00
8713 2.933961492611e-01 0.000000000000e+00 0.000000000000e+00
8714 2.934298263902e-01 0.000000000000e+00 0.000000000000e+00
8715 2.934635035194e-01 0.000000000000e+00 0.000000000000e+00
8716 2.934971806486e-01 0.000000000000e+00 0.000000000000e+00
8717 2.935308577777e-01 0.000000000000e+00 0.000000000000e+00
8718 2.935645349069e-01 0.000000000000e+00 0.000000000000e+00
8719 2.935982120360e-01 0.000000000000e+00 0.000000000000e+00
8720 2.936318891652e-01 0.000000000000e+00 0.000000000000e+00
8721 2.936655662944e-01 0.000000000000e+00 0.000000000000e+00
8722 2.936992434235e-01 0.000000000000e+00 0.000000000000e+00
8723 2.937329205527e-01 0.000000000000e+00 0.000000000000e+00
8724 2.937665976818e-01 0.000000000000e+00 0.000000000000e+00
8725 2.938002748110e-01 0.000000000000e+00 0.000000000000e+00
8726 2.938339519402e-01 0.000000000000e+00 0.000000000000e+00
8727 2.938676290693e-01 0.000000000000e+00 0.000000000000e+00
8728 2.939013061985e-01 0.000000000000e+00 0.000000000000e+00
8729 2.939349833277e-01 0.000000000000e+00 0.000000000000e+00
8730 2.939686604568e-01 0.000000000000e+00 0.000000000000e+00
8731 2.940023375860e-01 0.000000000000e+00 0.000000000000e+00
8732 2.940360147151e-01 0.000000000000e+00 0.000000000000e+00
8733 2.940696918443e-01 0.000000000000e+00 0.000000000000e+00
8734 2.941033689735e-01 0.000000000000e+00 0.000000000000e+00
8735 2.941370461026e-01 0.000000000000e+00 0.000000000000e+00
8736 2.941707232318e-01 0.000000000000e+00 0.000000000000e+00
8737 2.942044003610e-01 0.000000000000e+00 0.000000000000e+00
8738 2.942380774901e-01 0.000000000000e+00 0.000000000000e+00
8739 2.942717546193e-01 0.000000000000e+00 0.000000000000e+00
8740 2.943054317484e-01 0.000000000000e+00 0.000000000000e+00
8741 2.943391088776e-01 0.000000000000e+00 0.000000000000e+00
8742 2.943727860068e-01 0.000000000000e+00 0.000000000000e+00
8743 2.944064631359e-01 0.000000000000e+00 0.000000000000e+00
8744 2.944401402651e-01 0.000000000000e+00 0.000000000000e+00
8745 2.944738173943e-01 0.000000000000e+00 0.000000000000e+00
8746 2.945074945234e-01 0.000000000000e+00 0.000000000000e+00
8747 2.945411716526e-01 0.000000000000e+00 0.000000000000e+00
8748 2.945748487817e-01 0.000000000000e+00 0.000000000000e+00
8749 2.946085259109e-01 0.000000000000e+00 0.000000000000e+00
8750 2.946422030401e-01 0.000000000000e+00 0.000000000000e+00
8751 2.946758801692e-01 0.000000000000e+00 0.000000000000e+00
8752 2.947095572984e-01 0.000000000000e+00 0.000000000000e+00
8753 2.947432344276e-01 0.000000000000e+00 0.000000000000e+00
8754 2.947769115567e-01 0.000000000000e+00 0.000000000000e+00
8755 2.948105886859e-01 0.000000000000e+00 0.000000000000e+00
8756 2.948442658150e-01 0.000000000000e+00 0.000000000000e+00
8757 2.948779429442e-01 0.000000000000e+00 0.000000000000e+00
8758 2.949116200734e-01 0.000000000000e+00 0.000000000000e+00
8759 2.949452972025e-01 0.000000000000e+00 0.000000000000e+00
8760 2.949789743317e-01 0.000000000000e+00 0.000000000000e+00
8761 2.950126514608e-01 0.000000000000e+00 0.000000000000e+00
8762 2.950463285900e-01 0.000000000000e+00 0.000000000000e+00
8763 2.950800057192e-01 0.000000000000e+00 0.000000000000e+00
8764 2.951136828483e-01 0.000000000000e+00 0.000000000000e+00
8765 2.951473599775e-01 0.000000000000e+00 0.000000000000e+00
8766 2.951810371067e-01 0.000000000000e+00 0.000000000000e+00
8767 2.952147142358e-01 0.000000000000e+00 0.000000000000e+00
8768 2.952483913650e-01 0.000000000000e+00 0.000000000000e+00
8769 2.952820684941e-01 0.000000000000e+00 0.000000000000e+00
8770 2.953157456233e-01 0.000000000000e+00 0.000000000000e+00
8771 2.953494227525e-01 0.000000000000e+00 0.000000000000e+00
8772 2.953830998816e-01 0.000000000000e+00 0.000000000000e+00
8773 2.954167770108e-01 0.000000000000e+00 0.000000000000e+00
8774 2.954504541400e-01 0.000000000000e+00 0.000000000000e+00
8775 2.954841312691e-01 0.000000000000e+00 0.000000000000e+00
8776 2.955178083983e-01 0.000000000000e+00 0.000000000000e+00
8777 2.955514855274e-01 0.000000000000e+00 0.000000000000e+00
8778 2.955851626566e-01 0.000000000000e+00 0.000000000000e+00
8779 2.956188397858e-01 0.000000000000e+00 0.000000000000e+00
8780 2.956525169149e-01 0.000000000000e+00 0.000000000000e+00
8781 2.956861940441e-01 0.000000000000e+00 0.000000000000e+00
8782 2.957198711733e-01 0.000000000000e+00 0.000000000000e+00
8783 2.957535483024e-01 0.000000000000e+00 0.000000000000e+00
8784 2.957872254316e-01 0.000000000000e+00 0.000000000000e+00
8785 2.958209025607e-01 0.000000000000e+00 0.000000000000e+00
8786 2.958545796899e-01 0.000000000000e+00 0.000000000000e+00
8787 2.958882568191e-01 0.000000000000e+00 0.000000000000e+00
8788 2.959219339482e-01 0.000000000000e+00 0.000000000000e+00
8789 2.959556110774e-01 0.000000000000e+00 0.000000000000e+00
8790 2.959892882066e-01 0.000000000000e+00 0.000000000000e+00
8791 2.960229653357e-01 0.000000000000e+00 0.000000000000e+00
8792 2.960566424649e-01 0.000000000000e+00 0.000000000000e+00
8793 2.960903195940e-01 0.000000000000e+00 0.000000000000e+00
8794 2.961239967232e-01 0.000000000000e+00 0.000000000000e+00
8795 2.961576738524e-01 0.000000000000e+00 0.000000000000e+00
8796 2.961913509815e-01 0.000000000000e+00 0.000000000000e+00
8797 2.962250281107e-01 0.000000000000e+00 0.000000000000e+00
8798 2.962587052399e-01 0.000000000000e+00 0.000000000000e+00
8799 2.962923823690e-01 0.000000000000e+00 0.000000000000e+00
8800 2.963260594982e-01 0.000000000000e+00 0.000000000000e+00
8801 2.963597366273e-01 0.000000000000e+00 0.000000000000e+00
8802 2.963934137565e-01 0.000000000000e+00 0.000000000000e+00
8803 2.964270908857e-01 0.000000000000e+00 0.000000000000e+00
8804 2.964607680148e-01 0.000000000000e+00 0.000000000000e+00
8805 2.964944451440e-01 0.000000000000e+00 0.000000000000e+00
8806 2.965281222731e-01 0.000000000000e+00 0.000000000000e+00
8807 2.965617994023e-01 0.000000000000e+00 0.000000000000e+00
8808 2.965954765315e-01 0.000000000000e+00 0.000000000000e+00
8809 2.966291536606e-01 0.000000000000e+00 0.000000000000e+00
8810 2.966628307898e-01 0.000000000000e+00 0.000000000000e+00
8811 2.966965079190e-01 0.000000000000e+00 0.000000000000e+00
8812 2.967301850481e-01 0.000000000000e+00 0.000000000000e+00
8813 2.967638621773e-01 0.000000000000e+00 0.000000000000e+00
8814 2.967975393064e-01 0.000000000000e+00 0.000000000000e+00
8815 2.968312164356e-01 0.000000000000e+00 0.000000000000e+00
8816 2.968648935648e-01 0.000000000000e+00 0.000000000000e+00
8817 2.968985706939e-01 0.000000000000e+00 0.000000000000e+00
8818 2.969322478231e-01 0.000000000000e+00 0.000000000000e+00
8819 2.969659249523e-01 0.000000000000e+00 0.000000000000e+00
8820 2.969996020814e-01 0.000000000000e+00 0.000000000000e+00
8821 2.970332792106e-01 0.000000000000e+00 0.000000000000e+00
8822 2.970669563397e-01 0.000000000000e+00 0.000000000000e+00
8823 2.971006334689e-01 0.000000000000e+00 0.000000000000e+00
8824 2.971343105981e-01 0.000000000000e+00 0.000000000000e+00
8825 2.971679877272e-01 0.000000000000e+00 0.000000000000e+00
8826 2.972016648564e-01 0.000000000000e+00 0.000000000000e+00
8827 2.972353419856e-01 0.000000000000e+00 0.000000000000e+00
8828 2.972690191147e-01 0.000000000000e+00 0.000000000000e+00
8829 2.973026962439e-01 0.000000000000e+00 0.000000000000e+00
8830 2.973363733730e-01 0.000000000000e+00 0.000000000000e+00
8831 2.973700505022e-01 0.000000000000e+00 0.000000000000e+00
8832 2.974037276314e-01 0.000000000000e+00 0.000000000000e+00
8833 2.974374047605e-01 0.000000000000e+00 0.000000000000e+00
8834 2.974710818897e-01 0.000000000000e+00 0.000000000000e+00
8835 2.975047590189e-01 0.000000000000e+00 0.000000000000e+00
8836 2.975384361480e-01 0.000000000000e+00 0.000000000000e+00
8837 2.975721132772e-01 0.000000000000e+00 0.000000000000e+00
8838 2.976057904063e-01 0.000000000000e+00 0.000000000000e+00
8839 2.976394675355e-01 0.000000000000e+00 0.000000000000e+00
8840 2.976731446647e-01 0.000000000000e+00 0.000000000000e+00
8841 2.977068217938e-01 0.000000000000e+00 0.000000000000e+00
8842 2.977404989230e-01 0.000000000000e+00 0.000000000000e+00
8843 2.977741760521e-01 0.000000000000e+00 0.000000000000e+00
8844 2.978078531813e-01 0.000000000000e+00 0.000000000000e+00
8845 2.978415303105e-01 0.000000000000e+00 0.000000000000e+00
8846 2.978752074396e-01 0.000000000000e+00 0.000000000000e+00
8847 2.979088845688e-01 0.000000000000e+00 0.000000000000e+00
8848 2.979425616980e-01 0.000000000000e+00 0.000000000000e+00
8849 2.979762388271e-01 0.000000000000e+00 0.000000000000e+00
8850 2.980099159563e-01 0.000000000000e+00 0.000000000000e+00
8851 2.980435930854e-01 0.000000000000e+00 0.000000000000e+00
8852 2.980772702146e-01 0.000000000000e+00 0.000000000000e+00
8853 2.981109473438e-01 0.000000000000e+00 0.000000000000e+00
8854 2.981446244729e-01 0.000000000000e+00 0.000000000000e+00
8855 2.981783016021e-01 0.000000000000e+00 0.000000000000e+00
8856 2.982119787313e-01 0.000000000000e+00 0.000000000000e+00
8857 2.982456558604e-01 0.000000000000e+00 0.000000000000e+00
8858 2.982793329896e-01 0.000000000000e+00 0.000000000000e+00
8859 2.983130101187e-01 0.000000000000e+00 0.000000000000e+00
8860 2.983466872479e-01 0.000000000000e+00 0.000000000000e+00
8861 2.983803643771e-01 0.000000000000e+00 0.000000000000e+00
8862 2.984140415062e-01 0.000000000000e+00 0.000000000000e+00
8863 2.984477186354e-01 0.000000000000e+00 0.000000000000e+00
8864 2.984813957646e-01 0.000000000000e+00 0.000000000000e+00
8865 2.985150728937e-01 0.000000000000e+00 0.000000000000e+00
8866 2.985487500229e-01 0.000000000000e+00 0.000000000000e+00
8867 2.985824271520e-01 0.000000000000e+00 0.000000000000e+00
8868 2.986161042812e-01 0.000000000000e+00 0.000000000000e+00
8869 2.986497814104e-01 0.000000000000e+00 0.000000000000e+00
8870 2.986834585395e-01 0.000000000000e+00 0.000000000000e+00
8871 2.987171356687e-01 0.000000000000e+00 0.000000000000e+00
8872 2.987508127979e-01 0.000000000000e+00 0.000000000000e+00
8873 2.987844899270e-01 0.000000000000e+00 0.000000000000e+00
8874 2.988181670562e-01 0.000000000000e+00 0.000000000000e+00
8875 2.988518441853e-01 0.000000000000e+00 0.000000000000e+00
8876 2.988855213145e-01 0.000000000000e+00 0.000000000000e+00
8877 2.989191984437e-01 0.000000000000e+00 0.000000000000e+00
8878 2.989528755728e-01 0.000000000000e+00 0.000000000000e+00
8879 2.989865527020e-01 0.000000000000e+00 0.000000000000e+00
8880 2.990202298312e-01 0.000000000000e+00 0.000000000000e+00
8881 2.990539069603e-01 0.000000000000e+00 0.000000000000e+00
8882 2.990875840895e-01 0.000000000000e+00 0.000000000000e+00
8883 2.991212612186e-01 0.000000000000e+00 0.000000000000e+00
8884 2.991549383478e-01 0.000000000000e+00 0.000000000000e+00
8885 2.991886154770e-01 0.000000000000e+00 0.000000000000e+00
8886 2.992222926061e-01 0.000000000000e+00 0.000000000000e+00
8887 2.992559697353e-01 0.000000000000e+00 0.000000000000e+00
8888 2.992896468644e-01 0.000000000000e+00 0.000000000000e+00
8889 2.993233239936e-01 0.000000000000e+00 0.000000000000e+00
8890 2.993570011228e-01 0.000000000000e+00 0.000000000000e+00
8891 2.993906782519e-01 0.000000000000e+00 0.000000000000e+00
8892 2.994243553811e-01 0.000000000000e+00 0.000000000000e+00
8893 2.994580325103e-01 0.000000000000e+00 0.000000000000e+00
8894 2.994917096394e-01 0.000000000000e+00 0.000000000000e+00
8895 2.995253867686e-01 0.000000000000e+00 0.000000000000e+00
8896 2.995590638977e-01 0.000000000000e+00 0.000000000000e+00
8897 2.995927410269e-01 0.000000000000e+00 0.000000000000e+00
8898 2.996264181561e-01 0.000000000000e+00 0.000000000000e+00
8899 2.996600952852e-01 0.000000000000e+00 0.000000000000e+00
8900 2.996937724144e-01 0.000000000000e+00 0.000000000000e+00
8901 2.997274495436e-01 0.000000000000e+00 0.000000000000e+00
8902 2.997611266727e-01 0.000000000000e+00 0.000000000000e+00
8903 2.997948038019e-01 0.000000000000e+00 0.000000000000e+00
8904 2.998284809310e-01 0.000000000000e+00 0.000000000000e+00
8905 2.998621580602e-01 0.000000000000e+00 0.000000000000e+00
8906 2.998958351894e-01 0.000000000000e+00 0.000000000000e+00
8907 2.999295123185e-01 0.000000000000e+00 0.000000000000e+00
8908 2.999631894477e-01 0.000000000000e+00 0.000000000000e+00
8909 2.999968665769e-01 0.000000000000e+00 0.000000000000e+00
8910 3.000305437060e-01 0.000000000000e+00 0.000000000000e+00
8911 3.000642208352e-01 0.000000000000e+00 0.000000000000e+00
8912 3.000978979643e-01 0.000000000000e+00 0.000000000000e+00
8913 3.001315750935e-01 0.000000000000e+00 0.000000000000e+00
8914 3.001652522227e-01 0.000000000000e+00 0.000000000000e+00
8915 3.001989293518e-01 0.000000000000e+00 0.000000000000e+00
8916 3.002326064810e-01 0.000000000000e+00 0.000000000000e+00
8917 3.002662836102e-01 0.000000000000e+00 0.000000000000e+00
8918 3.002999607393e-01 0.000000000000e+00 0.000000000000e+00
8919 3.003336378685e-01 0.000000000000e+00 0.000000000000e+00
8920 3.003673149976e-01 0.000000000000e+00 0.000000000000e+00
8921 3.004009921268e-01 0.000000000000e+00 0.000000000000e+00
8922 3.004346692560e-01 0.000000000000e+00 0.000000000000e+00
8923 3.004683463851e-01 0.000000000000e+00 0.000000000000e+00
8924 3.005020235143e-01 0.000000000000e+00 0.000000000000e+00
8925 3.005357006434e-01 0.000000000000e+00 0.000000000000e+00
8926 3.005693777726e-01 0.000000000000e+00 0.000000000000e+00
8927 3.006030549018e-01 0.000000000000e+00 0.000000000000e+00
8928 3.006367320309e-01 0.000000000000e+00 0.000000000000e+00
8929 3.006704091601e-01 0.000000000000e+00 0.000000000000e+00
8930 3.007040862893e-01 0.000000000000e+00 0.000000000000e+00
8931 3.007377634184e-01 0.000000000000e+00 0.000000000000e+00
8932 3.007714405476e-01 0.000000000000e+00 0.000000000000e+00
8933 3.008051176767e-01 0.000000000000e+00 0.000000000000e+00
8934 3.008387948059e-01 0.000000000000e+00 0.000000000000e+00
8935 3.008724719351e-01 0.000000000000e+00 0.000000000000e+00
8936 3.009061490642e-01 0.000000000000e+00 0.000000000000e+00
8937 3.009398261934e-01 0.000000000000e+00 0.000000000000e+00
8938 3.009735033226e-01 0.000000000000e+00 0.000000000000e+00
8939 3.010071804517e-01 0.000000000000e+00 0.000000000000e+00
8940 3.010408575809e-01 0.000000000000e+00 0.000000000000e+00
8941 3.010745347100e-01 0.000000000000e+00 0.000000000000e+00
8942 3.011082118392e-01 0.000000000000e+00 0.000000000000e+00
8943 3.011418889684e-01 0.000000000000e+00 0.000000000000e+00
8944 3.011755660975e-01 0.000000000000e+00 0.000000000000e+00
8945 3.012092432267e-01 0.000000000000e+00 0.000000000000e+00
8946 3.012429203559e-01 0.000000000000e+00 0.000000000000e+00
8947 3.012765974850e-01 0.000000000000e+00 0.000000000000e+00
8948 3.013102746142e-01 0.000000000000e+00 0.000000000000e+00
8949 3.013439517433e-01 0.000000000000e+00 0.000000000000e+00
8950 3.013776288725e-01 0.000000000000e+00 0.000000000000e+00
8951 3.014113060017e-01 0.000000000000e+00 0.000000000000e+00
8952 3.014449831308e-01 0.000000000000e+00 0.000000000000e+00
8953 3.014786602600e-01 0.000000000000e+00 0.000000000000e+00
8954 3.015123373892e-01 0.000000000000e+00 0.000000000000e+00
8955 3.015460145183e-01 0.000000000000e+00 0.000000000000e+00
8956 3.015796916475e-01 0.000000000000e+00 0.000000000000e+00
8957 3.016133687766e-01 0.000000000000e+00 0.000000000000e+00
8958 3.016470459058e-01 0.000000000000e+00 0.000000000000e+00
8959 3.016807230350e-01 0.000000000000e+00 0.000000000000e+00
8960 3.017144001641e-01 0.000000000000e+00 0.000000000000e+00
8961 3.017480772933e-01 0.000000000000e+00 0.000000000000e+00
8962 3.017817544225e-01 0.000000000000e+00 0.000000000000e+00
8963 3.018154315516e-01 0.000000000000e+00 0.000000000000e+00
8964 3.018491086808e-01 0.000000000000e+00 0.000000000000e+00
8965 3.018827858099e-01 0.000000000000e+00 0.000000000000e+00
8966 3.019164629391e-01 0.000000000000e+00 0.000000000000e+00
8967 3.019501400683e-01 0.000000000000e+00 0.000000000000e+00
8968 3.019838171974e-01 0.000000000000e+00 0.000000000000e+00
8969 3.020174943266e-01 0.000000000000e+00 0.000000000000e+00
8970 3.020511714557e-01 0.000000000000e+00 0.000000000000e+00
8971 3.020848485849e-01 0.000000000000e+00 0.000000000000e+00
8972 3.021185257141e-01 0.000000000000e+00 0.000000000000e+00
8973 3.021522028432e-01 0.000000000000e+00 0.000000000000e+00
8974 3.021858799724e-01 0.000000000000e+00 0.000000000000e+00
8975 3.022195571016e-01 0.000000000000e+00 0.000000000000e+00
8976 3.022532342307e-01 0.000000000000e+00 0.000000000000e+00
8977 3.022869113599e-01 0.000000000000e+00 0.000000000000e+00
8978 3.023205884890e-01 0.000000000000e+00 0.000000000000e+00
8979 3.023542656182e-01 0.000000000000e+00 0.000000000000e+00
8980 3.023879427474e-01 0.000000000000e+00 0.000000000000e+00
8981 3.024216198765e-01 0.000000000000e+00 0.000000000000e+00
8982 3.024552970057e-01 0.000000000000e+00 0.000000000000e+00
8983 3.024889741349e-01 0.000000000000e+00 0.000000000000e+00
8984 3.025226512640e-01 0.000000000000e+00 0.000000000000e+00
8985 3.025563283932e-01 0.000000000000e+00 0.000000000000e+00
8986 3.025900055223e-01 0.000000000000e+00 0.000000000000e+00
8987 3.026236826515e-01 0.000000000000e+00 0.000000000000e+00
8988 3.026573597807e-01 0.000000000000e+00 0.000000000000e+00
8989 3.026910369098e-01 0.000000000000e+00 0.000000000000e+00
8990 3.027247140390e-01 0.000000000000e+00 0.000000000000e+00
8991 3.027583911682e-01 0.000000000000e+00 0.000000000000e+00
8992 3.027920682973e-01 0.000000000000e+00 0.000000000000e+00
8993 3.028257454265e-01 0.000000000000e+00 0.000000000000e+00
8994 3.028594225556e-01 0.000000000000e+00 0.000000000000e+00
8995 3.028930996848e-01 0.000000000000e+00 0.000000000000e+00
8996 3.029267768140e-01 0.000000000000e+00 0.000000000000e+00
8997 3.029604539431e-01 0.000000000000e+00 0.000000000000e+00
8998 3.029941310723e-01 0.000000000000e+00 0.000000000000e+00
8999 3.030278082015e-01 0.000000000000e+00 0.000000000000e+00
9000 3.030614853306e-01 0.000000000000e+00 0.000000000000e+00
9001 3.030951624598e-01 0.000000000000e+00 0.000000000000e+00
9002 3.031288395889e-01 0.000000000000e+00 0.000000000000e+00
9003 3.031625167181e-01 0.000000000000e+00 0.000000000000e+00
9004 3.031961938473e-01 0.000000000000e+00 0.000000000000e+00
9005 3.032298709764e-01 0.000000000000e+00 0.000000000000e+00
9006 3.032635481056e-01 0.000000000000e+00 0.000000000000e+00
9007 3.032972252347e-01 0.000000000000e+00 0.000000000000e+00
9008 3.033309023639e-01 0.000000000000e+00 0.000000000000e+00
9009 3.033645794931e-01 0.000000000000e+00 0.000000000000e+00
9010 3.033982566222e-01 0.000000000000e+00 0.000000000000e+00
9011 3.034319337514e-01 0.000000000000e+00 0.000000000000e+00
9012 3.034656108806e-01 0.000000000000e+00 0.000000000000e+00
9013 3.034992880097e-01 0.000000000000e+00 0.000000000000e+00
9014 3.035329651389e-01 0.000000000000e+00 0.000000000000e+00
9015 3.035666422680e-01 0.000000000000e+00 0.000000000000e+00
9016 3.036003193972e-01 0.000000000000e+00 0.000000000000e+00
9017 3.036339965264e-01 0.000000000000e+00 0.000000000000e+00
9018 3.036676736555e-01 0.000000000000e+00 0.000000000000e+00
9019 3.037013507847e-01 0.000000000000e+00 0.000000000000e+00
9020 3.037350279139e-01 0.000000000000e+00 0.000000000000e+00
9021 3.037687050430e-01 0.000000000000e+00 0.000000000000e+00
9022 3.038023821722e-01 0.000000000000e+00 0.000000000000e+00
9023 3.038360593013e-01 0.000000000000e+00 0.000000000000e+00
9024 3.038697364305e-01 0.000000000000e+00 0.000000000000e+00
9025 3.039034135597e-01 0.000000000000e+00 0.000000000000e+00
9026 3.039370906888e-01 0.000000000000e+00 0.000000000000e+00
9027 3.039707678180e-01 0.000000000000e+00 0.000000000000e+00
9028 3.040044449472e-01 0.000000000000e+00 0.000000000000e+00
9029 3.040381220763e-01 0.000000000000e+00 0.000000000000e+00
9030 3.040717992055e-01 0.000000000000e+00 0.000000000000e+00
9031 3.041054763346e-01 0.000000000000e+00 0.000000000000e+00
9032 3.041391534638e-01 0.000000000000e+00 0.000000000000e+00
9033 3.041728305930e-01 0.000000000000e+00 0.000000000000e+00
9034 3.042065077221e-01 0.000000000000e+00 0.000000000000e+00
9035 3.042401848513e-01 0.000000000000e+00 0.000000000000e+00
9036 3.042738619805e-01 0.000000000000e+00 0.000000000000e+00
9037 3.043075391096e-01 0.000000000000e+00 0.000000000000e+00
9038 3.043412162388e-01 0.000000000000e+00 0.000000000000e+00
9039 3.043748933679e-01 0.000000000000e+00 0.000000000000e+00
9040 3.044085704971e-01 0.000000000000e+00 0.000000000000e+00
9041 3.044422476263e-01 0.000000000000e+00 0.000000000000e+00
9042 3.044759247554e-01 0.000000000000e+00 0.000000000000e+00
9043 3.045096018846e-01 0.000000000000e+00 0.000000000000e+00
9044 3.045432790138e-01 0.000000000000e+00 0.000000000000e+00
9045 3.045769561429e-01 0.000000000000e+00 0.000000000000e+00
9046 3.046106332721e-01 0.000000000000e+00 0.000000000000e+00
9047 3.046443104012e-01 0.000000000000e+00 0.000000000000e+00
9048 3.046779875304e-01 0.000000000000e+00 0.000000000000e+00
9049 3.047116646596e-01 0.000000000000e+00 0.000000000000e+00
9050 3.047453417887e-01 0.000000000000e+00 0.000000000000e+00
9051 3.047790189179e-01 0.000000000000e+00 0.000000000000e+00
9052 3.048126960470e-01 0.000000000000e+00 0.000000000000e+00
9053 3.048463731762e-01 0.000000000000e+00 0.000000000000e+00
9054 3.048800503054e-01 0.000000000000e+00 0.000000000000e+00
9055 3.049137274345e-01 0.000000000000e+00 0.000000000000e+00
9056 3.049474045637e-01 0.000000000000e+00 0.000000000000e+00
9057 3.049810816929e-01 0.000000000000e+00 0.000000000000e+00
9058 3.050147588220e-01 0.000000000000e+00 0.000000000000e+00
9059 3.050484359512e-01 0.000000000000e+00 0.000000000000e+00
9060 3.050821130803e-01 0.000000000000e+00 0.000000000000e+00
9061 3.051157902095e-01 0.000000000000e+00 0.000000000000e+00
9062 3.051494673387e-01 0.000000000000e+00 0.000000000000e+00
9063 3.051831444678e-01 0.000000000000e+00 0.000000000000e+00
9064 3.052168215970e-01 0.000000000000e+00 0.000000000000e+00
9065 3.052504987262e-01 0.000000000000e+00 0.000000000000e+00
9066 3.052841758553e-01 0.000000000000e+00 0.000000000000e+00
9067 3.053178529845e-01 0.000000000000e+00 0.000000000000e+00
9068 3.053515301136e-01 0.000000000000e+00 0.000000000000e+00
9069 3.053852072428e-01 0.000000000000e+00 0.000000000000e+00
9070 3.054188843720e-01 0.000000000000e+00 0.000000000000e+00
9071 3.054525615011e-01 0.000000000000e+00 0.000000000000e+00
9072 3.054862386303e-01 0.000000000000e+00 0.000000000000e+00
9073 3.055199157595e-01 0.000000000000e+00 0.000000000000e+00
9074 3.055535928886e-01 0.000000000000e+00 0.000000000000e+00
9075 3.055872700178e-01 0.000000000000e+00 0.000000000000e+00
9076 3.056209471469e-01 0.000000000000e+00 0.000000000000e+00
9077 3.056546242761e-01 0.000000000000e+00 0.000000000000e+00
9078 3.056883014053e-01 0.000000000000e+00 0.000000000000e+00
9079 3.057219785344e-01 0.000000000000e+00 0.000000000000e+00
9080 3.057556556636e-01 0.000000000000e+00 0.000000000000e+00
9081 3.057893327928e-01 0.000000000000e+00 0.000000000000e+00
9082 3.058230099219e-01 0.000000000000e+00 0.000000000000e+00
9083 3.058566870511e-01 0.000000000000e+00 0.000000000000e+00
9084 3.058903641802e-01 0.000000000000e+00 0.000000000000e+00
9085 3.059240413094e-01 0.000000000000e+00 0.000000000000e+00
9086 3.059577184386e-01 0.000000000000e+00 0.000000000000e+00
9087 3.059913955677e-01 0.000000000000e+00 0.000000000000e+00
9088 3.060250726969e-01 0.000000000000e+00 0.000000000000e+00
9089 3.060587498261e-01 0.000000000000e+00 0.000000000000e+00
9090 3.060924269552e-01 0.000000000000e+00 0.000000000000e+00
9091 3.061261040844e-01 0.000000000000e+00 0.000000000000e+00
9092 3.061597812135e-01 0.000000000000e+00 0.000000000000e+00
9093 3.061934583427e-01 0.000000000000e+00 0.000000000000e+00
9094 3.062271354719e-01 0.000000000000e+00 0.000000000000e+00
9095 3.062608126010e-01 0.000000000000e+00 0.000000000000e+00
9096 3.062944897302e-01 0.000000000000e+00 0.000000000000e+00
9097 3.063281668593e-01 0.000000000000e+00 0.000000000000e+00
9098 3.063618439885e-01 0.000000000000e+00 0.000000000000e+00
9099 3.063955211177e-01 0.000000000000e+00 0.000000000000e+00
9100 3.064291982468e-01 0.000000000000e+00 0.000000000000e+00
9101 3.064628753760e-01 0.000000000000e+00 0.000000000000e+00
9102 3.064965525052e-01 0.000000000000e+00 0.000000000000e+00
9103 3.065302296343e-01 0.000000000000e+00 0.000000000000e+00
9104 3.065639067635e-01 0.000000000000e+00 0.000000000000e+00
9105 3.065975838926e-01 0.000000000000e+00 0.000000000000e+00
9106 3.066312610218e-01 0.000000000000e+00 0.000000000000e+00
9107 3.066649381510e-01 0.000000000000e+00 0.000000000000e+00
9108 3.066986152801e-01 0.000000000000e+00 0.000000000000e+00
9109 3.067322924093e-01 0.000000000000e+00 0.000000000000e+00
9110 3.067659695385e-01 0.000000000000e+00 0.000000000000e+00
9111 3.067996466676e-01 0.000000000000e+00 0.000000000000e+00
9112 3.068333237968e-01 0.000000000000e+00 0.000000000000e+00
9113 3.068670009259e-01 0.000000000000e+00 0.000000000000e+00
9114 3.069006780551e-01 0.000000000000e+00 0.000000000000e+00
9115 3.069343551843e-01 0.000000000000e+00 0.000000000000e+00
9116 3.069680323134e-01 0.000000000000e+00 0.000000000000e+00
9117 3.070017094426e-01 0.000000000000e+00 0.000000000000e+00
9118 3.070353865718e-01 0.000000000000e+00 0.000000000000e+00
9119 3.070690637009e-01 0.000000000000e+00 0.000000000000e+00
9120 3.071027408301e-01 0.000000000000e+00 0.000000000000e+00
9121 3.071364179592e-01 0.000000000000e+00 0.000000000000e+00
9122 3.071700950884e-01 0.000000000000e+00 0.000000000000e+00
9123 3.072037722176e-01 0.000000000000e+00 0.000000000000e+00
9124 3.072374493467e-01 0.000000000000e+00 0.000000000000e+00
9125 3.072711264759e-01 0.000000000000e+00 0.000000000000e+00
9126 3.073048036051e-01 0.000000000000e+00 0.000000000000e+00
9127 3.073384807342e-01 0.000000000000e+00 0.000000000000e+00
9128 3.073721578634e-01 0.000000000000e+00 0.000000000000e+00
9129 3.074058349925e-01 0.000000000000e+00 0.000000000000e+00
9130 3.074395121217e-01 0.000000000000e+00 0.000000000000e+00
9131 3.074731892509e-01 0.000000000000e+00 0.000000000000e+00
9132 3.075068663800e-01 0.000000000000e+00 0.000000000000e+00
9133 3.075405435092e-01 0.000000000000e+00 0.000000000000e+00
9134 3.075742206383e-01 0.000000000000e+00 0.000000000000e+00
9135 3.076078977675e-01 0.000000000000e+00 0.000000000000e+00
9136 3.076415748967e-01 0.000000000000e+00 0.000000000000e+00
9137 3.076752520258e-01 0.000000000000e+00 0.000000000000e+00
9138 3.077089291550e-01 0.000000000000e+00 0.000000000000e+00
9139 3.077426062842e-01 0.000000000000e+00 0.000000000000e+00
9140 3.077762834133e-01 0.000000000000e+00 0.000000000000e+00
9141 3.078099605425e-01 0.000000000000e+00 0.000000000000e+00
9142 3.078436376716e-01 0.000000000000e+00 0.000000000000e+00
9143 3.078773148008e-01 0.000000000000e+00 0.000000000000e+00
9144 3.079109919300e-01 0.000000000000e+00 0.000000000000e+00
9145 3.079446690591e-01 0.000000000000e+00 0.000000000000e+00
9146 3.079783461883e-01 0.000000000000e+00 0.000000000000e+00
9147 3.080120233175e-01 0.000000000000e+00 0.000000000000e+00
9148 3.080457004466e-01 0.000000000000e+00 0.000000000000e+00
9149 3.080793775758e-01 0.000000000000e+00 0.000000000000e+00
9150 3.081130547049e-01 0.000000000000e+00 0.000000000000e+00
9151 3.081467318341e-01 0.000000000000e+00 0.000000000000e+00
9152 3.081804089633e-01 0.000000000000e+00 0.000000000000e+00
9153 3.082140860924e-01 0.000000000000e+00 0.000000000000e+00
9154 3.082477632216e-01 0.000000000000e+00 0.000000000000e+00
9155 3.082814403508e-01 0.000000000000e+00 0.000000000000e+00
9156 3.083151174799e-01 0.000000000000e+00 0.000000000000e+00
9157 3.083487946091e-01 0.000000000000e+00 0.000000000000e+00
9158 3.083824717382e-01 0.000000000000e+00 0.000000000000e+00
9159 3.084161488674e-01 0.000000000000e+00 0.000000000000e+00
9160 3.084498259966e-01 0.000000000000e+00 0.000000000000e+00
9161 3.084835031257e-01 0.000000000000e+00 0.000000000000e+00
9162 3.085171802549e-01 0.000000000000e+00 0.000000000000e+00
9163 3.085508573841e-01 0.000000000000e+00 0.000000000000e+00
9164 3.085845345132e-01 0.000000000000e+00 0.000000000000e+00
9165 3.086182116424e-01 0.000000000000e+00 0.000000000000e+00
9166 3.086518887715e-01 0.000000000000e+00 0.000000000000e+00
9167 3.086855659007e-01 0.000000000000e+00 0.000000000000e+00
9168 3.087192430299e-01 0.000000000000e+00 0.000000000000e+00
9169 3.087529201590e-01 0.000000000000e+00 0.000000000000e+00
9170 3.087865972882e-01 0.000000000000e+00 0.000000000000e+00
9171 3.088202744174e-01 0.000000000000e+00 0.000000000000e+00
9172 3.088539515465e-01 0.000000000000e+00 0.000000000000e+00
9173 3.088876286757e-01 0.000000000000e+00 0.000000000000e+00
9174 3.089213058048e-01 0.000000000000e+00 0.000000000000e+00
9175 3.089549829340e-01 0.000000000000e+00 0.000000000000e+00
9176 3.089886600632e-01 0.000000000000e+00 0.000000000000e+00
9177 3.090223371923e-01 0.000000000000e+00 0.000000000000e+00
9178 3.090560143215e-01 0.000000000000e+00 0.000000000000e+00
9179 3.090896914506e-01 0.000000000000e+00 0.000000000000e+00
9180 3.091233685798e-01 0.000000000000e+00 0.000000000000e+00
9181 3.091570457090e-01 0.000000000000e+00 0.000000000000e+00
9182 3.091907228381e-01 0.000000000000e+00 0.000000000000e+00
9183 3.092243999673e-01 0.000000000000e+00 0.000000000000e+00
9184 3.092580770965e-01 0.000000000000e+00 0.000000000000e+00
9185 3.092917542256e-01 0.000000000000e+00 0.000000000000e+00
9186 3.093254313548e-01 0.000000000000e+00 0.000000000000e+00
9187 3.093591084839e-01 0.000000000000e+00 0.000000000000e+00
9188 3.093927856131e-01 0.000000000000e+00 0.000000000000e+00
9189 3.094264627423e-01 0.000000000000e+00 0.000000000000e+00
9190 3.094601398714e-01 0.000000000000e+00 0.000000000000e+00
9191 3.094938170006e-01 0.000000000000e+00 0.000000000000e+00
9192 3.095274941298e-01 0.000000000000e+00 0.000000000000e+00
9193 3.095611712589e-01 0.000000000000e+00 0.000000000000e+00
9194 3.095948483881e-01 0.000000000000e+00 0.000000000000e+00
9195 3.096285255172e-01 0.000000000000e+00 0.000000000000e+00
9196 3.096622026464e-01 0.000000000000e+00 0.000000000000e+00
9197 3.096958797756e-01 0.000000000000e+00 0.000000000000e+00
9198 3.097295569047e-01 0.000000000000e+00 0.000000000000e+00
9199 3.097632340339e-01 0.000000000000e+00 0.000000000000e+00
9200 3.097969111631e-01 0.000000000000e+00 0.000000000000e+00
9201 3.098305882922e-01 0.000000000000e+00 0.000000000000e+00
9202 3.098642654214e-01 0.000000000000e+00 0.000000000000e+00
9203 3.098979425505e-01 0.000000000000e+00 0.000000000000e+00
9204 3.099316196797e-01 0.000000000000e+00 0.000000000000e+00
9205 3.099652968089e-01 0.000000000000e+00 0.000000000000e+00
9206 3.099989739380e-01 0.000000000000e+00 0.000000000000e+00
9207 3.100326510672e-01 0.000000000000e+00 0.000000000000e+00
9208 3.100663281964e-01 0.000000000000e+00 0.000000000000e+00
9209 3.101000053255e-01 0.000000000000e+00 0.000000000000e+00
9210 3.101336824547e-01 0.000000000000e+00 0.000000000000e+00
9211 3.101673595838e-01 0.000000000000e+00 0.000000000000e+00
9212 3.102010367130e-01 0.000000000000e+00 0.000000000000e+00
9213 3.102347138422e-01 0.000000000000e+00 0.000000000000e+00
9214 3.102683909713e-01 0.000000000000e+00 0.000000000000e+00
9215 3.103020681005e-01 0.000000000000e+00 0.000000000000e+00
9216 3.103357452296e-01 0.000000000000e+00 0.000000000000e+00
9217 3.103694223588e-01 0.000000000000e+00 0.000000000000e+00
9218 3.104030994880e-01 0.000000000000e+00 0.000000000000e+00
9219 3.104367766171e-01 0.000000000000e+00 0.000000000000e+00
9220 3.104704537463e-01 0.000000000000e+00 0.000000000000e+00
9221 3.105041308755e-01 0.000000000000e+00 0.000000000000e+00
9222 3.105378080046e-01 0.000000000000e+00 0.000000000000e+00
9223 3.105714851338e-01 0.000000000000e+00 0.000000000000e+00
9224 3.106051622629e-01 0.000000000000e+00 0.000000000000e+00
9225 3.106388393921e-01 0.000000000000e+00 0.000000000000e+00
9226 3.106725165213e-01 0.000000000000e+00 0.000000000000e+00
9227 3.107061936504e-01 0.000000000000e+00 0.000000000000e+00
9228 3.107398707796e-01 0.000000000000e+00 0.000000000000e+00
9229 3.107735479088e-01 0.000000000000e+00 0.000000000000e+00
9230 3.108072250379e-01 0.000000000000e+00 0.000000000000e+00
9231 3.108409021671e-01 0.000000000000e+00 0.000000000000e+00
9232 3.108745792962e-01 0.000000000000e+00 0.000000000000e+00
9233 3.109082564254e-01 0.000000000000e+00 0.000000000000e+00
9234 3.109419335546e-01 0.000000000000e+00 0.000000000000e+00
9235 3.109756106837e-01 0.000000000000e+00 0.000000000000e+00
9236 3.110092878129e-01 0.000000000000e+00 0.000000000000e+00
9237 3.110429649421e-01 0.000000000000e+00 0.000000000000e+00
9238 3.110766420712e-01 0.000000000000e+00 0.000000000000e+00
9239 3.111103192004e-01 0.000000000000e+00 0.000000000000e+00
9240 3.111439963295e-01 0.000000000000e+00 0.000000000000e+00
9241 3.111776734587e-01 0.000000000000e+00 0.000000000000e+00
9242 3.112113505879e-01 0.000000000000e+00 0.000000000000e+00
9243 3.112450277170e-01 0.000000000000e+00 0.000000000000e+00
9244 3.112787048462e-01 0.000000000000e+00 0.000000000000e+00
9245 3.113123819754e-01 0.000000000000e+00 0.000000000000e+00
9246 3.113460591045e-01 0.000000000000e+00 0.000000000000e+00
9247 3.113797362337e-01 0.000000000000e+00 0.000000000000e+00
9248 3.114134133628e-01 0.000000000000e+00 0.000000000000e+00
9249 3.114470904920e-01 0.000000000000e+00 0.000000000000e+00
9250 3.114807676212e-01 0.000000000000e+00 0.000000000000e+00
9251 3.115144447503e-01 0.000000000000e+00 0.000000000000e+00
9252 3.115481218795e-01 0.000000000000e+00 0.000000000000e+00
9253 3.115817990087e-01 0.000000000000e+00 0.000000000000e+00
9254 3.116154761378e-01 0.000000000000e+00 0.000000000000e+00
9255 3.116491532670e-01 0.000000000000e+00 0.000000000000e+00
9256 3.116828303961e-01 0.000000000000e+00 0.000000000000e+00
9257 3.117165075253e-01 0.000000000000e+00 0.000000000000e+00
9258 3.117501846545e-01 0.000000000000e+00 0.000000000000e+00
9259 3.117838617836e-01 0.000000000000e+00 0.000000000000e+00
9260 3.118175389128e-01 0.000000000000e+00 0.000000000000e+00
9261 3.118512160419e-01 0.000000000000e+00 0.000000000000e+00
9262 3.118848931711e-01 0.000000000000e+00 0.000000000000e+00
9263 3.119185703003e-01 0.000000000000e+00 0.000000000000e+00
9264 3.119522474294e-01 0.000000000000e+00 0.000000000000e+00
9265 3.119859245586e-01 0.000000000000e+00 0.000000000000e+00
9266 3.120196016878e-01 0.000000000000e+00 0.000000000000e+00
9267 3.120532788169e-01 0.000000000000e+00 0.000000000000e+00
9268 3.120869559461e-01 0.000000000000e+00 0.000000000000e+00
9269 3.121206330752e-01 0.000000000000e+00 0.000000000000e+00
9270 3.121543102044e-01 0.000000000000e+00 0.000000000000e+00
9271 3.121879873336e-01 0.000000000000e+00 0.000000000000e+00
9272 3.122216644627e-01 0.000000000000e+00 0.000000000000e+00
9273 3.122553415919e-01 0.000000000000e+00 0.000000000000e+00
9274 3.122890187211e-01 0.000000000000e+00 0.000000000000e+00
9275 3.123226958502e-01 0.000000000000e+00 0.000000000000e+00
9276 3.123563729794e-01 0.000000000000e+00 0.000000000000e+00
9277 3.123900501085e-01 0.000000000000e+00 0.000000000000e+00
9278 3.124237272377e-01 0.000000000000e+00 0.000000000000e+00
9279 3.124574043669e-01 0.000000000000e+00 0.000000000000e+00
9280 3.124910814960e-01 0.000000000000e+00 0.000000000000e+00
9281 3.125247586252e-01 0.000000000000e+00 0.000000000000e+00
9282 3.125584357544e-01 0.000000000000e+00 0.000000000000e+00
9283 3.125921128835e-01 0.000000000000e+00 0.000000000000e+00
9284 3.126257900127e-01 0.000000000000e+00 0.000000000000e+00
9285 3.126594671418e-01 0.000000000000e+00 0.000000000000e+00
9286 3.126931442710e-01 0.000000000000e+00 0.000000000000e+00
9287 3.127268214002e-01 0.000000000000e+00 0.000000000000e+00
9288 3.127604985293e-01 0.000000000000e+00 0.000000000000e+00
9289 3.127941756585e-01 0.000000000000e+00 0.000000000000e+00
9290 3.128278527877e-01 0.000000000000e+00 0.000000000000e+00
9291 3.128615299168e-01 0.000000000000e+00 0.000000000000e+00
9292 3.128952070460e-01 0.000000000000e+00 0.000000000000e+00
9293 3.129288841751e-01 0.000000000000e+00 0.000000000000e+00
9294 3.129625613043e-01 0.000000000000e+00 0.000000000000e+00
9295 3.129962384335e-01 0.000000000000e+00 0.000000000000e+00
9296 3.130299155626e-01 0.000000000000e+00 0.000000000000e+00
9297 3.130635926918e-01 0.000000000000e+00 0.000000000000e+00
9298 3.130972698209e-01 0.000000000000e+00 0.000000000000e+00
9299 3.131309469501e-01 0.000000000000e+00 0.000000000000e+00
9300 3.131646240793e-01 0.000000000000e+00 0.000000000000e+00
9301 3.131983012084e-01 0.000000000000e+00 0.000000000000e+00
9302 3.132319783376e-01 0.000000000000e+00 0.000000000000e+00
9303 3.132656554668e-01 0.000000000000e+00 0.000000000000e+00
9304 3.132993325959e-01 0.000000000000e+00 0.000000000000e+00
9305 3.133330097251e-01 0.000000000000e+00 0.000000000000e+00
9306 3.133666868542e-01 0.000000000000e+00 0.000000000000e+00
9307 3.134003639834e-01 0.000000000000e+00 0.000000000000e+00
9308 3.134340411126e-01 0.000000000000e+00 0.000000000000e+00
9309 3.134677182417e-01 0.000000000000e+00 0.000000000000e+00
9310 3.135013953709e-01 0.000000000000e+00 0.000000000000e+00
9311 3.135350725001e-01 0.000000000000e+00 0.000000000000e+00
9312 3.135687496292e-01 0.000000000000e+00 0.000000000000e+00
9313 3.136024267584e-01 0.000000000000e+00 0.000000000000e+00
9314 3.136361038875e-01 0.000000000000e+00 0.000000000000e+00
9315 3.136697810167e-01 0.000000000000e+00 0.000000000000e+00
9316 3.137034581459e-01 0.000000000000e+00 0.000000000000e+00
9317 3.137371352750e-01 0.000000000000e+00 0.000000000000e+00
9318 3.137708124042e-01 0.000000000000e+00 0.000000000000e+00
9319 3.138044895334e-01 0.000000000000e+00 0.000000000000e+00
9320 3.138381666625e-01 0.000000000000e+00 0.000000000000e+00
9321 3.138718437917e-01 0.000000000000e+00 0.000000000000e+00
9322 3.139055209208e-01 0.000000000000e+00 0.000000000000e+00
9323 3.139391980500e-01 0.000000000000e+00 0.000000000000e+00
9324 3.139728751792e-01 0.000000000000e+00 0.000000000000e+00
9325 3.140065523083e-01 0.000000000000e+00 0.000000000000e+00
9326 3.140402294375e-01 0.000000000000e+00 0.000000000000e+00
9327 3.140739065667e-01 0.000000000000e+00 0.000000000000e+00
9328 3.141075836958e-01 0.000000000000e+00 0.000000000000e+00
9329 3.141412608250e-01 0.000000000000e+00 0.000000000000e+00
9330 3.141749379541e-01 0.000000000000e+00 0.000000000000e+00
9331 3.142086150833e-01 0.000000000000e+00 0.000000000000e+00
9332 3.142422922125e-01 0.000000000000e+00 0.000000000000e+00
9333 3.142759693416e-01 0.000000000000e+00 0.000000000000e+00
9334 3.143096464708e-01 0.000000000000e+00 0.000000000000e+00
9335 3.143433236000e-01 0.000000000000e+00 0.000000000000e+00
9336 3.143770007291e-01 0.000000000000e+00 0.000000000000e+00
9337 3.144106778583e-01 0.000000000000e+00 0.000000000000e+00
9338 3.144443549874e-01 0.000000000000e+00 0.000000000000e+00
9339 3.144780321166e-01 0.000000000000e+00 0.000000000000e+00
9340 3.145117092458e-01 0.000000000000e+00 0.000000000000e+00
9341 3.145453863749e-01 0.000000000000e+00 0.000000000000e+00
9342 3.145790635041e-01 0.000000000000e+00 0.000000000000e+00
9343 3.146127406332e-01 0.000000000000e+00 0.000000000000e+00
9344 3.146464177624e-01 0.000000000000e+00 0.000000000000e+00
9345 3.146800948916e-01 0.000000000000e+00 0.000000000000e+00
9346 3.147137720207e-01 0.000000000000e+00 0.000000000000e+00
9347 3.147474491499e-01 0.000000000000e+00 0.000000000000e+00
9348 3.147811262791e-01 0.000000000000e+00 0.000000000000e+00
9349 3.148148034082e-01 0.000000000000e+00 0.000000000000e+00
9350 3.148484805374e-01 0.000000000000e+00 0.000000000000e+00
9351 3.148821576665e-01 0.000000000000e+00 0.000000000000e+00
9352 3.149158347957e-01 0.000000000000e+00 0.000000000000e+00
9353 3.149495119249e-01 0.000000000000e+00 0.000000000000e+00
9354 3.149831890540e-01 0.000000000000e+00 0.000000000000e+00
9355 3.150168661832e-01 0.000000000000e+00 0.000000000000e+00
9356 3.150505433124e-01 0.000000000000e+00 0.000000000000e+00
9357 3.150842204415e-01 0.000000000000e+00 0.000000000000e+00
9358 3.151178975707e-01 0.000000000000e+00 0.000000000000e+00
9359 3.151515746998e-01 0.000000000000e+00 0.000000000000e+00
9360 3.151852518290e-01 0.000000000000e+00 0.000000000000e+00
9361 3.152189289582e-01 0.000000000000e+00 0.000000000000e+00
9362 3.152526060873e-01 0.000000000000e+00 0.000000000000e+00
9363 3.152862832165e-01 0.000000000000e+00 0.000000000000e+00
9364 3.153199603457e-01 0.000000000000e+00 0.000000000000e+00
9365 3.153536374748e-01 0.000000000000e+00 0.000000000000e+00
9366 3.153873146040e-01 0.000000000000e+00 0.000000000000e+00
9367 3.154209917331e-01 0.000000000000e+00 0.000000000000e+00
9368 3.154546688623e-01 0.000000000000e+00 0.000000000000e+00
9369 3.154883459915e-01 0.000000000000e+00 0.000000000000e+00
9370 3.155220231206e-01 0.000000000000e+00 0.000000000000e+00
9371 3.155557002498e-01 0.000000000000e+00 0.000000000000e+00
9372 3.155893773790e-01 0.000000000000e+00 0.000000000000e+00
9373 3.156230545081e-01 0.000000000000e+00 0.000000000000e+00
9374 3.156567316373e-01 0.000000000000e+00 0.000000000000e+00
9375 3.156904087664e-01 0.000000000000e+00 0.000000000000e+00
9376 3.157240858956e-01 0.000000000000e+00 0.000000000000e+00
9377 3.157577630248e-01 0.000000000000e+00 0.000000000000e+00
9378 3.157914401539e-01 0.000000000000e+00 0.000000000000e+00
9379 3.158251172831e-01 0.000000000000e+00 0.000000000000e+00
9380 3.158587944122e-01 0.000000000000e+00 0.000000000000e+00
9381 3.158924715414e-01 0.000000000000e+00 0.000000000000e+00
9382 3.159261486706e-01 0.000000000000e+00 0.000000000000e+00
9383 3.159598257997e-01 0.000000000000e+00 0.000000000000e+00
9384 3.159935029289e-01 0.000000000000e+00 0.000000000000e+00
9385 3.160271800581e-01 0.000000000000e+00 0.000000000000e+00
9386 3.160608571872e-01 0.000000000000e+00 0.000000000000e+00
9387 3.160945343164e-01 0.000000000000e+00 0.000000000000e+00
9388 3.161282114455e-01 0.000000000000e+00 0.000000000000e+00
9389 3.161618885747e-01 0.000000000000e+00 0.000000000000e+00
9390 3.161955657039e-01 0.000000000000e+00 0.000000000000e+00
9391 3.162292428330e-01 0.000000000000e+00 0.000000000000e+00
9392 3.162629199622e-01 0.000000000000e+00 0.000000000000e+00
9393 3.162965970914e-01 0.000000000000e+00 0.000000000000e+00
9394 3.163302742205e-01 0.000000000000e+00 0.000000000000e+00
9395 3.163639513497e-01 0.000000000000e+00 0.000000000000e+00
9396 3.163976284788e-01 0.000000000000e+00 0.000000000000e+00
9397 3.164313056080e-01 0.000000000000e+00 0.000000000000e+00
9398 3.164649827372e-01 0.000000000000e+00 0.000000000000e+00
9399 3.164986598663e-01 0.000000000000e+00 0.000000000000e+00
9400 3.165323369955e-01 0.000000000000e+00 0.000000000000e+00
9401 3.165660141247e-01 0.000000000000e+00 0.000000000000e+00
9402 3.165996912538e-01 0.000000000000e+00 0.000000000000e+00
9403 3.166333683830e-01 0.000000000000e+00 0.000000000000e+00
9404 3.166670455121e-01 0.000000000000e+00 0.000000000000e+00
9405 3.167007226413e-01 0.000000000000e+00 0.000000000000e+00
9406 3.167343997705e-01 0.000000000000e+00 0.000000000000e+00
9407 3.167680768996e-01 0.000000000000e+00 0.000000000000e+00
9408 3.168017540288e-01 0.000000000000e+00 0.000000000000e+00
9409 3.168354311580e-01 0.000000000000e+00 0.000000000000e+00
9410 3.168691082871e-01 0.000000000000e+00 0.000000000000e+00
9411 3.169027854163e-01 0.000000000000e+00 0.000000000000e+00
9412 3.169364625454e-01 0.000000000000e+00 0.000000000000e+00
9413 3.169701396746e-01 0.000000000000e+00 0.000000000000e+00
9414 3.170038168038e-01 0.000000000000e+00 0.000000000000e+00
9415 3.170374939329e-01 0.000000000000e+00 0.000000000000e+00
9416 3.170711710621e-01 0.000000000000e+00 0.000000000000e+00
9417 3.171048481913e-01 0.000000000000e+00 0.000000000000e+00
9418 3.171385253204e-01 0.000000000000e+00 0.000000000000e+00
9419 3.171722024496e-01 0.000000000000e+00 0.000000000000e+00
9420 3.172058795787e-01 0.000000000000e+00 0.000000000000e+00
9421 3.172395567079e-01 0.000000000000e+00 0.000000000000e+00
9422 3.172732338371e-01 0.000000000000e+00 0.000000000000e+00
9423 3.173069109662e-01 0.000000000000e+00 0.000000000000e+00
9424 3.173405880954e-01 0.000000000000e+00 0.000000000000e+00
9425 3.173742652245e-01 0.000000000000e+00 0.000000000000e+00
9426 3.174079423537e-01 0.000000000000e+00 0.000000000000e+00
9427 3.174416194829e-01 0.000000000000e+00 0.000000000000e+00
9428 3.174752966120e-01 0.000000000000e+00 0.000000000000e+00
9429 3.175089737412e-01 0.000000000000e+00 0.000000000000e+00
9430 3.175426508704e-01 0.000000000000e+00 0.000000000000e+00
9431 3.175763279995e-01 0.000000000000e+00 0.000000000000e+00
9432 3.176100051287e-01 0.000000000000e+00 0.000000000000e+00
9433 3.176436822578e-01 0.000000000000e+00 0.000000000000e+00
9434 3.176773593870e-01 0.000000000000e+00 0.000000000000e+00
9435 3.177110365162e-01 0.000000000000e+00 0.000000000000e+00
9436 3.177447136453e-01 0.000000000000e+00 0.000000000000e+00
9437 3.177783907745e-01 0.000000000000e+00 0.000000000000e+00
9438 3.178120679037e-01 0.000000000000e+00 0.000000000000e+00
9439 3.178457450328e-01 0.000000000000e+00 0.000000000000e+00
9440 3.178794221620e-01 0.000000000000e+00 0.000000000000e+00
9441 3.179130992911e-01 0.000000000000e+00 0.000000000000e+00
9442 3.179467764203e-01 0.000000000000e+00 0.000000000000e+00
9443 3.179804535495e-01 0.000000000000e+00 0.000000000000e+00
9444 3.180141306786e-01 0.000000000000e+00 0.000000000000e+00
9445 3.180478078078e-01 0.000000000000e+00 0.000000000000e+00
9446 3.180814849370e-01 0.000000000000e+00 0.000000000000e+00
9447 3.181151620661e-01 0.000000000000e+00 0.000000000000e+00
9448 3.181488391953e-01 0.000000000000e+00 0.000000000000e+00
9449 3.181825163244e-01 0.000000000000e+00 0.000000000000e+00
9450 3.182161934536e-01 0.000000000000e+00 0.000000000000e+00
9451 3.182498705828e-01 0.000000000000e+00 0.000000000000e+00
9452 3.182835477119e-01 0.000000000000e+00 0.000000000000e+00
9453 3.183172248411e-01 0.000000000000e+00 0.000000000000e+00
9454 3.183509019703e-01 0.000000000000e+00 0.000000000000e+00
9455 3.183845790994e-01 0.000000000000e+00 0.000000000000e+00
9456 3.184182562286e-01 0.000000000000e+00 0.000000000000e+00
9457 3.184519333577e-01 0.000000000000e+00 0.000000000000e+00
9458 3.184856104869e-01 0.000000000000e+00 0.000000000000e+00
9459 3.185192876161e-01 0.000000000000e+00 0.000000000000e+00
9460 3.185529647452e-01 0.000000000000e+00 0.000000000000e+00
9461 3.185866418744e-01 0.000000000000e+00 0.000000000000e+00
9462 3.186203190035e-01 0.000000000000e+00 0.000000000000e+00
9463 3.186539961327e-01 0.000000000000e+00 0.000000000000e+00
9464 3.186876732619e-01 0.000000000000e+00 0.000000000000e+00
9465 3.187213503910e-01 0.000000000000e+00 0.000000000000e+00
9466 3.187550275202e-01 0.000000000000e+00 0.000000000000e+00
9467 3.187887046494e-01 0.000000000000e+00 0.000000000000e+00
9468 3.188223817785e-01 0.000000000000e+00 0.000000000000e+00
9469 3.188560589077e-01 0.000000000000e+00 0.000000000000e+00
9470 3.188897360368e-01 0.000000000000e+00 0.000000000000e+00
9471 3.189234131660e-01 0.000000000000e+00 0.000000000000e+00
9472 3.189570902952e-01 0.000000000000e+00 0.000000000000e+00
9473 3.189907674243e-01 0.000000000000e+00 0.000000000000e+00
9474 3.190244445535e-01 0.000000000000e+00 0.000000000000e+00
9475 3.190581216827e-01 0.000000000000e+00 0.000000000000e+00
9476 3.190917988118e-01 0.000000000000e+00 0.000000000000e+00
9477 3.191254759410e-01 0.000000000000e+00 0.000000000000e+00
9478 3.191591530701e-01 0.000000000000e+00 0.000000000000e+00
9479 3.191928301993e-01 0.000000000000e+00 0.000000000000e+00
9480 3.192265073285e-01 0.000000000000e+00 0.000000000000e+00
9481 3.192601844576e-01 0.000000000000e+00 0.000000000000e+00
9482 3.192938615868e-01 0.000000000000e+00 0.000000000000e+00
9483 3.193275387160e-01 0.000000000000e+00 0.000000000000e+00
9484 3.193612158451e-01 0.000000000000e+00 0.000000000000e+00
9485 3.193948929743e-01 0.000000000000e+00 0.000000000000e+00
9486 3.194285701034e-01 0.000000000000e+00 0.000000000000e+00
9487 3.194622472326e-01 0.000000000000e+00 0.000000000000e+00
9488 3.194959243618e-01 0.000000000000e+00 0.000000000000e+00
9489 3.195296014909e-01 0.000000000000e+00 0.000000000000e+00
9490 3.195632786201e-01 0.000000000000e+00 0.000000000000e+00
9491 3.195969557493e-01 0.000000000000e+00 0.000000000000e+00
9492 3.196306328784e-01 0.000000000000e+00 0.000000000000e+00
9493 3.196643100076e-01 0.000000000000e+00 0.000000000000e+00
9494 3.196979871367e-01 0.000000000000e+00 0.000000000000e+00
9495 3.197316642659e-01 0.000000000000e+00 0.000000000000e+00
9496 3.197653413951e-01 0.000000000000e+00 0.000000000000e+00
9497 3.197990185242e-01 0.000000000000e+00 0.000000000000e+00
9498 3.198326956534e-01 0.000000000000e+00 0.000000000000e+00
9499 3.198663727826e-01 0.000000000000e+00 0.000000000000e+00
9500 3.199000499117e-01 0.000000000000e+00 0.000000000000e+00
9501 3.199337270409e-01 0.000000000000e+00 0.000000000000e+00
9502 3.199674041700e-01 0.000000000000e+00 0.000000000000e+00
9503 3.200010812992e-01 0.000000000000e+00 0.000000000000e+00
9504 3.200347584284e-01 0.000000000000e+00 0.000000000000e+00
9505 3.200684355575e-01 0.000000000000e+00 0.000000000000e+00
9506 3.201021126867e-01 0.000000000000e+00 0.000000000000e+00
9507 3.201357898158e-01 0.000000000000e+00 0.000000000000e+00
9508 3.201694669450e-01 0.000000000000e+00 0.000000000000e+00
9509 3.202031440742e-01 0.000000000000e+00 0.000000000000e+00
9510 3.202368212033e-01 0.000000000000e+00 0.000000000000e+00
9511 3.202704983325e-01 0.000000000000e+00 0.000000000000e+00
9512 3.203041754617e-01 0.000000000000e+00 0.000000000000e+00
9513 3.203378525908e-01 0.000000000000e+00 0.000000000000e+00
9514 3.203715297200e-01 0.000000000000e+00 0.000000000000e+00
9515 3.204052068491e-01 0.000000000000e+00 0.000000000000e+00
9516 3.204388839783e-01 0.000000000000e+00 0.000000000000e+00
9517 3.204725611075e-01 0.000000000000e+00 0.000000000000e+00
9518 3.205062382366e-01 0.000000000000e+00 0.000000000000e+00
9519 3.205399153658e-01 0.000000000000e+00 0.000000000000e+00
9520 3.205735924950e-01 0.000000000000e+00 0.000000000000e+00
9521 3.206072696241e-01 0.000000000000e+00 0.000000000000e+00
9522 3.206409467533e-01 0.000000000000e+00 0.000000000000e+00
9523 3.206746238824e-01 0.000000000000e+00 0.000000000000e+00
9524 3.207083010116e-01 0.000000000000e+00 0.000000000000e+00
9525 3.207419781408e-01 0.000000000000e+00 0.000000000000e+00
9526 3.207756552699e-01 0.000000000000e+00 0.000000000000e+00
9527 3.208093323991e-01 0.000000000000e+00 0.000000000000e+00
9528 3.208430095283e-01 0.000000000000e+00 0.000000000000e+00
9529 3.208766866574e-01 0.000000000000e+00 0.000000000000e+00
9530 3.209103637866e-01 0.000000000000e+00 0.000000000000e+00
9531 3.209440409157e-01 0.000000000000e+00 0.000000000000e+00
9532 3.209777180449e-01 0.000000000000e+00 0.000000000000e+00
9533 3.210113951741e-01 0.000000000000e+00 0.000000000000e+00
9534 3.210450723032e-01 0.000000000000e+00 0.000000000000e+00
9535 3.210787494324e-01 0.000000000000e+00 0.000000000000e+00
9536 3.211124265616e-01 0.000000000000e+00 0.000000000000e+00
9537 3.211461036907e-01 0.000000000000e+00 0.000000000000e+00
9538 3.211797808199e-01 0.000000000000e+00 0.000000000000e+00
9539 3.212134579490e-01 0.000000000000e+00 0.000000000000e+00
9540 3.212471350782e-01 0.000000000000e+00 0.000000000000e+00
9541 3.212808122074e-01 0.000000000000e+00 0.000000000000e+00
9542 3.213144893365e-01 0.000000000000e+00 0.000000000000e+00
9543 3.213481664657e-01 0.000000000000e+00 0.000000000000e+00
9544 3.213818435948e-01 0.000000000000e+00 0.000000000000e+00
9545 3.214155207240e-01 0.000000000000e+00 0.000000000000e+00
9546 3.214491978532e-01 0.000000000000e+00 0.000000000000e+00
9547 3.214828749823e-01 0.000000000000e+00 0.000000000000e+00
9548 3.215165521115e-01 0.000000000000e+00 0.000000000000e+00
9549 3.215502292407e-01 0.000000000000e+00 0.000000000000e+00
9550 3.215839063698e-01 0.000000000000e+00 0.000000000000e+00
9551 3.216175834990e-01 0.000000000000e+00 0.000000000000e+00
9552 3.216512606281e-01 0.000000000000e+00 0.000000000000e+00
9553 3.216849377573e-01 0.000000000000e+00 0.000000000000e+00
9554 3.217186148865e-01 0.000000000000e+00 0.000000000000e+00
9555 3.217522920156e-01 0.000000000000e+00 0.000000000000e+00
9556 3.217859691448e-01 0.000000000000e+00 0.000000000000e+00
9557 3.218196462740e-01 0.000000000000e+00 0.000000000000e+00
9558 3.218533234031e-01 0.000000000000e+00 0.000000000000e+00
9559 3.218870005323e-01 0.000000000000e+00 0.000000000000e+00
9560 3.219206776614e-01 0.000000000000e+00 0.000000000000e+00
9561 3.219543547906e-01 0.000000000000e+00 0.000000000000e+00
9562 3.219880319198e-01 0.000000000000e+00 0.000000000000e+00
9563 3.220217090489e-01 0.000000000000e+00 0.000000000000e+00
9564 3.220553861781e-01 0.000000000000e+00 0.000000000000e+00
9565 3.220890633073e-01 0.000000000000e+00 0.000000000000e+00
9566 3.221227404364e-01 0.000000000000e+00 0.000000000000e+00
9567 3.221564175656e-01 0.000000000000e+00 0.000000000000e+00
9568 3.221900946947e-01 0.000000000000e+00 0.000000000000e+00
9569 3.222237718239e-01 0.000000000000e+00 0.000000000000e+00
9570 3.222574489531e-01 0.000000000000e+00 0.000000000000e+00
9571 3.222911260822e-01 0.000000000000e+00 0.000000000000e+00
9572 3.223248032114e-01 0.000000000000e+00 0.000000000000e+00
9573 3.223584803406e-01 0.000000000000e+00 0.000000000000e+00
9574 3.223921574697e-01 0.000000000000e+00 0.000000000000e+00
9575 3.224258345989e-01 0.000000000000e+00 0.000000000000e+00
9576 3.224595117280e-01 0.000000000000e+00 0.000000000000e+00
9577 3.224931888572e-01 0.000000000000e+00 0.000000000000e+00
9578 3.225268659864e-01 0.000000000000e+00 0.000000000000e+00
9579 3.225605431155e-01 0.000000000000e+00 0.000000000000e+00
9580 3.225942202447e-01 0.000000000000e+00 0.000000000000e+00
9581 3.226278973739e-01 0.000000000000e+00 0.000000000000e+00
9582 3.226615745030e-01 0.000000000000e+00 0.000000000000e+00
9583 3.226952516322e-01 0.000000000000e+00 0.000000000000e+00
9584 3.227289287613e-01 0.000000000000e+00 0.000000000000e+00
9585 3.227626058905e-01 0.000000000000e+00 0.000000000000e+00
9586 3.227962830197e-01 0.000000000000e+00 0.000000000000e+00
9587 3.228299601488e-01 0.000000000000e+00 0.000000000000e+00
9588 3.228636372780e-01 0.000000000000e+00 0.000000000000e+00
9589 3.228973144071e-01 0.000000000000e+00 0.000000000000e+00
9590 3.229309915363e-01 0.000000000000e+00 0.000000000000e+00
9591 3.229646686655e-01 0.000000000000e+00 0.000000000000e+00
9592 3.229983457946e-01 0.000000000000e+00 0.000000000000e+00
9593 3.230320229238e-01 0.000000000000e+00 0.000000000000e+00
9594 3.230657000530e-01 0.000000000000e+00 0.000000000000e+00
9595 3.230993771821e-01 0.000000000000e+00 0.000000000000e+00
9596 3.231330543113e-01 0.000000000000e+00 0.000000000000e+00
9597 3.231667314404e-01 0.000000000000e+00 0.000000000000e+00
9598 3.232004085696e-01 0.000000000000e+00 0.000000000000e+00
9599 3.232340856988e-01 0.000000000000e+00 0.000000000000e+00
9600 3.232677628279e-01 0.000000000000e+00 0.000000000000e+00
9601 3.233014399571e-01 0.000000000000e+00 0.000000000000e+00
9602 3.233351170863e-01 0.000000000000e+00 0.000000000000e+00
9603 3.233687942154e-01 0.000000000000e+00 0.000000000000e+00
9604 3.234024713446e-01 0.000000000000e+00 0.000000000000e+00
9605 3.234361484737e-01 0.000000000000e+00 0.000000000000e+00
9606 3.234698256029e-01 0.000000000000e+00 0.000000000000e+00
9607 3.235035027321e-01 0.000000000000e+00 0.000000000000e+00
9608 3.235371798612e-01 0.000000000000e+00 0.000000000000e+00
9609 3.235708569904e-01 0.000000000000e+00 0.000000000000e+00
9610 3.236045341196e-01 0.000000000000e+00 0.000000000000e+00
9611 3.236382112487e-01 0.000000000000e+00 0.000000000000e+00
9612 3.236718883779e-01 0.000000000000e+00 0.000000000000e+00
9613 3.237055655070e-01 0.000000000000e+00 0.000000000000e+00
9614 3.237392426362e-01 0.000000000000e+00 0.000000000000e+00
9615 3.237729197654e-01 0.000000000000e+00 0.000000000000e+00
9616 3.238065968945e-01 0.000000000000e+00 0.000000000000e+00
9617 3.238402740237e-01 0.000000000000e+00 0.000000000000e+00
9618 3.238739511529e-01 0.000000000000e+00 0.000000000000e+00
9619 3.239076282820e-01 0.000000000000e+00 0.000000000000e+00
9620 3.239413054112e-01 0.000000000000e+00 0.000000000000e+00
9621 3.239749825403e-01 0.000000000000e+00 0.000000000000e+00
9622 3.240086596695e-01 0.000000000000e+00 0.000000000000e+00
9623 3.240423367987e-01 0.000000000000e+00 0.000000000000e+00
9624 3.240760139278e-01 0.000000000000e+00 0.000000000000e+00
9625 3.241096910570e-01 0.000000000000e+00 0.000000000000e+00
9626 3.241433681862e-01 0.000000000000e+00 0.000000000000e+00
9627 3.241770453153e-01 0.000000000000e+00 0.000000000000e+00
9628 3.242107224445e-01 0.000000000000e+00 0.000000000000e+00
9629 3.242443995736e-01 0.000000000000e+00 0.000000000000e+00
9630 3.242780767028e-01 0.000000000000e+00 0.000000000000e+00
9631 3.243117538320e-01 0.000000000000e+00 0.000000000000e+00
9632 3.243454309611e-01 0.000000000000e+00 0.000000000000e+00
9633 3.243791080903e-01 0.000000000000e+00 0.000000000000e+00
9634 3.244127852194e-01 0.000000000000e+00 0.000000000000e+00
9635 3.244464623486e-01 0.000000000000e+00 0.000000000000e+00
9636 3.244801394778e-01 0.000000000000e+00 0.000000000000e+00
9637 3.245138166069e-01 0.000000000000e+00 0.000000000000e+00
9638 3.245474937361e-01 0.000000000000e+00 0.000000000000e+00
9639 3.245811708653e-01 0.000000000000e+00 0.000000000000e+00
9640 3.246148479944e-01 0.000000000000e+00 0.000000000000e+00
9641 3.246485251236e-01 0.000000000000e+00 0.000000000000e+00
9642 3.246822022527e-01 0.000000000000e+00 0.000000000000e+00
9643 3.247158793819e-01 0.000000000000e+00 0.000000000000e+00
9644 3.247495565111e-01 0.000000000000e+00 0.000000000000e+00
9645 3.247832336402e-01 0.000000000000e+00 0.000000000000e+00
9646 3.248169107694e-01 0.000000000000e+00 0.000000000000e+00
9647 3.248505878986e-01 0.000000000000e+00 0.000000000000e+00
9648 3.248842650277e-01 0.000000000000e+00 0.000000000000e+00
9649 3.249179421569e-01 0.000000000000e+00 0.000000000000e+00
9650 3.249516192860e-01 0.000000000000e+00 0.000000000000e+00
9651 3.249852964152e-01 0.000000000000e+00 0.000000000000e+00
9652 3.250189735444e-01 0.000000000000e+00 0.000000000000e+00
9653 3.250526506735e-01 0.000000000000e+00 0.000000000000e+00
9654 3.250863278027e-01 0.000000000000e+00 0.000000000000e+00
9655 3.251200049319e-01 0.000000000000e+00 0.000000000000e+00
9656 3.251536820610e-01 0.000000000000e+00 0.000000000000e+00
9657 3.251873591902e-01 0.000000000000e+00 0.000000000000e+00
9658 3.252210363193e-01 0.000000000000e+00 0.000000000000e+00
9659 3.252547134485e-01 0.000000000000e+00 0.000000000000e+00
9660 3.252883905777e-01 0.000000000000e+00 0.000000000000e+00
9661 3.253220677068e-01 0.000000000000e+00 0.000000000000e+00
9662 3.253557448360e-01 0.000000000000e+00 0.000000000000e+00
9663 3.253894219652e-01 0.000000000000e+00 0.000000000000e+00
9664 3.254230990943e-01 0.000000000000e+00 0.000000000000e+00
9665 3.254567762235e-01 0.000000000000e+00 0.000000000000e+00
9666 3.254904533526e-01 0.000000000000e+00 0.000000000000e+00
9667 3.255241304818e-01 0.000000000000e+00 0.000000000000e+00
9668 3.255578076110e-01 0.000000000000e+00 0.000000000000e+00
9669 3.255914847401e-01 0.000000000000e+00 0.000000000000e+00
9670 3.256251618693e-01 0.000000000000e+00 0.000000000000e+00
9671 3.256588389984e-01 0.000000000000e+00 0.000000000000e+00
9672 3.256925161276e-01 0.000000000000e+00 0.000000000000e+00
9673 3.257261932568e-01 0.000000000000e+00 0.000000000000e+00
9674 3.257598703859e-01 0.000000000000e+00 0.000000000000e+00
9675 3.257935475151e-01 0.000000000000e+00 0.000000000000e+00
9676 3.258272246443e-01 0.000000000000e+00 0.000000000000e+00
9677 3.258609017734e-01 0.000000000000e+00 0.000000000000e+00
9678 3.258945789026e-01 0.000000000000e+00 0.000000000000e+00
9679 3.259282560317e-01 0.000000000000e+00 0.000000000000e+00
9680 3.259619331609e-01 0.000000000000e+00 0.000000000000e+00
9681 3.259956102901e-01 0.000000000000e+00 0.000000000000e+00
9682 3.260292874192e-01 0.000000000000e+00 0.000000000000e+00
9683 3.260629645484e-01 0.000000000000e+00 0.000000000000e+00
9684 3.260966416776e-01 0.000000000000e+00 0.000000000000e+00
9685 3.261303188067e-01 0.000000000000e+00 0.000000000000e+00
9686 3.261639959359e-01 0.000000000000e+00 0.000000000000e+00
9687 3.261976730650e-01 0.000000000000e+00 0.000000000000e+00
9688 3.262313501942e-01 0.000000000000e+00 0.000000000000e+00
9689 3.262650273234e-01 0.000000000000e+00 0.000000000000e+00
9690 3.262987044525e-01 0.000000000000e+00 0.000000000000e+00
9691 3.263323815817e-01 0.000000000000e+00 0.000000000000e+00
9692 3.263660587109e-01 0.000000000000e+00 0.000000000000e+00
9693 3.263997358400e-01 0.000000000000e+00 0.000000000000e+00
9694 3.264334129692e-01 0.000000000000e+00 0.000000000000e+00
9695 3.264670900983e-01 0.000000000000e+00 0.000000000000e+00
9696 3.265007672275e-01 0.000000000000e+00 0.000000000000e+00
9697 3.265344443567e-01 0.000000000000e+00 0.000000000000e+00
9698 3.265681214858e-01 0.000000000000e+00 0.000000000000e+00
9699 3.266017986150e-01 0.000000000000e+00 0.000000000000e+00
9700 3.266354757442e-01 0.000000000000e+00 0.000000000000e+00
9701 3.266691528733e-01 0.000000000000e+00 0.000000000000e+00
9702 3.267028300025e-01 0.000000000000e+00 0.000000000000e+00
9703 3.267365071316e-01 0.000000000000e+00 0.000000000000e+00
9704 3.267701842608e-01 0.000000000000e+00 0.000000000000e+00
9705 3.268038613900e-01 0.000000000000e+00 0.000000000000e+00
9706 3.268375385191e-01 0.000000000000e+00 0.000000000000e+00
9707 3.268712156483e-01 0.000000000000e+00 0.000000000000e+00
9708 3.269048927775e-01 0.000000000000e+00 0.000000000000e+00
9709 3.269385699066e-01 0.000000000000e+00 0.000000000000e+00
9710 3.269722470358e-01 0.000000000000e+00 0.000000000000e+00
9711 3.270059241649e-01 0.000000000000e+00 0.000000000000e+00
9712 3.270396012941e-01 0.000000000000e+00 0.000000000000e+00
9713 3.270732784233e-01 0.000000000000e+00 0.000000000000e+00
9714 3.271069555524e-01 0.000000000000e+00 0.000000000000e+00
9715 3.271406326816e-01 0.000000000000e+00 0.000000000000e+00
9716 3.271743098107e-01 0.000000000000e+00 0.000000000000e+00
9717 3.272079869399e-01 0.000000000000e+00 0.000000000000e+00
9718 3.272416640691e-01 0.000000000000e+00 0.000000000000e+00
9719 3.272753411982e-01 0.000000000000e+00 0.000000000000e+00
9720 3.273090183274e-01 0.000000000000e+00 0.000000000000e+00
9721 3.273426954566e-01 0.000000000000e+00 0.000000000000e+00
9722 3.273763725857e-01 0.000000000000e+00 0.000000000000e+00
9723 3.274100497149e-01 0.000000000000e+00 0.000000000000e+00
9724 3.274437268440e-01 0.000000000000e+00 0.000000000000e+00
9725 3.274774039732e-01 0.000000000000e+00 0.000000000000e+00
9726 3.275110811024e-01 0.000000000000e+00 0.000000000000e+00
9727 3.275447582315e-01 0.000000000000e+00 0.000000000000e+00
9728 3.275784353607e-01 0.000000000000e+00 0.000000000000e+00
9729 3.276121124899e-01 0.000000000000e+00 0.000000000000e+00
9730 3.276457896190e-01 0.000000000000e+00 0.000000000000e+00
9731 3.276794667482e-01 0.000000000000e+00 0.000000000000e+00
9732 3.277131438773e-01 0.000000000000e+00 0.000000000000e+00
9733 3.277468210065e-01 0.000000000000e+00 0.000000000000e+00
9734 3.277804981357e-01 0.000000000000e+00 0.000000000000e+00
9735 3.278141752648e-01 0.000000000000e+00 0.000000000000e+00
9736 3.278478523940e-01 0.000000000000e+00 0.000000000000e+00
9737 3.278815295232e-01 0.000000000000e+00 0.000000000000e+00
9738 3.279152066523e-01 0.000000000000e+00 0.000000000000e+00
9739 3.279488837815e-01 0.000000000000e+00 0.000000000000e+00
9740 3.279825609106e-01 0.000000000000e+00 0.000000000000e+00
9741 3.280162380398e-01 0.000000000000e+00 0.000000000000e+00
9742 3.280499151690e-01 0.000000000000e+00 0.000000000000e+00
9743 3.280835922981e-01 0.000000000000e+00 0.000000000000e+00
9744 3.281172694273e-01 0.000000000000e+00 0.000000000000e+00
9745 3.281509465565e-01 0.000000000000e+00 0.000000000000e+00
9746 3.281846236856e-01 0.000000000000e+00 0.000000000000e+00
9747 3.282183008148e-01 0.000000000000e+00 0.000000000000e+00
9748 3.282519779439e-01 0.000000000000e+00 0.000000000000e+00
9749 3.282856550731e-01 0.000000000000e+00 0.000000000000e+00
9750 3.283193322023e-01 0.000000000000e+00 0.000000000000e+00
9751 3.283530093314e-01 0.000000000000e+00 0.000000000000e+00
9752 3.283866864606e-01 0.000000000000e+00 0.000000000000e+00
9753 3.284203635897e-01 0.000000000000e+00 0.000000000000e+00
9754 3.284540407189e-01 0.000000000000e+00 0.000000000000e+00
9755 3.284877178481e-01 0.000000000000e+00 0.000000000000e+00
9756 3.285213949772e-01 0.000000000000e+00 0.000000000000e+00
9757 3.285550721064e-01 0.000000000000e+00 0.000000000000e+00
9758 3.285887492356e-01 0.000000000000e+00 0.000000000000e+00
9759 3.286224263647e-01 0.000000000000e+00 0.000000000000e+00
9760 3.286561034939e-01 0.000000000000e+00 0.000000000000e+00
9761 3.286897806230e-01 0.000000000000e+00 0.000000000000e+00
9762 3.287234577522e-01 0.000000000000e+00 0.000000000000e+00
9763 3.287571348814e-01 0.000000000000e+00 0.000000000000e+00
9764 3.287908120105e-01 0.000000000000e+00 0.000000000000e+00
9765 3.288244891397e-01 0.000000000000e+00 0.000000000000e+00
9766 3.288581662689e-01 0.000000000000e+00 0.000000000000e+00
9767 3.288918433980e-01 0.000000000000e+00 0.000000000000e+00
9768 3.289255205272e-01 0.000000000000e+00 0.000000000000e+00
9769 3.289591976563e-01 0.000000000000e+00 0.000000000000e+00
9770 3.289928747855e-01 0.000000000000e+00 0.000000000000e+00
9771 3.290265519147e-01 0.000000000000e+00 0.000000000000e+00
9772 3.290602290438e-01 0.000000000000e+00 0.000000000000e+00
9773 3.290939061730e-01 0.000000000000e+00 0.000000000000e+00
9774 3.291275833022e-01 0.000000000000e+00 0.000000000000e+00
9775 3.291612604313e-01 0.000000000000e+00 0.000000000000e+00
9776 3.291949375605e-01 0.000000000000e+00 0.000000000000e+00
9777 3.292286146896e-01 0.000000000000e+00 0.000000000000e+00
9778 3.292622918188e-01 0.000000000000e+00 0.000000000000e+00
9779 3.292959689480e-01 0.000000000000e+00 0.000000000000e+00
9780 3.293296460771e-01 0.000000000000e+00 0.000000000000e+00
9781 3.293633232063e-01 0.000000000000e+00 0.000000000000e+00
9782 3.293970003355e-01 0.000000000000e+00 0.000000000000e+00
9783 3.294306774646e-01 0.000000000000e+00 0.000000000000e+00
9784 3.294643545938e-01 0.000000000000e+00 0.000000000000e+00
9785 3.294980317229e-01 0.000000000000e+00 0.000000000000e+00
9786 3.295317088521e-01 0.000000000000e+00 0.000000000000e+00
9787 3.295653859813e-01 0.000000000000e+00 0.000000000000e+00
9788 3.295990631104e-01 0.000000000000e+00 0.000000000000e+00
9789 3.296327402396e-01 0.000000000000e+00 0.000000000000e+00
9790 3.296664173688e-01 0.000000000000e+00 0.000000000000e+00
9791 3.297000944979e-01 0.000000000000e+00 0.000000000000e+00
9792 3.297337716271e-01 0.000000000000e+00 0.000000000000e+00
9793 3.297674487562e-01 0.000000000000e+00 0.000000000000e+00
9794 3.298011258854e-01 0.000000000000e+00 0.000000000000e+00
9795 3.298348030146e-01 0.000000000000e+00 0.000000000000e+00
9796 3.298684801437e-01 0.000000000000e+00 0.000000000000e+00
9797 3.299021572729e-01 0.000000000000e+00 0.000000000000e+00
9798 3.299358344020e-01 0.000000000000e+00 0.000000000000e+00
9799 3.299695115312e-01 0.000000000000e+00 0.000000000000e+00
9800 3.300031886604e-01 0.000000000000e+00 0.000000000000e+00
9801 3.300368657895e-01 0.000000000000e+00 0.000000000000e+00
9802 3.300705429187e-01 0.000000000000e+00 0.000000000000e+00
9803 3.301042200479e-01 0.000000000000e+00 0.000000000000e+00
9804 3.301378971770e-01 0.000000000000e+00 0.000000000000e+00
9805 3.301715743062e-01 0.000000000000e+00 0.000000000000e+00
9806 3.302052514353e-01 0.000000000000e+00 0.000000000000e+00
9807 3.302389285645e-01 0.000000000000e+00 0.000000000000e+00
9808 3.302726056937e-01 0.000000000000e+00 0.000000000000e+00
9809 3.303062828228e-01 0.000000000000e+00 0.000000000000e+00
9810 3.303399599520e-01 0.000000000000e+00 0.000000000000e+00
9811 3.303736370812e-01 0.000000000000e+00 0.000000000000e+00
9812 3.304073142103e-01 0.000000000000e+00 0.000000000000e+00
9813 3.304409913395e-01 0.000000000000e+00 0.000000000000e+00
9814 3.304746684686e-01 0.000000000000e+00 0.000000000000e+00
9815 3.305083455978e-01 0.000000000000e+00 0.000000000000e+00
9816 3.305420227270e-01 0.000000000000e+00 0.000000000000e+00
9817 3.305756998561e-01 0.000000000000e+00 0.000000000000e+00
9818 3.306093769853e-01 0.000000000000e+00 0.000000000000e+00
9819 3.306430541145e-01 0.000000000000e+00 0.000000000000e+00
9820 3.306767312436e-01 0.000000000000e+00 0.000000000000e+00
9821 3.307104083728e-01 0.000000000000e+00 0.000000000000e+00
9822 3.307440855019e-01 0.000000000000e+00 0.000000000000e+00
9823 3.307777626311e-01 0.000000000000e+00 0.000000000000e+00
9824 3.308114397603e-01 0.000000000000e+00 0.000000000000e+00
9825 3.308451168894e-01 0.000000000000e+00 0.000000000000e+00
9826 3.308787940186e-01 0.000000000000e+00 0.000000000000e+00
9827 3.309124711478e-01 0.000000000000e+00 0.000000000000e+00
9828 3.309461482769e-01 0.000000000000e+00 0.000000000000e+00
9829 3.309798254061e-01 0.000000000000e+00 0.000000000000e+00
9830 3.310135025352e-01 0.000000000000e+00 0.000000000000e+00
9831 3.310471796644e-01 0.000000000000e+00 0.000000000000e+00
9832 3.310808567936e-01 0.000000000000e+00 0.000000000000e+00
9833 3.311145339227e-01 0.000000000000e+00 0.000000000000e+00
9834 3.311482110519e-01 0.000000000000e+00 0.000000000000e+00
9835 3.311818881810e-01 0.000000000000e+00 0.000000000000e+00
9836 3.312155653102e-01 0.000000000000e+00 0.000000000000e+00
9837 3.312492424394e-01 0.000000000000e+00 0.000000000000e+00
9838 3.312829195685e-01 0.000000000000e+00 0.000000000000e+00
9839 3.313165966977e-01 0.000000000000e+00 0.000000000000e+00
9840 3.313502738269e-01 0.000000000000e+00 0.000000000000e+00
9841 3.313839509560e-01 0.000000000000e+00 0.000000000000e+00
9842 3.314176280852e-01 0.000000000000e+00 0.000000000000e+00
9843 3.314513052143e-01 0.000000000000e+00 0.000000000000e+00
9844 3.314849823435e-01 0.000000000000e+00 0.000000000000e+00
9845 3.315186594727e-01 0.000000000000e+00 0.000000000000e+00
9846 3.315523366018e-01 0.000000000000e+00 0.000000000000e+00
9847 3.315860137310e-01 0.000000000000e+00 0.000000000000e+00
9848 3.316196908602e-01 0.000000000000e+00 0.000000000000e+00
9849 3.316533679893e-01 0.000000000000e+00 0.000000000000e+00
9850 3.316870451185e-01 0.000000000000e+00 0.000000000000e+00
9851 3.317207222476e-01 0.000000000000e+00 0.000000000000e+00
9852 3.317543993768e-01 0.000000000000e+00 0.000000000000e+00
9853 3.317880765060e-01 0.000000000000e+00 0.000000000000e+00
9854 3.318217536351e-01 0.000000000000e+00 0.000000000000e+00
9855 3.318554307643e-01 0.000000000000e+00 0.000000000000e+00
9856 3.318891078935e-01 0.000000000000e+00 0.000000000000e+00
9857 3.319227850226e-01 0.000000000000e+00 0.000000000000e+00
9858 3.319564621518e-01 0.000000000000e+00 0.000000000000e+00
9859 3.319901392809e-01 0.000000000000e+00 0.000000000000e+00
9860 3.320238164101e-01 0.000000000000e+00 0.000000000000e+00
9861 3.320574935393e-01 0.000000000000e+00 0.000000000000e+00
9862 3.320911706684e-01 0.000000000000e+00 0.000000000000e+00
9863 3.321248477976e-01 0.000000000000e+00 0.000000000000e+00
9864 3.321585249268e-01 0.000000000000e+00 0.000000000000e+00
9865 3.321922020559e-01 0.000000000000e+00 0.000000000000e+00
9866 3.322258791851e-01 0.000000000000e+00 0.000000000000e+00
9867 3.322595563142e-01 0.000000000000e+00 0.000000000000e+00
9868 3.322932334434e-01 0.000000000000e+00 0.000000000000e+00
9869 3.323269105726e-01 0.000000000000e+00 0.000000000000e+00
9870 3.323605877017e-01 0.000000000000e+00 0.000000000000e+00
9871 3.323942648309e-01 0.000000000000e+00 0.000000000000e+00
9872 3.324279419601e-01 0.000000000000e+00 0.000000000000e+00
9873 3.324616190892e-01 0.000000000000e+00 0.000000000000e+00
9874 3.324952962184e-01 0.000000000000e+00 0.000000000000e+00
9875 3.325289733475e-01 0.000000000000e+00 0.000000000000e+00
9876 3.325626504767e-01 0.000000000000e+00 0.000000000000e+00
9877 3.325963276059e-01 0.000000000000e+00 0.000000000000e+00
9878 3.326300047350e-01 0.000000000000e+00 0.000000000000e+00
9879 3.326636818642e-01 0.000000000000e+00 0.000000000000e+00
9880 3.326973589933e-01 0.000000000000e+00 0.000000000000e+00
9881 3.327310361225e-01 0.000000000000e+00 0.000000000000e+00
9882 3.327647132517e-01 0.000000000000e+00 0.000000000000e+00
9883 3.327983903808e-01 0.000000000000e+00 0.000000000000e+00
9884 3.328320675100e-01 0.000000000000e+00 0.000000000000e+00
9885 3.328657446392e-01 0.000000000000e+00 0.000000000000e+00
9886 3.328994217683e-01 0.000000000000e+00 0.000000000000e+00
9887 3.329330988975e-01 0.000000000000e+00 0.000000000000e+00
9888 3.329667760266e-01 0.000000000000e+00 0.000000000000e+00
9889 3.330004531558e-01 0.000000000000e+00 0.000000000000e+00
9890 3.330341302850e-01 0.000000000000e+00 0.000000000000e+00
9891 3.330678074141e-01 0.000000000000e+00 0.000000000000e+00
9892 3.331014845433e-01 0.000000000000e+00 0.000000000000e+00
9893 3.331351616725e-01 0.000000000000e+00 0.000000000000e+00
9894 3.331688388016e-01 0.000000000000e+00 0.000000000000e+00
9895 3.332025159308e-01 0.000000000000e+00 0.000000000000e+00
9896 3.332361930599e-01 0.000000000000e+00 0.000000000000e+00
9897 3.332698701891e-01 0.000000000000e+00 0.000000000000e+00
9898 3.333035473183e-01 0.000000000000e+00 0.000000000000e+00
9899 3.333372244474e-01 0.000000000000e+00 0.000000000000e+00
9900 3.333709015766e-01 0.000000000000e+00 0.000000000000e+00
9901 3.334045787058e-01 0.000000000000e+00 0.000000000000e+00
9902 3.334382558349e-01 0.000000000000e+00 0.000000000000e+00
9903 3.334719329641e-01 0.000000000000e+00 0.000000000000e+00
9904 3.335056100932e-01 0.000000000000e+00 0.000000000000e+00
9905 3.335392872224e-01 0.000000000000e+00 0.000000000000e+00
9906 3.335729643516e-01 0.000000000000e+00 0.000000000000e+00
9907 3.336066414807e-01 0.000000000000e+00 0.000000000000e+00
9908 3.336403186099e-01 0.000000000000e+00 0.000000000000e+00
9909 3.336739957391e-01 0.000000000000e+00 0.000000000000e+00
9910 3.337076728682e-01 0.000000000000e+00 0.000000000000e+00
9911 3.337413499974e-01 0.000000000000e+00 0.000000000000e+00
9912 3.337750271265e-01 0.000000000000e+00 0.000000000000e+00
9913 3.338087042557e-01 0.000000000000e+00 0.000000000000e+00
9914 3.338423813849e-01 0.000000000000e+00 0.000000000000e+00
9915 3.338760585140e-01 0.000000000000e+00 0.000000000000e+00
9916 3.339097356432e-01 0.000000000000e+00 0.000000000000e+00
9917 3.339434127723e-01 0.000000000000e+00 0.000000000000e+00
9918 3.339770899015e-01 0.000000000000e+00 0.000000000000e+00
9919 3.340107670307e-01 0.000000000000e+00 0.000000000000e+00
9920 3.340444441598e-01 0.000000000000e+00 0.000000000000e+00
9921 3.340781212890e-01 0.000000000000e+00 0.000000000000e+00
9922 3.341117984182e-01 0.000000000000e+00 0.000000000000e+00
9923 3.341454755473e-01 0.000000000000e+00 0.000000000000e+00
9924 3.341791526765e-01 0.000000000000e+00 0.000000000000e+00
9925 3.342128298056e-01 0.000000000000e+00 0.000000000000e+00
9926 3.342465069348e-01 0.000000000000e+00 0.000000000000e+00
9927 3.342801840640e-01 0.000000000000e+00 0.000000000000e+00
9928 3.343138611931e-01 0.000000000000e+00 0.000000000000e+00
9929 3.343475383223e-01 0.000000000000e+00 0.000000000000e+00
9930 3.343812154515e-01 0.000000000000e+00 0.000000000000e+00
9931 3.344148925806e-01 0.000000000000e+00 0.000000000000e+00
9932 3.344485697098e-01 0.000000000000e+00 0.000000000000e+00
9933 3.344822468389e-01 0.000000000000e+00 0.000000000000e+00
9934 3.345159239681e-01 0.000000000000e+00 0.000000000000e+00
9935 3.345496010973e-01 0.000000000000e+00 0.000000000000e+00
9936 3.345832782264e-01 0.000000000000e+00 0.000000000000e+00
9937 3.346169553556e-01 0.000000000000e+00 0.000000000000e+00
9938 3.346506324848e-01 0.000000000000e+00 0.000000000000e+00
9939 3.346843096139e-01 0.000000000000e+00 0.000000000000e+00
9940 3.347179867431e-01 0.000000000000e+00 0.000000000000e+00
9941 3.347516638722e-01 0.000000000000e+00 0.000000000000e+00
9942 3.347853410014e-01 0.000000000000e+00 0.000000000000e+00
9943 3.348190181306e-01 0.000000000000e+00 0.000000000000e+00
9944 3.348526952597e-01 0.000000000000e+00 0.000000000000e+00
9945 3.348863723889e-01 0.000000000000e+00 0.000000000000e+00
9946 3.349200495181e-01 0.000000000000e+00 0.000000000000e+00
9947 3.349537266472e-01 0.000000000000e+00 0.000000000000e+00
9948 3.349874037764e-01 0.000000000000e+00 0.000000000000e+00
9949 3.350210809055e-01 0.000000000000e+00 0.000000000000e+00
9950 3.350547580347e-01 0.000000000000e+00 0.000000000000e+00
9951 3.350884351639e-01 0.000000000000e+00 0.000000000000e+00
9952 3.351221122930e-01 0.000000000000e+00 0.000000000000e+00
9953 3.351557894222e-01 0.000000000000e+00 0.000000000000e+00
9954 3.351894665514e-01 0.000000000000e+00 0.000000000000e+00
9955 3.352231436805e-01 0.000000000000e+00 0.000000000000e+00
9956 3.352568208097e-01 0.000000000000e+00 0.000000000000e+00
9957 3.352904979388e-01 0.000000000000e+00 0.000000000000e+00
9958 3.353241750680e-01 0.000000000000e+00 0.000000000000e+00
9959 3.353578521972e-01 0.000000000000e+00 0.000000000000e+00
9960 3.353915293263e-01 0.000000000000e+00 0.000000000000e+00
9961 3.354252064555e-01 0.000000000000e+00 0.000000000000e+00
9962 3.354588835846e-01 0.000000000000e+00 0.000000000000e+00
9963 3.354925607138e-01 0.000000000000e+00 0.000000000000e+00
9964 3.355262378430e-01 0.000000000000e+00 0.000000000000e+00
9965 3.355599149721e-01 0.000000000000e+00 0.000000000000e+00
9966 3.355935921013e-01 0.000000000000e+00 0.000000000000e+00
9967 3.356272692305e-01 0.000000000000e+00 0.000000000000e+00
9968 3.356609463596e-01 0.000000000000e+00 0.000000000000e+00
9969 3.356946234888e-01 0.000000000000e+00 0.000000000000e+00
9970 3.357283006179e-01 0.000000000000e+00 0.000000000000e+00
9971 3.357619777471e-01 0.000000000000e+00 0.000000000000e+00
9972 3.357956548763e-01 0.000000000000e+00 0.000000000000e+00
9973 3.358293320054e-01 0.000000000000e+00 0.000000000000e+00
9974 3.358630091346e-01 0.000000000000e+00 0.000000000000e+00
9975 3.358966862638e-01 0.000000000000e+00 0.000000000000e+00
9976 3.359303633929e-01 0.000000000000e+00 0.000000000000e+00
9977 3.359640405221e-01 0.000000000000e+00 0.000000000000e+00
9978 3.359977176512e-01 0.000000000000e+00 0.000000000000e+00
9979 3.360313947804e-01 0.000000000000e+00 0.000000000000e+00
9980 3.360650719096e-01 0.000000000000e+00 0.000000000000e+00
9981 3.360987490387e-01 0.000000000000e+00 0.000000000000e+00
9982 3.361324261679e-01 0.000000000000e+00 0.000000000000e+00
9983 3.361661032971e-01 0.000000000000e+00 0.000000000000e+00
9984 3.361997804262e-01 0.000000000000e+00 0.000000000000e+00
9985 3.362334575554e-01 0.000000000000e+00 0.000000000000e+00
9986 3.362671346845e-01 0.000000000000e+00 0.000000000000e+00
9987 3.363008118137e-01 0.000000000000e+00 0.000000000000e+00
9988 3.363344889429e-01 0.000000000000e+00 0.000000000000e+00
9989 3.363681660720e-01 0.000000000000e+00 0.000000000000e+00
9990 3.364018432012e-01 0.000000000000e+00 0.000000000000e+00
9991 3.364355203304e-01 0.000000000000e+00 0.000000000000e+00
9992 3.364691974595e-01 0.000000000000e+00 0.000000000000e+00
9993 3.365028745887e-01 0.000000000000e+00 0.000000000000e+00
9994 3.365365517178e-01 0.000000000000e+00 0.000000000000e+00
9995 3.365702288470e-01 0.000000000000e+00 0.000000000000e+00
9996 3.366039059762e-01 0.000000000000e+00 0.000000000000e+00
9997 3.366375831053e-01 0.000000000000e+00 0.000000000000e+00
9998 3.366712602345e-01 0.000000000000e+00 0.000000000000e+00
9999 3.367049373636e-01 0.000000000000e+00 0.000000000000e+00
10000 3.367386144928e-01 0.000000000000e+00 0.000000000000e+00
